t,frame,hx,hy,hz,hqw,hqx,hqy,hqz,b,rx,ry,rz,rqw,rqx,rqy,rqz,ax,ay,az,aqw,aqx,aqy,aqz,lag_x,lag_y,lag_z
0.0711,0,0.05977,-0.03006,-0.29727,0.63612,0.65182,0.16851,-0.37693,0,0.26408,0.05391,0.48347,-0.11204,0.38774,0.90153,-0.15602,0.26407,0.05391,0.48347,-0.11204,0.38773,0.90153,-0.15603,-0.00,0.00,-0.00
0.0878,1,0.06087,-0.02645,-0.29729,0.63297,0.65642,0.16624,-0.37527,0,0.26408,0.05391,0.48347,-0.11204,0.38774,0.90153,-0.15602,0.26407,0.05391,0.48347,-0.11204,0.38773,0.90153,-0.15603,-0.00,0.00,-0.00
0.1046,2,0.06197,-0.02286,-0.29706,0.62989,0.66061,0.16364,-0.37425,0,0.26408,0.05391,0.48347,-0.11204,0.38774,0.90153,-0.15602,0.26407,0.05391,0.48347,-0.11204,0.38773,0.90153,-0.15603,-0.00,0.00,0.00
0.1213,3,0.06413,-0.01572,-0.29672,0.62352,0.66720,0.16284,-0.37356,0,0.26408,0.05391,0.48347,-0.11204,0.38774,0.90153,-0.15602,0.26407,0.05391,0.48347,-0.11204,0.38773,0.90153,-0.15603,-0.00,0.00,0.00
0.1380,4,0.06511,-0.01230,-0.29660,0.62068,0.67089,0.16288,-0.37166,0,0.26408,0.05391,0.48347,-0.11204,0.38774,0.90153,-0.15602,0.26407,0.05391,0.48347,-0.11204,0.38773,0.90153,-0.15603,-0.00,0.00,-0.00
0.1549,5,0.06602,-0.00924,-0.29632,0.61858,0.67442,0.16223,-0.36905,0,0.26408,0.05390,0.48348,-0.11204,0.38774,0.90153,-0.15602,0.26407,0.05391,0.48347,-0.11204,0.38773,0.90153,-0.15603,-0.00,0.00,-0.00
0.1715,6,0.06673,-0.00650,-0.29614,0.61597,0.67739,0.16283,-0.36772,0,0.26408,0.05391,0.48347,-0.11204,0.38774,0.90153,-0.15602,0.26407,0.05391,0.48347,-0.11204,0.38773,0.90153,-0.15603,-0.00,0.00,-0.00
0.1883,7,0.06717,-0.00408,-0.29611,0.61330,0.68029,0.16311,-0.36670,0,0.26408,0.05391,0.48348,-0.11204,0.38774,0.90153,-0.15602,0.26407,0.05391,0.48347,-0.11204,0.38773,0.90153,-0.15603,-0.00,0.00,-0.00
0.2050,8,0.06750,0.00003,-0.29598,0.61052,0.68453,0.16394,-0.36305,0,0.26408,0.05391,0.48348,-0.11204,0.38774,0.90153,-0.15602,0.26407,0.05391,0.48347,-0.11204,0.38773,0.90153,-0.15603,-0.00,0.00,-0.01
0.2218,9,0.06753,0.00161,-0.29609,0.60892,0.68631,0.16466,-0.36204,0,0.26408,0.05390,0.48348,-0.11204,0.38773,0.90154,-0.15602,0.26407,0.05391,0.48347,-0.11204,0.38773,0.90153,-0.15603,-0.00,0.00,-0.01
0.2385,10,0.06731,0.00297,-0.29625,0.60826,0.68716,0.16564,-0.36111,0,0.26408,0.05390,0.48348,-0.11204,0.38773,0.90154,-0.15602,0.26407,0.05391,0.48347,-0.11204,0.38773,0.90153,-0.15603,-0.00,0.00,-0.01
0.2552,11,0.06683,0.00409,-0.29643,0.60825,0.68739,0.16605,-0.36048,0,0.26408,0.05390,0.48349,-0.11204,0.38773,0.90154,-0.15602,0.26407,0.05391,0.48347,-0.11204,0.38773,0.90153,-0.15603,-0.00,0.00,-0.01
0.2719,12,0.06618,0.00491,-0.29647,0.60883,0.68719,0.16597,-0.35992,0,0.26408,0.05390,0.48349,-0.11204,0.38772,0.90154,-0.15602,0.26407,0.05391,0.48347,-0.11204,0.38773,0.90153,-0.15603,-0.00,0.00,-0.02
0.2887,13,0.06474,0.00629,-0.29667,0.60692,0.68777,0.16769,-0.36124,0,0.26407,0.05390,0.48349,-0.11205,0.38773,0.90154,-0.15602,0.26407,0.05391,0.48347,-0.11204,0.38773,0.90153,-0.15603,-0.00,0.00,-0.02
0.3054,14,0.06386,0.00686,-0.29687,0.60545,0.68882,0.16809,-0.36153,0,0.26407,0.05390,0.48350,-0.11205,0.38773,0.90154,-0.15602,0.26407,0.05391,0.48347,-0.11204,0.38773,0.90153,-0.15603,0.00,0.00,-0.03
0.3221,15,0.06296,0.00750,-0.29701,0.60515,0.68866,0.16935,-0.36175,0,0.26407,0.05390,0.48351,-0.11205,0.38773,0.90154,-0.15602,0.26407,0.05391,0.48347,-0.11204,0.38773,0.90153,-0.15603,-0.00,0.00,-0.04
0.3389,16,0.06216,0.00810,-0.29709,0.60515,0.68832,0.17045,-0.36187,0,0.26407,0.05390,0.48352,-0.11205,0.38772,0.90154,-0.15602,0.26407,0.05391,0.48347,-0.11204,0.38773,0.90153,-0.15603,-0.00,0.00,-0.04
0.3556,17,0.06065,0.00907,-0.29708,0.60516,0.68774,0.17264,-0.36193,0,0.26407,0.05390,0.48352,-0.11205,0.38772,0.90154,-0.15602,0.26407,0.05391,0.48347,-0.11204,0.38773,0.90153,-0.15603,0.00,0.01,-0.05
0.3723,18,0.05981,0.00930,-0.29712,0.60539,0.68736,0.17328,-0.36195,0,0.26407,0.05390,0.48353,-0.11206,0.38772,0.90154,-0.15602,0.26407,0.05391,0.48347,-0.11204,0.38773,0.90153,-0.15603,0.00,0.01,-0.06
0.3891,19,0.05900,0.00943,-0.29703,0.60560,0.68723,0.17401,-0.36150,0,0.26407,0.05390,0.48354,-0.11206,0.38772,0.90154,-0.15602,0.26407,0.05391,0.48347,-0.11204,0.38773,0.90153,-0.15603,0.00,0.01,-0.06
0.4058,20,0.05819,0.00944,-0.29707,0.60519,0.68694,0.17580,-0.36187,0,0.26407,0.05390,0.48354,-0.11206,0.38772,0.90154,-0.15601,0.26407,0.05390,0.48354,-0.11206,0.38772,0.90154,-0.15601,0.00,0.00,0.00
0.4226,21,0.05735,0.00935,-0.29727,0.60458,0.68698,0.17683,-0.36231,0,0.26407,0.05389,0.48355,-0.11205,0.38772,0.90154,-0.15601,0.26407,0.05390,0.48354,-0.11206,0.38772,0.90154,-0.15601,-0.00,0.00,-0.01
0.4393,22,0.05582,0.00909,-0.29756,0.60551,0.68619,0.17676,-0.36230,0,0.26407,0.05389,0.48356,-0.11206,0.38771,0.90154,-0.15601,0.26407,0.05390,0.48354,-0.11206,0.38772,0.90154,-0.15601,-0.00,0.01,-0.02
0.4560,23,0.05526,0.00901,-0.29750,0.60636,0.68548,0.17651,-0.36234,0,0.26407,0.05389,0.48358,-0.11206,0.38771,0.90155,-0.15600,0.26407,0.05390,0.48354,-0.11206,0.38772,0.90154,-0.15601,-0.00,0.01,-0.04
0.4728,24,0.05475,0.00888,-0.29749,0.60715,0.68473,0.17669,-0.36235,0,0.26408,0.05389,0.48360,-0.11206,0.38771,0.90155,-0.15600,0.26407,0.05390,0.48354,-0.11206,0.38772,0.90154,-0.15601,-0.00,0.01,-0.05
0.4895,25,0.05437,0.00870,-0.29754,0.60718,0.68508,0.17658,-0.36168,0,0.26408,0.05388,0.48361,-0.11206,0.38770,0.90155,-0.15599,0.26407,0.05390,0.48354,-0.11206,0.38772,0.90154,-0.15601,-0.00,0.01,-0.07
0.5063,26,0.05405,0.00814,-0.29774,0.60766,0.68517,0.17618,-0.36091,0,0.26407,0.05388,0.48363,-0.11207,0.38770,0.90155,-0.15599,0.26407,0.05390,0.48354,-0.11206,0.38772,0.90154,-0.15601,0.00,0.02,-0.08
0.5229,27,0.05383,0.00761,-0.29797,0.60788,0.68503,0.17597,-0.36090,0,0.26407,0.05388,0.48364,-0.11207,0.38770,0.90155,-0.15599,0.26407,0.05390,0.48354,-0.11206,0.38772,0.90154,-0.15601,0.00,0.02,-0.10
0.5397,28,0.05337,0.00636,-0.29863,0.60853,0.68381,0.17381,-0.36316,0,0.26407,0.05388,0.48365,-0.11207,0.38769,0.90156,-0.15598,0.26407,0.05390,0.48354,-0.11206,0.38772,0.90154,-0.15601,0.00,0.02,-0.11
0.5564,29,0.05313,0.00564,-0.29891,0.60942,0.68272,0.17205,-0.36457,0,0.26407,0.05388,0.48366,-0.11207,0.38770,0.90156,-0.15598,0.26407,0.05390,0.48354,-0.11206,0.38772,0.90154,-0.15601,0.00,0.02,-0.12
0.5731,30,0.05292,0.00482,-0.29921,0.61033,0.68177,0.17046,-0.36556,0,0.26407,0.05388,0.48367,-0.11207,0.38770,0.90155,-0.15598,0.26407,0.05390,0.48354,-0.11206,0.38772,0.90154,-0.15601,0.00,0.02,-0.13
0.5898,31,0.05282,0.00421,-0.29958,0.61114,0.68092,0.16957,-0.36620,0,0.26407,0.05388,0.48368,-0.11207,0.38769,0.90156,-0.15597,0.26407,0.05390,0.48354,-0.11206,0.38772,0.90154,-0.15601,0.01,0.02,-0.13
0.6065,32,0.05296,0.00342,-0.30042,0.61212,0.68087,0.16690,-0.36588,0,0.26406,0.05387,0.48368,-0.11208,0.38769,0.90156,-0.15597,0.26407,0.05390,0.48354,-0.11206,0.38772,0.90154,-0.15601,0.01,0.02,-0.14
0.6234,33,0.05302,0.00284,-0.30091,0.61282,0.68063,0.16523,-0.36592,0,0.26406,0.05387,0.48369,-0.11207,0.38770,0.90156,-0.15597,0.26407,0.05390,0.48354,-0.11206,0.38772,0.90154,-0.15601,0.01,0.03,-0.15
0.6401,34,0.05314,0.00240,-0.30136,0.61321,0.68037,0.16393,-0.36632,0,0.26406,0.05386,0.48369,-0.11208,0.38770,0.90156,-0.15597,0.26407,0.05390,0.48354,-0.11206,0.38772,0.90154,-0.15601,0.01,0.03,-0.15
0.6569,35,0.05313,0.00187,-0.30189,0.61320,0.68019,0.16192,-0.36758,0,0.26406,0.05386,0.48370,-0.11208,0.38769,0.90156,-0.15596,0.26407,0.05390,0.48354,-0.11206,0.38772,0.90154,-0.15601,0.01,0.03,-0.15
0.6736,36,0.05300,0.00139,-0.30240,0.61381,0.67949,0.16006,-0.36867,0,0.26406,0.05386,0.48370,-0.11208,0.38769,0.90156,-0.15596,0.26407,0.05390,0.48354,-0.11206,0.38772,0.90154,-0.15601,0.01,0.03,-0.16
0.6903,37,0.05259,0.00066,-0.30308,0.61679,0.67708,0.15651,-0.36965,0,0.26406,0.05386,0.48371,-0.11208,0.38769,0.90156,-0.15596,0.26407,0.05390,0.48354,-0.11206,0.38772,0.90154,-0.15601,0.01,0.03,-0.17
0.7072,38,0.05231,0.00055,-0.30333,0.61829,0.67620,0.15480,-0.36947,0,0.26406,0.05386,0.48372,-0.11208,0.38769,0.90156,-0.15595,0.26407,0.05390,0.48354,-0.11206,0.38772,0.90154,-0.15601,0.01,0.03,-0.18
0.7238,39,0.05205,0.00067,-0.30349,0.61913,0.67575,0.15364,-0.36937,0,0.26406,0.05386,0.48373,-0.11208,0.38769,0.90156,-0.15595,0.26407,0.05390,0.48354,-0.11206,0.38772,0.90154,-0.15601,0.01,0.03,-0.19
0.7406,40,0.05176,0.00093,-0.30382,0.61901,0.67598,0.15323,-0.36932,0,0.26405,0.05386,0.48373,-0.11209,0.38769,0.90156,-0.15595,0.26405,0.05386,0.48373,-0.11209,0.38769,0.90156,-0.15595,0.00,0.00,0.00
0.7573,41,0.05146,0.00123,-0.30401,0.61877,0.67679,0.15262,-0.36850,0,0.26405,0.05386,0.48374,-0.11209,0.38769,0.90156,-0.15595,0.26405,0.05386,0.48373,-0.11209,0.38769,0.90156,-0.15595,-0.00,0.00,-0.01
0.7741,42,0.05102,0.00166,-0.30414,0.61820,0.67626,0.15394,-0.36987,0,0.26405,0.05385,0.48377,-0.11209,0.38769,0.90156,-0.15595,0.26405,0.05386,0.48373,-0.11209,0.38769,0.90156,-0.15595,0.00,0.01,-0.04
0.7909,43,0.05064,0.00160,-0.30415,0.61848,0.67611,0.15317,-0.37000,0,0.26404,0.05385,0.48381,-0.11210,0.38768,0.90156,-0.15595,0.26405,0.05386,0.48373,-0.11209,0.38769,0.90156,-0.15595,0.02,0.01,-0.08
0.8076,44,0.05031,0.00156,-0.30406,0.61900,0.67592,0.15240,-0.36978,0,0.26404,0.05384,0.48386,-0.11209,0.38768,0.90156,-0.15595,0.26405,0.05386,0.48373,-0.11209,0.38769,0.90156,-0.15595,0.01,0.02,-0.12
0.8243,45,0.05000,0.00144,-0.30391,0.61979,0.67517,0.15169,-0.37012,0,0.26404,0.05384,0.48390,-0.11210,0.38768,0.90156,-0.15595,0.26405,0.05386,0.48373,-0.11209,0.38769,0.90156,-0.15595,0.02,0.02,-0.16
0.8411,46,0.04988,0.00140,-0.30373,0.62012,0.67442,0.15213,-0.37076,0,0.26403,0.05383,0.48393,-0.11211,0.38769,0.90156,-0.15595,0.26405,0.05386,0.48373,-0.11209,0.38769,0.90156,-0.15595,0.02,0.03,-0.19
0.8578,47,0.04968,0.00127,-0.30352,0.61976,0.67519,0.15189,-0.37008,0,0.26403,0.05382,0.48395,-0.11212,0.38768,0.90156,-0.15594,0.26405,0.05386,0.48373,-0.11209,0.38769,0.90156,-0.15595,0.03,0.04,-0.22
0.8745,48,0.04966,0.00126,-0.30352,0.61936,0.67620,0.15165,-0.36898,0,0.26403,0.05382,0.48397,-0.11212,0.38768,0.90156,-0.15593,0.26405,0.05386,0.48373,-0.11209,0.38769,0.90156,-0.15595,0.03,0.04,-0.24
0.8913,49,0.04973,0.00115,-0.30368,0.61873,0.67787,0.15077,-0.36733,0,0.26403,0.05382,0.48398,-0.11211,0.38769,0.90156,-0.15593,0.26405,0.05386,0.48373,-0.11209,0.38769,0.90156,-0.15595,0.03,0.04,-0.25
0.9080,50,0.04976,0.00098,-0.30403,0.61762,0.68012,0.14884,-0.36582,0,0.26402,0.05382,0.48399,-0.11212,0.38769,0.90156,-0.15593,0.26405,0.05386,0.48373,-0.11209,0.38769,0.90156,-0.15595,0.03,0.04,-0.26
0.9248,51,0.04983,0.00054,-0.30426,0.61850,0.68062,0.14662,-0.36430,0,0.26402,0.05381,0.48400,-0.11211,0.38768,0.90156,-0.15593,0.26405,0.05386,0.48373,-0.11209,0.38769,0.90156,-0.15595,0.03,0.05,-0.27
0.9415,52,0.05030,-0.00023,-0.30488,0.62094,0.67813,0.14614,-0.36501,0,0.26402,0.05382,0.48401,-0.11211,0.38768,0.90157,-0.15593,0.26405,0.05386,0.48373,-0.11209,0.38769,0.90156,-0.15595,0.04,0.04,-0.27
0.9583,53,0.05050,-0.00070,-0.30515,0.62172,0.67759,0.14488,-0.36516,0,0.26401,0.05382,0.48401,-0.11211,0.38768,0.90156,-0.15593,0.26405,0.05386,0.48373,-0.11209,0.38769,0.90156,-0.15595,0.04,0.04,-0.28
0.9750,54,0.05080,-0.00110,-0.30541,0.62263,0.67700,0.14367,-0.36518,0,0.26400,0.05382,0.48402,-0.11211,0.38768,0.90157,-0.15592,0.26405,0.05386,0.48373,-0.11209,0.38769,0.90156,-0.15595,0.05,0.04,-0.28
0.9917,55,0.05117,-0.00143,-0.30577,0.62310,0.67667,0.14259,-0.36542,0,0.26400,0.05382,0.48402,-0.11212,0.38768,0.90157,-0.15592,0.26405,0.05386,0.48373,-0.11209,0.38769,0.90156,-0.15595,0.05,0.04,-0.29
1.0085,56,0.05150,-0.00164,-0.30615,0.62318,0.67678,0.14104,-0.36568,0,0.26400,0.05381,0.48403,-0.11211,0.38767,0.90157,-0.15592,0.26405,0.05386,0.48373,-0.11209,0.38769,0.90156,-0.15595,0.05,0.05,-0.29
1.0252,57,0.05233,-0.00171,-0.30705,0.62324,0.67750,0.13748,-0.36559,0,0.26400,0.05381,0.48403,-0.11211,0.38768,0.90157,-0.15592,0.26405,0.05386,0.48373,-0.11209,0.38769,0.90156,-0.15595,0.05,0.05,-0.30
1.0419,58,0.05269,-0.00177,-0.30754,0.62410,0.67740,0.13547,-0.36507,0,0.26400,0.05381,0.48404,-0.11211,0.38768,0.90157,-0.15591,0.26405,0.05386,0.48373,-0.11209,0.38769,0.90156,-0.15595,0.06,0.05,-0.30
1.0586,59,0.05297,-0.00188,-0.30801,0.62530,0.67726,0.13277,-0.36426,0,0.26400,0.05381,0.48404,-0.11211,0.38769,0.90157,-0.15591,0.26405,0.05386,0.48373,-0.11209,0.38769,0.90156,-0.15595,0.06,0.05,-0.30
1.0754,60,0.05320,-0.00233,-0.30848,0.62731,0.67628,0.12990,-0.36367,0,0.26399,0.05381,0.48404,-0.11212,0.38768,0.90157,-0.15591,0.26399,0.05381,0.48404,-0.11212,0.38768,0.90157,-0.15591,0.00,0.00,0.00
1.0921,61,0.05344,-0.00260,-0.30903,0.62881,0.67550,0.12762,-0.36332,0,0.26399,0.05380,0.48405,-0.11212,0.38767,0.90157,-0.15591,0.26399,0.05381,0.48404,-0.11212,0.38768,0.90157,-0.15591,0.00,0.00,-0.01
1.1089,62,0.05394,-0.00267,-0.30989,0.63094,0.67362,0.12506,-0.36402,0,0.26399,0.05380,0.48409,-0.11211,0.38767,0.90158,-0.15590,0.26399,0.05381,0.48404,-0.11212,0.38768,0.90157,-0.15591,0.01,0.01,-0.05
1.1256,63,0.05417,-0.00260,-0.31033,0.63165,0.67280,0.12435,-0.36456,0,0.26397,0.05380,0.48414,-0.11213,0.38766,0.90158,-0.15590,0.26399,0.05381,0.48404,-0.11212,0.38768,0.90157,-0.15591,0.03,0.00,-0.10
1.1423,64,0.05421,-0.00270,-0.31067,0.63281,0.67168,0.12312,-0.36502,0,0.26396,0.05381,0.48421,-0.11214,0.38765,0.90158,-0.15588,0.26399,0.05381,0.48404,-0.11212,0.38768,0.90157,-0.15591,0.03,0.00,-0.16
1.1591,65,0.05426,-0.00272,-0.31098,0.63424,0.67071,0.12212,-0.36466,0,0.26396,0.05380,0.48426,-0.11214,0.38765,0.90159,-0.15586,0.26399,0.05381,0.48404,-0.11212,0.38768,0.90157,-0.15591,0.04,0.00,-0.22
1.1758,66,0.05441,-0.00254,-0.31119,0.63542,0.67022,0.12113,-0.36384,0,0.26395,0.05379,0.48431,-0.11216,0.38764,0.90159,-0.15585,0.26399,0.05381,0.48404,-0.11212,0.38768,0.90157,-0.15591,0.04,0.01,-0.27
1.1926,67,0.05470,-0.00212,-0.31141,0.63436,0.67170,0.11882,-0.36372,0,0.26394,0.05379,0.48435,-0.11218,0.38764,0.90159,-0.15584,0.26399,0.05381,0.48404,-0.11212,0.38768,0.90157,-0.15591,0.05,0.02,-0.31
1.2092,68,0.05471,-0.00170,-0.31154,0.63386,0.67219,0.11928,-0.36355,0,0.26394,0.05378,0.48437,-0.11219,0.38764,0.90159,-0.15583,0.26399,0.05381,0.48404,-0.11212,0.38768,0.90157,-0.15591,0.06,0.03,-0.33
1.2260,69,0.05477,-0.00096,-0.31160,0.63338,0.67291,0.12022,-0.36272,0,0.26394,0.05377,0.48439,-0.11219,0.38764,0.90159,-0.15582,0.26399,0.05381,0.48404,-0.11212,0.38768,0.90157,-0.15591,0.06,0.04,-0.35
1.2427,70,0.05473,-0.00024,-0.31148,0.63305,0.67387,0.12113,-0.36122,0,0.26393,0.05377,0.48440,-0.11219,0.38763,0.90160,-0.15581,0.26399,0.05381,0.48404,-0.11212,0.38768,0.90157,-0.15591,0.06,0.04,-0.36
1.2595,71,0.05450,0.00048,-0.31134,0.63263,0.67500,0.12256,-0.35936,0,0.26393,0.05376,0.48441,-0.11219,0.38763,0.90160,-0.15581,0.26399,0.05381,0.48404,-0.11212,0.38768,0.90157,-0.15591,0.06,0.04,-0.37
1.2762,72,0.05426,0.00227,-0.31072,0.63123,0.67799,0.12571,-0.35507,0,0.26393,0.05376,0.48442,-0.11219,0.38763,0.90160,-0.15580,0.26399,0.05381,0.48404,-0.11212,0.38768,0.90157,-0.15591,0.07,0.05,-0.38
1.2929,73,0.05415,0.00356,-0.31036,0.63022,0.67983,0.12749,-0.35270,0,0.26392,0.05376,0.48442,-0.11219,0.38764,0.90159,-0.15580,0.26399,0.05381,0.48404,-0.11212,0.38768,0.90157,-0.15591,0.07,0.05,-0.38
1.3097,74,0.05412,0.00507,-0.30981,0.62935,0.68158,0.12844,-0.35052,0,0.26392,0.05376,0.48442,-0.11219,0.38764,0.90159,-0.15580,0.26399,0.05381,0.48404,-0.11212,0.38768,0.90157,-0.15591,0.07,0.05,-0.38
1.3264,75,0.05417,0.00660,-0.30895,0.62851,0.68248,0.13048,-0.34953,0,0.26392,0.05376,0.48442,-0.11219,0.38764,0.90160,-0.15579,0.26399,0.05381,0.48404,-0.11212,0.38768,0.90157,-0.15591,0.08,0.05,-0.38
1.3431,76,0.05442,0.00830,-0.30803,0.62807,0.68225,0.13400,-0.34944,0,0.26391,0.05376,0.48443,-0.11219,0.38764,0.90160,-0.15579,0.26399,0.05381,0.48404,-0.11212,0.38768,0.90157,-0.15591,0.08,0.05,-0.39
1.3599,77,0.05517,0.01350,-0.30554,0.62632,0.68332,0.13801,-0.34894,0,0.26391,0.05376,0.48443,-0.11219,0.38764,0.90160,-0.15580,0.26399,0.05381,0.48404,-0.11212,0.38768,0.90157,-0.15591,0.08,0.05,-0.39
1.3766,78,0.05578,0.01701,-0.30435,0.62402,0.68541,0.13949,-0.34837,0,0.26391,0.05376,0.48444,-0.11218,0.38764,0.90160,-0.15579,0.26399,0.05381,0.48404,-0.11212,0.38768,0.90157,-0.15591,0.08,0.04,-0.39
1.3933,79,0.05656,0.02086,-0.30303,0.62169,0.68866,0.13918,-0.34623,0,0.26391,0.05376,0.48444,-0.11218,0.38763,0.90160,-0.15579,0.26399,0.05381,0.48404,-0.11212,0.38768,0.90157,-0.15591,0.08,0.05,-0.40
1.4101,80,0.05722,0.02466,-0.30190,0.61865,0.69332,0.13770,-0.34295,0,0.26391,0.05376,0.48444,-0.11219,0.38763,0.90160,-0.15579,0.26391,0.05376,0.48444,-0.11219,0.38763,0.90160,-0.15579,0.00,0.00,0.00
1.4268,81,0.05794,0.02796,-0.30128,0.61456,0.69775,0.13800,-0.34120,0,0.26390,0.05376,0.48445,-0.11218,0.38764,0.90160,-0.15579,0.26391,0.05376,0.48444,-0.11219,0.38763,0.90160,-0.15579,0.00,0.00,-0.01
1.4435,82,0.05973,0.03237,-0.30071,0.61121,0.70194,0.13829,-0.33849,0,0.26390,0.05376,0.48449,-0.11217,0.38764,0.90160,-0.15578,0.26391,0.05376,0.48444,-0.11219,0.38763,0.90160,-0.15579,0.01,0.00,-0.05
1.4605,83,0.06082,0.03322,-0.30082,0.61150,0.70244,0.13722,-0.33737,0,0.26387,0.05375,0.48455,-0.11220,0.38762,0.90160,-0.15579,0.26391,0.05376,0.48444,-0.11219,0.38763,0.90160,-0.15579,0.04,0.01,-0.11
1.4778,84,0.06197,0.03398,-0.30110,0.61212,0.70255,0.13676,-0.33619,0,0.26386,0.05375,0.48463,-0.11219,0.38762,0.90161,-0.15578,0.26391,0.05376,0.48444,-0.11219,0.38763,0.90160,-0.15579,0.05,0.01,-0.18
1.4946,85,0.06352,0.03524,-0.30148,0.61203,0.70374,0.13564,-0.33433,0,0.26385,0.05375,0.48471,-0.11219,0.38761,0.90161,-0.15577,0.26391,0.05376,0.48444,-0.11219,0.38763,0.90160,-0.15579,0.05,0.01,-0.27
1.5113,86,0.06519,0.03687,-0.30177,0.61126,0.70562,0.13282,-0.33291,0,0.26384,0.05375,0.48477,-0.11220,0.38761,0.90161,-0.15576,0.26391,0.05376,0.48444,-0.11219,0.38763,0.90160,-0.15579,0.06,0.01,-0.32
1.5280,87,0.06908,0.04141,-0.30203,0.60793,0.71067,0.12894,-0.32977,0,0.26383,0.05374,0.48481,-0.11222,0.38763,0.90161,-0.15576,0.26391,0.05376,0.48444,-0.11219,0.38763,0.90160,-0.15579,0.07,0.02,-0.36
1.5447,88,0.07093,0.04418,-0.30208,0.60407,0.71480,0.12963,-0.32764,0,0.26383,0.05373,0.48484,-0.11223,0.38762,0.90161,-0.15574,0.26391,0.05376,0.48444,-0.11219,0.38763,0.90160,-0.15579,0.07,0.03,-0.39
1.5614,89,0.07280,0.04694,-0.30241,0.59975,0.71956,0.13234,-0.32406,0,0.26383,0.05373,0.48486,-0.11223,0.38762,0.90161,-0.15574,0.26391,0.05376,0.48444,-0.11219,0.38763,0.90160,-0.15579,0.08,0.04,-0.42
1.5781,90,0.07475,0.04973,-0.30243,0.59672,0.72359,0.13337,-0.32025,0,0.26382,0.05372,0.48488,-0.11223,0.38762,0.90161,-0.15573,0.26391,0.05376,0.48444,-0.11219,0.38763,0.90160,-0.15579,0.08,0.04,-0.43
1.5949,91,0.07866,0.05451,-0.30276,0.59076,0.72737,0.13745,-0.32102,0,0.26382,0.05372,0.48489,-0.11222,0.38762,0.90161,-0.15573,0.26391,0.05376,0.48444,-0.11219,0.38763,0.90160,-0.15579,0.09,0.04,-0.44
1.6117,92,0.08048,0.05666,-0.30247,0.58814,0.72980,0.13425,-0.32166,0,0.26381,0.05372,0.48489,-0.11222,0.38761,0.90161,-0.15573,0.26391,0.05376,0.48444,-0.11219,0.38763,0.90160,-0.15579,0.09,0.04,-0.45
1.6285,93,0.08211,0.05920,-0.30206,0.58546,0.73235,0.13030,-0.32238,0,0.26381,0.05373,0.48490,-0.11222,0.38761,0.90162,-0.15573,0.26391,0.05376,0.48444,-0.11219,0.38763,0.90160,-0.15579,0.10,0.04,-0.45
1.6453,94,0.08388,0.06160,-0.30169,0.58286,0.73501,0.12817,-0.32188,0,0.26380,0.05373,0.48490,-0.11221,0.38761,0.90162,-0.15573,0.26391,0.05376,0.48444,-0.11219,0.38763,0.90160,-0.15579,0.11,0.04,-0.46
1.6619,95,0.08576,0.06421,-0.30144,0.57970,0.73884,0.12688,-0.31932,0,0.26380,0.05373,0.48490,-0.11222,0.38761,0.90162,-0.15572,0.26391,0.05376,0.48444,-0.11219,0.38763,0.90160,-0.15579,0.11,0.03,-0.45
1.6786,96,0.08898,0.06973,-0.30090,0.57086,0.74944,0.12269,-0.31209,0,0.26379,0.05372,0.48490,-0.11221,0.38761,0.90162,-0.15572,0.26391,0.05376,0.48444,-0.11219,0.38763,0.90160,-0.15579,0.11,0.04,-0.46
1.6953,97,0.09035,0.07247,-0.30083,0.56632,0.75453,0.11972,-0.30924,0,0.26379,0.05371,0.48490,-0.11221,0.38762,0.90162,-0.15572,0.26391,0.05376,0.48444,-0.11219,0.38763,0.90160,-0.15579,0.11,0.05,-0.46
1.7121,98,0.09149,0.07536,-0.30046,0.56300,0.75830,0.11584,-0.30756,0,0.26379,0.05371,0.48490,-0.11221,0.38762,0.90162,-0.15572,0.26391,0.05376,0.48444,-0.11219,0.38763,0.90160,-0.15579,0.12,0.05,-0.46
1.7288,99,0.09228,0.07780,-0.29991,0.56050,0.76117,0.11239,-0.30631,0,0.26379,0.05371,0.48490,-0.11221,0.38762,0.90162,-0.15572,0.26391,0.05376,0.48444,-0.11219,0.38763,0.90160,-0.15579,0.12,0.05,-0.46
1.7456,100,0.09283,0.08020,-0.29951,0.55842,0.76337,0.11237,-0.30464,0,0.26379,0.05371,0.48490,-0.11221,0.38761,0.90162,-0.15571,0.26379,0.05371,0.48490,-0.11221,0.38761,0.90162,-0.15571,0.00,0.00,0.00
1.7623,101,0.09331,0.08514,-0.29874,0.55290,0.77053,0.11245,-0.29655,0,0.26378,0.05370,0.48491,-0.11221,0.38761,0.90162,-0.15571,0.26379,0.05371,0.48490,-0.11221,0.38761,0.90162,-0.15571,0.00,0.00,-0.00
1.7790,102,0.09318,0.08719,-0.29853,0.54971,0.77473,0.11173,-0.29176,0,0.26378,0.05370,0.48494,-0.11219,0.38760,0.90163,-0.15570,0.26379,0.05371,0.48490,-0.11221,0.38761,0.90162,-0.15571,0.01,0.00,-0.04
1.7958,103,0.09277,0.08894,-0.29860,0.54761,0.77753,0.11238,-0.28800,0,0.26374,0.05370,0.48501,-0.11221,0.38758,0.90163,-0.15571,0.26379,0.05371,0.48490,-0.11221,0.38761,0.90162,-0.15571,0.04,0.01,-0.11
1.8125,104,0.09202,0.09025,-0.29881,0.54592,0.77956,0.11409,-0.28504,0,0.26373,0.05371,0.48509,-0.11221,0.38758,0.90163,-0.15570,0.26379,0.05371,0.48490,-0.11221,0.38761,0.90162,-0.15571,0.06,0.00,-0.19
1.8293,105,0.09112,0.09109,-0.29949,0.54430,0.78220,0.11645,-0.27988,0,0.26371,0.05371,0.48518,-0.11221,0.38759,0.90163,-0.15569,0.26379,0.05371,0.48490,-0.11221,0.38761,0.90162,-0.15571,0.07,-0.00,-0.28
1.8460,106,0.08871,0.09137,-0.30308,0.54309,0.78782,0.12510,-0.26219,0,0.26370,0.05371,0.48524,-0.11222,0.38759,0.90163,-0.15568,0.26379,0.05371,0.48490,-0.11221,0.38761,0.90162,-0.15571,0.09,-0.00,-0.34
1.8632,107,0.08719,0.09166,-0.30516,0.54830,0.78904,0.12744,-0.24607,1,0.26369,0.05370,0.48529,-0.11224,0.38759,0.90164,-0.15567,0.26369,0.05370,0.48529,-0.11224,0.38759,0.90164,-0.15567,0.00,0.00,0.00
1.8800,108,0.08579,0.09162,-0.30745,0.55389,0.79109,0.12577,-0.22707,1,0.26369,0.05369,0.48532,-0.11224,0.38758,0.90164,-0.15567,0.26363,0.05370,0.48515,-0.11214,0.38714,0.90174,-0.15626,-0.05,0.01,-0.17
1.8967,109,0.08441,0.09077,-0.31001,0.55704,0.79367,0.12410,-0.21069,1,0.26367,0.05369,0.48538,-0.11224,0.38758,0.90164,-0.15566,0.26356,0.05370,0.48502,-0.11180,0.38625,0.90197,-0.15738,-0.12,0.01,-0.36
1.9134,110,0.08313,0.08968,-0.31345,0.55867,0.79442,0.12711,-0.20158,1,0.26362,0.05370,0.48544,-0.11226,0.38752,0.90166,-0.15569,0.26348,0.05369,0.48489,-0.11177,0.38501,0.90237,-0.15812,-0.15,-0.01,-0.55
1.9301,111,0.08034,0.08715,-0.32086,0.56805,0.78738,0.13058,-0.20078,1,0.26358,0.05373,0.48549,-0.11224,0.38739,0.90170,-0.15577,0.26339,0.05368,0.48477,-0.11231,0.38417,0.90255,-0.15874,-0.19,-0.05,-0.71
1.9468,112,0.07903,0.08542,-0.32453,0.57483,0.78223,0.13139,-0.20104,1,0.26352,0.05371,0.48553,-0.11218,0.38710,0.90178,-0.15605,0.26330,0.05366,0.48465,-0.11335,0.38383,0.90247,-0.15930,-0.22,-0.05,-0.88
1.9635,113,0.07782,0.08369,-0.32837,0.58243,0.77609,0.13353,-0.20157,1,0.26344,0.05366,0.48553,-0.11217,0.38658,0.90193,-0.15650,0.26321,0.05364,0.48453,-0.11478,0.38377,0.90225,-0.15967,-0.23,-0.01,-1.00
1.9803,114,0.07668,0.08184,-0.33227,0.58960,0.77099,0.13521,-0.19916,1,0.26338,0.05361,0.48548,-0.11226,0.38595,0.90210,-0.15700,0.26313,0.05363,0.48441,-0.11605,0.38342,0.90211,-0.16038,-0.25,0.02,-1.07
1.9970,115,0.07573,0.07968,-0.33633,0.59484,0.76776,0.13701,-0.19478,1,0.26330,0.05356,0.48538,-0.11252,0.38535,0.90224,-0.15751,0.26304,0.05360,0.48429,-0.11702,0.38271,0.90213,-0.16127,-0.26,0.04,-1.09
2.0137,116,0.07507,0.07752,-0.34094,0.59848,0.76569,0.13762,-0.19130,1,0.26319,0.05352,0.48526,-0.11303,0.38481,0.90231,-0.15809,0.26295,0.05358,0.48417,-0.11786,0.38204,0.90211,-0.16233,-0.24,0.06,-1.09
2.0305,117,0.07377,0.07218,-0.35168,0.61204,0.75524,0.13469,-0.19204,1,0.26306,0.05351,0.48515,-0.11373,0.38426,0.90235,-0.15866,0.26286,0.05355,0.48405,-0.11895,0.38199,0.90184,-0.16315,-0.19,0.04,-1.10
2.0472,118,0.07303,0.06938,-0.35745,0.62062,0.74993,0.13151,-0.18748,1,0.26292,0.05351,0.48505,-0.11450,0.38382,0.90234,-0.15927,0.26278,0.05352,0.48393,-0.11980,0.38196,0.90153,-0.16434,-0.14,0.00,-1.12
2.0639,119,0.07224,0.06650,-0.36341,0.62816,0.74704,0.12811,-0.17589,1,0.26278,0.05352,0.48493,-0.11538,0.38338,0.90228,-0.15999,0.26270,0.05349,0.48381,-0.12010,0.38150,0.90143,-0.16572,-0.09,-0.03,-1.11
2.0805,120,0.07180,0.06363,-0.36960,0.63424,0.74549,0.12558,-0.16189,1,0.26265,0.05355,0.48478,-0.11629,0.38295,0.90221,-0.16078,0.26257,0.05352,0.48467,-0.11629,0.38231,0.90224,-0.16208,-0.07,-0.03,-0.11
2.0972,121,0.07160,0.05743,-0.38303,0.64499,0.74063,0.11803,-0.14671,1,0.26253,0.05353,0.48466,-0.11710,0.38261,0.90209,-0.16165,0.26249,0.05348,0.48454,-0.11655,0.38202,0.90207,-0.16352,-0.04,-0.05,-0.11
2.1141,122,0.07180,0.05366,-0.39019,0.65338,0.73404,0.11393,-0.14595,1,0.26242,0.05354,0.48460,-0.11781,0.38227,0.90196,-0.16264,0.26241,0.05345,0.48442,-0.11733,0.38213,0.90173,-0.16462,-0.01,-0.09,-0.18
2.1307,123,0.07212,0.04954,-0.39726,0.66276,0.72626,0.10890,-0.14643,1,0.26229,0.05354,0.48462,-0.11839,0.38198,0.90184,-0.16357,0.26233,0.05342,0.48429,-0.11842,0.38257,0.90125,-0.16542,0.04,-0.12,-0.33
2.1474,124,0.07278,0.04544,-0.40411,0.67298,0.71715,0.10219,-0.14952,1,0.26224,0.05350,0.48467,-0.11871,0.38180,0.90175,-0.16425,0.26226,0.05339,0.48417,-0.11949,0.38321,0.90072,-0.16605,0.01,-0.11,-0.50
2.1642,125,0.07366,0.04091,-0.41095,0.68326,0.70646,0.09681,-0.15718,1,0.26222,0.05341,0.48467,-0.11878,0.38173,0.90169,-0.16470,0.26219,0.05335,0.48404,-0.12069,0.38392,0.90021,-0.16629,-0.04,-0.06,-0.63
2.1809,126,0.07562,0.03073,-0.42460,0.69956,0.69160,0.08533,-0.15817,1,0.26220,0.05334,0.48467,-0.11868,0.38183,0.90161,-0.16497,0.26211,0.05331,0.48392,-0.12169,0.38446,0.89970,-0.16712,-0.09,-0.03,-0.75
2.1977,127,0.07686,0.02510,-0.43146,0.70645,0.68628,0.08037,-0.15326,1,0.26218,0.05331,0.48469,-0.11852,0.38211,0.90150,-0.16508,0.26205,0.05327,0.48379,-0.12232,0.38458,0.89932,-0.16842,-0.14,-0.04,-0.90
2.2144,128,0.07815,0.01905,-0.43822,0.71238,0.68218,0.07453,-0.14692,1,0.26218,0.05326,0.48467,-0.11852,0.38255,0.90130,-0.16513,0.26198,0.05322,0.48367,-0.12266,0.38469,0.89896,-0.16984,-0.20,-0.04,-1.01
2.2311,129,0.07929,0.01217,-0.44484,0.71982,0.67600,0.06861,-0.14207,1,0.26209,0.05327,0.48456,-0.11888,0.38302,0.90103,-0.16527,0.26191,0.05318,0.48354,-0.12331,0.38488,0.89854,-0.17111,-0.18,-0.09,-1.02
2.2478,130,0.08049,0.00557,-0.45137,0.72789,0.66828,0.06421,-0.13949,1,0.26193,0.05328,0.48442,-0.11951,0.38362,0.90061,-0.16568,0.26184,0.05314,0.48341,-0.12428,0.38508,0.89813,-0.17216,-0.08,-0.14,-1.01
2.2645,131,0.08269,-0.00669,-0.46261,0.74403,0.65222,0.05333,-0.13489,1,0.26177,0.05331,0.48438,-0.12014,0.38403,0.90022,-0.16641,0.26178,0.05309,0.48329,-0.12521,0.38538,0.89767,-0.17320,0.00,-0.21,-1.09
2.2812,132,0.08383,-0.01236,-0.46767,0.74988,0.64571,0.04960,-0.13520,1,0.26163,0.05335,0.48434,-0.12084,0.38428,0.89986,-0.16730,0.26171,0.05305,0.48316,-0.12631,0.38580,0.89718,-0.17398,0.08,-0.30,-1.19
2.2981,133,0.08498,-0.01821,-0.47273,0.75554,0.63916,0.04655,-0.13591,1,0.26146,0.05337,0.48422,-0.12168,0.38451,0.89943,-0.16843,0.26165,0.05301,0.48303,-0.12749,0.38618,0.89671,-0.17469,0.19,-0.36,-1.20
2.3147,134,0.08598,-0.02437,-0.47718,0.76069,0.63274,0.04320,-0.13830,1,0.26134,0.05332,0.48405,-0.12254,0.38478,0.89898,-0.16961,0.26159,0.05296,0.48290,-0.12870,0.38673,0.89621,-0.17516,0.25,-0.36,-1.15
2.3315,135,0.08684,-0.03004,-0.48108,0.76560,0.62549,0.04037,-0.14486,1,0.26128,0.05323,0.48388,-0.12345,0.38506,0.89853,-0.17068,0.26153,0.05292,0.48277,-0.12997,0.38739,0.89575,-0.17511,0.25,-0.31,-1.11
2.3484,136,0.08911,-0.04007,-0.48723,0.77278,0.60783,0.03234,-0.17976,1,0.26122,0.05311,0.48375,-0.12441,0.38538,0.89809,-0.17159,0.26147,0.05287,0.48264,-0.13098,0.38821,0.89537,-0.17447,0.25,-0.23,-1.11
2.3650,137,0.09020,-0.04487,-0.48968,0.77602,0.59728,0.02717,-0.20078,1,0.26116,0.05297,0.48361,-0.12552,0.38574,0.89762,-0.17242,0.26141,0.05282,0.48251,-0.13196,0.38905,0.89499,-0.17381,0.26,-0.16,-1.10
2.3817,138,0.09110,-0.04937,-0.49199,0.77943,0.58589,0.02199,-0.22078,1,0.26112,0.05284,0.48349,-0.12670,0.38620,0.89714,-0.17302,0.26136,0.05275,0.48238,-0.13298,0.38988,0.89460,-0.17321,0.24,-0.09,-1.10
2.3984,139,0.09190,-0.05326,-0.49391,0.78079,0.57789,0.01606,-0.23699,1,0.26109,0.05271,0.48335,-0.12796,0.38676,0.89665,-0.17336,0.26131,0.05268,0.48226,-0.13385,0.39084,0.89418,-0.17257,0.22,-0.02,-1.09
2.4151,140,0.09232,-0.05708,-0.49560,0.78010,0.57222,0.00903,-0.25283,1,0.26108,0.05263,0.48321,-0.12906,0.38734,0.89623,-0.17345,0.26103,0.05256,0.48309,-0.12972,0.38840,0.89582,-0.17272,-0.05,-0.07,-0.12
2.4319,141,0.09205,-0.06473,-0.49930,0.77872,0.56288,0.00506,-0.27701,1,0.26108,0.05258,0.48312,-0.13010,0.38802,0.89580,-0.17338,0.26099,0.05248,0.48297,-0.13055,0.38921,0.89552,-0.17182,-0.09,-0.10,-0.16
2.4486,142,0.09156,-0.06859,-0.50138,0.77906,0.56051,0.00753,-0.28078,1,0.26105,0.05256,0.48311,-0.13103,0.38869,0.89540,-0.17323,0.26094,0.05240,0.48285,-0.13169,0.38937,0.89545,-0.17097,-0.10,-0.16,-0.27
2.4654,143,0.09092,-0.07230,-0.50297,0.77745,0.55798,0.00868,-0.29009,1,0.26096,0.05258,0.48316,-0.13183,0.38931,0.89507,-0.17293,0.26090,0.05232,0.48273,-0.13249,0.38985,0.89534,-0.16980,-0.06,-0.27,-0.43
2.4820,144,0.09002,-0.07679,-0.50534,0.77551,0.54861,0.01200,-0.31219,1,0.26090,0.05259,0.48321,-0.13232,0.38978,0.89487,-0.17256,0.26086,0.05223,0.48261,-0.13348,0.39030,0.89519,-0.16878,-0.04,-0.36,-0.60
2.4987,145,0.08911,-0.08131,-0.50724,0.77460,0.53602,0.01238,-0.33545,1,0.26089,0.05253,0.48325,-0.13255,0.39014,0.89477,-0.17207,0.26082,0.05214,0.48250,-0.13452,0.39091,0.89493,-0.16791,-0.07,-0.39,-0.75
2.5155,146,0.08670,-0.08963,-0.51079,0.77269,0.50892,0.00512,-0.37937,1,0.26088,0.05245,0.48328,-0.13270,0.39023,0.89483,-0.17143,0.26078,0.05205,0.48239,-0.13549,0.39169,0.89459,-0.16715,-0.10,-0.40,-0.89
2.5324,147,0.08508,-0.09423,-0.51275,0.77064,0.49748,0.00339,-0.39826,1,0.26088,0.05237,0.48329,-0.13286,0.39012,0.89500,-0.17065,0.26076,0.05195,0.48228,-0.13647,0.39240,0.89428,-0.16632,-0.13,-0.43,-1.01
2.5491,148,0.08358,-0.09832,-0.51450,0.77145,0.48760,0.00247,-0.40878,1,0.26090,0.05232,0.48326,-0.13311,0.39007,0.89514,-0.16984,0.26073,0.05184,0.48218,-0.13764,0.39308,0.89390,-0.16581,-0.17,-0.48,-1.08
2.5668,149,0.08205,-0.10274,-0.51572,0.77320,0.47674,0.00470,-0.41816,1,0.26091,0.05225,0.48316,-0.13362,0.39024,0.89516,-0.16894,0.26071,0.05173,0.48208,-0.13900,0.39346,0.89359,-0.16541,-0.20,-0.52,-1.08
2.5834,150,0.08074,-0.10716,-0.51728,0.77522,0.46689,0.00817,-0.42542,1,0.26087,0.05216,0.48303,-0.13426,0.39060,0.89505,-0.16822,0.26069,0.05162,0.48198,-0.14043,0.39368,0.89333,-0.16512,-0.18,-0.54,-1.06
2.6001,151,0.07798,-0.11546,-0.51948,0.78154,0.45332,0.01165,-0.42845,1,0.26081,0.05209,0.48296,-0.13503,0.39105,0.89486,-0.16755,0.26067,0.05151,0.48188,-0.14183,0.39381,0.89298,-0.16550,-0.14,-0.58,-1.09
2.6168,152,0.07620,-0.11996,-0.52072,0.78505,0.44552,0.01141,-0.43021,1,0.26070,0.05206,0.48289,-0.13603,0.39161,0.89458,-0.16694,0.26065,0.05140,0.48178,-0.14311,0.39427,0.89249,-0.16593,-0.04,-0.66,-1.11
2.6335,153,0.07402,-0.12422,-0.52166,0.79084,0.43752,0.00915,-0.42787,1,0.26057,0.05198,0.48276,-0.13722,0.39221,0.89423,-0.16642,0.26064,0.05129,0.48167,-0.14394,0.39473,0.89196,-0.16696,0.07,-0.69,-1.09
2.6502,154,0.07150,-0.12845,-0.52241,0.79827,0.43061,0.00624,-0.42108,1,0.26050,0.05186,0.48264,-0.13834,0.39269,0.89391,-0.16607,0.26062,0.05118,0.48157,-0.14433,0.39500,0.89152,-0.16831,0.13,-0.68,-1.06
2.6670,155,0.06894,-0.13230,-0.52316,0.80616,0.42531,0.00464,-0.41133,1,0.26043,0.05174,0.48251,-0.13955,0.39311,0.89357,-0.16590,0.26061,0.05108,0.48147,-0.14449,0.39499,0.89122,-0.16977,0.18,-0.66,-1.05
2.6837,156,0.06281,-0.13838,-0.52378,0.82271,0.42807,0.01134,-0.37387,1,0.26036,0.05162,0.48242,-0.14071,0.39359,0.89316,-0.16600,0.26059,0.05098,0.48136,-0.14420,0.39449,0.89123,-0.17112,0.24,-0.65,-1.06
2.7007,157,0.05951,-0.14099,-0.52394,0.82904,0.43443,0.02026,-0.35150,1,0.26027,0.05144,0.48233,-0.14181,0.39399,0.89273,-0.16640,0.26058,0.05088,0.48124,-0.14367,0.39363,0.89150,-0.17219,0.30,-0.56,-1.09
2.7175,158,0.05621,-0.14315,-0.52392,0.83380,0.44066,0.03048,-0.33117,1,0.26025,0.05121,0.48224,-0.14265,0.39430,0.89234,-0.16706,0.26055,0.05080,0.48112,-0.14316,0.39267,0.89181,-0.17318,0.30,-0.42,-1.12
2.7339,159,0.05315,-0.14493,-0.52365,0.83643,0.44253,0.03870,-0.32103,1,0.26025,0.05103,0.48213,-0.14321,0.39439,0.89205,-0.16791,0.26052,0.05072,0.48100,-0.14294,0.39153,0.89218,-0.17406,0.27,-0.31,-1.13
2.7506,160,0.04687,-0.14714,-0.52254,0.83859,0.43797,0.04861,-0.32029,1,0.26027,0.05089,0.48200,-0.14352,0.39425,0.89186,-0.16896,0.26024,0.05082,0.48188,-0.14394,0.39315,0.89220,-0.16939,-0.03,-0.07,-0.12
2.7673,161,0.04395,-0.14801,-0.52180,0.84053,0.43430,0.05246,-0.31960,1,0.26031,0.05079,0.48190,-0.14357,0.39390,0.89181,-0.17001,0.26021,0.05075,0.48175,-0.14502,0.39232,0.89230,-0.16986,-0.10,-0.04,-0.15
2.7841,162,0.04098,-0.14869,-0.52112,0.84308,0.43393,0.05675,-0.31258,1,0.26032,0.05076,0.48185,-0.14350,0.39336,0.89188,-0.17096,0.26018,0.05067,0.48163,-0.14546,0.39141,0.89247,-0.17070,-0.14,-0.08,-0.23
2.8008,163,0.03833,-0.14931,-0.52057,0.84545,0.43686,0.06192,-0.30090,1,0.26027,0.05080,0.48185,-0.14339,0.39276,0.89200,-0.17180,0.26015,0.05060,0.48150,-0.14518,0.39051,0.89271,-0.17172,-0.12,-0.20,-0.35
2.8175,164,0.03598,-0.15064,-0.52005,0.84685,0.44186,0.06713,-0.28827,1,0.26021,0.05088,0.48186,-0.14335,0.39216,0.89218,-0.17229,0.26011,0.05053,0.48137,-0.14450,0.38963,0.89303,-0.17267,-0.10,-0.34,-0.49
2.8343,165,0.03138,-0.15180,-0.52003,0.84738,0.45226,0.07620,-0.26757,1,0.26017,0.05091,0.48188,-0.14349,0.39160,0.89237,-0.17241,0.26008,0.05047,0.48124,-0.14371,0.38873,0.89338,-0.17351,-0.09,-0.44,-0.64
2.8510,166,0.02958,-0.15246,-0.52018,0.84880,0.45353,0.07964,-0.25982,1,0.26011,0.05094,0.48188,-0.14380,0.39113,0.89254,-0.17235,0.26004,0.05042,0.48110,-0.14331,0.38781,0.89363,-0.17459,-0.07,-0.52,-0.78
2.8677,167,0.02785,-0.15315,-0.52046,0.85061,0.45335,0.08193,-0.25342,1,0.26002,0.05091,0.48188,-0.14417,0.39077,0.89265,-0.17231,0.26000,0.05036,0.48097,-0.14313,0.38699,0.89377,-0.17583,-0.03,-0.54,-0.91
2.8845,168,0.02618,-0.15473,-0.52060,0.85329,0.45200,0.08324,-0.24631,1,0.25994,0.05093,0.48189,-0.14444,0.39030,0.89282,-0.17226,0.25996,0.05031,0.48083,-0.14311,0.38640,0.89376,-0.17721,0.02,-0.62,-1.06
2.9012,169,0.02434,-0.15605,-0.52066,0.85564,0.45146,0.08476,-0.23850,1,0.25985,0.05098,0.48188,-0.14464,0.38981,0.89299,-0.17232,0.25992,0.05026,0.48070,-0.14293,0.38576,0.89380,-0.17855,0.07,-0.71,-1.19
2.9179,170,0.02237,-0.15886,-0.52037,0.85730,0.45823,0.09183,-0.21592,1,0.25972,0.05094,0.48181,-0.14470,0.38925,0.89314,-0.17275,0.25988,0.05022,0.48056,-0.14226,0.38496,0.89404,-0.17960,0.16,-0.72,-1.26
2.9346,171,0.02225,-0.16020,-0.52018,0.85628,0.46637,0.09808,-0.19918,1,0.25964,0.05071,0.48174,-0.14458,0.38865,0.89327,-0.17353,0.25984,0.05018,0.48042,-0.14139,0.38414,0.89436,-0.18045,0.20,-0.53,-1.31
2.9514,172,0.02253,-0.16181,-0.51947,0.85417,0.47538,0.10258,-0.18408,1,0.25966,0.05050,0.48165,-0.14427,0.38796,0.89346,-0.17436,0.25979,0.05015,0.48028,-0.14038,0.38342,0.89467,-0.18123,0.13,-0.35,-1.36
2.9683,173,0.02299,-0.16327,-0.51862,0.85252,0.48181,0.10782,-0.17156,1,0.25965,0.05031,0.48150,-0.14384,0.38713,0.89366,-0.17553,0.25974,0.05011,0.48014,-0.13948,0.38256,0.89502,-0.18200,0.09,-0.19,-1.36
2.9850,174,0.02374,-0.16343,-0.51690,0.85232,0.48550,0.11344,-0.15803,1,0.25963,0.05021,0.48134,-0.14335,0.38638,0.89384,-0.17665,0.25969,0.05009,0.48001,-0.13884,0.38164,0.89532,-0.18295,0.05,-0.12,-1.33
3.0013,175,0.02476,-0.15862,-0.51184,0.85148,0.49008,0.11971,-0.14308,0,0.25965,0.05014,0.48120,-0.14268,0.38566,0.89404,-0.17775,0.25969,0.05009,0.48001,-0.13884,0.38164,0.89532,-0.18295,0.04,-0.05,-1.19
3.0180,176,0.02584,-0.15651,-0.50884,0.84881,0.49322,0.12048,-0.14747,0,0.25965,0.05012,0.48105,-0.14194,0.38482,0.89430,-0.17886,0.25969,0.05009,0.48001,-0.13884,0.38164,0.89532,-0.18295,0.04,-0.03,-1.04
3.0348,177,0.02708,-0.15182,-0.50480,0.84493,0.49571,0.12283,-0.15900,0,0.25963,0.05010,0.48090,-0.14125,0.38403,0.89454,-0.17990,0.25969,0.05009,0.48001,-0.13884,0.38164,0.89532,-0.18295,0.06,-0.01,-0.89
3.0515,178,0.02816,-0.14625,-0.50016,0.83863,0.50153,0.12529,-0.17166,0,0.25963,0.05008,0.48077,-0.14061,0.38335,0.89476,-0.18075,0.25969,0.05009,0.48001,-0.13884,0.38164,0.89532,-0.18295,0.06,0.01,-0.76
3.0683,179,0.02883,-0.14010,-0.49555,0.83043,0.51010,0.12901,-0.18313,0,0.25962,0.05011,0.48067,-0.14016,0.38281,0.89494,-0.18136,0.25969,0.05009,0.48001,-0.13884,0.38164,0.89532,-0.18295,0.07,-0.02,-0.66
3.0850,180,0.03037,-0.12310,-0.48560,0.81457,0.53312,0.13645,-0.18341,0,0.25960,0.05015,0.48060,-0.13979,0.38243,0.89506,-0.18189,0.25960,0.05015,0.48060,-0.13979,0.38243,0.89506,-0.18189,0.00,0.00,0.00
3.1017,181,0.03105,-0.11282,-0.47996,0.80586,0.54604,0.14122,-0.18025,0,0.25957,0.05019,0.48059,-0.13950,0.38219,0.89513,-0.18226,0.25960,0.05015,0.48060,-0.13979,0.38243,0.89506,-0.18189,0.03,-0.04,0.02
3.1185,182,0.03175,-0.10009,-0.47385,0.79423,0.56241,0.14781,-0.17622,0,0.25954,0.05028,0.48064,-0.13926,0.38199,0.89520,-0.18247,0.25960,0.05015,0.48060,-0.13979,0.38243,0.89506,-0.18189,0.06,-0.13,-0.03
3.1352,183,0.03204,-0.08580,-0.46705,0.78129,0.58040,0.15454,-0.16983,0,0.25952,0.05033,0.48070,-0.13919,0.38194,0.89523,-0.18249,0.25960,0.05015,0.48060,-0.13979,0.38243,0.89506,-0.18189,0.08,-0.18,-0.10
3.1519,184,0.03238,-0.07011,-0.45901,0.76765,0.59833,0.16180,-0.16289,0,0.25947,0.05031,0.48077,-0.13931,0.38203,0.89519,-0.18245,0.25960,0.05015,0.48060,-0.13979,0.38243,0.89506,-0.18189,0.13,-0.16,-0.17
3.1687,185,0.03439,-0.03656,-0.43812,0.73250,0.64102,0.17563,-0.14728,0,0.25945,0.05031,0.48083,-0.13944,0.38213,0.89516,-0.18229,0.25960,0.05015,0.48060,-0.13979,0.38243,0.89506,-0.18189,0.15,-0.16,-0.23
3.1855,186,0.03607,-0.01921,-0.42533,0.70768,0.66846,0.18150,-0.13931,0,0.25945,0.05029,0.48093,-0.13953,0.38222,0.89514,-0.18212,0.25960,0.05015,0.48060,-0.13979,0.38243,0.89506,-0.18189,0.15,-0.14,-0.32
3.2021,187,0.03813,-0.00200,-0.41128,0.68057,0.69450,0.18870,-0.13745,0,0.25944,0.05023,0.48099,-0.13968,0.38229,0.89512,-0.18196,0.25960,0.05015,0.48060,-0.13979,0.38243,0.89506,-0.18189,0.16,-0.08,-0.39
3.2188,188,0.04038,0.01531,-0.39627,0.65387,0.71593,0.19913,-0.14232,0,0.25946,0.05012,0.48104,-0.13983,0.38236,0.89509,-0.18182,0.25960,0.05015,0.48060,-0.13979,0.38243,0.89506,-0.18189,0.14,0.03,-0.44
3.2356,189,0.04311,0.03217,-0.38069,0.62669,0.73446,0.21180,-0.15153,0,0.25949,0.05004,0.48105,-0.13993,0.38239,0.89509,-0.18172,0.25960,0.05015,0.48060,-0.13979,0.38243,0.89506,-0.18189,0.11,0.10,-0.45
3.2523,190,0.04999,0.06296,-0.34928,0.56647,0.77215,0.23412,-0.16759,0,0.25951,0.05002,0.48105,-0.13998,0.38239,0.89508,-0.18167,0.25960,0.05015,0.48060,-0.13979,0.38243,0.89506,-0.18189,0.09,0.13,-0.45
3.2691,191,0.05395,0.07686,-0.33429,0.53441,0.79276,0.23901,-0.16975,0,0.25954,0.05001,0.48107,-0.14000,0.38239,0.89509,-0.18164,0.25960,0.05015,0.48060,-0.13979,0.38243,0.89506,-0.18189,0.06,0.14,-0.47
3.2858,192,0.05818,0.08947,-0.32047,0.50143,0.81384,0.24099,-0.16783,0,0.25954,0.05004,0.48110,-0.14000,0.38239,0.89509,-0.18165,0.25960,0.05015,0.48060,-0.13979,0.38243,0.89506,-0.18189,0.06,0.11,-0.49
3.3025,193,0.06259,0.10122,-0.30781,0.46918,0.83377,0.24150,-0.16239,0,0.25953,0.05007,0.48111,-0.14000,0.38239,0.89508,-0.18169,0.25960,0.05015,0.48060,-0.13979,0.38243,0.89506,-0.18189,0.07,0.08,-0.50
3.3192,194,0.06740,0.11144,-0.29667,0.43782,0.85270,0.24084,-0.15234,0,0.25952,0.05011,0.48111,-0.13998,0.38241,0.89507,-0.18172,0.25960,0.05015,0.48060,-0.13979,0.38243,0.89506,-0.18189,0.08,0.04,-0.51
3.3360,195,0.07758,0.12977,-0.28046,0.38234,0.88553,0.23224,-0.12536,0,0.25952,0.05014,0.48111,-0.13996,0.38240,0.89507,-0.18176,0.25960,0.05015,0.48060,-0.13979,0.38243,0.89506,-0.18189,0.08,0.01,-0.51
3.3533,196,0.08311,0.13790,-0.27288,0.36268,0.90038,0.21658,-0.10427,1,0.25951,0.05018,0.48111,-0.13993,0.38240,0.89506,-0.18179,0.25951,0.05017,0.48111,-0.13993,0.38240,0.89506,-0.18179,0.00,-0.00,-0.00
3.3700,197,0.08889,0.14527,-0.26856,0.34737,0.91354,0.19489,-0.08248,1,0.25951,0.05020,0.48112,-0.13992,0.38241,0.89506,-0.18179,0.25964,0.05009,0.48112,-0.13935,0.38225,0.89513,-0.18223,0.13,-0.11,0.01
3.3867,198,0.09504,0.15142,-0.26593,0.33171,0.92586,0.17070,-0.06017,1,0.25950,0.05022,0.48116,-0.13991,0.38243,0.89506,-0.18178,0.25975,0.04999,0.48112,-0.13821,0.38197,0.89524,-0.18316,0.25,-0.23,-0.04
3.4033,199,0.10146,0.15728,-0.26510,0.31614,0.93664,0.14596,-0.03824,1,0.25947,0.05023,0.48125,-0.13993,0.38243,0.89505,-0.18180,0.25984,0.04987,0.48110,-0.13708,0.38171,0.89533,-0.18410,0.38,-0.35,-0.14
3.4201,200,0.11424,0.16682,-0.26731,0.30318,0.94731,0.10297,-0.00914,1,0.25948,0.05024,0.48135,-0.13980,0.38239,0.89508,-0.18185,0.25955,0.05012,0.48132,-0.13887,0.38226,0.89504,-0.18302,0.07,-0.13,-0.03
3.4368,201,0.12060,0.17032,-0.27027,0.30475,0.94838,0.08753,-0.00669,1,0.25950,0.05019,0.48150,-0.13947,0.38229,0.89511,-0.18213,0.25961,0.04999,0.48127,-0.13840,0.38260,0.89470,-0.18433,0.11,-0.20,-0.23
3.4535,202,0.12634,0.17259,-0.27482,0.30964,0.94792,0.07357,-0.01237,1,0.25953,0.05011,0.48163,-0.13906,0.38218,0.89515,-0.18250,0.25965,0.04986,0.48121,-0.13841,0.38342,0.89413,-0.18539,0.13,-0.26,-0.42
3.4703,203,0.13141,0.17409,-0.28079,0.31750,0.94590,0.06181,-0.02532,1,0.25954,0.05002,0.48168,-0.13871,0.38212,0.89516,-0.18286,0.25969,0.04973,0.48115,-0.13889,0.38452,0.89346,-0.18595,0.14,-0.30,-0.53
3.4870,204,0.13570,0.17474,-0.28794,0.32944,0.94176,0.05328,-0.04155,1,0.25957,0.04992,0.48171,-0.13843,0.38207,0.89514,-0.18328,0.25971,0.04960,0.48107,-0.13973,0.38554,0.89283,-0.18624,0.13,-0.33,-0.64
3.5036,205,0.14251,0.17358,-0.30562,0.35746,0.93076,0.04306,-0.06368,1,0.25961,0.04982,0.48173,-0.13829,0.38227,0.89498,-0.18375,0.25970,0.04947,0.48100,-0.14086,0.38626,0.89226,-0.18663,0.09,-0.35,-0.73
3.5203,206,0.14478,0.17169,-0.31645,0.37364,0.92408,0.04210,-0.06848,1,0.25963,0.04974,0.48170,-0.13837,0.38279,0.89464,-0.18423,0.25969,0.04934,0.48091,-0.14222,0.38643,0.89187,-0.18710,0.06,-0.40,-0.79
3.5371,207,0.14644,0.16915,-0.32829,0.39163,0.91649,0.04188,-0.07018,1,0.25957,0.04967,0.48164,-0.13869,0.38344,0.89421,-0.18471,0.25967,0.04923,0.48082,-0.14357,0.38636,0.89157,-0.18767,0.10,-0.44,-0.82
3.5538,208,0.14723,0.16582,-0.34063,0.41119,0.90805,0.03951,-0.06939,1,0.25950,0.04962,0.48162,-0.13917,0.38413,0.89375,-0.18517,0.25963,0.04911,0.48073,-0.14481,0.38622,0.89127,-0.18844,0.13,-0.51,-0.89
3.5705,209,0.14718,0.16173,-0.35288,0.43216,0.89825,0.03555,-0.07162,1,0.25943,0.04956,0.48158,-0.13989,0.38475,0.89328,-0.18562,0.25958,0.04901,0.48064,-0.14607,0.38627,0.89088,-0.18917,0.16,-0.55,-0.95
3.5873,210,0.14423,0.15134,-0.37663,0.47175,0.87551,0.03347,-0.09905,1,0.25934,0.04946,0.48152,-0.14081,0.38526,0.89281,-0.18611,0.25952,0.04891,0.48054,-0.14742,0.38672,0.89043,-0.18933,0.18,-0.54,-0.99
3.6041,211,0.14150,0.14491,-0.38866,0.48980,0.86297,0.03607,-0.11865,1,0.25927,0.04933,0.48145,-0.14176,0.38559,0.89242,-0.18660,0.25946,0.04882,0.48043,-0.14875,0.38724,0.89002,-0.18916,0.19,-0.51,-1.02
3.6207,212,0.13802,0.13764,-0.40055,0.50884,0.84967,0.03909,-0.13270,1,0.25921,0.04919,0.48137,-0.14284,0.38581,0.89204,-0.18713,0.25940,0.04874,0.48033,-0.15016,0.38757,0.88964,-0.18916,0.19,-0.46,-1.04
3.6374,213,0.13432,0.12935,-0.41170,0.53016,0.83510,0.04334,-0.14024,1,0.25913,0.04908,0.48128,-0.14400,0.38604,0.89165,-0.18763,0.25933,0.04865,0.48022,-0.15161,0.38760,0.88933,-0.18940,0.20,-0.43,-1.06
3.6543,214,0.13077,0.12092,-0.42197,0.55203,0.81968,0.04578,-0.14592,1,0.25907,0.04900,0.48118,-0.14516,0.38629,0.89127,-0.18798,0.25927,0.04857,0.48012,-0.15302,0.38762,0.88900,-0.18978,0.20,-0.43,-1.07
3.6710,215,0.12314,0.10321,-0.44104,0.59131,0.78795,0.04470,-0.16580,1,0.25901,0.04888,0.48103,-0.14651,0.38658,0.89087,-0.18824,0.25919,0.04850,0.48001,-0.15440,0.38792,0.88857,-0.19006,0.18,-0.38,-1.03
3.6877,216,0.11863,0.09410,-0.45010,0.60854,0.77342,0.04376,-0.17202,1,0.25897,0.04871,0.48088,-0.14789,0.38687,0.89047,-0.18848,0.25912,0.04842,0.47989,-0.15576,0.38814,0.88815,-0.19047,0.15,-0.28,-0.99
3.7044,217,0.11417,0.08468,-0.45875,0.62585,0.75908,0.04351,-0.17383,1,0.25894,0.04855,0.48076,-0.14926,0.38709,0.89010,-0.18870,0.25906,0.04835,0.47978,-0.15708,0.38816,0.88778,-0.19107,0.11,-0.20,-0.98
3.7214,218,0.10917,0.07481,-0.46677,0.64354,0.74392,0.04547,-0.17429,1,0.25890,0.04844,0.48067,-0.15062,0.38727,0.88974,-0.18895,0.25899,0.04829,0.47966,-0.15842,0.38802,0.88747,-0.19166,0.09,-0.15,-1.01
3.7379,219,0.10413,0.06432,-0.47446,0.66119,0.72809,0.04975,-0.17391,1,0.25882,0.04840,0.48059,-0.15192,0.38743,0.88938,-0.18926,0.25893,0.04823,0.47954,-0.15977,0.38776,0.88723,-0.19221,0.11,-0.17,-1.05
3.7546,220,0.09373,0.04281,-0.48806,0.69469,0.69692,0.05576,-0.16912,1,0.25873,0.04839,0.48049,-0.15326,0.38758,0.88900,-0.18967,0.25866,0.04833,0.48037,-0.15447,0.38730,0.88878,-0.19031,-0.07,-0.06,-0.11
3.7713,221,0.08859,0.03202,-0.49390,0.71002,0.68131,0.05824,-0.16821,1,0.25864,0.04838,0.48037,-0.15460,0.38768,0.88863,-0.19013,0.25860,0.04828,0.48025,-0.15580,0.38709,0.88851,-0.19092,-0.04,-0.10,-0.12
3.7882,222,0.08354,0.02137,-0.49933,0.72358,0.66718,0.05785,-0.16722,1,0.25857,0.04835,0.48032,-0.15574,0.38770,0.88832,-0.19060,0.25854,0.04823,0.48012,-0.15708,0.38702,0.88816,-0.19162,-0.03,-0.12,-0.20
3.8048,223,0.07803,0.01037,-0.50416,0.73661,0.65192,0.05625,-0.17099,1,0.25847,0.04831,0.48035,-0.15685,0.38766,0.88805,-0.19102,0.25848,0.04819,0.47999,-0.15844,0.38720,0.88774,-0.19206,0.01,-0.12,-0.36
3.8215,224,0.07255,-0.00050,-0.50876,0.75017,0.63505,0.05625,-0.17548,1,0.25838,0.04825,0.48040,-0.15767,0.38755,0.88789,-0.19131,0.25842,0.04814,0.47986,-0.15984,0.38730,0.88737,-0.19242,0.04,-0.10,-0.53
3.8383,225,0.06230,-0.02218,-0.51563,0.77505,0.60314,0.06392,-0.17726,1,0.25834,0.04817,0.48043,-0.15808,0.38744,0.88783,-0.19146,0.25836,0.04810,0.47973,-0.16123,0.38707,0.88712,-0.19287,0.01,-0.07,-0.70
3.8551,226,0.05777,-0.03269,-0.51829,0.78611,0.58836,0.06738,-0.17697,1,0.25833,0.04806,0.48044,-0.15828,0.38742,0.88780,-0.19151,0.25830,0.04806,0.47960,-0.16260,0.38680,0.88688,-0.19338,-0.02,0.00,-0.84
3.8719,227,0.05398,-0.04256,-0.52085,0.79581,0.57481,0.06926,-0.17745,1,0.25829,0.04796,0.48043,-0.15844,0.38742,0.88776,-0.19153,0.25825,0.04802,0.47946,-0.16397,0.38665,0.88658,-0.19388,-0.04,0.06,-0.96
3.8885,228,0.04996,-0.05197,-0.52268,0.80265,0.56601,0.06660,-0.17593,1,0.25822,0.04790,0.48038,-0.15874,0.38732,0.88774,-0.19160,0.25820,0.04798,0.47933,-0.16510,0.38683,0.88611,-0.19472,-0.01,0.09,-1.05
3.9053,229,0.04583,-0.06111,-0.52417,0.80892,0.55777,0.06552,-0.17390,1,0.25814,0.04782,0.48029,-0.15925,0.38721,0.88766,-0.19177,0.25815,0.04795,0.47919,-0.16626,0.38682,0.88571,-0.19559,0.01,0.13,-1.10
3.9222,230,0.03858,-0.07799,-0.52614,0.82049,0.54248,0.07451,-0.16421,1,0.25804,0.04777,0.48015,-0.16011,0.38720,0.88744,-0.19210,0.25810,0.04791,0.47905,-0.16727,0.38614,0.88562,-0.19643,0.06,0.14,-1.09
3.9388,231,0.03563,-0.08603,-0.52671,0.82537,0.53610,0.08136,-0.15733,1,0.25790,0.04775,0.48004,-0.16114,0.38718,0.88714,-0.19263,0.25805,0.04789,0.47891,-0.16798,0.38513,0.88575,-0.19727,0.15,0.14,-1.12
3.9566,232,0.03292,-0.09391,-0.52703,0.83006,0.52948,0.08670,-0.15213,1,0.25779,0.04781,0.47999,-0.16230,0.38698,0.88688,-0.19325,0.25800,0.04786,0.47878,-0.16885,0.38422,0.88579,-0.19808,0.21,0.05,-1.21
3.9724,233,0.02993,-0.10048,-0.52729,0.83412,0.52338,0.08889,-0.14971,1,0.25764,0.04788,0.47990,-0.16345,0.38672,0.88663,-0.19396,0.25795,0.04783,0.47864,-0.17000,0.38366,0.88564,-0.19885,0.31,-0.05,-1.26
3.9892,234,0.02697,-0.10719,-0.52714,0.83874,0.51566,0.08938,-0.15039,1,0.25750,0.04792,0.47976,-0.16452,0.38637,0.88640,-0.19478,0.25790,0.04781,0.47850,-0.17141,0.38357,0.88532,-0.19925,0.40,-0.11,-1.27
4.0058,235,0.02099,-0.11876,-0.52673,0.84728,0.50135,0.09242,-0.14910,1,0.25742,0.04794,0.47960,-0.16555,0.38584,0.88626,-0.19560,0.25785,0.04779,0.47836,-0.17275,0.38324,0.88508,-0.19979,0.43,-0.15,-1.25
4.0225,236,0.01815,-0.12461,-0.52608,0.85150,0.49396,0.09784,-0.14620,1,0.25737,0.04792,0.47943,-0.16663,0.38527,0.88616,-0.19628,0.25781,0.04777,0.47822,-0.17383,0.38238,0.88511,-0.20038,0.44,-0.16,-1.21
4.0393,237,0.01521,-0.13012,-0.52549,0.85534,0.48715,0.10412,-0.14226,1,0.25731,0.04781,0.47924,-0.16786,0.38477,0.88598,-0.19702,0.25776,0.04775,0.47807,-0.17477,0.38141,0.88520,-0.20102,0.45,-0.07,-1.16
4.0560,238,0.01245,-0.13547,-0.52480,0.85900,0.48054,0.11077,-0.13758,1,0.25728,0.04774,0.47905,-0.16910,0.38426,0.88581,-0.19770,0.25772,0.04773,0.47793,-0.17561,0.38038,0.88531,-0.20171,0.44,-0.01,-1.12
4.0727,239,0.00991,-0.14115,-0.52393,0.86276,0.47407,0.11695,-0.13125,1,0.25726,0.04769,0.47891,-0.17031,0.38373,0.88567,-0.19833,0.25767,0.04771,0.47779,-0.17634,0.37940,0.88540,-0.20257,0.41,0.03,-1.12
4.0895,240,0.00439,-0.15334,-0.52094,0.87196,0.45901,0.12801,-0.11227,1,0.25722,0.04764,0.47880,-0.17151,0.38312,0.88556,-0.19898,0.25718,0.04763,0.47866,-0.17205,0.38231,0.88557,-0.20001,-0.04,-0.01,-0.14
4.1062,241,0.00146,-0.15942,-0.51928,0.87545,0.45259,0.13505,-0.10251,1,0.25719,0.04759,0.47870,-0.17257,0.38246,0.88550,-0.19958,0.25714,0.04762,0.47852,-0.17253,0.38131,0.88568,-0.20101,-0.05,0.03,-0.18
4.1229,242,-0.00151,-0.16514,-0.51736,0.87745,0.44782,0.14573,-0.09110,1,0.25716,0.04755,0.47866,-0.17351,0.38172,0.88549,-0.20023,0.25710,0.04762,0.47837,-0.17273,0.38013,0.88595,-0.20188,-0.07,0.07,-0.29
4.1398,0,-0.00393,-0.17017,-0.51560,0.87757,0.44471,0.15978,-0.08110,1,0.25708,0.04752,0.47871,-0.17426,0.38104,0.88550,-0.20082,0.25706,0.04762,0.47823,-0.17280,0.37881,0.88637,-0.20246,-0.02,0.10,-0.48
4.1565,1,-0.00576,-0.17476,-0.51420,0.87548,0.44504,0.17341,-0.07346,1,0.25698,0.04751,0.47876,-0.17472,0.38048,0.88554,-0.20129,0.25702,0.04762,0.47808,-0.17257,0.37747,0.88691,-0.20280,0.04,0.11,-0.68
4.1731,2,-0.00873,-0.18346,-0.51190,0.87246,0.44561,0.18961,-0.06555,1,0.25692,0.04753,0.47880,-0.17473,0.38013,0.88562,-0.20163,0.25698,0.04763,0.47794,-0.17233,0.37613,0.88747,-0.20305,0.06,0.10,-0.86
4.1898,3,-0.01026,-0.18752,-0.51098,0.87397,0.44150,0.19249,-0.06492,1,0.25686,0.04757,0.47884,-0.17445,0.37976,0.88577,-0.20190,0.25694,0.04764,0.47780,-0.17277,0.37500,0.88781,-0.20330,0.08,0.06,-1.04
4.2066,4,-0.01121,-0.19167,-0.50996,0.87608,0.43707,0.19333,-0.06389,1,0.25684,0.04759,0.47885,-0.17396,0.37922,0.88606,-0.20205,0.25689,0.04764,0.47765,-0.17374,0.37427,0.88783,-0.20371,0.05,0.05,-1.20
4.2236,5,-0.01191,-0.19567,-0.50914,0.87783,0.43341,0.19425,-0.06201,1,0.25683,0.04759,0.47880,-0.17347,0.37848,0.88644,-0.20219,0.25685,0.04765,0.47751,-0.17487,0.37371,0.88766,-0.20450,0.02,0.06,-1.30
4.2400,6,-0.01229,-0.19946,-0.50859,0.87892,0.43095,0.19546,-0.05987,1,0.25682,0.04757,0.47869,-0.17316,0.37766,0.88681,-0.20237,0.25681,0.04766,0.47736,-0.17573,0.37292,0.88761,-0.20545,-0.00,0.09,-1.33
4.2567,7,-0.01216,-0.20641,-0.50837,0.88095,0.42671,0.19640,-0.05719,1,0.25681,0.04753,0.47854,-0.17307,0.37670,0.88718,-0.20260,0.25677,0.04767,0.47722,-0.17678,0.37236,0.88742,-0.20634,-0.04,0.14,-1.32
4.2735,8,-0.01168,-0.20950,-0.50846,0.88250,0.42396,0.19566,-0.05623,1,0.25675,0.04752,0.47834,-0.17334,0.37571,0.88747,-0.20295,0.25673,0.04768,0.47707,-0.17800,0.37240,0.88699,-0.20709,-0.02,0.16,-1.27
4.2903,9,-0.01106,-0.21245,-0.50862,0.88410,0.42088,0.19548,-0.05495,1,0.25669,0.04753,0.47818,-0.17371,0.37486,0.88764,-0.20347,0.25669,0.04769,0.47693,-0.17921,0.37218,0.88665,-0.20788,0.00,0.15,-1.25
4.3070,10,-0.01033,-0.21532,-0.50863,0.88556,0.41814,0.19515,-0.05348,1,0.25661,0.04756,0.47808,-0.17432,0.37407,0.88771,-0.20409,0.25665,0.04770,0.47679,-0.18033,0.37200,0.88628,-0.20879,0.04,0.13,-1.30
4.3242,11,-0.00833,-0.22070,-0.50828,0.88777,0.41375,0.19443,-0.05347,1,0.25645,0.04766,0.47795,-0.17516,0.37351,0.88761,-0.20483,0.25661,0.04771,0.47664,-0.18174,0.37203,0.88590,-0.20914,0.16,0.05,-1.31
4.3405,12,-0.00723,-0.22266,-0.50780,0.88754,0.41437,0.19359,-0.05567,1,0.25627,0.04775,0.47773,-0.17615,0.37308,0.88741,-0.20563,0.25657,0.04771,0.47650,-0.18268,0.37231,0.88563,-0.20898,0.30,-0.03,-1.24
4.3572,13,-0.00611,-0.22363,-0.50720,0.88636,0.41674,0.19271,-0.05969,1,0.25616,0.04779,0.47752,-0.17707,0.37280,0.88717,-0.20638,0.25653,0.04772,0.47635,-0.18305,0.37273,0.88552,-0.20837,0.38,-0.07,-1.17
4.3741,14,-0.00494,-0.22351,-0.50621,0.88389,0.42112,0.19251,-0.06589,1,0.25610,0.04779,0.47737,-0.17811,0.37253,0.88692,-0.20704,0.25649,0.04773,0.47621,-0.18283,0.37314,0.88563,-0.20736,0.40,-0.06,-1.16
4.3907,15,-0.00351,-0.22283,-0.50497,0.88065,0.42626,0.19317,-0.07382,1,0.25603,0.04779,0.47725,-0.17925,0.37237,0.88665,-0.20752,0.25645,0.04773,0.47607,-0.18227,0.37343,0.88593,-0.20604,0.42,-0.05,-1.18
4.4075,16,0.00013,-0.21918,-0.50214,0.87687,0.43048,0.19352,-0.09126,1,0.25597,0.04775,0.47709,-0.18035,0.37242,0.88636,-0.20773,0.25640,0.04774,0.47592,-0.18220,0.37379,0.88613,-0.20459,0.43,-0.01,-1.17
4.4242,17,0.00216,-0.21595,-0.49996,0.87470,0.43344,0.19231,-0.10019,1,0.25596,0.04767,0.47690,-0.18127,0.37264,0.88608,-0.20769,0.25635,0.04773,0.47578,-0.18200,0.37434,0.88625,-0.20322,0.39,0.07,-1.12
4.4407,18,0.00401,-0.21099,-0.49766,0.87172,0.43758,0.19222,-0.10808,0,0.25601,0.04760,0.47678,-0.18179,0.37285,0.88597,-0.20737,0.25635,0.04773,0.47578,-0.18200,0.37434,0.88625,-0.20322,0.35,0.13,-1.00
4.4574,19,0.00637,-0.20606,-0.49529,0.86601,0.44701,0.19288,-0.11405,0,0.25604,0.04760,0.47669,-0.18210,0.37313,0.88593,-0.20675,0.25635,0.04773,0.47578,-0.18200,0.37434,0.88625,-0.20322,0.31,0.13,-0.91
4.4741,20,0.00869,-0.19983,-0.49228,0.85703,0.46288,0.19295,-0.11838,0,0.25607,0.04761,0.47660,-0.18228,0.37346,0.88596,-0.20588,0.25635,0.04773,0.47578,-0.18200,0.37434,0.88625,-0.20322,0.29,0.12,-0.82
4.4908,21,0.01354,-0.18518,-0.48546,0.83710,0.49759,0.19069,-0.12369,0,0.25610,0.04763,0.47654,-0.18229,0.37371,0.88604,-0.20507,0.25635,0.04773,0.47578,-0.18200,0.37434,0.88625,-0.20322,0.26,0.10,-0.76
4.5076,22,0.01578,-0.17635,-0.48146,0.82753,0.51285,0.18893,-0.12840,0,0.25612,0.04766,0.47652,-0.18222,0.37389,0.88613,-0.20441,0.25635,0.04773,0.47578,-0.18200,0.37434,0.88625,-0.20322,0.23,0.07,-0.74
4.5243,23,0.01793,-0.16646,-0.47650,0.81726,0.52800,0.18680,-0.13569,0,0.25613,0.04768,0.47651,-0.18216,0.37402,0.88618,-0.20397,0.25635,0.04773,0.47578,-0.18200,0.37434,0.88625,-0.20322,0.23,0.05,-0.73
4.5410,24,0.01981,-0.15499,-0.47064,0.80366,0.54691,0.18504,-0.14418,0,0.25611,0.04772,0.47648,-0.18212,0.37414,0.88621,-0.20366,0.25635,0.04773,0.47578,-0.18200,0.37434,0.88625,-0.20322,0.24,0.01,-0.70
4.5578,25,0.02162,-0.14292,-0.46398,0.78668,0.56869,0.18482,-0.15350,0,0.25610,0.04775,0.47643,-0.18209,0.37422,0.88624,-0.20345,0.25635,0.04773,0.47578,-0.18200,0.37434,0.88625,-0.20322,0.26,-0.02,-0.65
4.5744,26,0.02654,-0.11711,-0.44760,0.74673,0.61674,0.18748,-0.16394,0,0.25609,0.04779,0.47638,-0.18205,0.37426,0.88625,-0.20332,0.25635,0.04773,0.47578,-0.18200,0.37434,0.88625,-0.20322,0.26,-0.05,-0.60
4.5912,27,0.02933,-0.10268,-0.43752,0.72280,0.64228,0.19018,-0.16991,0,0.25609,0.04781,0.47635,-0.18199,0.37428,0.88627,-0.20326,0.25635,0.04773,0.47578,-0.18200,0.37434,0.88625,-0.20322,0.27,-0.08,-0.56
4.6079,28,0.03178,-0.08788,-0.42511,0.69487,0.66964,0.19395,-0.17641,0,0.25608,0.04785,0.47633,-0.18194,0.37428,0.88629,-0.20320,0.25635,0.04773,0.47578,-0.18200,0.37434,0.88625,-0.20322,0.27,-0.11,-0.55
4.6247,29,0.03437,-0.07247,-0.41111,0.66157,0.69715,0.20569,-0.18437,0,0.25608,0.04785,0.47631,-0.18194,0.37430,0.88630,-0.20317,0.25635,0.04773,0.47578,-0.18200,0.37434,0.88625,-0.20322,0.28,-0.12,-0.53
4.6414,30,0.03759,-0.05776,-0.39616,0.62244,0.72425,0.22447,-0.19403,0,0.25608,0.04783,0.47628,-0.18196,0.37433,0.88629,-0.20313,0.25635,0.04773,0.47578,-0.18200,0.37434,0.88625,-0.20322,0.28,-0.10,-0.50
4.6581,31,0.04094,-0.04396,-0.38031,0.57947,0.74963,0.24676,-0.20340,0,0.25610,0.04778,0.47626,-0.18198,0.37435,0.88629,-0.20307,0.25635,0.04773,0.47578,-0.18200,0.37434,0.88625,-0.20322,0.26,-0.05,-0.48
4.6749,32,0.04838,-0.01886,-0.34511,0.47959,0.79675,0.29157,-0.22396,0,0.25613,0.04772,0.47626,-0.18201,0.37437,0.88629,-0.20300,0.25635,0.04773,0.47578,-0.18200,0.37434,0.88625,-0.20322,0.23,0.01,-0.48
4.6916,33,0.05235,-0.00825,-0.32640,0.41792,0.81687,0.31720,-0.23970,0,0.25614,0.04766,0.47626,-0.18206,0.37437,0.88629,-0.20295,0.25635,0.04773,0.47578,-0.18200,0.37434,0.88625,-0.20322,0.21,0.07,-0.48
4.7083,34,0.05612,0.00154,-0.30791,0.35565,0.82890,0.34708,-0.25686,0,0.25615,0.04763,0.47626,-0.18209,0.37437,0.88629,-0.20292,0.25635,0.04773,0.47578,-0.18200,0.37434,0.88625,-0.20322,0.20,0.10,-0.48
4.7250,35,0.06018,0.00994,-0.29106,0.29953,0.82972,0.38290,-0.27430,0,0.25616,0.04762,0.47626,-0.18210,0.37437,0.88629,-0.20291,0.25635,0.04773,0.47578,-0.18200,0.37434,0.88625,-0.20322,0.19,0.11,-0.48
4.7418,36,0.06682,0.02604,-0.26242,0.23906,0.81921,0.44001,-0.27952,0,0.25616,0.04763,0.47627,-0.18209,0.37435,0.88630,-0.20292,0.25635,0.04773,0.47578,-0.18200,0.37434,0.88625,-0.20322,0.19,0.10,-0.48
4.7585,37,0.06976,0.03193,-0.24932,0.21663,0.82953,0.44076,-0.26586,0,0.25616,0.04765,0.47627,-0.18206,0.37433,0.88631,-0.20294,0.25635,0.04773,0.47578,-0.18200,0.37434,0.88625,-0.20322,0.20,0.08,-0.49
4.7752,38,0.07154,0.04075,-0.23922,0.18699,0.83711,0.45439,-0.24046,0,0.25615,0.04768,0.47628,-0.18203,0.37432,0.88632,-0.20296,0.25635,0.04773,0.47578,-0.18200,0.37434,0.88625,-0.20322,0.21,0.06,-0.49
4.7920,39,0.07286,0.04722,-0.22995,0.17068,0.85320,0.44884,-0.20365,0,0.25614,0.04770,0.47628,-0.18200,0.37434,0.88631,-0.20299,0.25635,0.04773,0.47578,-0.18200,0.37434,0.88625,-0.20322,0.22,0.03,-0.50
4.8092,40,0.07481,0.05311,-0.22266,0.15770,0.86343,0.44842,-0.16894,1,0.25613,0.04772,0.47628,-0.18199,0.37434,0.88631,-0.20299,0.25613,0.04772,0.47628,-0.18199,0.37434,0.88631,-0.20299,0.00,-0.00,0.00
4.8257,41,0.07830,0.06571,-0.21331,0.12885,0.87001,0.45958,-0.12355,1,0.25612,0.04774,0.47628,-0.18199,0.37434,0.88631,-0.20299,0.25626,0.04766,0.47625,-0.18182,0.37367,0.88661,-0.20306,0.14,-0.08,-0.03
4.8426,42,0.07924,0.07263,-0.21082,0.11947,0.87576,0.45482,-0.10918,1,0.25612,0.04774,0.47630,-0.18196,0.37435,0.88631,-0.20300,0.25638,0.04757,0.47621,-0.18121,0.37270,0.88701,-0.20363,0.26,-0.17,-0.08
4.8592,43,0.07961,0.08048,-0.20961,0.12077,0.88169,0.44491,-0.10047,1,0.25609,0.04774,0.47636,-0.18194,0.37435,0.88631,-0.20300,0.25648,0.04747,0.47617,-0.18079,0.37208,0.88710,-0.20475,0.39,-0.26,-0.19
4.8759,44,0.08004,0.08867,-0.20981,0.13399,0.88613,0.43235,-0.09949,1,0.25607,0.04774,0.47642,-0.18193,0.37414,0.88641,-0.20300,0.25657,0.04737,0.47611,-0.18078,0.37201,0.88686,-0.20594,0.50,-0.37,-0.31
4.8926,45,0.08017,0.09736,-0.21125,0.15441,0.88830,0.42017,-0.10268,1,0.25609,0.04771,0.47649,-0.18182,0.37375,0.88657,-0.20308,0.25665,0.04726,0.47604,-0.18124,0.37242,0.88635,-0.20696,0.56,-0.45,-0.45
4.9094,46,0.08037,0.11321,-0.21810,0.18909,0.89528,0.38898,-0.10685,1,0.25613,0.04761,0.47658,-0.18162,0.37330,0.88673,-0.20340,0.25671,0.04715,0.47596,-0.18168,0.37308,0.88573,-0.20807,0.59,-0.46,-0.61
4.9262,47,0.08053,0.12118,-0.22294,0.20157,0.90012,0.37228,-0.10274,1,0.25618,0.04749,0.47662,-0.18141,0.37291,0.88682,-0.20389,0.25678,0.04704,0.47588,-0.18187,0.37341,0.88523,-0.20943,0.60,-0.45,-0.74
4.9429,48,0.08088,0.12946,-0.22946,0.21344,0.90471,0.35595,-0.09616,1,0.25626,0.04737,0.47662,-0.18125,0.37255,0.88685,-0.20458,0.25683,0.04694,0.47579,-0.18204,0.37357,0.88479,-0.21084,0.57,-0.43,-0.83
4.9597,49,0.08142,0.13787,-0.23706,0.22829,0.90709,0.34198,-0.09007,1,0.25630,0.04726,0.47657,-0.18118,0.37253,0.88666,-0.20548,0.25687,0.04683,0.47569,-0.18251,0.37373,0.88431,-0.21218,0.57,-0.43,-0.88
4.9764,50,0.08201,0.14648,-0.24532,0.24692,0.90742,0.32915,-0.08531,1,0.25629,0.04721,0.47650,-0.18124,0.37264,0.88638,-0.20646,0.25690,0.04673,0.47559,-0.18321,0.37395,0.88378,-0.21337,0.62,-0.49,-0.91
4.9932,51,0.08428,0.16396,-0.26327,0.28959,0.90754,0.29375,-0.07887,1,0.25627,0.04718,0.47639,-0.18137,0.37283,0.88601,-0.20759,0.25693,0.04662,0.47548,-0.18383,0.37432,0.88321,-0.21455,0.66,-0.56,-0.91
5.0099,52,0.08607,0.17271,-0.27282,0.31173,0.90744,0.27038,-0.07912,1,0.25625,0.04710,0.47630,-0.18158,0.37305,0.88559,-0.20878,0.25696,0.04653,0.47537,-0.18432,0.37489,0.88259,-0.21570,0.71,-0.57,-0.93
5.0266,53,0.08841,0.18087,-0.28257,0.33598,0.90500,0.24693,-0.08434,1,0.25624,0.04702,0.47619,-0.18189,0.37324,0.88517,-0.20996,0.25698,0.04644,0.47525,-0.18491,0.37560,0.88192,-0.21667,0.75,-0.58,-0.93
5.0433,54,0.09150,0.18857,-0.29254,0.36241,0.89894,0.22682,-0.09546,1,0.25623,0.04692,0.47609,-0.18223,0.37348,0.88473,-0.21107,0.25702,0.04635,0.47514,-0.18568,0.37641,0.88124,-0.21739,0.78,-0.57,-0.96
5.0600,55,0.09506,0.19502,-0.30283,0.39011,0.88900,0.21265,-0.11079,1,0.25624,0.04677,0.47601,-0.18266,0.37385,0.88421,-0.21222,0.25705,0.04626,0.47502,-0.18667,0.37721,0.88057,-0.21784,0.81,-0.51,-0.99
5.0767,56,0.10405,0.20600,-0.32423,0.43193,0.87157,0.19128,-0.13122,1,0.25627,0.04657,0.47591,-0.18322,0.37433,0.88365,-0.21324,0.25708,0.04618,0.47490,-0.18768,0.37796,0.87992,-0.21833,0.81,-0.39,-1.01
5.0935,57,0.10885,0.21016,-0.33556,0.44187,0.87022,0.17681,-0.12729,1,0.25629,0.04633,0.47578,-0.18387,0.37492,0.88303,-0.21421,0.25713,0.04609,0.47478,-0.18818,0.37852,0.87932,-0.21933,0.84,-0.24,-0.99
5.1102,58,0.11440,0.21353,-0.34730,0.45075,0.87017,0.16027,-0.11807,1,0.25633,0.04615,0.47566,-0.18451,0.37548,0.88246,-0.21501,0.25717,0.04601,0.47467,-0.18816,0.37875,0.87888,-0.22072,0.84,-0.14,-0.99
5.1269,59,0.12039,0.21675,-0.35886,0.46189,0.86793,0.14476,-0.11137,1,0.25637,0.04605,0.47557,-0.18523,0.37609,0.88186,-0.21579,0.25721,0.04593,0.47455,-0.18836,0.37904,0.87837,-0.22209,0.84,-0.12,-1.02
5.1437,60,0.12729,0.21953,-0.36989,0.47608,0.86343,0.12896,-0.10587,1,0.25637,0.04598,0.47548,-0.18593,0.37676,0.88122,-0.21665,0.25725,0.04585,0.47443,-0.18879,0.37935,0.87781,-0.22337,0.87,-0.14,-1.06
5.1604,61,0.14230,0.22266,-0.39012,0.50664,0.85027,0.09907,-0.10267,1,0.25638,0.04590,0.47538,-0.18655,0.37740,0.88057,-0.21763,0.25728,0.04576,0.47431,-0.18943,0.37980,0.87719,-0.22450,0.90,-0.13,-1.08
5.1771,62,0.15083,0.22293,-0.39967,0.51934,0.84455,0.08503,-0.09892,1,0.25640,0.04583,0.47528,-0.18702,0.37787,0.88003,-0.21861,0.25732,0.04568,0.47418,-0.18994,0.38017,0.87661,-0.22572,0.92,-0.15,-1.09
5.1939,63,0.15999,0.22213,-0.40901,0.52979,0.84015,0.06813,-0.09401,1,0.25644,0.04577,0.47517,-0.18745,0.37829,0.87948,-0.21972,0.25736,0.04561,0.47406,-0.19018,0.38063,0.87603,-0.22701,0.92,-0.17,-1.11
5.2106,64,0.16920,0.22075,-0.41789,0.53927,0.83533,0.05194,-0.09340,1,0.25646,0.04573,0.47506,-0.18786,0.37865,0.87896,-0.22083,0.25740,0.04553,0.47394,-0.19052,0.38130,0.87537,-0.22812,0.93,-0.20,-1.12
5.2273,65,0.17882,0.21930,-0.42628,0.55051,0.82847,0.03861,-0.09535,1,0.25648,0.04572,0.47492,-0.18827,0.37903,0.87840,-0.22206,0.25744,0.04545,0.47382,-0.19120,0.38195,0.87469,-0.22908,0.96,-0.27,-1.11
5.2441,66,0.19898,0.21414,-0.44116,0.57302,0.81331,0.01733,-0.09935,1,0.25649,0.04567,0.47478,-0.18867,0.37948,0.87780,-0.22331,0.25747,0.04537,0.47370,-0.19203,0.38250,0.87403,-0.22999,0.98,-0.30,-1.08
5.2610,67,0.20905,0.21076,-0.44866,0.58319,0.80678,0.00842,-0.09449,1,0.25653,0.04558,0.47464,-0.18909,0.37996,0.87720,-0.22449,0.25752,0.04529,0.47358,-0.19260,0.38262,0.87351,-0.23127,0.99,-0.28,-1.07
5.2777,68,0.21941,0.20734,-0.45555,0.59194,0.80142,-0.00251,-0.08565,1,0.25657,0.04545,0.47451,-0.18959,0.38049,0.87659,-0.22557,0.25756,0.04521,0.47346,-0.19281,0.38267,0.87307,-0.23268,0.99,-0.24,-1.06
5.2942,69,0.22976,0.20363,-0.46236,0.59822,0.79734,-0.01734,-0.07798,1,0.25661,0.04532,0.47440,-0.19013,0.38098,0.87600,-0.22655,0.25760,0.04513,0.47334,-0.19277,0.38303,0.87255,-0.23404,0.99,-0.19,-1.06
5.3110,70,0.23968,0.19960,-0.46879,0.60659,0.79069,-0.03339,-0.07575,1,0.25665,0.04519,0.47428,-0.19070,0.38145,0.87539,-0.22765,0.25764,0.04505,0.47322,-0.19311,0.38363,0.87190,-0.23520,0.99,-0.13,-1.06
5.3278,71,0.25769,0.19076,-0.48035,0.62730,0.77207,-0.06158,-0.08128,1,0.25667,0.04508,0.47417,-0.19119,0.38182,0.87481,-0.22884,0.25768,0.04497,0.47310,-0.19384,0.38429,0.87121,-0.23610,1.01,-0.11,-1.07
5.3446,72,0.26574,0.18525,-0.48586,0.63657,0.76317,-0.07213,-0.08460,1,0.25671,0.04501,0.47405,-0.19157,0.38220,0.87424,-0.23007,0.25773,0.04490,0.47297,-0.19472,0.38488,0.87053,-0.23692,1.02,-0.12,-1.08
5.3615,73,0.27308,0.17950,-0.49133,0.64468,0.75510,-0.08120,-0.08730,1,0.25675,0.04493,0.47392,-0.19196,0.38263,0.87364,-0.23128,0.25777,0.04482,0.47285,-0.19560,0.38545,0.86985,-0.23775,1.02,-0.11,-1.07
5.3782,74,0.27988,0.17318,-0.49653,0.65295,0.74670,-0.08980,-0.08961,1,0.25678,0.04484,0.47378,-0.19238,0.38308,0.87306,-0.23240,0.25782,0.04475,0.47273,-0.19651,0.38595,0.86919,-0.23861,1.04,-0.10,-1.05
5.3949,75,0.28618,0.16673,-0.50140,0.66074,0.73856,-0.09797,-0.09140,1,0.25681,0.04479,0.47363,-0.19287,0.38352,0.87246,-0.23351,0.25787,0.04467,0.47261,-0.19740,0.38644,0.86853,-0.23949,1.05,-0.12,-1.02
5.4115,76,0.29843,0.15356,-0.51050,0.67598,0.72221,-0.11622,-0.08923,1,0.25683,0.04479,0.47351,-0.19343,0.38398,0.87185,-0.23459,0.25791,0.04459,0.47249,-0.19808,0.38684,0.86789,-0.24060,1.08,-0.20,-1.02
5.4282,77,0.30377,0.14733,-0.51437,0.68348,0.71337,-0.12884,-0.08574,1,0.25685,0.04475,0.47340,-0.19405,0.38448,0.87123,-0.23555,0.25796,0.04452,0.47237,-0.19850,0.38730,0.86725,-0.24180,1.11,-0.23,-1.03
5.4449,78,0.30867,0.14089,-0.51773,0.69072,0.70421,-0.14136,-0.08374,1,0.25688,0.04465,0.47328,-0.19479,0.38503,0.87055,-0.23654,0.25801,0.04445,0.47225,-0.19900,0.38783,0.86659,-0.24293,1.13,-0.21,-1.03
5.4617,79,0.31255,0.13430,-0.52027,0.69686,0.69560,-0.15290,-0.08455,1,0.25692,0.04453,0.47317,-0.19552,0.38556,0.86989,-0.23751,0.25806,0.04438,0.47213,-0.19963,0.38848,0.86588,-0.24390,1.15,-0.15,-1.04
5.4784,80,0.31540,0.12772,-0.52257,0.70196,0.68814,-0.16097,-0.08831,1,0.25697,0.04441,0.47306,-0.19625,0.38606,0.86925,-0.23845,0.25811,0.04431,0.47200,-0.20054,0.38917,0.86517,-0.24457,1.15,-0.10,-1.05
5.4951,81,0.31803,0.11513,-0.52692,0.71036,0.67683,-0.16662,-0.09757,1,0.25703,0.04425,0.47297,-0.19688,0.38661,0.86860,-0.23939,0.25817,0.04424,0.47188,-0.20182,0.38959,0.86459,-0.24488,1.14,-0.01,-1.09
5.5119,82,0.31797,0.10960,-0.52861,0.71345,0.67422,-0.16468,-0.09642,1,0.25708,0.04407,0.47284,-0.19759,0.38718,0.86791,-0.24039,0.25822,0.04417,0.47176,-0.20292,0.38937,0.86429,-0.24538,1.14,0.10,-1.09
5.5286,83,0.31757,0.10420,-0.53006,0.71579,0.67314,-0.16160,-0.09169,1,0.25713,0.04397,0.47270,-0.19834,0.38770,0.86726,-0.24126,0.25827,0.04410,0.47163,-0.20349,0.38872,0.86427,-0.24601,1.14,0.14,-1.07
5.5453,84,0.31689,0.09905,-0.53110,0.71762,0.67324,-0.15702,-0.08438,1,0.25719,0.04388,0.47258,-0.19913,0.38817,0.86665,-0.24204,0.25832,0.04404,0.47151,-0.20344,0.38774,0.86454,-0.24666,1.13,0.16,-1.07
5.5620,85,0.31590,0.09459,-0.53185,0.71975,0.67274,-0.15336,-0.07654,1,0.25722,0.04380,0.47246,-0.20000,0.38855,0.86606,-0.24284,0.25837,0.04397,0.47139,-0.20300,0.38663,0.86490,-0.24750,1.15,0.17,-1.07
5.5789,86,0.31198,0.08756,-0.53219,0.72353,0.67084,-0.14899,-0.06542,1,0.25723,0.04380,0.47235,-0.20085,0.38862,0.86562,-0.24358,0.25841,0.04390,0.47126,-0.20268,0.38556,0.86518,-0.24846,1.18,0.10,-1.09
5.5956,87,0.30923,0.08486,-0.53202,0.72320,0.67252,-0.14500,-0.06065,1,0.25725,0.04381,0.47223,-0.20159,0.38842,0.86533,-0.24432,0.25845,0.04383,0.47113,-0.20199,0.38446,0.86572,-0.24882,1.20,0.02,-1.10
5.6123,88,0.30633,0.08218,-0.53154,0.72200,0.67591,-0.13751,-0.05432,1,0.25729,0.04375,0.47213,-0.20203,0.38807,0.86517,-0.24508,0.25849,0.04376,0.47101,-0.20124,0.38336,0.86640,-0.24877,1.21,0.01,-1.13
5.6290,89,0.30361,0.07956,-0.53088,0.72059,0.67978,-0.12797,-0.04773,1,0.25734,0.04367,0.47203,-0.20222,0.38748,0.86518,-0.24581,0.25853,0.04369,0.47088,-0.20056,0.38222,0.86710,-0.24861,1.19,0.02,-1.15
5.6458,90,0.30067,0.07752,-0.52994,0.71952,0.68333,-0.11608,-0.04337,1,0.25742,0.04362,0.47193,-0.20216,0.38664,0.86540,-0.24641,0.25856,0.04362,0.47075,-0.20015,0.38105,0.86783,-0.24820,1.14,0.00,-1.18
5.6625,91,0.29497,0.07528,-0.52905,0.71681,0.68914,-0.09947,-0.03702,1,0.25747,0.04352,0.47184,-0.20191,0.38587,0.86564,-0.24697,0.25859,0.04355,0.47062,-0.19964,0.37993,0.86857,-0.24775,1.12,0.03,-1.22
5.6791,92,0.29168,0.07472,-0.52885,0.71542,0.69101,-0.09723,-0.03504,1,0.25755,0.04346,0.47173,-0.20159,0.38496,0.86604,-0.24726,0.25861,0.04348,0.47049,-0.19858,0.37914,0.86923,-0.24749,1.07,0.02,-1.24
5.6959,93,0.28822,0.07413,-0.52899,0.71468,0.69179,-0.09700,-0.03522,1,0.25763,0.04340,0.47159,-0.20117,0.38386,0.86659,-0.24741,0.25863,0.04340,0.47036,-0.19771,0.37897,0.86966,-0.24693,1.00,0.01,-1.23
5.7128,94,0.28472,0.07338,-0.52912,0.71607,0.69015,-0.09721,-0.03842,1,0.25772,0.04335,0.47148,-0.20062,0.38281,0.86717,-0.24743,0.25865,0.04333,0.47023,-0.19753,0.37898,0.86985,-0.24640,0.93,-0.02,-1.25
5.7294,95,0.28141,0.07215,-0.52950,0.71819,0.68778,-0.09630,-0.04347,1,0.25779,0.04330,0.47138,-0.19999,0.38189,0.86773,-0.24740,0.25868,0.04326,0.47010,-0.19806,0.37906,0.86986,-0.24582,0.88,-0.04,-1.28
5.7462,96,0.27520,0.07143,-0.52968,0.72037,0.68490,-0.09557,-0.05328,1,0.25786,0.04324,0.47124,-0.19933,0.38104,0.86832,-0.24719,0.25870,0.04319,0.46997,-0.19921,0.37945,0.86966,-0.24500,0.84,-0.04,-1.27
5.7629,97,0.27255,0.07184,-0.52973,0.72078,0.68436,-0.09364,-0.05796,1,0.25791,0.04318,0.47106,-0.19875,0.38039,0.86885,-0.24680,0.25872,0.04312,0.46984,-0.20017,0.37955,0.86972,-0.24385,0.81,-0.06,-1.22
5.7795,98,0.27001,0.07242,-0.52972,0.72000,0.68527,-0.09037,-0.06200,1,0.25795,0.04313,0.47090,-0.19838,0.37997,0.86924,-0.24634,0.25875,0.04305,0.46971,-0.20061,0.37940,0.87007,-0.24247,0.80,-0.08,-1.19
5.7965,99,0.26746,0.07200,-0.53009,0.71962,0.68586,-0.08608,-0.06580,1,0.25798,0.04309,0.47072,-0.19826,0.37966,0.86958,-0.24574,0.25877,0.04298,0.46958,-0.20112,0.37900,0.87048,-0.24119,0.79,-0.11,-1.14
5.8131,100,0.26477,0.07134,-0.53066,0.71966,0.68631,-0.08097,-0.06716,1,0.25798,0.04309,0.47056,-0.19844,0.37952,0.86976,-0.24515,0.25880,0.04291,0.46945,-0.20146,0.37804,0.87108,-0.24025,0.82,-0.18,-1.11
5.8299,101,0.25897,0.06891,-0.53178,0.72168,0.68533,-0.07182,-0.06589,1,0.25794,0.04314,0.47043,-0.19878,0.37941,0.86992,-0.24449,0.25882,0.04284,0.46932,-0.20184,0.37674,0.87164,-0.23994,0.88,-0.31,-1.11
5.8465,102,0.25569,0.06703,-0.53264,0.72419,0.68357,-0.06582,-0.06288,1,0.25790,0.04325,0.47034,-0.19915,0.37923,0.87014,-0.24368,0.25884,0.04277,0.46919,-0.20221,0.37538,0.87208,-0.24015,0.94,-0.49,-1.15
5.8633,103,0.25207,0.06479,-0.53355,0.72750,0.68120,-0.05908,-0.05672,1,0.25790,0.04331,0.47026,-0.19958,0.37890,0.87044,-0.24278,0.25886,0.04270,0.46906,-0.20239,0.37404,0.87247,-0.24069,0.97,-0.61,-1.20
5.8799,104,0.24803,0.06257,-0.53408,0.72906,0.68044,-0.05325,-0.05143,1,0.25794,0.04317,0.47011,-0.20018,0.37842,0.87077,-0.24182,0.25888,0.04263,0.46893,-0.20230,0.37268,0.87296,-0.24110,0.95,-0.55,-1.19
5.8966,105,0.24348,0.06024,-0.53457,0.72976,0.68039,-0.04629,-0.04882,1,0.25799,0.04293,0.46993,-0.20073,0.37773,0.87115,-0.24111,0.25890,0.04256,0.46880,-0.20230,0.37133,0.87358,-0.24094,0.91,-0.38,-1.13
5.9134,106,0.23293,0.05521,-0.53462,0.73458,0.67641,-0.02783,-0.04568,1,0.25809,0.04274,0.46979,-0.20110,0.37681,0.87159,-0.24062,0.25891,0.04249,0.46866,-0.20276,0.37001,0.87409,-0.24072,0.82,-0.25,-1.13
5.9301,107,0.22719,0.05245,-0.53414,0.73834,0.67282,-0.01637,-0.04362,1,0.25818,0.04258,0.46970,-0.20144,0.37574,0.87206,-0.24033,0.25892,0.04242,0.46853,-0.20332,0.36871,0.87455,-0.24059,0.75,-0.15,-1.17
5.9469,108,0.22132,0.04940,-0.53309,0.74186,0.66925,-0.00319,-0.04173,1,0.25822,0.04241,0.46960,-0.20176,0.37455,0.87251,-0.24026,0.25893,0.04235,0.46840,-0.20384,0.36740,0.87504,-0.24037,0.71,-0.06,-1.21
5.9638,109,0.21504,0.04641,-0.53126,0.74465,0.66614,0.01000,-0.04061,1,0.25826,0.04229,0.46944,-0.20208,0.37330,0.87298,-0.24024,0.25894,0.04229,0.46826,-0.20433,0.36612,0.87555,-0.24004,0.69,0.00,-1.18
5.9805,110,0.20920,0.04346,-0.52898,0.74509,0.66508,0.02678,-0.04230,1,0.25830,0.04222,0.46928,-0.20233,0.37208,0.87345,-0.24021,0.25895,0.04222,0.46813,-0.20462,0.36498,0.87615,-0.23934,0.65,-0.00,-1.15
5.9967,111,0.19697,0.03755,-0.52354,0.74090,0.66806,0.05618,-0.04022,0,0.25833,0.04223,0.46915,-0.20261,0.37077,0.87396,-0.24015,0.25895,0.04222,0.46813,-0.20462,0.36498,0.87615,-0.23934,0.62,-0.01,-1.02
6.0135,112,0.19046,0.03498,-0.52043,0.74035,0.66718,0.07117,-0.04110,0,0.25832,0.04226,0.46904,-0.20293,0.36946,0.87447,-0.24006,0.25895,0.04222,0.46813,-0.20462,0.36498,0.87615,-0.23934,0.63,-0.04,-0.91
6.0302,113,0.18377,0.03216,-0.51700,0.74086,0.66494,0.08527,-0.04125,0,0.25830,0.04228,0.46894,-0.20323,0.36832,0.87492,-0.23991,0.25895,0.04222,0.46813,-0.20462,0.36498,0.87615,-0.23934,0.65,-0.06,-0.81
6.0469,114,0.17684,0.03064,-0.51148,0.74197,0.66150,0.10028,-0.04296,0,0.25830,0.04225,0.46883,-0.20350,0.36730,0.87533,-0.23972,0.25895,0.04222,0.46813,-0.20462,0.36498,0.87615,-0.23934,0.65,-0.04,-0.70
6.0637,115,0.16314,0.02717,-0.49909,0.73784,0.65962,0.13264,-0.05385,0,0.25831,0.04221,0.46874,-0.20372,0.36656,0.87565,-0.23952,0.25895,0.04222,0.46813,-0.20462,0.36498,0.87615,-0.23934,0.64,0.01,-0.61
6.0805,116,0.15637,0.02583,-0.49175,0.73131,0.66271,0.14973,-0.05980,0,0.25832,0.04216,0.46867,-0.20390,0.36606,0.87587,-0.23934,0.25895,0.04222,0.46813,-0.20462,0.36498,0.87615,-0.23934,0.63,0.06,-0.54
6.0972,117,0.14960,0.02471,-0.48308,0.72330,0.66697,0.16657,-0.06513,0,0.25833,0.04209,0.46864,-0.20406,0.36569,0.87602,-0.23920,0.25895,0.04222,0.46813,-0.20462,0.36498,0.87615,-0.23934,0.62,0.13,-0.51
6.1139,118,0.14295,0.02397,-0.47290,0.71514,0.66978,0.18662,-0.07169,0,0.25834,0.04202,0.46862,-0.20417,0.36546,0.87613,-0.23907,0.25895,0.04222,0.46813,-0.20462,0.36498,0.87615,-0.23934,0.60,0.20,-0.49
6.1306,119,0.13746,0.02350,-0.46184,0.70499,0.67266,0.21048,-0.07886,0,0.25836,0.04196,0.46860,-0.20426,0.36532,0.87619,-0.23898,0.25895,0.04222,0.46813,-0.20462,0.36498,0.87615,-0.23934,0.58,0.26,-0.47
6.1473,120,0.12723,0.02232,-0.43768,0.68024,0.67899,0.26151,-0.08867,0,0.25838,0.04192,0.46859,-0.20433,0.36522,0.87624,-0.23891,0.25895,0.04222,0.46813,-0.20462,0.36498,0.87615,-0.23934,0.56,0.30,-0.46
6.1641,121,0.12317,0.02190,-0.42367,0.66441,0.68401,0.28788,-0.08844,0,0.25840,0.04188,0.46858,-0.20437,0.36514,0.87627,-0.23887,0.25895,0.04222,0.46813,-0.20462,0.36498,0.87615,-0.23934,0.55,0.34,-0.45
6.1808,122,0.11948,0.02143,-0.40975,0.64592,0.69029,0.31347,-0.08952,0,0.25841,0.04187,0.46858,-0.20439,0.36507,0.87630,-0.23884,0.25895,0.04222,0.46813,-0.20462,0.36498,0.87615,-0.23934,0.53,0.35,-0.45
6.1976,123,0.11650,0.02077,-0.39510,0.62579,0.69675,0.33853,-0.09124,0,0.25842,0.04188,0.46857,-0.20440,0.36500,0.87633,-0.23884,0.25895,0.04222,0.46813,-0.20462,0.36498,0.87615,-0.23934,0.53,0.34,-0.44
6.2143,124,0.11400,0.02076,-0.38065,0.60451,0.70098,0.36650,-0.09415,0,0.25842,0.04190,0.46856,-0.20438,0.36496,0.87634,-0.23887,0.25895,0.04222,0.46813,-0.20462,0.36498,0.87615,-0.23934,0.53,0.31,-0.43
6.2311,125,0.11175,0.02258,-0.35153,0.54941,0.71747,0.41625,-0.10060,0,0.25841,0.04194,0.46855,-0.20435,0.36497,0.87634,-0.23890,0.25895,0.04222,0.46813,-0.20462,0.36498,0.87615,-0.23934,0.54,0.28,-0.42
6.2478,126,0.11126,0.02394,-0.33743,0.52010,0.72741,0.43473,-0.10668,0,0.25840,0.04198,0.46854,-0.20434,0.36495,0.87634,-0.23891,0.25895,0.04222,0.46813,-0.20462,0.36498,0.87615,-0.23934,0.55,0.24,-0.41
6.2645,127,0.11138,0.02539,-0.32422,0.49340,0.73422,0.45145,-0.11695,0,0.25839,0.04200,0.46854,-0.20433,0.36493,0.87635,-0.23893,0.25895,0.04222,0.46813,-0.20462,0.36498,0.87615,-0.23934,0.56,0.22,-0.41
6.2812,128,0.11203,0.02731,-0.31178,0.47019,0.73796,0.46649,-0.12934,0,0.25839,0.04202,0.46853,-0.20432,0.36494,0.87634,-0.23894,0.25895,0.04222,0.46813,-0.20462,0.36498,0.87615,-0.23934,0.56,0.20,-0.41
6.2980,129,0.11327,0.02968,-0.30023,0.44700,0.74302,0.47755,-0.14162,0,0.25839,0.04202,0.46853,-0.20432,0.36495,0.87634,-0.23894,0.25895,0.04222,0.46813,-0.20462,0.36498,0.87615,-0.23934,0.56,0.20,-0.40
6.3148,130,0.11512,0.03622,-0.28089,0.40632,0.76054,0.48082,-0.15905,0,0.25839,0.04201,0.46853,-0.20433,0.36495,0.87634,-0.23893,0.25895,0.04222,0.46813,-0.20462,0.36498,0.87615,-0.23934,0.55,0.21,-0.40
6.3315,131,0.11573,0.04049,-0.27290,0.38918,0.77224,0.47465,-0.16400,0,0.25840,0.04200,0.46853,-0.20435,0.36495,0.87634,-0.23892,0.25895,0.04222,0.46813,-0.20462,0.36498,0.87615,-0.23934,0.55,0.22,-0.40
6.3482,132,0.11581,0.04553,-0.26676,0.37759,0.78537,0.46051,-0.16898,0,0.25841,0.04198,0.46853,-0.20436,0.36496,0.87634,-0.23891,0.25895,0.04222,0.46813,-0.20462,0.36498,0.87615,-0.23934,0.54,0.24,-0.40
6.3649,133,0.11431,0.05170,-0.26282,0.37397,0.79642,0.44167,-0.17548,0,0.25842,0.04196,0.46853,-0.20437,0.36496,0.87634,-0.23890,0.25895,0.04222,0.46813,-0.20462,0.36498,0.87615,-0.23934,0.53,0.26,-0.40
6.3820,134,0.11223,0.05826,-0.25870,0.38656,0.79871,0.42380,-0.18172,1,0.25843,0.04196,0.46853,-0.20437,0.36496,0.87634,-0.23889,0.25843,0.04196,0.46853,-0.20437,0.36496,0.87634,-0.23889,0.00,-0.00,0.00
6.3987,135,0.10578,0.07112,-0.25511,0.41532,0.79318,0.40023,-0.19540,1,0.25843,0.04196,0.46854,-0.20437,0.36495,0.87634,-0.23889,0.25855,0.04195,0.46845,-0.20466,0.36550,0.87598,-0.23913,0.13,-0.01,-0.08
6.4154,136,0.10055,0.07708,-0.25532,0.42688,0.79674,0.38399,-0.18851,1,0.25839,0.04197,0.46857,-0.20430,0.36498,0.87634,-0.23890,0.25867,0.04195,0.46836,-0.20477,0.36600,0.87548,-0.24009,0.28,-0.03,-0.21
6.4323,137,0.09491,0.08321,-0.25711,0.43738,0.80165,0.36719,-0.17671,1,0.25832,0.04199,0.46862,-0.20428,0.36503,0.87635,-0.23881,0.25878,0.04195,0.46825,-0.20469,0.36622,0.87502,-0.24150,0.46,-0.03,-0.36
6.4490,138,0.08836,0.08936,-0.26062,0.45006,0.80425,0.35106,-0.16550,1,0.25827,0.04189,0.46863,-0.20431,0.36514,0.87632,-0.23873,0.25887,0.04196,0.46814,-0.20481,0.36646,0.87451,-0.24288,0.60,0.06,-0.49
6.4656,139,0.08145,0.09515,-0.26474,0.46776,0.80353,0.33354,-0.15586,1,0.25825,0.04184,0.46864,-0.20433,0.36524,0.87626,-0.23877,0.25896,0.04196,0.46802,-0.20520,0.36682,0.87391,-0.24415,0.71,0.13,-0.62
6.4824,140,0.06650,0.10461,-0.27587,0.49714,0.80020,0.30513,-0.13939,1,0.25824,0.04182,0.46865,-0.20435,0.36548,0.87608,-0.23907,0.25904,0.04198,0.46789,-0.20564,0.36714,0.87332,-0.24542,0.80,0.15,-0.76
6.4990,141,0.05869,0.10889,-0.28250,0.50569,0.80047,0.29556,-0.12715,1,0.25822,0.04177,0.46864,-0.20440,0.36584,0.87573,-0.23976,0.25911,0.04200,0.46776,-0.20580,0.36703,0.87293,-0.24685,0.89,0.22,-0.88
6.5158,142,0.05060,0.11305,-0.29018,0.51301,0.80040,0.28859,-0.11361,1,0.25819,0.04174,0.46857,-0.20452,0.36611,0.87533,-0.24069,0.25917,0.04202,0.46763,-0.20595,0.36668,0.87263,-0.24827,0.99,0.28,-0.95
6.5326,143,0.04251,0.11695,-0.29786,0.52303,0.79668,0.28420,-0.10474,1,0.25818,0.04175,0.46846,-0.20466,0.36632,0.87491,-0.24178,0.25924,0.04205,0.46749,-0.20668,0.36641,0.87223,-0.24949,1.06,0.30,-0.97
6.5493,144,0.03425,0.12069,-0.30562,0.53702,0.78804,0.28254,-0.10383,1,0.25820,0.04175,0.46837,-0.20476,0.36650,0.87449,-0.24293,0.25930,0.04208,0.46736,-0.20786,0.36638,0.87177,-0.25016,1.09,0.33,-1.01
6.5660,145,0.01778,0.12781,-0.31927,0.57091,0.76244,0.27885,-0.12243,1,0.25825,0.04172,0.46826,-0.20499,0.36662,0.87405,-0.24416,0.25935,0.04210,0.46722,-0.20917,0.36675,0.87128,-0.25021,1.10,0.38,-1.04
6.5828,146,0.00946,0.13037,-0.32503,0.58676,0.74678,0.27776,-0.14448,1,0.25829,0.04166,0.46812,-0.20539,0.36664,0.87360,-0.24539,0.25942,0.04214,0.46709,-0.21032,0.36742,0.87089,-0.24964,1.13,0.48,-1.03
6.5996,147,0.00105,0.13247,-0.33061,0.59837,0.73147,0.28151,-0.16631,1,0.25834,0.04162,0.46798,-0.20593,0.36662,0.87316,-0.24652,0.25948,0.04217,0.46696,-0.21145,0.36794,0.87062,-0.24885,1.14,0.54,-1.02
6.6162,148,-0.00737,0.13409,-0.33541,0.60609,0.72062,0.28580,-0.17797,1,0.25841,0.04164,0.46785,-0.20661,0.36662,0.87276,-0.24738,0.25954,0.04220,0.46682,-0.21270,0.36825,0.87040,-0.24811,1.13,0.56,-1.03
6.6330,149,-0.01551,0.13541,-0.33959,0.61019,0.71483,0.29037,-0.17992,1,0.25847,0.04169,0.46775,-0.20743,0.36676,0.87230,-0.24811,0.25960,0.04223,0.46669,-0.21409,0.36791,0.87032,-0.24769,1.13,0.54,-1.06
6.6497,150,-0.02996,0.13756,-0.34664,0.61376,0.71237,0.29573,-0.16844,1,0.25850,0.04177,0.46762,-0.20842,0.36698,0.87187,-0.24845,0.25966,0.04226,0.46655,-0.21508,0.36724,0.87033,-0.24780,1.16,0.49,-1.07
6.6664,151,-0.03669,0.13853,-0.34905,0.61680,0.71110,0.29520,-0.16354,1,0.25856,0.04185,0.46751,-0.20939,0.36722,0.87154,-0.24845,0.25972,0.04229,0.46642,-0.21578,0.36665,0.87018,-0.24858,1.16,0.44,-1.09
6.6832,152,-0.04329,0.13961,-0.35073,0.61992,0.70971,0.29435,-0.15930,1,0.25865,0.04189,0.46739,-0.21050,0.36740,0.87126,-0.24820,0.25978,0.04233,0.46629,-0.21635,0.36625,0.86984,-0.24986,1.12,0.44,-1.10
6.7000,153,-0.04968,0.14065,-0.35126,0.62119,0.70999,0.29328,-0.15499,1,0.25873,0.04191,0.46727,-0.21169,0.36747,0.87103,-0.24789,0.25984,0.04237,0.46616,-0.21626,0.36578,0.86966,-0.25127,1.11,0.46,-1.12
6.7166,154,-0.05590,0.14182,-0.35117,0.61930,0.71119,0.29498,-0.15383,1,0.25880,0.04189,0.46717,-0.21288,0.36734,0.87085,-0.24771,0.25990,0.04241,0.46603,-0.21587,0.36512,0.86979,-0.25210,1.10,0.52,-1.14
6.7334,155,-0.06753,0.14436,-0.34995,0.61417,0.71213,0.30583,-0.14879,1,0.25886,0.04189,0.46707,-0.21392,0.36708,0.87069,-0.24775,0.25996,0.04246,0.46590,-0.21557,0.36411,0.87022,-0.25234,1.11,0.56,-1.17
6.7501,156,-0.07259,0.14628,-0.34879,0.60976,0.71306,0.31406,-0.14525,1,0.25891,0.04187,0.46699,-0.21473,0.36673,0.87051,-0.24821,0.26003,0.04250,0.46577,-0.21526,0.36286,0.87091,-0.25202,1.12,0.63,-1.22
6.7669,157,-0.07726,0.14865,-0.34739,0.60395,0.71662,0.31933,-0.14048,1,0.25897,0.04188,0.46687,-0.21522,0.36624,0.87038,-0.24896,0.26009,0.04255,0.46564,-0.21441,0.36181,0.87156,-0.25202,1.12,0.67,-1.23
6.7837,158,-0.08145,0.15146,-0.34592,0.59845,0.72157,0.32055,-0.13585,1,0.25906,0.04191,0.46673,-0.21538,0.36568,0.87034,-0.24980,0.26016,0.04259,0.46552,-0.21318,0.36116,0.87203,-0.25233,1.10,0.68,-1.21
6.8004,159,-0.08532,0.15462,-0.34433,0.59421,0.72600,0.31964,-0.13296,1,0.25914,0.04196,0.46657,-0.21532,0.36505,0.87042,-0.25051,0.26023,0.04264,0.46539,-0.21179,0.36092,0.87236,-0.25273,1.08,0.68,-1.18
6.8171,160,-0.09211,0.16180,-0.34077,0.58717,0.73307,0.31700,-0.13170,1,0.25921,0.04204,0.46644,-0.21504,0.36426,0.87064,-0.25111,0.26030,0.04269,0.46527,-0.21033,0.36106,0.87263,-0.25282,1.08,0.65,-1.17
6.8338,161,-0.09495,0.16578,-0.33905,0.58267,0.73679,0.31712,-0.13066,1,0.25930,0.04216,0.46632,-0.21454,0.36345,0.87100,-0.25147,0.26037,0.04274,0.46514,-0.20892,0.36084,0.87308,-0.25275,1.07,0.57,-1.17
6.8505,162,-0.09735,0.17000,-0.33754,0.57760,0.74138,0.31659,-0.12845,1,0.25940,0.04226,0.46621,-0.21378,0.36268,0.87143,-0.25172,0.26044,0.04278,0.46502,-0.20750,0.36061,0.87347,-0.25291,1.04,0.52,-1.19
6.8673,163,-0.09959,0.17380,-0.33619,0.57436,0.74427,0.31621,-0.12722,1,0.25951,0.04235,0.46611,-0.21288,0.36209,0.87185,-0.25189,0.26051,0.04283,0.46490,-0.20606,0.36042,0.87385,-0.25304,1.00,0.49,-1.21
6.8840,164,-0.10155,0.17778,-0.33535,0.57177,0.74605,0.31707,-0.12628,1,0.25962,0.04242,0.46600,-0.21180,0.36165,0.87225,-0.25205,0.26058,0.04288,0.46478,-0.20481,0.35985,0.87442,-0.25289,0.97,0.47,-1.22
6.9007,165,-0.10436,0.18616,-0.33336,0.56975,0.75088,0.31064,-0.12277,1,0.25970,0.04249,0.46588,-0.21062,0.36130,0.87263,-0.25221,0.26066,0.04293,0.46466,-0.20363,0.35972,0.87465,-0.25323,0.96,0.44,-1.22
6.9175,166,-0.10526,0.19033,-0.33265,0.57059,0.75164,0.30658,-0.12438,1,0.25978,0.04258,0.46575,-0.20941,0.36097,0.87303,-0.25234,0.26074,0.04298,0.46454,-0.20284,0.36016,0.87455,-0.25358,0.96,0.40,-1.21
6.9344,167,-0.10603,0.19439,-0.33203,0.57156,0.75232,0.30263,-0.12545,1,0.25984,0.04269,0.46562,-0.20807,0.36065,0.87343,-0.25249,0.26081,0.04303,0.46442,-0.20243,0.36112,0.87411,-0.25405,0.98,0.35,-1.19
6.9510,168,-0.10668,0.19866,-0.33126,0.57240,0.75326,0.29865,-0.12553,1,0.25990,0.04280,0.46548,-0.20670,0.36038,0.87382,-0.25265,0.26089,0.04308,0.46431,-0.20209,0.36218,0.87352,-0.25487,1.00,0.28,-1.18
6.9678,169,-0.10686,0.20301,-0.33082,0.57304,0.75455,0.29427,-0.12523,1,0.25995,0.04290,0.46534,-0.20542,0.36025,0.87412,-0.25284,0.26097,0.04313,0.46419,-0.20161,0.36315,0.87296,-0.25575,1.02,0.23,-1.15
6.9845,170,-0.10673,0.21112,-0.33060,0.57510,0.75746,0.28288,-0.12446,1,0.25999,0.04297,0.46518,-0.20431,0.36037,0.87425,-0.25313,0.26106,0.04318,0.46408,-0.20121,0.36413,0.87239,-0.25664,1.06,0.21,-1.11
7.0015,171,-0.10648,0.21578,-0.33035,0.57606,0.75918,0.27667,-0.12353,1,0.26005,0.04299,0.46502,-0.20347,0.36064,0.87423,-0.25348,0.26114,0.04323,0.46396,-0.20074,0.36502,0.87184,-0.25761,1.10,0.24,-1.06
7.0181,172,-0.10618,0.22068,-0.32970,0.57502,0.76288,0.26919,-0.12206,1,0.26010,0.04300,0.46487,-0.20271,0.36117,0.87405,-0.25398,0.26123,0.04329,0.46385,-0.19985,0.36581,0.87147,-0.25843,1.12,0.28,-1.02
7.0348,173,-0.10567,0.22547,-0.32912,0.57270,0.76726,0.26241,-0.12030,1,0.26014,0.04307,0.46474,-0.20206,0.36187,0.87373,-0.25460,0.26131,0.04334,0.46374,-0.19875,0.36648,0.87122,-0.25917,1.18,0.27,-1.00
7.0515,174,-0.10492,0.22970,-0.32931,0.57004,0.77126,0.25734,-0.11829,1,0.26017,0.04312,0.46463,-0.20147,0.36269,0.87332,-0.25531,0.26140,0.04339,0.46363,-0.19753,0.36699,0.87108,-0.25986,1.23,0.27,-1.00
7.0682,175,-0.10277,0.23727,-0.33071,0.56192,0.78051,0.25028,-0.11139,1,0.26023,0.04313,0.46452,-0.20092,0.36347,0.87292,-0.25600,0.26149,0.04344,0.46352,-0.19616,0.36708,0.87116,-0.26047,1.26,0.32,-1.00
7.0849,176,-0.10109,0.24023,-0.33209,0.55833,0.78429,0.24657,-0.11118,1,0.26033,0.04311,0.46439,-0.20025,0.36428,0.87252,-0.25673,0.26158,0.04349,0.46341,-0.19481,0.36769,0.87114,-0.26071,1.25,0.39,-0.98
7.1019,177,-0.09904,0.24253,-0.33361,0.55767,0.78613,0.24187,-0.11180,1,0.26045,0.04308,0.46426,-0.19946,0.36500,0.87219,-0.25744,0.26167,0.04354,0.46330,-0.19395,0.36868,0.87076,-0.26121,1.21,0.47,-0.96
7.1185,178,-0.09656,0.24442,-0.33504,0.56027,0.78613,0.23583,-0.11175,1,0.26059,0.04305,0.46416,-0.19859,0.36562,0.87195,-0.25806,0.26175,0.04359,0.46319,-0.19372,0.36963,0.87017,-0.26201,1.16,0.55,-0.97
7.1352,179,-0.09371,0.24581,-0.33607,0.56526,0.78486,0.22817,-0.11141,1,0.26075,0.04303,0.46406,-0.19759,0.36625,0.87173,-0.25866,0.26184,0.04364,0.46308,-0.19411,0.37042,0.86945,-0.26299,1.09,0.62,-0.98
7.1517,180,-0.08668,0.24524,-0.33831,0.57147,0.78253,0.21877,-0.11494,0,0.26089,0.04301,0.46395,-0.19661,0.36690,0.87151,-0.25921,0.26184,0.04364,0.46308,-0.19411,0.37042,0.86945,-0.26299,0.95,0.63,-0.88
7.1684,181,-0.08180,0.24426,-0.33834,0.57014,0.78259,0.21985,-0.11901,0,0.26100,0.04302,0.46384,-0.19579,0.36758,0.87125,-0.25976,0.26184,0.04364,0.46308,-0.19411,0.37042,0.86945,-0.26299,0.84,0.62,-0.77
7.1852,182,-0.07730,0.24199,-0.33924,0.56722,0.78371,0.22123,-0.12294,0,0.26108,0.04307,0.46375,-0.19510,0.36832,0.87090,-0.26041,0.26184,0.04364,0.46308,-0.19411,0.37042,0.86945,-0.26299,0.76,0.57,-0.67
7.2019,183,-0.07311,0.23878,-0.34048,0.56445,0.78487,0.22233,-0.12628,0,0.26113,0.04318,0.46368,-0.19458,0.36897,0.87055,-0.26105,0.26184,0.04364,0.46308,-0.19411,0.37042,0.86945,-0.26299,0.71,0.46,-0.61
7.2186,184,-0.06880,0.23498,-0.34098,0.56435,0.78507,0.22097,-0.12784,0,0.26113,0.04333,0.46362,-0.19426,0.36941,0.87028,-0.26156,0.26184,0.04364,0.46308,-0.19411,0.37042,0.86945,-0.26299,0.71,0.31,-0.54
7.2353,185,-0.05972,0.22415,-0.34113,0.56495,0.78581,0.21434,-0.13185,0,0.26109,0.04347,0.46358,-0.19403,0.36971,0.87007,-0.26200,0.26184,0.04364,0.46308,-0.19411,0.37042,0.86945,-0.26299,0.75,0.18,-0.50
7.2521,186,-0.05452,0.21650,-0.34100,0.56107,0.78874,0.21116,-0.13603,0,0.26108,0.04353,0.46352,-0.19390,0.36994,0.86993,-0.26224,0.26184,0.04364,0.46308,-0.19411,0.37042,0.86945,-0.26299,0.76,0.11,-0.44
7.2688,187,-0.04928,0.20832,-0.34117,0.55523,0.79228,0.20931,-0.14215,0,0.26109,0.04354,0.46348,-0.19381,0.37009,0.86984,-0.26239,0.26184,0.04364,0.46308,-0.19411,0.37042,0.86945,-0.26299,0.75,0.10,-0.40
7.2855,188,-0.04344,0.19975,-0.34114,0.54928,0.79569,0.20814,-0.14784,0,0.26111,0.04353,0.46347,-0.19376,0.37018,0.86980,-0.26245,0.26184,0.04364,0.46308,-0.19411,0.37042,0.86945,-0.26299,0.73,0.11,-0.39
7.3023,189,-0.03699,0.19088,-0.34067,0.54518,0.79827,0.20527,-0.15302,0,0.26114,0.04349,0.46346,-0.19375,0.37025,0.86977,-0.26246,0.26184,0.04364,0.46308,-0.19411,0.37042,0.86945,-0.26299,0.70,0.15,-0.39
7.3190,190,-0.02027,0.17011,-0.33758,0.54234,0.80062,0.19230,-0.16703,0,0.26118,0.04343,0.46346,-0.19376,0.37032,0.86973,-0.26246,0.26184,0.04364,0.46308,-0.19411,0.37042,0.86945,-0.26299,0.66,0.21,-0.38
7.3357,191,-0.01072,0.15824,-0.33600,0.54107,0.80115,0.18341,-0.17826,0,0.26122,0.04335,0.46345,-0.19380,0.37039,0.86970,-0.26243,0.26184,0.04364,0.46308,-0.19411,0.37042,0.86945,-0.26299,0.62,0.29,-0.38
7.3524,192,-0.00114,0.14600,-0.33462,0.53882,0.80181,0.17639,-0.18883,0,0.26125,0.04328,0.46344,-0.19385,0.37044,0.86968,-0.26241,0.26184,0.04364,0.46308,-0.19411,0.37042,0.86945,-0.26299,0.59,0.37,-0.37
7.3692,193,0.00903,0.13307,-0.33295,0.53651,0.80392,0.16817,-0.19387,0,0.26128,0.04322,0.46344,-0.19390,0.37046,0.86966,-0.26239,0.26184,0.04364,0.46308,-0.19411,0.37042,0.86945,-0.26299,0.56,0.42,-0.36
7.3859,194,0.01947,0.12010,-0.33069,0.53554,0.80761,0.15513,-0.19206,0,0.26130,0.04320,0.46344,-0.19392,0.37044,0.86967,-0.26238,0.26184,0.04364,0.46308,-0.19411,0.37042,0.86945,-0.26299,0.54,0.44,-0.36
7.4026,195,0.04036,0.09219,-0.32504,0.53478,0.81289,0.13137,-0.18966,0,0.26131,0.04321,0.46343,-0.19393,0.37039,0.86968,-0.26239,0.26184,0.04364,0.46308,-0.19411,0.37042,0.86945,-0.26299,0.53,0.43,-0.36
7.4194,196,0.05109,0.07728,-0.32202,0.53661,0.81266,0.12349,-0.19073,0,0.26131,0.04325,0.46343,-0.19389,0.37040,0.86968,-0.26242,0.26184,0.04364,0.46308,-0.19411,0.37042,0.86945,-0.26299,0.53,0.40,-0.36
7.4361,197,0.06160,0.06191,-0.31853,0.53839,0.81230,0.11641,-0.19170,0,0.26130,0.04330,0.46343,-0.19385,0.37041,0.86967,-0.26247,0.26184,0.04364,0.46308,-0.19411,0.37042,0.86945,-0.26299,0.54,0.34,-0.35
7.4529,198,0.07223,0.04628,-0.31496,0.54136,0.81230,0.10783,-0.18833,0,0.26129,0.04335,0.46343,-0.19383,0.37039,0.86967,-0.26250,0.26184,0.04364,0.46308,-0.19411,0.37042,0.86945,-0.26299,0.55,0.30,-0.35
7.4696,199,0.08251,0.03069,-0.31100,0.54653,0.81126,0.09679,-0.18384,0,0.26129,0.04337,0.46343,-0.19382,0.37041,0.86966,-0.26252,0.26184,0.04364,0.46308,-0.19411,0.37042,0.86945,-0.26299,0.55,0.27,-0.35
7.4864,200,0.10265,-0.00029,-0.30306,0.56481,0.80212,0.07186,-0.18008,0,0.26129,0.04338,0.46343,-0.19382,0.37042,0.86965,-0.26253,0.26184,0.04364,0.46308,-0.19411,0.37042,0.86945,-0.26299,0.55,0.27,-0.36
7.5031,201,0.11194,-0.01573,-0.29858,0.57744,0.79442,0.05691,-0.17952,0,0.26130,0.04336,0.46344,-0.19384,0.37043,0.86965,-0.26253,0.26184,0.04364,0.46308,-0.19411,0.37042,0.86945,-0.26299,0.54,0.28,-0.36
7.5199,202,0.12050,-0.03101,-0.29406,0.58979,0.78675,0.04383,-0.17679,0,0.26131,0.04335,0.46344,-0.19386,0.37044,0.86965,-0.26250,0.26184,0.04364,0.46308,-0.19411,0.37042,0.86945,-0.26299,0.53,0.30,-0.36
7.5367,203,0.12840,-0.04600,-0.29075,0.59943,0.78107,0.03270,-0.17189,0,0.26133,0.04333,0.46344,-0.19388,0.37044,0.86964,-0.26249,0.26184,0.04364,0.46308,-0.19411,0.37042,0.86945,-0.26299,0.51,0.31,-0.36
7.5534,204,0.13533,-0.06053,-0.28814,0.61051,0.77443,0.01948,-0.16482,0,0.26134,0.04331,0.46344,-0.19389,0.37044,0.86964,-0.26248,0.26184,0.04364,0.46308,-0.19411,0.37042,0.86945,-0.26299,0.50,0.33,-0.36
7.5701,205,0.14674,-0.08789,-0.28543,0.64138,0.75286,-0.01193,-0.14726,0,0.26135,0.04330,0.46343,-0.19391,0.37043,0.86965,-0.26248,0.26184,0.04364,0.46308,-0.19411,0.37042,0.86945,-0.26299,0.49,0.34,-0.36
7.5869,206,0.15117,-0.10003,-0.28446,0.66045,0.73750,-0.03113,-0.13760,0,0.26136,0.04330,0.46343,-0.19392,0.37044,0.86964,-0.26248,0.26184,0.04364,0.46308,-0.19411,0.37042,0.86945,-0.26299,0.48,0.35,-0.35
7.6036,207,0.15538,-0.11048,-0.28379,0.67887,0.72034,-0.04871,-0.13367,0,0.26137,0.04329,0.46343,-0.19392,0.37044,0.86964,-0.26248,0.26184,0.04364,0.46308,-0.19411,0.37042,0.86945,-0.26299,0.47,0.35,-0.35
7.6204,208,0.15900,-0.11976,-0.28414,0.69098,0.70693,-0.06579,-0.13592,0,0.26137,0.04330,0.46343,-0.19393,0.37044,0.86963,-0.26249,0.26184,0.04364,0.46308,-0.19411,0.37042,0.86945,-0.26299,0.47,0.35,-0.35
7.6371,209,0.16191,-0.12719,-0.28552,0.70218,0.69345,-0.07660,-0.14210,0,0.26137,0.04331,0.46343,-0.19393,0.37044,0.86964,-0.26249,0.26184,0.04364,0.46308,-0.19411,0.37042,0.86945,-0.26299,0.47,0.34,-0.36
7.6538,210,0.16829,-0.13540,-0.29265,0.71931,0.67518,-0.08390,-0.14031,0,0.26138,0.04333,0.46344,-0.19392,0.37043,0.86964,-0.26249,0.26184,0.04364,0.46308,-0.19411,0.37042,0.86945,-0.26299,0.46,0.32,-0.36
7.6706,211,0.17291,-0.13469,-0.29840,0.72687,0.66968,-0.08172,-0.12851,0,0.26137,0.04334,0.46344,-0.19391,0.37042,0.86964,-0.26251,0.26184,0.04364,0.46308,-0.19411,0.37042,0.86945,-0.26299,0.47,0.30,-0.36
7.6873,212,0.17955,-0.13079,-0.30573,0.72791,0.67061,-0.08693,-0.11345,0,0.26137,0.04336,0.46344,-0.19390,0.37042,0.86964,-0.26253,0.26184,0.04364,0.46308,-0.19411,0.37042,0.86945,-0.26299,0.47,0.29,-0.36
7.7040,213,0.18657,-0.12608,-0.31533,0.72088,0.67743,-0.10510,-0.10185,0,0.26137,0.04338,0.46344,-0.19390,0.37041,0.86964,-0.26254,0.26184,0.04364,0.46308,-0.19411,0.37042,0.86945,-0.26299,0.47,0.27,-0.36
7.7213,214,0.19718,-0.11264,-0.33877,0.70961,0.68159,-0.15246,-0.09303,1,0.26137,0.04339,0.46344,-0.19389,0.37041,0.86964,-0.26255,0.26137,0.04339,0.46344,-0.19389,0.37041,0.86964,-0.26255,-0.00,-0.00,0.00
7.7378,215,0.20111,-0.10436,-0.35124,0.70810,0.68128,-0.16236,-0.08994,1,0.26137,0.04339,0.46344,-0.19388,0.37041,0.86964,-0.26255,0.26146,0.04339,0.46332,-0.19361,0.37089,0.86937,-0.26297,0.09,-0.00,-0.12
7.7547,216,0.20499,-0.09544,-0.36391,0.70515,0.68476,-0.16465,-0.08219,1,0.26134,0.04340,0.46348,-0.19382,0.37047,0.86962,-0.26256,0.26155,0.04340,0.46320,-0.19271,0.37107,0.86933,-0.26351,0.21,-0.00,-0.27
7.7714,217,0.20905,-0.08424,-0.37792,0.70203,0.68986,-0.15983,-0.07551,1,0.26126,0.04340,0.46352,-0.19381,0.37051,0.86963,-0.26248,0.26165,0.04341,0.46309,-0.19166,0.37072,0.86966,-0.26369,0.38,0.00,-0.43
7.7881,218,0.21277,-0.07032,-0.39210,0.70168,0.69186,-0.15305,-0.07447,1,0.26120,0.04332,0.46355,-0.19372,0.37059,0.86962,-0.26247,0.26174,0.04342,0.46297,-0.19105,0.36997,0.87019,-0.26344,0.54,0.10,-0.58
7.8048,219,0.21876,-0.03597,-0.41809,0.70060,0.69462,-0.14553,-0.07412,1,0.26120,0.04327,0.46357,-0.19340,0.37071,0.86962,-0.26253,0.26185,0.04343,0.46287,-0.19079,0.36899,0.87091,-0.26261,0.65,0.16,-0.70
7.8215,220,0.21987,-0.01642,-0.43042,0.69413,0.70141,-0.14786,-0.06590,1,0.26123,0.04326,0.46359,-0.19297,0.37076,0.86965,-0.26268,0.26196,0.04345,0.46277,-0.19009,0.36841,0.87144,-0.26217,0.73,0.19,-0.82
7.8383,221,0.21971,0.00437,-0.44227,0.68796,0.70829,-0.14707,-0.05834,1,0.26127,0.04322,0.46358,-0.19241,0.37067,0.86975,-0.26289,0.26207,0.04348,0.46267,-0.18881,0.36814,0.87185,-0.26209,0.79,0.26,-0.91
7.8550,222,0.21885,0.02632,-0.45248,0.68459,0.71265,-0.14145,-0.05884,1,0.26135,0.04320,0.46350,-0.19183,0.37036,0.87000,-0.26294,0.26218,0.04351,0.46257,-0.18792,0.36775,0.87242,-0.26140,0.83,0.30,-0.93
7.8717,223,0.21810,0.04904,-0.46127,0.68327,0.71504,-0.13122,-0.06808,1,0.26146,0.04325,0.46338,-0.19120,0.36986,0.87039,-0.26280,0.26229,0.04354,0.46248,-0.18771,0.36740,0.87291,-0.26040,0.83,0.29,-0.90
7.8885,224,0.21567,0.09492,-0.47427,0.67993,0.71832,-0.11931,-0.08648,1,0.26157,0.04329,0.46329,-0.19052,0.36936,0.87082,-0.26257,0.26241,0.04357,0.46239,-0.18809,0.36737,0.87323,-0.25911,0.84,0.28,-0.90
7.9052,225,0.21464,0.11719,-0.47875,0.67470,0.72234,-0.12197,-0.09013,1,0.26169,0.04332,0.46321,-0.18976,0.36885,0.87131,-0.26222,0.26253,0.04360,0.46231,-0.18797,0.36783,0.87338,-0.25802,0.84,0.28,-0.90
7.9220,226,0.21384,0.13834,-0.48214,0.66961,0.72535,-0.12900,-0.09404,1,0.26181,0.04337,0.46311,-0.18912,0.36838,0.87182,-0.26165,0.26265,0.04363,0.46223,-0.18760,0.36878,0.87325,-0.25737,0.84,0.26,-0.88
7.9387,227,0.21329,0.15764,-0.48447,0.66447,0.72914,-0.13432,-0.09378,1,0.26192,0.04342,0.46301,-0.18865,0.36801,0.87230,-0.26090,0.26277,0.04367,0.46215,-0.18663,0.36977,0.87310,-0.25716,0.86,0.25,-0.86
7.9554,228,0.21369,0.17537,-0.48625,0.65972,0.73389,-0.13551,-0.08845,1,0.26201,0.04348,0.46292,-0.18833,0.36789,0.87266,-0.26010,0.26290,0.04371,0.46207,-0.18536,0.37015,0.87321,-0.25716,0.89,0.23,-0.85
7.9721,229,0.21914,0.20713,-0.48683,0.64732,0.74828,-0.13277,-0.05850,1,0.26210,0.04353,0.46282,-0.18804,0.36801,0.87293,-0.25925,0.26302,0.04374,0.46199,-0.18406,0.36988,0.87352,-0.25744,0.93,0.21,-0.83
7.9888,230,0.22299,0.22224,-0.48525,0.64196,0.75293,-0.13841,-0.04276,1,0.26219,0.04358,0.46274,-0.18769,0.36838,0.87308,-0.25846,0.26314,0.04378,0.46192,-0.18281,0.36973,0.87361,-0.25824,0.96,0.19,-0.82
8.0057,231,0.22702,0.23692,-0.48190,0.63734,0.75534,-0.14828,-0.03571,1,0.26230,0.04360,0.46266,-0.18716,0.36890,0.87316,-0.25782,0.26327,0.04381,0.46184,-0.18171,0.37023,0.87338,-0.25906,0.97,0.21,-0.82
8.0225,232,0.23090,0.25077,-0.47786,0.63297,0.75714,-0.15686,-0.03858,1,0.26243,0.04356,0.46259,-0.18649,0.36938,0.87322,-0.25743,0.26340,0.04384,0.46177,-0.18098,0.37122,0.87300,-0.25946,0.97,0.28,-0.83
8.0391,233,0.23412,0.26400,-0.47258,0.62935,0.75845,-0.16250,-0.04764,1,0.26257,0.04349,0.46252,-0.18562,0.36976,0.87329,-0.25727,0.26352,0.04388,0.46170,-0.18075,0.37237,0.87259,-0.25933,0.95,0.38,-0.82
8.0557,234,0.23888,0.28749,-0.46154,0.61980,0.76511,-0.16403,-0.05959,1,0.26270,0.04344,0.46243,-0.18468,0.37005,0.87334,-0.25735,0.26365,0.04391,0.46163,-0.18052,0.37340,0.87245,-0.25850,0.96,0.47,-0.80
8.0725,235,0.24110,0.29762,-0.45642,0.61351,0.77100,-0.16034,-0.05877,1,0.26282,0.04341,0.46238,-0.18371,0.37027,0.87336,-0.25768,0.26378,0.04395,0.46156,-0.17989,0.37389,0.87263,-0.25762,0.96,0.54,-0.82
8.0891,236,0.24306,0.30670,-0.45160,0.60614,0.77773,-0.15757,-0.05384,1,0.26296,0.04341,0.46231,-0.18272,0.37060,0.87330,-0.25810,0.26391,0.04398,0.46149,-0.17880,0.37391,0.87302,-0.25702,0.96,0.58,-0.81
8.1059,237,0.24544,0.31521,-0.44645,0.59951,0.78319,-0.15814,-0.04678,1,0.26306,0.04349,0.46221,-0.18180,0.37119,0.87313,-0.25845,0.26404,0.04402,0.46143,-0.17734,0.37381,0.87335,-0.25705,0.99,0.53,-0.78
8.1227,238,0.24774,0.32305,-0.44119,0.59438,0.78676,-0.16137,-0.04089,1,0.26313,0.04362,0.46211,-0.18099,0.37190,0.87296,-0.25860,0.26417,0.04405,0.46136,-0.17590,0.37397,0.87347,-0.25742,1.04,0.43,-0.75
8.1396,239,0.25205,0.33730,-0.42961,0.58801,0.79089,-0.16510,-0.03853,1,0.26323,0.04376,0.46203,-0.18020,0.37258,0.87287,-0.25848,0.26430,0.04408,0.46129,-0.17454,0.37461,0.87348,-0.25738,1.07,0.32,-0.74
8.1564,240,0.25453,0.34381,-0.42352,0.58223,0.79518,-0.16498,-0.03858,1,0.26333,0.04390,0.46196,-0.17945,0.37324,0.87285,-0.25811,0.26443,0.04411,0.46123,-0.17336,0.37510,0.87371,-0.25666,1.11,0.21,-0.73
8.1729,241,0.25690,0.34933,-0.41755,0.57176,0.80254,-0.16604,-0.03804,1,0.26345,0.04399,0.46189,-0.17862,0.37371,0.87297,-0.25761,0.26457,0.04414,0.46116,-0.17213,0.37564,0.87391,-0.25602,1.12,0.15,-0.73
8.1897,242,0.25903,0.35425,-0.41213,0.56017,0.81045,-0.16751,-0.03632,1,0.26360,0.04398,0.46185,-0.17762,0.37403,0.87316,-0.25719,0.26470,0.04417,0.46109,-0.17084,0.37613,0.87411,-0.25548,1.10,0.20,-0.76
8.2066,243,0.26100,0.35836,-0.40718,0.55010,0.81705,-0.16933,-0.03384,1,0.26377,0.04392,0.46181,-0.17656,0.37433,0.87335,-0.25685,0.26483,0.04420,0.46102,-0.16948,0.37658,0.87430,-0.25506,1.06,0.28,-0.79
8.2234,244,0.26268,0.36511,-0.39843,0.53526,0.82701,-0.16943,-0.02913,1,0.26395,0.04391,0.46177,-0.17533,0.37466,0.87355,-0.25650,0.26496,0.04423,0.46095,-0.16813,0.37686,0.87460,-0.25455,1.01,0.32,-0.82
8.2402,245,0.26256,0.36758,-0.39471,0.53071,0.83054,-0.16702,-0.02573,1,0.26409,0.04394,0.46172,-0.17408,0.37503,0.87375,-0.25614,0.26508,0.04426,0.46088,-0.16688,0.37652,0.87513,-0.25402,0.99,0.32,-0.84
8.2570,246,0.26251,0.36923,-0.39176,0.52584,0.83446,-0.16361,-0.02019,1,0.26423,0.04401,0.46165,-0.17278,0.37543,0.87394,-0.25578,0.26521,0.04429,0.46081,-0.16567,0.37597,0.87571,-0.25364,0.98,0.28,-0.85
8.2738,247,0.26193,0.37091,-0.38870,0.51948,0.83912,-0.16085,-0.01203,1,0.26436,0.04408,0.46157,-0.17148,0.37578,0.87416,-0.25540,0.26534,0.04432,0.46073,-0.16436,0.37546,0.87622,-0.25348,0.97,0.23,-0.84
8.2902,248,0.26067,0.37248,-0.38589,0.51238,0.84405,-0.15816,-0.00506,1,0.26450,0.04414,0.46150,-0.17025,0.37600,0.87442,-0.25501,0.26546,0.04434,0.46065,-0.16303,0.37508,0.87671,-0.25320,0.97,0.21,-0.84
8.3069,249,0.25679,0.37570,-0.37943,0.49439,0.85517,-0.15575,-0.00147,1,0.26464,0.04418,0.46141,-0.16895,0.37605,0.87477,-0.25460,0.26559,0.04437,0.46058,-0.16175,0.37533,0.87704,-0.25254,0.94,0.19,-0.83
8.3238,250,0.25447,0.37675,-0.37798,0.48864,0.85834,-0.15637,-0.00568,1,0.26478,0.04424,0.46134,-0.16761,0.37594,0.87518,-0.25424,0.26571,0.04439,0.46050,-0.16092,0.37609,0.87710,-0.25171,0.93,0.15,-0.85
8.3406,251,0.25287,0.37983,-0.37865,0.48505,0.86043,-0.15549,-0.01438,1,0.26490,0.04433,0.46128,-0.16628,0.37573,0.87563,-0.25388,0.26583,0.04442,0.46041,-0.16078,0.37701,0.87701,-0.25072,0.93,0.09,-0.87
8.3572,252,0.25111,0.38224,-0.38006,0.48550,0.86068,-0.15121,-0.02566,1,0.26502,0.04441,0.46120,-0.16504,0.37561,0.87602,-0.25351,0.26595,0.04444,0.46033,-0.16136,0.37769,0.87691,-0.24969,0.93,0.04,-0.87
8.3736,253,0.24720,0.37956,-0.37895,0.48674,0.86067,-0.14528,-0.03495,0,0.26514,0.04445,0.46109,-0.16390,0.37566,0.87634,-0.25307,0.26595,0.04444,0.46033,-0.16136,0.37769,0.87691,-0.24969,0.81,-0.00,-0.76
8.3903,254,0.23915,0.37017,-0.37559,0.49752,0.85790,-0.11325,-0.06053,0,0.26528,0.04446,0.46096,-0.16287,0.37588,0.87662,-0.25245,0.26595,0.04444,0.46033,-0.16136,0.37769,0.87691,-0.24969,0.67,-0.01,-0.63
8.4071,255,0.23496,0.36469,-0.37365,0.49618,0.86020,-0.09560,-0.06876,0,0.26540,0.04448,0.46085,-0.16210,0.37625,0.87681,-0.25173,0.26595,0.04444,0.46033,-0.16136,0.37769,0.87691,-0.24969,0.56,-0.03,-0.53
8.4238,256,0.23168,0.35976,-0.37078,0.49291,0.86353,-0.07953,-0.07093,0,0.26548,0.04452,0.46077,-0.16168,0.37665,0.87692,-0.25101,0.26595,0.04444,0.46033,-0.16136,0.37769,0.87691,-0.24969,0.48,-0.08,-0.45
8.4406,257,0.22922,0.35365,-0.36713,0.48343,0.87025,-0.06657,-0.06735,0,0.26550,0.04453,0.46073,-0.16151,0.37699,0.87694,-0.25052,0.26595,0.04444,0.46033,-0.16136,0.37769,0.87691,-0.24969,0.45,-0.09,-0.41
8.4573,258,0.22686,0.34720,-0.36428,0.47080,0.87812,-0.05138,-0.06795,0,0.26551,0.04456,0.46073,-0.16138,0.37721,0.87697,-0.25019,0.26595,0.04444,0.46033,-0.16136,0.37769,0.87691,-0.24969,0.44,-0.12,-0.40
8.4740,259,0.22371,0.33291,-0.36132,0.45009,0.89083,-0.03231,-0.05290,0,0.26553,0.04453,0.46073,-0.16131,0.37738,0.87697,-0.24997,0.26595,0.04444,0.46033,-0.16136,0.37769,0.87691,-0.24969,0.43,-0.09,-0.40
8.4908,260,0.22361,0.32477,-0.36082,0.43877,0.89693,-0.03276,-0.04377,0,0.26557,0.04447,0.46073,-0.16128,0.37749,0.87699,-0.24977,0.26557,0.04447,0.46073,-0.16128,0.37748,0.87699,-0.24978,-0.00,0.01,-0.00
8.5075,261,0.22430,0.31541,-0.35959,0.42410,0.90402,-0.03739,-0.03869,0,0.26563,0.04440,0.46073,-0.16129,0.37754,0.87701,-0.24960,0.26557,0.04447,0.46073,-0.16128,0.37748,0.87699,-0.24978,-0.06,0.07,0.00
8.5247,262,0.22642,0.30604,-0.36198,0.41327,0.90860,-0.04338,-0.04204,1,0.26561,0.04436,0.46070,-0.16135,0.37753,0.87702,-0.24955,0.26561,0.04436,0.46071,-0.16134,0.37753,0.87702,-0.24955,0.00,0.00,0.00
8.5415,263,0.23017,0.29637,-0.36387,0.40842,0.90972,-0.04721,-0.05814,1,0.26558,0.04430,0.46071,-0.16135,0.37757,0.87700,-0.24954,0.26550,0.04429,0.46077,-0.16141,0.37818,0.87682,-0.24923,-0.08,-0.01,0.06
8.5582,264,0.23731,0.27624,-0.37188,0.40539,0.90589,-0.07211,-0.09907,1,0.26561,0.04423,0.46077,-0.16133,0.37759,0.87703,-0.24945,0.26538,0.04422,0.46083,-0.16167,0.37943,0.87626,-0.24912,-0.23,-0.01,0.05
8.5749,265,0.24111,0.26541,-0.37898,0.40903,0.90029,-0.08558,-0.12188,1,0.26561,0.04418,0.46085,-0.16135,0.37760,0.87705,-0.24932,0.26526,0.04414,0.46087,-0.16223,0.38065,0.87561,-0.24918,-0.35,-0.04,0.02
8.5917,266,0.24502,0.25446,-0.38773,0.41548,0.89299,-0.09915,-0.14184,1,0.26554,0.04414,0.46091,-0.16144,0.37780,0.87698,-0.24923,0.26514,0.04405,0.46090,-0.16290,0.38178,0.87492,-0.24943,-0.40,-0.09,-0.01
8.6083,267,0.24852,0.24297,-0.39796,0.42577,0.88320,-0.11331,-0.16076,1,0.26547,0.04409,0.46097,-0.16157,0.37816,0.87682,-0.24915,0.26502,0.04396,0.46092,-0.16369,0.38276,0.87423,-0.24984,-0.45,-0.12,-0.05
8.6250,268,0.25132,0.23118,-0.40982,0.44133,0.86998,-0.12399,-0.18162,1,0.26539,0.04404,0.46103,-0.16173,0.37878,0.87654,-0.24909,0.26490,0.04387,0.46093,-0.16473,0.38354,0.87358,-0.25022,-0.49,-0.17,-0.10
8.6418,269,0.25389,0.20465,-0.43679,0.48548,0.83049,-0.13669,-0.23645,1,0.26527,0.04403,0.46109,-0.16201,0.37953,0.87617,-0.24908,0.26478,0.04378,0.46093,-0.16595,0.38415,0.87301,-0.25047,-0.49,-0.25,-0.16
8.6585,270,0.25356,0.18983,-0.45144,0.51327,0.80505,-0.13829,-0.26331,1,0.26513,0.04399,0.46114,-0.16239,0.38036,0.87571,-0.24917,0.26467,0.04368,0.46091,-0.16728,0.38454,0.87250,-0.25077,-0.46,-0.31,-0.23
8.6752,271,0.25224,0.17449,-0.46615,0.53894,0.78073,-0.14210,-0.28251,1,0.26497,0.04393,0.46119,-0.16296,0.38123,0.87518,-0.24935,0.26457,0.04358,0.46087,-0.16854,0.38489,0.87197,-0.25125,-0.40,-0.35,-0.31
8.6920,272,0.24922,0.15755,-0.48146,0.56269,0.76056,-0.14631,-0.28899,1,0.26481,0.04386,0.46122,-0.16369,0.38202,0.87464,-0.24953,0.26446,0.04348,0.46083,-0.16968,0.38502,0.87145,-0.25208,-0.34,-0.38,-0.39
8.7088,273,0.24504,0.13842,-0.49691,0.58655,0.74491,-0.14809,-0.28130,1,0.26464,0.04380,0.46122,-0.16460,0.38275,0.87410,-0.24973,0.26436,0.04338,0.46078,-0.17046,0.38465,0.87112,-0.25326,-0.28,-0.42,-0.44
8.7254,274,0.23747,0.10007,-0.52581,0.63742,0.70891,-0.14994,-0.26204,1,0.26451,0.04367,0.46123,-0.16555,0.38338,0.87357,-0.24999,0.26426,0.04329,0.46072,-0.17122,0.38424,0.87080,-0.25444,-0.25,-0.38,-0.50
8.7422,275,0.23327,0.08049,-0.53824,0.66431,0.68755,-0.15108,-0.25127,1,0.26437,0.04350,0.46122,-0.16662,0.38388,0.87302,-0.25040,0.26416,0.04320,0.46065,-0.17199,0.38385,0.87048,-0.25563,-0.21,-0.30,-0.56
8.7589,276,0.22871,0.06053,-0.54903,0.68959,0.66519,-0.15158,-0.24292,1,0.26424,0.04334,0.46120,-0.16768,0.38417,0.87253,-0.25097,0.26406,0.04312,0.46057,-0.17285,0.38349,0.87014,-0.25675,-0.18,-0.21,-0.64
8.7758,277,0.22403,0.04006,-0.55792,0.71163,0.64468,-0.15128,-0.23469,1,0.26413,0.04321,0.46119,-0.16867,0.38428,0.87209,-0.25168,0.26396,0.04305,0.46048,-0.17370,0.38309,0.86981,-0.25788,-0.16,-0.16,-0.71
8.7924,278,0.21853,0.01897,-0.56534,0.72907,0.62816,-0.14962,-0.22691,1,0.26402,0.04308,0.46115,-0.16957,0.38424,0.87169,-0.25249,0.26387,0.04298,0.46039,-0.17452,0.38261,0.86952,-0.25900,-0.15,-0.10,-0.76
8.8091,279,0.20761,-0.02297,-0.57601,0.76298,0.59524,-0.14723,-0.20465,1,0.26390,0.04296,0.46108,-0.17049,0.38409,0.87130,-0.25347,0.26377,0.04292,0.46029,-0.17518,0.38210,0.86925,-0.26022,-0.13,-0.04,-0.78
8.8259,280,0.20198,-0.04309,-0.57950,0.77795,0.58000,-0.14622,-0.19238,1,0.26378,0.04288,0.46100,-0.17133,0.38382,0.87095,-0.25452,0.26370,0.04282,0.46090,-0.17185,0.38331,0.87072,-0.25572,-0.09,-0.05,-0.10
8.8426,281,0.19582,-0.06255,-0.58201,0.79278,0.56502,-0.14396,-0.17755,1,0.26367,0.04285,0.46095,-0.17207,0.38349,0.87065,-0.25555,0.26361,0.04277,0.46079,-0.17230,0.38270,0.87052,-0.25700,-0.06,-0.08,-0.16
8.8594,282,0.18943,-0.08109,-0.58337,0.80771,0.54953,-0.13897,-0.16220,1,0.26353,0.04286,0.46095,-0.17275,0.38307,0.87036,-0.25666,0.26351,0.04273,0.46068,-0.17277,0.38198,0.87038,-0.25822,-0.01,-0.13,-0.27
8.8762,283,0.18321,-0.09872,-0.58413,0.82177,0.53486,-0.13021,-0.14723,1,0.26336,0.04288,0.46097,-0.17335,0.38271,0.87011,-0.25766,0.26342,0.04269,0.46056,-0.17323,0.38109,0.87035,-0.25933,0.06,-0.19,-0.41
8.8927,284,0.17322,-0.13229,-0.58369,0.84344,0.51311,-0.10842,-0.11651,1,0.26324,0.04287,0.46098,-0.17371,0.38244,0.86994,-0.25840,0.26333,0.04266,0.46045,-0.17350,0.38005,0.87044,-0.26038,0.09,-0.21,-0.53
8.9095,285,0.16880,-0.14890,-0.58276,0.85016,0.50524,-0.10496,-0.10462,1,0.26318,0.04284,0.46100,-0.17376,0.38219,0.86992,-0.25879,0.26324,0.04264,0.46033,-0.17368,0.37927,0.87036,-0.26165,0.06,-0.20,-0.67
8.9263,286,0.16382,-0.16445,-0.58171,0.85584,0.49593,-0.10758,-0.10010,1,0.26312,0.04279,0.46101,-0.17369,0.38192,0.87000,-0.25897,0.26315,0.04262,0.46021,-0.17433,0.37899,0.86999,-0.26285,0.04,-0.16,-0.80
8.9429,287,0.15898,-0.17971,-0.58024,0.86245,0.48275,-0.11260,-0.10228,1,0.26306,0.04270,0.46103,-0.17355,0.38144,0.87020,-0.25911,0.26307,0.04261,0.46009,-0.17544,0.37908,0.86950,-0.26361,0.01,-0.09,-0.93
8.9598,288,0.15388,-0.19368,-0.57875,0.86957,0.46714,-0.11876,-0.10737,1,0.26301,0.04259,0.46099,-0.17339,0.38083,0.87043,-0.25933,0.26298,0.04260,0.45997,-0.17675,0.37933,0.86898,-0.26407,-0.03,0.01,-1.02
8.9765,289,0.14419,-0.22087,-0.57493,0.88650,0.43366,-0.11826,-0.10984,1,0.26297,0.04249,0.46092,-0.17332,0.38024,0.87058,-0.25974,0.26289,0.04258,0.45985,-0.17802,0.37904,0.86865,-0.26474,-0.07,0.09,-1.07
8.9932,290,0.14019,-0.23320,-0.57239,0.89532,0.42047,-0.10858,-0.09907,1,0.26290,0.04240,0.46079,-0.17348,0.37958,0.87065,-0.26038,0.26281,0.04257,0.45972,-0.17878,0.37831,0.86853,-0.26565,-0.09,0.17,-1.07
9.0100,291,0.13741,-0.24481,-0.56974,0.90280,0.41165,-0.09515,-0.08028,1,0.26278,0.04231,0.46063,-0.17391,0.37912,0.87050,-0.26126,0.26274,0.04256,0.45959,-0.17887,0.37734,0.86861,-0.26670,-0.04,0.25,-1.04
9.0266,292,0.13491,-0.25632,-0.56700,0.90857,0.40527,-0.08254,-0.05868,1,0.26258,0.04232,0.46045,-0.17461,0.37884,0.87019,-0.26223,0.26266,0.04256,0.45946,-0.17858,0.37639,0.86874,-0.26782,0.08,0.23,-0.99
9.0433,293,0.13207,-0.27598,-0.56204,0.91590,0.39594,-0.06322,-0.01892,1,0.26241,0.04242,0.46033,-0.17531,0.37861,0.86988,-0.26311,0.26259,0.04256,0.45933,-0.17818,0.37552,0.86884,-0.26897,0.18,0.14,-1.00
9.0602,294,0.13060,-0.28230,-0.56008,0.91835,0.39018,-0.06480,-0.01391,1,0.26221,0.04253,0.46025,-0.17614,0.37828,0.86959,-0.26400,0.26252,0.04258,0.45920,-0.17833,0.37505,0.86863,-0.27022,0.31,0.05,-1.05
9.0769,295,0.12905,-0.28691,-0.55797,0.92111,0.38329,-0.06594,-0.01721,1,0.26202,0.04260,0.46017,-0.17690,0.37783,0.86935,-0.26492,0.26244,0.04259,0.45907,-0.17903,0.37473,0.86838,-0.27100,0.42,-0.00,-1.10
9.0937,296,0.12816,-0.28833,-0.55643,0.92221,0.38019,-0.06215,-0.03359,1,0.26195,0.04252,0.46003,-0.17751,0.37735,0.86916,-0.26582,0.26237,0.04261,0.45894,-0.17982,0.37448,0.86831,-0.27105,0.42,0.09,-1.09
9.1104,297,0.12790,-0.28749,-0.55531,0.92206,0.37987,-0.05407,-0.05071,1,0.26190,0.04230,0.45984,-0.17796,0.37689,0.86898,-0.26676,0.26230,0.04262,0.45881,-0.18054,0.37417,0.86850,-0.27041,0.40,0.33,-1.03
9.1271,298,0.12887,-0.27887,-0.55267,0.91945,0.38534,-0.03978,-0.06735,1,0.26193,0.04208,0.45966,-0.17826,0.37632,0.86889,-0.26765,0.26223,0.04263,0.45868,-0.18080,0.37365,0.86901,-0.26929,0.30,0.55,-0.99
9.1435,0,0.13068,-0.26777,-0.55197,0.91311,0.40052,-0.03414,-0.06818,0,0.26197,0.04194,0.45957,-0.17855,0.37575,0.86885,-0.26838,0.26223,0.04263,0.45868,-0.18080,0.37365,0.86901,-0.26929,0.27,0.69,-0.89
9.1602,1,0.13255,-0.25503,-0.55070,0.90516,0.41876,-0.02580,-0.06829,0,0.26193,0.04189,0.45947,-0.17899,0.37519,0.86879,-0.26907,0.26223,0.04263,0.45868,-0.18080,0.37365,0.86901,-0.26929,0.31,0.74,-0.80
9.1769,2,0.13540,-0.24088,-0.54929,0.89535,0.43945,-0.01356,-0.07099,0,0.26183,0.04194,0.45932,-0.17952,0.37470,0.86875,-0.26952,0.26223,0.04263,0.45868,-0.18080,0.37365,0.86901,-0.26929,0.41,0.69,-0.64
9.1937,3,0.13861,-0.22287,-0.54740,0.88189,0.46546,-0.00046,-0.07489,0,0.26177,0.04206,0.45918,-0.17991,0.37434,0.86879,-0.26963,0.26223,0.04263,0.45868,-0.18080,0.37365,0.86901,-0.26929,0.46,0.57,-0.50
9.2104,4,0.14448,-0.18054,-0.54174,0.84643,0.52563,0.01194,-0.08443,0,0.26178,0.04212,0.45912,-0.18011,0.37415,0.86886,-0.26954,0.26223,0.04263,0.45868,-0.18080,0.37365,0.86901,-0.26929,0.46,0.51,-0.44
9.2271,5,0.14726,-0.15581,-0.53670,0.82677,0.55532,0.00897,-0.08942,0,0.26175,0.04220,0.45909,-0.18033,0.37399,0.86896,-0.26930,0.26223,0.04263,0.45868,-0.18080,0.37365,0.86901,-0.26929,0.48,0.43,-0.41
9.2438,6,0.14994,-0.12930,-0.52927,0.80432,0.58624,0.00339,-0.09682,0,0.26175,0.04223,0.45908,-0.18043,0.37388,0.86905,-0.26909,0.26223,0.04263,0.45868,-0.18080,0.37365,0.86901,-0.26929,0.48,0.40,-0.40
9.2605,7,0.15267,-0.10118,-0.51882,0.78027,0.61612,0.00002,-0.10755,0,0.26177,0.04229,0.45911,-0.18042,0.37377,0.86913,-0.26899,0.26223,0.04263,0.45868,-0.18080,0.37365,0.86901,-0.26929,0.46,0.34,-0.43
9.2774,8,0.15552,-0.07171,-0.50542,0.75292,0.64731,0.00165,-0.11873,0,0.26176,0.04237,0.45912,-0.18040,0.37367,0.86919,-0.26897,0.26223,0.04263,0.45868,-0.18080,0.37365,0.86901,-0.26929,0.48,0.26,-0.45
9.2940,9,0.16167,-0.01282,-0.47009,0.68255,0.71906,0.01953,-0.12918,0,0.26172,0.04245,0.45911,-0.18039,0.37358,0.86921,-0.26901,0.26223,0.04263,0.45868,-0.18080,0.37365,0.86901,-0.26929,0.52,0.18,-0.43
9.3108,10,0.16525,0.01487,-0.44955,0.64133,0.75461,0.03309,-0.13475,0,0.26169,0.04251,0.45907,-0.18036,0.37359,0.86920,-0.26907,0.26223,0.04263,0.45868,-0.18080,0.37365,0.86901,-0.26929,0.55,0.13,-0.40
9.3275,11,0.16874,0.04078,-0.42895,0.59864,0.78748,0.04662,-0.13906,0,0.26170,0.04253,0.45906,-0.18033,0.37362,0.86919,-0.26907,0.26223,0.04263,0.45868,-0.18080,0.37365,0.86901,-0.26929,0.54,0.10,-0.39
9.3443,12,0.17258,0.06378,-0.40783,0.55476,0.81765,0.06001,-0.14174,0,0.26171,0.04253,0.45906,-0.18034,0.37364,0.86918,-0.26905,0.26223,0.04263,0.45868,-0.18080,0.37365,0.86901,-0.26929,0.52,0.10,-0.38
9.3610,13,0.17620,0.08481,-0.38834,0.51056,0.84529,0.06847,-0.14189,0,0.26172,0.04249,0.45905,-0.18038,0.37366,0.86917,-0.26903,0.26223,0.04263,0.45868,-0.18080,0.37365,0.86901,-0.26929,0.51,0.14,-0.38
9.3778,14,0.18274,0.12213,-0.35433,0.42560,0.89269,0.06859,-0.13137,0,0.26174,0.04245,0.45904,-0.18044,0.37368,0.86916,-0.26900,0.26223,0.04263,0.45868,-0.18080,0.37365,0.86901,-0.26929,0.49,0.18,-0.36
9.3945,15,0.18607,0.13749,-0.34029,0.38912,0.91167,0.05696,-0.11914,0,0.26177,0.04242,0.45903,-0.18047,0.37367,0.86917,-0.26897,0.26223,0.04263,0.45868,-0.18080,0.37365,0.86901,-0.26929,0.47,0.21,-0.35
9.4112,16,0.18862,0.15209,-0.32959,0.36823,0.92330,0.03892,-0.10202,0,0.26179,0.04241,0.45902,-0.18049,0.37366,0.86917,-0.26896,0.26223,0.04263,0.45868,-0.18080,0.37365,0.86901,-0.26929,0.45,0.23,-0.35
9.4285,17,0.19219,0.16456,-0.32046,0.35686,0.93035,0.01720,-0.08248,1,0.26180,0.04240,0.45902,-0.18050,0.37363,0.86918,-0.26895,0.26180,0.04240,0.45902,-0.18050,0.37363,0.86918,-0.26895,0.00,-0.00,0.00
9.4452,18,0.19609,0.17688,-0.31266,0.34456,0.93625,-0.00304,-0.06854,1,0.26181,0.04241,0.45902,-0.18049,0.37362,0.86919,-0.26897,0.26194,0.04238,0.45898,-0.17988,0.37370,0.86916,-0.26937,0.14,-0.03,-0.04
9.4619,19,0.20395,0.19629,-0.30714,0.32568,0.94246,-0.03791,-0.06537,1,0.26179,0.04241,0.45907,-0.18038,0.37367,0.86918,-0.26901,0.26208,0.04234,0.45892,-0.17887,0.37432,0.86890,-0.27001,0.28,-0.06,-0.15
9.4786,20,0.20738,0.20360,-0.30960,0.32573,0.94116,-0.05071,-0.07451,1,0.26172,0.04243,0.45913,-0.18032,0.37366,0.86921,-0.26897,0.26219,0.04231,0.45883,-0.17846,0.37530,0.86838,-0.27058,0.48,-0.12,-0.29
9.4954,21,0.21034,0.20905,-0.31487,0.33842,0.93468,-0.06110,-0.09007,1,0.26166,0.04239,0.45918,-0.18019,0.37366,0.86924,-0.26894,0.26230,0.04228,0.45873,-0.17879,0.37618,0.86777,-0.27110,0.64,-0.11,-0.45
9.5119,22,0.21251,0.21213,-0.32297,0.35951,0.92424,-0.06872,-0.10867,1,0.26169,0.04233,0.45921,-0.17987,0.37380,0.86923,-0.26901,0.26239,0.04224,0.45862,-0.17981,0.37680,0.86716,-0.27153,0.70,-0.09,-0.59
9.5286,23,0.21362,0.21203,-0.33371,0.38623,0.91084,-0.07466,-0.12501,1,0.26175,0.04224,0.45924,-0.17951,0.37403,0.86914,-0.26921,0.26246,0.04221,0.45849,-0.18108,0.37710,0.86661,-0.27201,0.71,-0.03,-0.74
9.5454,24,0.21438,0.20357,-0.36191,0.44107,0.88279,-0.07683,-0.14226,1,0.26182,0.04215,0.45922,-0.17919,0.37453,0.86888,-0.26958,0.26247,0.04216,0.45835,-0.18240,0.37705,0.86618,-0.27258,0.65,0.00,-0.87
9.5622,25,0.21421,0.19560,-0.37911,0.46713,0.86953,-0.07415,-0.14215,1,0.26187,0.04211,0.45912,-0.17911,0.37519,0.86848,-0.26999,0.26246,0.04211,0.45821,-0.18362,0.37660,0.86590,-0.27326,0.59,-0.00,-0.91
9.5788,26,0.21402,0.18659,-0.39657,0.49245,0.85629,-0.07091,-0.13871,1,0.26189,0.04207,0.45898,-0.17933,0.37580,0.86801,-0.27049,0.26242,0.04206,0.45807,-0.18477,0.37603,0.86567,-0.27401,0.54,-0.02,-0.90
9.5955,27,0.21316,0.17444,-0.41570,0.52079,0.84100,-0.06558,-0.13112,1,0.26186,0.04208,0.45884,-0.17984,0.37619,0.86759,-0.27097,0.26237,0.04200,0.45794,-0.18583,0.37532,0.86550,-0.27479,0.51,-0.08,-0.90
9.6124,28,0.21246,0.16175,-0.43455,0.55093,0.82327,-0.06080,-0.12249,1,0.26181,0.04208,0.45872,-0.18060,0.37643,0.86715,-0.27154,0.26231,0.04196,0.45781,-0.18687,0.37464,0.86532,-0.27559,0.50,-0.12,-0.91
9.6290,29,0.20896,0.12413,-0.47477,0.61967,0.77664,-0.05373,-0.09976,1,0.26176,0.04206,0.45864,-0.18149,0.37641,0.86679,-0.27212,0.26222,0.04191,0.45770,-0.18788,0.37399,0.86510,-0.27646,0.46,-0.14,-0.94
9.6457,30,0.20644,0.10232,-0.49471,0.65364,0.74995,-0.04896,-0.08911,1,0.26172,0.04201,0.45857,-0.18243,0.37621,0.86651,-0.27265,0.26215,0.04188,0.45757,-0.18893,0.37334,0.86489,-0.27729,0.42,-0.13,-1.00
9.6625,31,0.20299,0.07521,-0.51456,0.68796,0.72042,-0.04405,-0.07593,1,0.26170,0.04191,0.45844,-0.18358,0.37583,0.86626,-0.27323,0.26207,0.04185,0.45745,-0.18994,0.37267,0.86468,-0.27815,0.36,-0.06,-0.99
9.6793,32,0.19932,0.04541,-0.53281,0.72171,0.68809,-0.03990,-0.06381,1,0.26168,0.04172,0.45825,-0.18473,0.37543,0.86596,-0.27394,0.26199,0.04183,0.45732,-0.19098,0.37204,0.86445,-0.27900,0.31,0.11,-0.93
9.6961,33,0.19560,0.01433,-0.54925,0.75560,0.65128,-0.03876,-0.05833,1,0.26169,0.04154,0.45809,-0.18582,0.37496,0.86571,-0.27464,0.26191,0.04181,0.45720,-0.19216,0.37157,0.86415,-0.27974,0.22,0.27,-0.89
9.7128,34,0.18447,-0.05531,-0.56968,0.82493,0.55629,-0.05668,-0.08254,1,0.26169,0.04142,0.45798,-0.18692,0.37433,0.86553,-0.27531,0.26183,0.04180,0.45707,-0.19351,0.37151,0.86372,-0.28022,0.14,0.38,-0.91
9.7295,35,0.17855,-0.08967,-0.57509,0.85278,0.50854,-0.06169,-0.10176,1,0.26164,0.04134,0.45789,-0.18800,0.37375,0.86532,-0.27603,0.26177,0.04179,0.45693,-0.19494,0.37145,0.86334,-0.28048,0.13,0.45,-0.96
9.7462,36,0.17246,-0.12331,-0.57862,0.87488,0.46562,-0.06749,-0.11503,1,0.26156,0.04126,0.45776,-0.18916,0.37321,0.86504,-0.27685,0.26172,0.04177,0.45680,-0.19634,0.37141,0.86292,-0.28084,0.16,0.50,-0.96
9.7628,37,0.16611,-0.15681,-0.57821,0.89288,0.42879,-0.07227,-0.11697,1,0.26149,0.04124,0.45761,-0.19030,0.37273,0.86475,-0.27761,0.26167,0.04175,0.45665,-0.19761,0.37129,0.86248,-0.28148,0.18,0.51,-0.96
9.7798,38,0.16003,-0.18899,-0.57501,0.90871,0.40009,-0.07084,-0.09572,1,0.26140,0.04130,0.45750,-0.19144,0.37232,0.86446,-0.27829,0.26163,0.04173,0.45651,-0.19836,0.37092,0.86210,-0.28260,0.23,0.43,-0.99
9.7964,39,0.15029,-0.24616,-0.56491,0.93374,0.35386,-0.04599,-0.02806,1,0.26130,0.04139,0.45740,-0.19257,0.37200,0.86416,-0.27887,0.26159,0.04172,0.45637,-0.19852,0.37020,0.86194,-0.28389,0.29,0.33,-1.03
9.8133,40,0.14711,-0.27089,-0.55766,0.93935,0.34179,-0.02812,-0.00190,1,0.26118,0.04146,0.45728,-0.19378,0.37174,0.86378,-0.27953,0.26155,0.04172,0.45622,-0.19837,0.36923,0.86202,-0.28503,0.37,0.26,-1.05
9.8298,41,0.14389,-0.29323,-0.54994,0.94395,0.32946,-0.01919,0.00706,1,0.26107,0.04149,0.45714,-0.19491,0.37152,0.86339,-0.28027,0.26151,0.04174,0.45608,-0.19884,0.36821,0.86202,-0.28601,0.44,0.25,-1.06
9.8465,42,0.14012,-0.31266,-0.54186,0.94993,0.31186,-0.01938,-0.00220,1,0.26100,0.04149,0.45702,-0.19582,0.37120,0.86306,-0.28104,0.26148,0.04176,0.45593,-0.19977,0.36750,0.86194,-0.28651,0.48,0.26,-1.09
9.8634,43,0.13588,-0.32814,-0.53442,0.95602,0.29151,-0.02255,-0.02326,1,0.26095,0.04149,0.45691,-0.19659,0.37072,0.86280,-0.28193,0.26144,0.04177,0.45579,-0.20098,0.36717,0.86184,-0.28641,0.49,0.28,-1.12
9.8802,44,0.12858,-0.34951,-0.52094,0.96344,0.26177,-0.01282,-0.05558,1,0.26091,0.04146,0.45677,-0.19727,0.37009,0.86261,-0.28286,0.26141,0.04178,0.45564,-0.20227,0.36667,0.86193,-0.28586,0.49,0.33,-1.12
9.8969,45,0.12581,-0.35660,-0.51556,0.96479,0.25739,-0.00089,-0.05416,1,0.26089,0.04142,0.45660,-0.19795,0.36938,0.86248,-0.28374,0.26138,0.04179,0.45550,-0.20309,0.36578,0.86217,-0.28569,0.49,0.37,-1.10
9.9136,46,0.12350,-0.36099,-0.51187,0.96435,0.26042,0.00887,-0.04623,1,0.26089,0.04141,0.45642,-0.19863,0.36874,0.86237,-0.28441,0.26135,0.04179,0.45535,-0.20324,0.36487,0.86247,-0.28587,0.47,0.38,-1.08
9.9303,47,0.12144,-0.36338,-0.50950,0.96254,0.26810,0.01527,-0.03753,1,0.26087,0.04145,0.45627,-0.19948,0.36802,0.86233,-0.28489,0.26132,0.04179,0.45520,-0.20269,0.36417,0.86277,-0.28622,0.45,0.35,-1.07
9.9470,48,0.11990,-0.36295,-0.50893,0.96071,0.27501,0.02105,-0.03105,1,0.26084,0.04151,0.45614,-0.20034,0.36734,0.86233,-0.28515,0.26129,0.04180,0.45505,-0.20143,0.36367,0.86314,-0.28663,0.45,0.30,-1.09
9.9639,49,0.11962,-0.35301,-0.51141,0.95637,0.28922,0.02903,-0.02938,1,0.26081,0.04155,0.45602,-0.20109,0.36663,0.86241,-0.28530,0.26126,0.04181,0.45491,-0.20011,0.36336,0.86367,-0.28634,0.45,0.26,-1.12
9.9805,50,0.12022,-0.34478,-0.51357,0.95237,0.30205,0.03002,-0.02933,1,0.26078,0.04160,0.45590,-0.20160,0.36599,0.86253,-0.28540,0.26123,0.04182,0.45476,-0.19878,0.36365,0.86403,-0.28583,0.44,0.23,-1.14
9.9974,51,0.12208,-0.33376,-0.51659,0.94675,0.31807,0.03057,-0.03948,1,0.26076,0.04165,0.45578,-0.20190,0.36521,0.86276,-0.28548,0.26119,0.04183,0.45462,-0.19792,0.36400,0.86444,-0.28475,0.43,0.19,-1.16
10.0140,52,0.12458,-0.32089,-0.51987,0.94063,0.33417,0.02923,-0.05191,1,0.26074,0.04165,0.45569,-0.20184,0.36453,0.86301,-0.28563,0.26115,0.04184,0.45447,-0.19722,0.36446,0.86479,-0.28356,0.41,0.20,-1.22
10.0307,53,0.12779,-0.30621,-0.52310,0.93420,0.34996,0.02718,-0.06365,1,0.26078,0.04162,0.45558,-0.20128,0.36404,0.86331,-0.28577,0.26111,0.04185,0.45433,-0.19649,0.36498,0.86512,-0.28239,0.33,0.23,-1.25
10.0474,54,0.13600,-0.27157,-0.52945,0.91832,0.38693,0.01704,-0.08173,1,0.26085,0.04161,0.45544,-0.20049,0.36378,0.86363,-0.28568,0.26107,0.04184,0.45418,-0.19560,0.36565,0.86536,-0.28143,0.22,0.23,-1.25
10.0641,55,0.14026,-0.25183,-0.53179,0.90757,0.40950,0.01025,-0.09232,1,0.26092,0.04160,0.45529,-0.19947,0.36374,0.86398,-0.28538,0.26102,0.04184,0.45404,-0.19468,0.36634,0.86558,-0.28048,0.10,0.23,-1.25
10.0808,56,0.14401,-0.23045,-0.53256,0.89417,0.43544,0.00367,-0.10409,1,0.26094,0.04165,0.45513,-0.19856,0.36395,0.86431,-0.28475,0.26097,0.04182,0.45390,-0.19374,0.36698,0.86582,-0.27954,0.03,0.18,-1.22
10.0975,57,0.14754,-0.20761,-0.53145,0.87786,0.46438,-0.00001,-0.11709,1,0.26093,0.04169,0.45497,-0.19778,0.36430,0.86460,-0.28396,0.26091,0.04181,0.45377,-0.19278,0.36749,0.86614,-0.27856,-0.02,0.12,-1.21
10.1144,58,0.15062,-0.18518,-0.52878,0.86039,0.49281,-0.00087,-0.12989,1,0.26093,0.04169,0.45481,-0.19694,0.36482,0.86488,-0.28304,0.26084,0.04179,0.45363,-0.19181,0.36790,0.86650,-0.27755,-0.09,0.10,-1.18
10.1308,59,0.15707,-0.13434,-0.51521,0.81605,0.55433,0.00789,-0.16344,0,0.26092,0.04167,0.45466,-0.19609,0.36539,0.86515,-0.28206,0.26084,0.04179,0.45363,-0.19181,0.36790,0.86650,-0.27755,-0.08,0.12,-1.03
10.1475,60,0.15993,-0.10959,-0.50645,0.78947,0.58570,0.01511,-0.18291,0,0.26090,0.04167,0.45452,-0.19524,0.36589,0.86544,-0.28110,0.26084,0.04179,0.45363,-0.19181,0.36790,0.86650,-0.27755,-0.06,0.12,-0.89
10.1642,61,0.16278,-0.08506,-0.49569,0.76010,0.61706,0.02517,-0.20212,0,0.26087,0.04166,0.45439,-0.19438,0.36640,0.86574,-0.28011,0.26084,0.04179,0.45363,-0.19181,0.36790,0.86650,-0.27755,-0.03,0.13,-0.76
10.1809,62,0.16536,-0.06171,-0.48357,0.72816,0.64954,0.03466,-0.21603,0,0.26082,0.04162,0.45425,-0.19367,0.36684,0.86598,-0.27928,0.26084,0.04179,0.45363,-0.19181,0.36790,0.86650,-0.27755,0.02,0.17,-0.62
10.1977,63,0.16779,-0.04003,-0.47141,0.69467,0.68157,0.04391,-0.22577,0,0.26077,0.04159,0.45415,-0.19310,0.36715,0.86617,-0.27868,0.26084,0.04179,0.45363,-0.19181,0.36790,0.86650,-0.27755,0.07,0.20,-0.52
10.2144,64,0.17343,-0.00421,-0.44696,0.62265,0.74904,0.05694,-0.21911,0,0.26070,0.04161,0.45408,-0.19261,0.36734,0.86635,-0.27821,0.26084,0.04179,0.45363,-0.19181,0.36790,0.86650,-0.27755,0.15,0.18,-0.45
10.2312,65,0.17608,0.01136,-0.43675,0.58712,0.78122,0.05419,-0.20507,0,0.26063,0.04164,0.45405,-0.19226,0.36749,0.86647,-0.27789,0.26084,0.04179,0.45363,-0.19181,0.36790,0.86650,-0.27755,0.21,0.15,-0.42
10.2479,66,0.17872,0.02566,-0.42756,0.55381,0.81049,0.04224,-0.18606,0,0.26056,0.04164,0.45402,-0.19204,0.36764,0.86651,-0.27769,0.26084,0.04179,0.45363,-0.19181,0.36790,0.86650,-0.27755,0.28,0.16,-0.39
10.2646,67,0.18146,0.03809,-0.41827,0.52218,0.83432,0.02642,-0.17474,0,0.26052,0.04161,0.45398,-0.19192,0.36774,0.86654,-0.27755,0.26084,0.04179,0.45363,-0.19181,0.36790,0.86650,-0.27755,0.32,0.18,-0.34
10.2813,68,0.18367,0.04763,-0.41454,0.50220,0.84744,0.01631,-0.17137,0,0.26052,0.04158,0.45394,-0.19184,0.36780,0.86658,-0.27742,0.26084,0.04179,0.45363,-0.19181,0.36790,0.86650,-0.27755,0.32,0.21,-0.30
10.2985,69,0.18824,0.06284,-0.41054,0.48821,0.85420,0.00271,-0.17888,1,0.26054,0.04153,0.45392,-0.19179,0.36786,0.86660,-0.27732,0.26054,0.04153,0.45392,-0.19179,0.36786,0.86660,-0.27732,0.00,0.00,0.00
10.3153,70,0.19000,0.06708,-0.41223,0.48562,0.85584,-0.01229,-0.17767,1,0.26055,0.04149,0.45392,-0.19178,0.36788,0.86661,-0.27725,0.26064,0.04148,0.45382,-0.19140,0.36831,0.86637,-0.27771,0.09,-0.01,-0.10
10.3320,71,0.19147,0.06887,-0.41644,0.48619,0.85546,-0.02849,-0.17603,1,0.26054,0.04146,0.45395,-0.19176,0.36788,0.86663,-0.27720,0.26069,0.04142,0.45369,-0.19089,0.36913,0.86582,-0.27867,0.15,-0.04,-0.26
10.3486,72,0.19271,0.06870,-0.42294,0.49398,0.85003,-0.04237,-0.17784,1,0.26051,0.04141,0.45399,-0.19175,0.36790,0.86664,-0.27717,0.26069,0.04136,0.45356,-0.19111,0.36987,0.86513,-0.27969,0.18,-0.06,-0.43
10.3653,73,0.19367,0.06728,-0.43031,0.50580,0.84148,-0.05615,-0.18147,1,0.26049,0.04132,0.45400,-0.19169,0.36804,0.86658,-0.27721,0.26066,0.04129,0.45343,-0.19176,0.37049,0.86440,-0.28065,0.17,-0.03,-0.58
10.3821,74,0.19406,0.05715,-0.44923,0.54390,0.81233,-0.07903,-0.19506,1,0.26049,0.04126,0.45400,-0.19155,0.36827,0.86646,-0.27738,0.26058,0.04123,0.45331,-0.19278,0.37089,0.86375,-0.28145,0.09,-0.03,-0.69
10.3989,75,0.19372,0.04917,-0.46008,0.56442,0.79566,-0.08650,-0.20218,1,0.26051,0.04117,0.45398,-0.19140,0.36869,0.86618,-0.27777,0.26051,0.04117,0.45320,-0.19394,0.37112,0.86316,-0.28216,-0.00,-0.01,-0.78
10.4157,76,0.19297,0.03926,-0.47151,0.58566,0.77835,-0.09334,-0.20607,1,0.26046,0.04109,0.45392,-0.19145,0.36914,0.86580,-0.27835,0.26042,0.04111,0.45309,-0.19505,0.37122,0.86259,-0.28298,-0.04,0.02,-0.83
10.4323,77,0.19168,0.02729,-0.48350,0.60851,0.75991,-0.09805,-0.20648,1,0.26037,0.04103,0.45382,-0.19169,0.36959,0.86532,-0.27906,0.26033,0.04105,0.45299,-0.19614,0.37113,0.86209,-0.28388,-0.04,0.01,-0.83
10.4491,78,0.19003,0.01339,-0.49589,0.63323,0.73955,-0.09894,-0.20565,1,0.26025,0.04103,0.45369,-0.19215,0.36997,0.86482,-0.27981,0.26024,0.04099,0.45288,-0.19726,0.37086,0.86167,-0.28474,-0.00,-0.04,-0.81
10.4659,79,0.18468,-0.02146,-0.52128,0.68797,0.69298,-0.09539,-0.19331,1,0.26013,0.04102,0.45358,-0.19274,0.37028,0.86430,-0.28059,0.26014,0.04093,0.45278,-0.19829,0.37041,0.86132,-0.28567,0.02,-0.09,-0.79
10.4827,80,0.18112,-0.04301,-0.53393,0.71687,0.66678,-0.08881,-0.18333,1,0.25999,0.04100,0.45347,-0.19349,0.37053,0.86376,-0.28141,0.26005,0.04089,0.45268,-0.19927,0.36980,0.86105,-0.28659,0.06,-0.11,-0.80
10.4993,81,0.17723,-0.06732,-0.54534,0.74739,0.63741,-0.08139,-0.16881,1,0.25986,0.04096,0.45338,-0.19431,0.37061,0.86328,-0.28218,0.25996,0.04084,0.45256,-0.20017,0.36914,0.86080,-0.28757,0.10,-0.12,-0.82
10.5160,82,0.17294,-0.09434,-0.55518,0.78027,0.60113,-0.07453,-0.15577,1,0.25975,0.04090,0.45328,-0.19526,0.37059,0.86281,-0.28300,0.25987,0.04080,0.45245,-0.20115,0.36856,0.86051,-0.28850,0.12,-0.09,-0.83
10.5328,83,0.16837,-0.12072,-0.56358,0.81376,0.55804,-0.07246,-0.14538,1,0.25967,0.04080,0.45319,-0.19627,0.37045,0.86237,-0.28383,0.25979,0.04077,0.45233,-0.20220,0.36815,0.86013,-0.28940,0.11,-0.02,-0.85
10.5495,84,0.15942,-0.17541,-0.56977,0.88113,0.44683,-0.08409,-0.12994,1,0.25961,0.04064,0.45309,-0.19726,0.37023,0.86198,-0.28463,0.25970,0.04074,0.45221,-0.20332,0.36794,0.85967,-0.29026,0.09,0.10,-0.88
10.5662,85,0.15630,-0.20085,-0.56862,0.90689,0.39276,-0.08829,-0.12450,1,0.25956,0.04051,0.45298,-0.19833,0.36984,0.86162,-0.28547,0.25964,0.04072,0.45208,-0.20448,0.36772,0.85921,-0.29108,0.09,0.21,-0.90
10.5830,86,0.15378,-0.22493,-0.56559,0.92507,0.35149,-0.09002,-0.11219,1,0.25949,0.04043,0.45289,-0.19935,0.36942,0.86127,-0.28635,0.25959,0.04070,0.45193,-0.20546,0.36744,0.85876,-0.29207,0.10,0.27,-0.96
10.5997,87,0.15140,-0.24821,-0.56200,0.93705,0.32508,-0.08792,-0.09235,1,0.25942,0.04040,0.45281,-0.20031,0.36905,0.86093,-0.28720,0.25955,0.04069,0.45179,-0.20603,0.36703,0.85836,-0.29334,0.13,0.28,-1.02
10.6164,88,0.14933,-0.27125,-0.55682,0.94316,0.31684,-0.07838,-0.06250,1,0.25931,0.04041,0.45270,-0.20136,0.36866,0.86054,-0.28814,0.25951,0.04068,0.45165,-0.20589,0.36649,0.85818,-0.29465,0.20,0.27,-1.05
10.6331,89,0.14556,-0.31526,-0.54491,0.95164,0.30262,-0.05274,-0.00520,1,0.25921,0.04042,0.45254,-0.20239,0.36829,0.86012,-0.28913,0.25946,0.04067,0.45151,-0.20547,0.36580,0.85815,-0.29591,0.25,0.25,-1.04
10.6498,90,0.14364,-0.33468,-0.53756,0.95737,0.28560,-0.04224,0.00910,1,0.25914,0.04045,0.45241,-0.20328,0.36793,0.85971,-0.29017,0.25941,0.04069,0.45136,-0.20575,0.36491,0.85806,-0.29705,0.28,0.24,-1.04
10.6665,91,0.14210,-0.35141,-0.53009,0.96321,0.26641,-0.03315,0.01273,1,0.25908,0.04047,0.45230,-0.20393,0.36753,0.85937,-0.29122,0.25937,0.04071,0.45122,-0.20665,0.36395,0.85800,-0.29777,0.29,0.24,-1.08
10.6833,92,0.14066,-0.36546,-0.52282,0.96833,0.24821,-0.02457,0.01103,1,0.25903,0.04047,0.45218,-0.20446,0.36703,0.85907,-0.29238,0.25932,0.04073,0.45108,-0.20773,0.36299,0.85801,-0.29818,0.30,0.26,-1.10
10.7000,93,0.13982,-0.37657,-0.51643,0.97191,0.23469,-0.01641,0.00644,1,0.25899,0.04043,0.45203,-0.20489,0.36646,0.85881,-0.29354,0.25928,0.04075,0.45094,-0.20881,0.36197,0.85814,-0.29829,0.29,0.32,-1.09
10.7167,94,0.13903,-0.39366,-0.50640,0.97312,0.22995,-0.01248,-0.00132,1,0.25897,0.04040,0.45186,-0.20530,0.36583,0.85864,-0.29455,0.25924,0.04076,0.45080,-0.20984,0.36117,0.85843,-0.29770,0.27,0.37,-1.07
10.7334,95,0.13872,-0.40007,-0.50246,0.97308,0.23016,-0.01168,0.00025,1,0.25894,0.04041,0.45171,-0.20584,0.36501,0.85854,-0.29548,0.25920,0.04078,0.45065,-0.21031,0.36044,0.85865,-0.29761,0.26,0.37,-1.05
10.7502,96,0.13964,-0.40419,-0.49918,0.97368,0.22793,-0.00065,0.00256,1,0.25889,0.04047,0.45157,-0.20650,0.36413,0.85850,-0.29621,0.25915,0.04080,0.45051,-0.21032,0.35927,0.85905,-0.29786,0.27,0.33,-1.07
10.7669,97,0.14233,-0.40444,-0.49793,0.97367,0.22738,0.01559,0.00457,1,0.25882,0.04054,0.45145,-0.20726,0.36325,0.85853,-0.29669,0.25911,0.04081,0.45037,-0.20997,0.35794,0.85963,-0.29805,0.30,0.27,-1.08
10.7836,98,0.15111,-0.39812,-0.50062,0.96890,0.24644,0.02106,0.00757,1,0.25876,0.04059,0.45132,-0.20796,0.36246,0.85860,-0.29695,0.25907,0.04082,0.45022,-0.20919,0.35719,0.86013,-0.29805,0.31,0.23,-1.10
10.8003,99,0.15516,-0.39388,-0.50258,0.96453,0.26389,0.00646,0.00140,1,0.25870,0.04063,0.45118,-0.20859,0.36159,0.85876,-0.29712,0.25903,0.04084,0.45008,-0.20846,0.35711,0.86043,-0.29779,0.32,0.20,-1.10
10.8173,100,0.15842,-0.38725,-0.50598,0.96195,0.27296,-0.00917,-0.00778,1,0.25867,0.04064,0.45106,-0.20900,0.36063,0.85902,-0.29723,0.25898,0.04085,0.44994,-0.20802,0.35763,0.86050,-0.29728,0.30,0.20,-1.13
10.8339,101,0.16160,-0.37925,-0.50908,0.95861,0.28329,-0.02405,-0.01505,1,0.25866,0.04060,0.45096,-0.20916,0.35957,0.85938,-0.29738,0.25893,0.04085,0.44980,-0.20774,0.35881,0.86032,-0.29655,0.27,0.25,-1.16
10.8507,102,0.16416,-0.36955,-0.51151,0.95477,0.29428,-0.03491,-0.02458,1,0.25866,0.04059,0.45084,-0.20902,0.35881,0.85971,-0.29742,0.25887,0.04086,0.44966,-0.20743,0.35988,0.86029,-0.29556,0.21,0.27,-1.19
10.8673,103,0.16941,-0.34277,-0.51780,0.94225,0.32663,-0.02857,-0.06833,1,0.25867,0.04061,0.45069,-0.20866,0.35830,0.86004,-0.29735,0.25882,0.04086,0.44952,-0.20715,0.36034,0.86060,-0.29430,0.15,0.25,-1.18
10.8840,104,0.17147,-0.32754,-0.52037,0.93330,0.34823,-0.02156,-0.08496,1,0.25868,0.04062,0.45054,-0.20819,0.35814,0.86029,-0.29715,0.25876,0.04084,0.44938,-0.20649,0.36037,0.86116,-0.29307,0.08,0.22,-1.16
10.9008,105,0.17313,-0.31012,-0.52249,0.92418,0.36898,-0.01202,-0.09794,1,0.25865,0.04069,0.45038,-0.20780,0.35832,0.86045,-0.29673,0.25870,0.04082,0.44924,-0.20572,0.36025,0.86178,-0.29195,0.05,0.13,-1.13
10.9172,106,0.17507,-0.29206,-0.52345,0.91322,0.39233,-0.00398,-0.10992,0,0.25859,0.04078,0.45025,-0.20748,0.35870,0.86057,-0.29616,0.25870,0.04082,0.44924,-0.20572,0.36025,0.86178,-0.29195,0.11,0.04,-1.01
10.9339,107,0.17624,-0.27166,-0.52369,0.90028,0.41978,0.00277,-0.11523,0,0.25852,0.04088,0.45013,-0.20715,0.35917,0.86072,-0.29538,0.25870,0.04082,0.44924,-0.20572,0.36025,0.86178,-0.29195,0.18,-0.06,-0.89
10.9506,108,0.17733,-0.22912,-0.52009,0.86751,0.48476,0.01103,-0.11096,0,0.25847,0.04092,0.45001,-0.20684,0.35955,0.86092,-0.29455,0.25870,0.04082,0.44924,-0.20572,0.36025,0.86178,-0.29195,0.23,-0.09,-0.77
10.9674,109,0.17719,-0.20730,-0.51594,0.84841,0.51771,0.01649,-0.10912,0,0.25845,0.04088,0.44988,-0.20652,0.35983,0.86118,-0.29368,0.25870,0.04082,0.44924,-0.20572,0.36025,0.86178,-0.29195,0.25,-0.06,-0.64
10.9842,110,0.17686,-0.18566,-0.51056,0.82871,0.54811,0.02287,-0.11089,0,0.25846,0.04080,0.44977,-0.20622,0.35997,0.86143,-0.29298,0.25870,0.04082,0.44924,-0.20572,0.36025,0.86178,-0.29195,0.24,0.02,-0.52
11.0008,111,0.17594,-0.16319,-0.50308,0.80755,0.57814,0.02845,-0.11315,0,0.25846,0.04075,0.44970,-0.20599,0.36003,0.86161,-0.29253,0.25870,0.04082,0.44924,-0.20572,0.36025,0.86178,-0.29195,0.24,0.08,-0.46
11.0177,112,0.17455,-0.14043,-0.49383,0.78454,0.60839,0.03094,-0.11576,0,0.25843,0.04075,0.44968,-0.20583,0.36007,0.86172,-0.29227,0.25870,0.04082,0.44924,-0.20572,0.36025,0.86178,-0.29195,0.27,0.08,-0.43
11.0343,113,0.17048,-0.09574,-0.47096,0.72961,0.67040,0.03270,-0.13105,0,0.25839,0.04076,0.44965,-0.20574,0.36012,0.86177,-0.29212,0.25870,0.04082,0.44924,-0.20572,0.36025,0.86178,-0.29195,0.31,0.07,-0.41
11.0511,114,0.16793,-0.07444,-0.45795,0.69944,0.69921,0.03462,-0.14386,0,0.25836,0.04075,0.44961,-0.20570,0.36019,0.86179,-0.29201,0.25870,0.04082,0.44924,-0.20572,0.36025,0.86178,-0.29195,0.34,0.07,-0.37
11.0679,115,0.16545,-0.05346,-0.44436,0.67090,0.72331,0.04048,-0.15839,0,0.25837,0.04072,0.44958,-0.20568,0.36023,0.86181,-0.29192,0.25870,0.04082,0.44924,-0.20572,0.36025,0.86178,-0.29195,0.33,0.10,-0.33
11.0846,116,0.16333,-0.03292,-0.42996,0.64206,0.74625,0.04634,-0.16947,0,0.25840,0.04069,0.44956,-0.20568,0.36025,0.86182,-0.29185,0.25870,0.04082,0.44924,-0.20572,0.36025,0.86178,-0.29195,0.30,0.13,-0.32
11.1012,117,0.16090,-0.01288,-0.41402,0.61150,0.77005,0.04903,-0.17520,0,0.25842,0.04065,0.44956,-0.20570,0.36025,0.86183,-0.29181,0.25870,0.04082,0.44924,-0.20572,0.36025,0.86178,-0.29195,0.28,0.17,-0.31
11.1179,118,0.15712,0.02480,-0.37969,0.54384,0.81619,0.06011,-0.18563,0,0.25844,0.04063,0.44955,-0.20571,0.36027,0.86183,-0.29179,0.25870,0.04082,0.44924,-0.20572,0.36025,0.86178,-0.29195,0.26,0.19,-0.31
11.1347,119,0.15541,0.04266,-0.36074,0.50626,0.83761,0.06939,-0.19313,0,0.25846,0.04062,0.44955,-0.20572,0.36028,0.86183,-0.29177,0.25870,0.04082,0.44924,-0.20572,0.36025,0.86178,-0.29195,0.24,0.20,-0.30
11.1515,120,0.15431,0.06006,-0.34075,0.46642,0.85720,0.08290,-0.20198,0,0.25847,0.04062,0.44955,-0.20573,0.36028,0.86183,-0.29176,0.25870,0.04082,0.44924,-0.20572,0.36025,0.86178,-0.29195,0.23,0.20,-0.30
11.1682,121,0.15377,0.07617,-0.31981,0.42875,0.87258,0.09850,-0.21230,0,0.25848,0.04063,0.44955,-0.20574,0.36028,0.86183,-0.29176,0.25870,0.04082,0.44924,-0.20572,0.36025,0.86178,-0.29195,0.22,0.19,-0.30
11.1849,122,0.15383,0.09139,-0.29944,0.39106,0.88537,0.11879,-0.22155,0,0.25848,0.04064,0.44955,-0.20573,0.36027,0.86183,-0.29177,0.25870,0.04082,0.44924,-0.20572,0.36025,0.86178,-0.29195,0.21,0.18,-0.31
11.2017,123,0.15513,0.11701,-0.26277,0.31860,0.90862,0.15338,-0.22219,0,0.25849,0.04066,0.44956,-0.20572,0.36026,0.86183,-0.29178,0.25870,0.04082,0.44924,-0.20572,0.36025,0.86178,-0.29195,0.21,0.16,-0.31
11.2184,124,0.15541,0.12813,-0.24640,0.29020,0.92001,0.15882,-0.21008,0,0.25849,0.04068,0.44956,-0.20571,0.36026,0.86183,-0.29179,0.25870,0.04082,0.44924,-0.20572,0.36025,0.86178,-0.29195,0.21,0.15,-0.32
11.2352,125,0.15556,0.13833,-0.23134,0.26613,0.93111,0.15882,-0.19233,0,0.25849,0.04069,0.44957,-0.20570,0.36027,0.86183,-0.29179,0.25870,0.04082,0.44924,-0.20572,0.36025,0.86178,-0.29195,0.21,0.14,-0.33
11.2519,126,0.15566,0.14725,-0.21737,0.24412,0.94175,0.15400,-0.17264,0,0.25849,0.04069,0.44957,-0.20570,0.36028,0.86182,-0.29179,0.25870,0.04082,0.44924,-0.20572,0.36025,0.86178,-0.29195,0.21,0.13,-0.33
11.2686,127,0.15614,0.15527,-0.20522,0.22237,0.95093,0.14831,-0.15586,0,0.25849,0.04070,0.44957,-0.20571,0.36028,0.86182,-0.29180,0.25870,0.04082,0.44924,-0.20572,0.36025,0.86178,-0.29195,0.21,0.12,-0.33
11.2854,128,0.15761,0.16947,-0.18620,0.18205,0.96451,0.13065,-0.13966,0,0.25850,0.04070,0.44957,-0.20572,0.36027,0.86182,-0.29180,0.25870,0.04082,0.44924,-0.20572,0.36025,0.86178,-0.29195,0.20,0.12,-0.33
11.3021,129,0.15862,0.17580,-0.17885,0.17009,0.96794,0.12169,-0.13914,0,0.25851,0.04069,0.44957,-0.20573,0.36027,0.86182,-0.29181,0.25870,0.04082,0.44924,-0.20572,0.36025,0.86178,-0.29195,0.19,0.13,-0.33
11.3188,130,0.15995,0.18142,-0.17290,0.16489,0.96945,0.11425,-0.14116,0,0.25851,0.04069,0.44957,-0.20573,0.36026,0.86182,-0.29181,0.25870,0.04082,0.44924,-0.20572,0.36025,0.86178,-0.29195,0.19,0.13,-0.33
11.3355,131,0.16167,0.18592,-0.16876,0.16310,0.97012,0.10713,-0.14419,0,0.25852,0.04069,0.44957,-0.20573,0.36026,0.86182,-0.29181,0.25870,0.04082,0.44924,-0.20572,0.36025,0.86178,-0.29195,0.18,0.13,-0.32
11.3523,132,0.16270,0.19048,-0.16568,0.16794,0.97014,0.09923,-0.14415,0,0.25852,0.04070,0.44957,-0.20573,0.36026,0.86182,-0.29181,0.25870,0.04082,0.44924,-0.20572,0.36025,0.86178,-0.29195,0.18,0.12,-0.33
11.3694,133,0.16482,0.19591,-0.16652,0.16518,0.97471,0.07480,-0.13060,1,0.25853,0.04071,0.44957,-0.20573,0.36025,0.86182,-0.29182,0.25853,0.04071,0.44957,-0.20573,0.36025,0.86182,-0.29182,0.00,0.00,0.00
11.3863,134,0.16544,0.19791,-0.17040,0.16272,0.97757,0.06198,-0.11845,1,0.25853,0.04072,0.44957,-0.20572,0.36025,0.86182,-0.29182,0.25844,0.04065,0.44947,-0.20526,0.36005,0.86183,-0.29237,-0.10,-0.07,-0.10
11.4029,135,0.16595,0.19946,-0.17591,0.16339,0.97942,0.05245,-0.10626,1,0.25852,0.04073,0.44960,-0.20569,0.36025,0.86183,-0.29181,0.25833,0.04059,0.44938,-0.20457,0.35943,0.86187,-0.29349,-0.20,-0.14,-0.22
11.4195,136,0.16617,0.19999,-0.18421,0.17009,0.97977,0.04626,-0.09478,1,0.25848,0.04072,0.44964,-0.20567,0.36022,0.86185,-0.29180,0.25821,0.04054,0.44931,-0.20453,0.35854,0.86184,-0.29470,-0.28,-0.18,-0.33
11.4363,137,0.16585,0.19956,-0.19449,0.18317,0.97840,0.04336,-0.08543,1,0.25841,0.04069,0.44967,-0.20559,0.36017,0.86185,-0.29192,0.25808,0.04051,0.44924,-0.20517,0.35766,0.86170,-0.29573,-0.33,-0.18,-0.43
11.4529,138,0.16483,0.19508,-0.22054,0.22846,0.96974,0.04697,-0.07220,1,0.25834,0.04062,0.44970,-0.20541,0.36003,0.86185,-0.29224,0.25794,0.04048,0.44919,-0.20630,0.35695,0.86150,-0.29638,-0.40,-0.14,-0.51
11.4697,139,0.16421,0.19062,-0.23625,0.25523,0.96327,0.04677,-0.06913,1,0.25827,0.04054,0.44971,-0.20523,0.35970,0.86187,-0.29271,0.25780,0.04046,0.44914,-0.20752,0.35648,0.86117,-0.29705,-0.47,-0.08,-0.57
11.4866,140,0.16350,0.18464,-0.25363,0.28367,0.95543,0.04487,-0.06828,1,0.25817,0.04046,0.44969,-0.20518,0.35914,0.86189,-0.29335,0.25766,0.04044,0.44909,-0.20875,0.35615,0.86078,-0.29772,-0.51,-0.02,-0.60
11.5032,141,0.16350,0.18464,-0.25363,0.28367,0.95543,0.04487,-0.06828,1,0.25804,0.04040,0.44963,-0.20536,0.35850,0.86187,-0.29410,0.25752,0.04042,0.44902,-0.20937,0.35598,0.86059,-0.29805,-0.52,0.02,-0.61
11.5199,142,0.16168,0.16680,-0.29574,0.35306,0.93169,0.04150,-0.07465,1,0.25786,0.04038,0.44954,-0.20578,0.35794,0.86173,-0.29488,0.25738,0.04040,0.44897,-0.21067,0.35576,0.86016,-0.29862,-0.48,0.02,-0.57
11.5366,143,0.15930,0.14112,-0.34300,0.42955,0.89912,0.03254,-0.07753,1,0.25766,0.04040,0.44946,-0.20632,0.35745,0.86156,-0.29559,0.25725,0.04039,0.44891,-0.21192,0.35555,0.85972,-0.29928,-0.42,-0.02,-0.55
11.5533,144,0.15816,0.12441,-0.36827,0.47043,0.87862,0.02783,-0.07705,1,0.25745,0.04043,0.44939,-0.20708,0.35698,0.86135,-0.29625,0.25712,0.04037,0.44884,-0.21315,0.35528,0.85928,-0.29996,-0.33,-0.06,-0.56
11.5701,145,0.15660,0.10427,-0.39462,0.51629,0.85230,0.02881,-0.07871,1,0.25728,0.04039,0.44931,-0.20799,0.35661,0.86107,-0.29686,0.25700,0.04035,0.44875,-0.21446,0.35494,0.85891,-0.30050,-0.28,-0.05,-0.56
11.5868,146,0.15518,0.08200,-0.42095,0.56528,0.81946,0.03218,-0.08897,1,0.25712,0.04033,0.44923,-0.20900,0.35629,0.86076,-0.29744,0.25688,0.04033,0.44866,-0.21585,0.35471,0.85854,-0.30084,-0.24,0.00,-0.56
11.6036,147,0.15299,0.05689,-0.44583,0.61693,0.77866,0.03226,-0.10977,1,0.25699,0.04025,0.44916,-0.21002,0.35601,0.86044,-0.29797,0.25677,0.04031,0.44856,-0.21727,0.35466,0.85811,-0.30108,-0.22,0.06,-0.60
11.6203,148,0.14844,0.00203,-0.48915,0.71142,0.67703,0.02767,-0.18639,1,0.25688,0.04017,0.44912,-0.21118,0.35573,0.86009,-0.29851,0.25667,0.04028,0.44846,-0.21870,0.35483,0.85769,-0.30107,-0.22,0.11,-0.66
11.6371,149,0.14566,-0.02843,-0.50728,0.74383,0.62743,0.02190,-0.22927,1,0.25677,0.04009,0.44908,-0.21241,0.35547,0.85972,-0.29901,0.25659,0.04023,0.44834,-0.22009,0.35515,0.85726,-0.30089,-0.18,0.14,-0.74
11.6538,150,0.14240,-0.05892,-0.52191,0.77215,0.58415,0.01050,-0.24990,1,0.25666,0.04002,0.44904,-0.21358,0.35524,0.85937,-0.29945,0.25653,0.04017,0.44821,-0.22143,0.35549,0.85671,-0.30109,-0.13,0.15,-0.82
11.6705,151,0.14059,-0.08862,-0.53288,0.80178,0.54086,-0.00206,-0.25419,1,0.25656,0.04000,0.44896,-0.21488,0.35507,0.85900,-0.29979,0.25648,0.04011,0.44809,-0.22264,0.35571,0.85609,-0.30167,-0.08,0.11,-0.87
11.6872,152,0.14059,-0.08862,-0.53288,0.80178,0.54086,-0.00206,-0.25419,1,0.25645,0.04000,0.44886,-0.21622,0.35504,0.85859,-0.30004,0.25645,0.04004,0.44795,-0.22325,0.35582,0.85578,-0.30196,0.00,0.04,-0.91
11.7039,153,0.14059,-0.08862,-0.53288,0.80178,0.54086,-0.00206,-0.25419,1,0.25634,0.03998,0.44875,-0.21758,0.35511,0.85813,-0.30028,0.25642,0.03998,0.44782,-0.22325,0.35582,0.85578,-0.30196,0.08,-0.00,-0.93
11.7207,154,0.14059,-0.08862,-0.53288,0.80178,0.54086,-0.00206,-0.25419,1,0.25625,0.03994,0.44864,-0.21881,0.35523,0.85768,-0.30053,0.25638,0.03992,0.44769,-0.22325,0.35582,0.85578,-0.30196,0.13,-0.02,-0.94
11.7373,155,0.14059,-0.08862,-0.53288,0.80178,0.54086,-0.00206,-0.25419,1,0.25618,0.03989,0.44852,-0.21997,0.35536,0.85723,-0.30080,0.25635,0.03985,0.44756,-0.22325,0.35582,0.85578,-0.30196,0.17,-0.04,-0.96
11.7542,156,0.14059,-0.08862,-0.53288,0.80178,0.54086,-0.00206,-0.25419,1,0.25612,0.03982,0.44840,-0.22091,0.35549,0.85686,-0.30103,0.25631,0.03979,0.44743,-0.22325,0.35582,0.85578,-0.30196,0.19,-0.03,-0.97
11.7709,157,0.14059,-0.08862,-0.53288,0.80178,0.54086,-0.00206,-0.25419,1,0.25610,0.03973,0.44826,-0.22160,0.35559,0.85658,-0.30118,0.25628,0.03973,0.44730,-0.22325,0.35582,0.85578,-0.30196,0.18,-0.00,-0.96
11.7876,158,0.13641,-0.26146,-0.52503,0.90107,0.42433,0.08469,-0.02897,1,0.25609,0.03964,0.44810,-0.22211,0.35566,0.85639,-0.30127,0.25621,0.03966,0.44718,-0.22335,0.35541,0.85571,-0.30258,0.12,0.02,-0.92
11.8044,159,0.13319,-0.27330,-0.52171,0.90146,0.42103,0.09838,-0.02052,1,0.25607,0.03956,0.44797,-0.22246,0.35570,0.85626,-0.30134,0.25618,0.03966,0.44703,-0.22327,0.35436,0.85596,-0.30317,0.11,0.10,-0.93
11.8211,160,0.12968,-0.28275,-0.51827,0.90249,0.41640,0.10810,-0.02089,1,0.25604,0.03949,0.44784,-0.22270,0.35569,0.85617,-0.30143,0.25614,0.03965,0.44689,-0.22362,0.35306,0.85639,-0.30322,0.10,0.16,-0.95
11.8377,161,0.12602,-0.28898,-0.51530,0.90507,0.40826,0.11575,-0.02765,1,0.25598,0.03944,0.44772,-0.22288,0.35557,0.85611,-0.30162,0.25610,0.03965,0.44674,-0.22447,0.35208,0.85671,-0.30281,0.13,0.21,-0.97
11.8545,162,0.12025,-0.29394,-0.51195,0.90862,0.39446,0.13117,-0.04005,1,0.25590,0.03943,0.44761,-0.22301,0.35530,0.85610,-0.30186,0.25607,0.03965,0.44660,-0.22541,0.35114,0.85706,-0.30220,0.17,0.22,-1.01
11.8713,163,0.11752,-0.29315,-0.51242,0.90756,0.39566,0.13463,-0.04083,1,0.25583,0.03942,0.44749,-0.22314,0.35479,0.85618,-0.30214,0.25604,0.03964,0.44645,-0.22563,0.35018,0.85761,-0.30160,0.21,0.22,-1.04
11.8881,164,0.11491,-0.29068,-0.51327,0.90737,0.39593,0.13543,-0.03982,1,0.25576,0.03942,0.44735,-0.22341,0.35399,0.85639,-0.30229,0.25601,0.03963,0.44630,-0.22544,0.34929,0.85802,-0.30161,0.24,0.21,-1.04
11.9048,165,0.11328,-0.28643,-0.51475,0.90775,0.39597,0.13229,-0.04114,1,0.25568,0.03944,0.44721,-0.22373,0.35309,0.85667,-0.30231,0.25598,0.03963,0.44616,-0.22542,0.34906,0.85816,-0.30152,0.30,0.18,-1.05
11.9215,166,0.11234,-0.28103,-0.51647,0.90784,0.39770,0.12619,-0.04173,1,0.25561,0.03950,0.44707,-0.22403,0.35222,0.85699,-0.30220,0.25595,0.03962,0.44601,-0.22534,0.34953,0.85801,-0.30145,0.33,0.12,-1.06
11.9382,167,0.11426,-0.26619,-0.51995,0.90650,0.40479,0.11242,-0.04198,1,0.25556,0.03955,0.44692,-0.22432,0.35138,0.85733,-0.30198,0.25592,0.03961,0.44586,-0.22497,0.35065,0.85766,-0.30142,0.36,0.06,-1.05
11.9550,168,0.11633,-0.25683,-0.52111,0.90249,0.41539,0.10374,-0.04694,1,0.25553,0.03954,0.44677,-0.22455,0.35069,0.85763,-0.30176,0.25589,0.03960,0.44572,-0.22421,0.35178,0.85761,-0.30082,0.36,0.06,-1.05
11.9719,169,0.11810,-0.24587,-0.52183,0.89506,0.43158,0.09712,-0.05640,1,0.25552,0.03950,0.44663,-0.22469,0.35027,0.85784,-0.30157,0.25586,0.03959,0.44557,-0.22335,0.35262,0.85779,-0.29994,0.34,0.09,-1.06
11.9886,170,0.12040,-0.23332,-0.52219,0.88481,0.45119,0.09417,-0.06832,1,0.25553,0.03946,0.44649,-0.22471,0.35015,0.85794,-0.30139,0.25583,0.03958,0.44542,-0.22243,0.35322,0.85813,-0.29897,0.30,0.12,-1.06
12.0053,171,0.12307,-0.21907,-0.52192,0.87381,0.47063,0.09323,-0.07920,1,0.25553,0.03946,0.44634,-0.22457,0.35040,0.85795,-0.30118,0.25580,0.03957,0.44528,-0.22146,0.35370,0.85851,-0.29800,0.27,0.11,-1.07
12.0220,172,0.12841,-0.18415,-0.51806,0.85464,0.50284,0.08839,-0.09453,1,0.25554,0.03948,0.44620,-0.22424,0.35089,0.85795,-0.30085,0.25576,0.03955,0.44513,-0.22044,0.35427,0.85884,-0.29714,0.22,0.07,-1.07
12.0386,173,0.13116,-0.16305,-0.51405,0.84232,0.52213,0.08632,-0.10213,1,0.25555,0.03950,0.44607,-0.22379,0.35145,0.85800,-0.30039,0.25571,0.03953,0.44499,-0.21934,0.35478,0.85919,-0.29632,0.17,0.02,-1.08
12.0551,174,0.13343,-0.13908,-0.50823,0.82783,0.54306,0.08574,-0.11152,0,0.25556,0.03952,0.44594,-0.22318,0.35205,0.85814,-0.29975,0.25571,0.03953,0.44499,-0.21934,0.35478,0.85919,-0.29632,0.15,0.01,-0.94
12.0718,175,0.13560,-0.11468,-0.49981,0.80688,0.57223,0.08515,-0.11932,0,0.25558,0.03952,0.44581,-0.22244,0.35264,0.85833,-0.29906,0.25571,0.03953,0.44499,-0.21934,0.35478,0.85919,-0.29632,0.14,0.01,-0.82
12.0886,176,0.13722,-0.08846,-0.48928,0.78016,0.60594,0.08925,-0.12741,0,0.25558,0.03951,0.44568,-0.22174,0.35316,0.85853,-0.29839,0.25571,0.03953,0.44499,-0.21934,0.35478,0.85919,-0.29632,0.13,0.01,-0.69
12.1053,177,0.14134,-0.03403,-0.46201,0.71942,0.67016,0.10814,-0.14706,0,0.25559,0.03949,0.44555,-0.22107,0.35364,0.85873,-0.29775,0.25571,0.03953,0.44499,-0.21934,0.35478,0.85919,-0.29632,0.12,0.04,-0.55
12.1220,178,0.14381,-0.00728,-0.44545,0.68633,0.70038,0.11643,-0.15768,0,0.25558,0.03948,0.44546,-0.22051,0.35399,0.85889,-0.29727,0.25571,0.03953,0.44499,-0.21934,0.35478,0.85919,-0.29632,0.13,0.05,-0.46
12.1387,179,0.14669,0.01949,-0.42692,0.65307,0.72851,0.12270,-0.16651,0,0.25554,0.03950,0.44541,-0.22010,0.35418,0.85903,-0.29696,0.25571,0.03953,0.44499,-0.21934,0.35478,0.85919,-0.29632,0.18,0.02,-0.42
12.1555,180,0.14993,0.04558,-0.40676,0.61771,0.75693,0.12726,-0.17115,0,0.25548,0.03954,0.44538,-0.21977,0.35436,0.85912,-0.29674,0.25571,0.03953,0.44499,-0.21934,0.35478,0.85919,-0.29632,0.23,-0.01,-0.39
12.1722,181,0.15349,0.07052,-0.38564,0.58171,0.78432,0.12992,-0.17196,0,0.25543,0.03958,0.44536,-0.21953,0.35448,0.85918,-0.29659,0.25571,0.03953,0.44499,-0.21934,0.35478,0.85919,-0.29632,0.28,-0.05,-0.36
12.1889,182,0.16289,0.11527,-0.33880,0.50225,0.83954,0.13055,-0.16085,0,0.25539,0.03960,0.44533,-0.21937,0.35455,0.85923,-0.29649,0.25571,0.03953,0.44499,-0.21934,0.35478,0.85919,-0.29632,0.32,-0.08,-0.34
12.2057,183,0.16782,0.13582,-0.31547,0.46000,0.86531,0.12727,-0.15311,0,0.25538,0.03960,0.44531,-0.21927,0.35460,0.85926,-0.29641,0.25571,0.03953,0.44499,-0.21934,0.35478,0.85919,-0.29632,0.33,-0.07,-0.32
12.2224,184,0.17334,0.15378,-0.29062,0.41487,0.89018,0.12126,-0.14411,0,0.25539,0.03958,0.44529,-0.21922,0.35466,0.85926,-0.29635,0.25571,0.03953,0.44499,-0.21934,0.35478,0.85919,-0.29632,0.33,-0.05,-0.30
12.2392,185,0.17942,0.16903,-0.26640,0.36771,0.91238,0.11598,-0.13746,0,0.25541,0.03953,0.44528,-0.21923,0.35469,0.85927,-0.29628,0.25571,0.03953,0.44499,-0.21934,0.35478,0.85919,-0.29632,0.30,-0.00,-0.28
12.2559,186,0.18575,0.18291,-0.24349,0.32061,0.93145,0.11076,-0.13165,0,0.25544,0.03947,0.44526,-0.21926,0.35474,0.85926,-0.29623,0.25571,0.03953,0.44499,-0.21934,0.35478,0.85919,-0.29632,0.27,0.05,-0.27
12.2727,187,0.19907,0.20585,-0.20214,0.23095,0.96114,0.09411,-0.11841,0,0.25547,0.03943,0.44525,-0.21929,0.35477,0.85925,-0.29620,0.25571,0.03953,0.44499,-0.21934,0.35478,0.85919,-0.29632,0.25,0.09,-0.26
12.2895,188,0.20575,0.21443,-0.18496,0.19168,0.97162,0.08310,-0.11095,0,0.25549,0.03940,0.44525,-0.21932,0.35479,0.85925,-0.29617,0.25571,0.03953,0.44499,-0.21934,0.35478,0.85919,-0.29632,0.22,0.13,-0.26
12.3062,189,0.21254,0.22207,-0.17016,0.15931,0.97920,0.07169,-0.10319,0,0.25551,0.03938,0.44525,-0.21932,0.35478,0.85926,-0.29615,0.25571,0.03953,0.44499,-0.21934,0.35478,0.85919,-0.29632,0.21,0.14,-0.26
12.3229,190,0.21914,0.22882,-0.15761,0.13592,0.98454,0.05721,-0.09452,0,0.25551,0.03939,0.44526,-0.21932,0.35477,0.85926,-0.29614,0.25571,0.03953,0.44499,-0.21934,0.35478,0.85919,-0.29632,0.20,0.14,-0.26
12.3397,191,0.22554,0.23525,-0.14592,0.11535,0.98882,0.03704,-0.08696,0,0.25551,0.03940,0.44526,-0.21930,0.35476,0.85927,-0.29616,0.25571,0.03953,0.44499,-0.21934,0.35478,0.85919,-0.29632,0.20,0.12,-0.27
12.3568,192,0.23718,0.24590,-0.12774,0.08175,0.99369,-0.00542,-0.07655,1,0.25550,0.03942,0.44527,-0.21927,0.35474,0.85928,-0.29617,0.25550,0.03942,0.44527,-0.21928,0.35474,0.85928,-0.29617,0.00,-0.00,-0.00
12.3734,193,0.24261,0.25014,-0.12191,0.07073,0.99444,-0.02017,-0.07536,1,0.25550,0.03943,0.44528,-0.21925,0.35474,0.85928,-0.29618,0.25562,0.03935,0.44521,-0.21865,0.35501,0.85922,-0.29648,0.12,-0.08,-0.06
12.3902,194,0.24757,0.25396,-0.11814,0.06474,0.99442,-0.03100,-0.07726,1,0.25548,0.03944,0.44531,-0.21919,0.35478,0.85928,-0.29619,0.25573,0.03927,0.44515,-0.21765,0.35577,0.85893,-0.29715,0.25,-0.17,-0.16
12.4068,195,0.25204,0.25726,-0.11607,0.06282,0.99400,-0.03864,-0.08078,1,0.25545,0.03945,0.44534,-0.21917,0.35482,0.85928,-0.29617,0.25584,0.03919,0.44508,-0.21706,0.35677,0.85839,-0.29793,0.39,-0.26,-0.26
12.4238,196,0.25599,0.26017,-0.11559,0.06379,0.99329,-0.04605,-0.08480,1,0.25542,0.03941,0.44538,-0.21907,0.35487,0.85926,-0.29622,0.25593,0.03910,0.44500,-0.21693,0.35770,0.85771,-0.29888,0.51,-0.31,-0.38
12.4408,197,0.25901,0.26259,-0.11769,0.06871,0.99227,-0.05094,-0.08986,1,0.25546,0.03932,0.44545,-0.21877,0.35503,0.85921,-0.29640,0.25601,0.03900,0.44491,-0.21751,0.35843,0.85696,-0.29974,0.55,-0.31,-0.53
12.4572,198,0.26267,0.26682,-0.12804,0.08556,0.98965,-0.05413,-0.10174,1,0.25554,0.03921,0.44546,-0.21833,0.35548,0.85903,-0.29671,0.25603,0.03890,0.44481,-0.21867,0.35884,0.85631,-0.30026,0.49,-0.31,-0.66
12.4739,199,0.26318,0.26859,-0.13608,0.09801,0.98786,-0.05334,-0.10805,1,0.25561,0.03913,0.44544,-0.21794,0.35608,0.85873,-0.29714,0.25603,0.03880,0.44470,-0.22003,0.35895,0.85579,-0.30063,0.42,-0.33,-0.74
12.4906,200,0.26277,0.27004,-0.14596,0.11332,0.98567,-0.05176,-0.11370,1,0.25565,0.03905,0.44536,-0.21776,0.35667,0.85835,-0.29765,0.25599,0.03871,0.44459,-0.22140,0.35888,0.85532,-0.30102,0.35,-0.34,-0.77
12.5074,201,0.26169,0.27107,-0.15761,0.13120,0.98310,-0.04948,-0.11768,1,0.25565,0.03893,0.44524,-0.21784,0.35728,0.85785,-0.29830,0.25593,0.03862,0.44448,-0.22275,0.35864,0.85492,-0.30146,0.28,-0.31,-0.76
12.5242,202,0.25699,0.27168,-0.18610,0.17276,0.97649,-0.04465,-0.12092,1,0.25563,0.03885,0.44513,-0.21822,0.35776,0.85734,-0.29892,0.25582,0.03856,0.44439,-0.22404,0.35822,0.85457,-0.30199,0.20,-0.29,-0.74
12.5409,203,0.25359,0.27093,-0.20306,0.19726,0.97203,-0.04150,-0.12053,1,0.25557,0.03880,0.44502,-0.21883,0.35805,0.85688,-0.29944,0.25572,0.03851,0.44430,-0.22529,0.35770,0.85426,-0.30255,0.15,-0.29,-0.72
12.5575,204,0.25359,0.27093,-0.20306,0.19726,0.97203,-0.04150,-0.12053,1,0.25550,0.03875,0.44492,-0.21969,0.35822,0.85641,-0.29996,0.25561,0.03846,0.44421,-0.22592,0.35743,0.85410,-0.30283,0.11,-0.28,-0.71
12.5743,205,0.24435,0.26700,-0.24169,0.25280,0.95951,-0.03461,-0.11931,1,0.25543,0.03867,0.44481,-0.22071,0.35826,0.85596,-0.30045,0.25549,0.03843,0.44413,-0.22716,0.35691,0.85379,-0.30340,0.05,-0.24,-0.68
12.5910,206,0.23791,0.26283,-0.26408,0.28686,0.94995,-0.03090,-0.11976,1,0.25537,0.03855,0.44470,-0.22184,0.35815,0.85555,-0.30092,0.25537,0.03840,0.44404,-0.22842,0.35644,0.85345,-0.30397,-0.00,-0.15,-0.66
12.6077,207,0.22393,0.25120,-0.31029,0.36047,0.92443,-0.01369,-0.12367,1,0.25534,0.03842,0.44461,-0.22294,0.35797,0.85519,-0.30133,0.25525,0.03838,0.44395,-0.22975,0.35595,0.85315,-0.30438,-0.09,-0.04,-0.65
12.6247,208,0.21599,0.24287,-0.33426,0.39984,0.90783,-0.00391,-0.12633,1,0.25530,0.03826,0.44451,-0.22415,0.35772,0.85483,-0.30175,0.25513,0.03837,0.44386,-0.23108,0.35547,0.85286,-0.30476,-0.17,0.11,-0.66
12.6414,209,0.20780,0.23218,-0.35841,0.44305,0.88690,0.01034,-0.13040,1,0.25526,0.03813,0.44443,-0.22535,0.35739,0.85450,-0.30219,0.25503,0.03835,0.44375,-0.23244,0.35497,0.85259,-0.30505,-0.23,0.22,-0.68
12.6579,210,0.20004,0.21939,-0.38180,0.48325,0.86507,0.02244,-0.13271,1,0.25519,0.03807,0.44437,-0.22653,0.35700,0.85419,-0.30263,0.25492,0.03834,0.44365,-0.23378,0.35446,0.85231,-0.30540,-0.27,0.27,-0.72
12.6748,211,0.19271,0.20479,-0.40425,0.51551,0.84644,0.02718,-0.13057,1,0.25510,0.03802,0.44432,-0.22767,0.35660,0.85390,-0.30308,0.25482,0.03832,0.44353,-0.23504,0.35398,0.85196,-0.30596,-0.28,0.30,-0.78
12.6914,212,0.17880,0.16992,-0.44632,0.56035,0.82171,0.01292,-0.10316,1,0.25499,0.03801,0.44424,-0.22891,0.35614,0.85361,-0.30351,0.25473,0.03831,0.44342,-0.23579,0.35354,0.85154,-0.30708,-0.27,0.30,-0.82
12.7083,213,0.17298,0.15004,-0.46513,0.58197,0.80959,0.00580,-0.07646,1,0.25487,0.03803,0.44414,-0.23019,0.35569,0.85330,-0.30393,0.25463,0.03831,0.44330,-0.23609,0.35289,0.85126,-0.30837,-0.23,0.28,-0.83
12.7249,214,0.16863,0.12927,-0.48172,0.60703,0.79311,0.00544,-0.04959,1,0.25474,0.03803,0.44402,-0.23144,0.35522,0.85298,-0.30441,0.25454,0.03832,0.44319,-0.23658,0.35206,0.85105,-0.30950,-0.20,0.29,-0.84
12.7417,215,0.16542,0.10700,-0.49622,0.63256,0.77381,0.01027,-0.03129,1,0.25463,0.03802,0.44392,-0.23254,0.35477,0.85268,-0.30497,0.25445,0.03833,0.44307,-0.23736,0.35118,0.85087,-0.31041,-0.18,0.30,-0.85
12.7586,216,0.16367,0.08458,-0.50861,0.65897,0.75171,0.01677,-0.02035,1,0.25449,0.03804,0.44382,-0.23358,0.35425,0.85235,-0.30568,0.25437,0.03835,0.44294,-0.23839,0.35036,0.85067,-0.31110,-0.13,0.31,-0.88
12.7751,217,0.16103,0.03892,-0.52826,0.70095,0.71298,0.01466,-0.01106,1,0.25438,0.03802,0.44372,-0.23446,0.35367,0.85204,-0.30655,0.25428,0.03837,0.44282,-0.23954,0.34985,0.85029,-0.31182,-0.10,0.34,-0.90
12.7921,218,0.16025,0.01676,-0.53614,0.71966,0.69416,0.00891,-0.01228,1,0.25428,0.03801,0.44360,-0.23527,0.35300,0.85176,-0.30747,0.25420,0.03839,0.44269,-0.24081,0.34969,0.84978,-0.31241,-0.07,0.38,-0.90
12.8088,219,0.15990,-0.00524,-0.54259,0.73908,0.67338,0.00067,-0.01823,1,0.25419,0.03802,0.44346,-0.23609,0.35229,0.85151,-0.30837,0.25413,0.03841,0.44257,-0.24214,0.34971,0.84923,-0.31284,-0.05,0.39,-0.90
12.8254,220,0.15985,-0.02688,-0.54813,0.75864,0.65093,-0.00800,-0.02623,1,0.25410,0.03803,0.44333,-0.23695,0.35167,0.85123,-0.30917,0.25406,0.03843,0.44243,-0.24350,0.34977,0.84869,-0.31320,-0.04,0.40,-0.89
12.8421,221,0.15974,-0.04877,-0.55219,0.77881,0.62595,-0.01805,-0.03627,1,0.25402,0.03804,0.44319,-0.23795,0.35113,0.85089,-0.30996,0.25399,0.03844,0.44230,-0.24485,0.34987,0.84815,-0.31351,-0.02,0.41,-0.88
12.8589,222,0.15928,-0.06963,-0.55592,0.79800,0.60030,-0.02603,-0.04633,1,0.25394,0.03803,0.44306,-0.23897,0.35075,0.85051,-0.31064,0.25393,0.03846,0.44217,-0.24623,0.34990,0.84763,-0.31379,-0.01,0.42,-0.89
12.8755,223,0.15857,-0.11071,-0.55910,0.83171,0.55076,-0.03652,-0.05998,1,0.25388,0.03802,0.44293,-0.24011,0.35045,0.85008,-0.31129,0.25387,0.03847,0.44203,-0.24760,0.34980,0.84714,-0.31415,-0.01,0.45,-0.90
12.8922,224,0.15813,-0.13195,-0.55980,0.84365,0.53206,-0.03791,-0.06100,1,0.25379,0.03806,0.44280,-0.24131,0.35023,0.84963,-0.31182,0.25382,0.03847,0.44189,-0.24888,0.34950,0.84668,-0.31471,0.02,0.41,-0.91
12.9091,225,0.15750,-0.15320,-0.55980,0.85462,0.51482,-0.03871,-0.05562,1,0.25370,0.03811,0.44268,-0.24255,0.35011,0.84915,-0.31230,0.25377,0.03848,0.44175,-0.24990,0.34906,0.84622,-0.31561,0.07,0.37,-0.93
12.9258,226,0.15666,-0.17372,-0.55922,0.86623,0.49560,-0.04065,-0.04876,1,0.25361,0.03816,0.44256,-0.24378,0.34999,0.84869,-0.31274,0.25373,0.03849,0.44160,-0.25088,0.34868,0.84574,-0.31656,0.12,0.33,-0.95
12.9425,227,0.15588,-0.21193,-0.55433,0.88947,0.45401,-0.03952,-0.03398,1,0.25352,0.03819,0.44242,-0.24510,0.34985,0.84819,-0.31322,0.25368,0.03849,0.44146,-0.25184,0.34817,0.84531,-0.31749,0.16,0.31,-0.95
12.9592,228,0.15624,-0.22941,-0.55076,0.89859,0.43655,-0.03499,-0.02728,1,0.25347,0.03817,0.44227,-0.24640,0.34969,0.84767,-0.31378,0.25364,0.03851,0.44132,-0.25274,0.34741,0.84502,-0.31839,0.17,0.34,-0.95
12.9759,229,0.15701,-0.24541,-0.54690,0.90501,0.42402,-0.02873,-0.01858,1,0.25345,0.03813,0.44212,-0.24764,0.34946,0.84718,-0.31440,0.25361,0.03852,0.44117,-0.25331,0.34649,0.84484,-0.31940,0.17,0.39,-0.95
12.9927,230,0.15759,-0.26106,-0.54322,0.90927,0.41545,-0.02310,-0.01008,1,0.25343,0.03810,0.44198,-0.24876,0.34916,0.84672,-0.31505,0.25358,0.03854,0.44102,-0.25366,0.34553,0.84472,-0.32050,0.15,0.44,-0.96
13.0094,231,0.15779,-0.27645,-0.53899,0.91242,0.40877,-0.01967,-0.00273,1,0.25339,0.03810,0.44186,-0.24987,0.34871,0.84630,-0.31582,0.25355,0.03855,0.44088,-0.25397,0.34469,0.84452,-0.32169,0.16,0.45,-0.98
13.0262,232,0.15819,-0.30645,-0.53029,0.92176,0.38742,-0.01599,0.00075,1,0.25334,0.03815,0.44173,-0.25084,0.34814,0.84593,-0.31667,0.25352,0.03857,0.44073,-0.25490,0.34396,0.84423,-0.32248,0.18,0.42,-1.00
13.0432,233,0.15889,-0.32075,-0.52512,0.92714,0.37439,-0.01515,0.00253,1,0.25330,0.03819,0.44160,-0.25163,0.34747,0.84561,-0.31764,0.25349,0.03859,0.44059,-0.25604,0.34339,0.84386,-0.32317,0.18,0.40,-1.01
13.0600,234,0.16021,-0.33408,-0.51984,0.93221,0.36162,-0.01427,0.00431,1,0.25327,0.03824,0.44144,-0.25234,0.34670,0.84533,-0.31867,0.25346,0.03861,0.44044,-0.25718,0.34280,0.84348,-0.32385,0.19,0.37,-1.00
13.0768,235,0.16205,-0.34660,-0.51468,0.93669,0.34982,-0.01482,0.00460,1,0.25325,0.03828,0.44128,-0.25301,0.34598,0.84506,-0.31961,0.25343,0.03863,0.44029,-0.25843,0.34237,0.84306,-0.32442,0.19,0.35,-0.99
13.0935,236,0.16441,-0.35834,-0.50954,0.94041,0.33959,-0.01704,0.00494,1,0.25322,0.03832,0.44112,-0.25379,0.34524,0.84477,-0.32056,0.25341,0.03864,0.44015,-0.25970,0.34214,0.84254,-0.32500,0.19,0.32,-0.97
13.1102,237,0.16943,-0.37950,-0.50006,0.94630,0.32201,-0.02720,0.00875,1,0.25318,0.03838,0.44098,-0.25464,0.34453,0.84448,-0.32143,0.25338,0.03866,0.44000,-0.26079,0.34233,0.84184,-0.32572,0.20,0.28,-0.98
13.1269,238,0.17220,-0.38914,-0.49561,0.94944,0.31194,-0.03378,0.01103,1,0.25313,0.03844,0.44086,-0.25557,0.34387,0.84415,-0.32224,0.25336,0.03868,0.43985,-0.26187,0.34259,0.84113,-0.32644,0.23,0.24,-1.01
13.1437,239,0.17510,-0.39814,-0.49117,0.95238,0.30183,-0.04096,0.01411,1,0.25308,0.03848,0.44074,-0.25647,0.34335,0.84381,-0.32298,0.25334,0.03870,0.43971,-0.26287,0.34291,0.84038,-0.32721,0.26,0.22,-1.04
13.1605,240,0.17822,-0.40676,-0.48668,0.95533,0.29119,-0.04763,0.01699,1,0.25303,0.03855,0.44060,-0.25750,0.34294,0.84338,-0.32371,0.25332,0.03871,0.43956,-0.26391,0.34315,0.83966,-0.32797,0.29,0.17,-1.05
13.1772,241,0.18138,-0.41469,-0.48196,0.95801,0.28088,-0.05410,0.01976,1,0.25298,0.03859,0.44046,-0.25858,0.34275,0.84286,-0.32442,0.25330,0.03873,0.43941,-0.26496,0.34340,0.83894,-0.32873,0.32,0.14,-1.04
13.1939,242,0.18816,-0.42847,-0.47336,0.96250,0.26242,-0.06596,0.01927,1,0.25294,0.03859,0.44030,-0.25969,0.34272,0.84225,-0.32514,0.25328,0.03875,0.43926,-0.26619,0.34365,0.83826,-0.32919,0.34,0.16,-1.03
13.2106,243,0.19146,-0.43408,-0.46968,0.96388,0.25568,-0.07189,0.02008,1,0.25293,0.03855,0.44014,-0.26076,0.34279,0.84164,-0.32580,0.25327,0.03877,0.43911,-0.26727,0.34412,0.83751,-0.32973,0.34,0.22,-1.02
13.2274,244,0.19473,-0.43950,-0.46708,0.96491,0.25015,-0.07709,0.02051,1,0.25295,0.03850,0.43996,-0.26190,0.34295,0.84096,-0.32645,0.25326,0.03879,0.43897,-0.26836,0.34464,0.83676,-0.33021,0.30,0.29,-0.99
13.2442,245,0.19840,-0.44545,-0.46667,0.96568,0.24579,-0.08131,0.02078,1,0.25297,0.03843,0.43981,-0.26304,0.34315,0.84027,-0.32711,0.25325,0.03881,0.43882,-0.26945,0.34518,0.83601,-0.33067,0.27,0.38,-0.99
13.2610,246,0.20193,-0.45063,-0.46650,0.96610,0.24275,-0.08491,0.02263,1,0.25298,0.03840,0.43967,-0.26413,0.34338,0.83960,-0.32770,0.25324,0.03882,0.43867,-0.27017,0.34584,0.83519,-0.33146,0.26,0.43,-1.00
13.2777,247,0.20733,-0.45673,-0.46279,0.96693,0.23762,-0.08961,0.02336,1,0.25298,0.03839,0.43952,-0.26526,0.34372,0.83888,-0.32830,0.25322,0.03884,0.43852,-0.27122,0.34635,0.83442,-0.33200,0.24,0.45,-1.00
13.2944,248,0.20968,-0.45887,-0.46120,0.96696,0.23646,-0.09251,0.02257,1,0.25298,0.03841,0.43936,-0.26638,0.34412,0.83813,-0.32888,0.25321,0.03886,0.43837,-0.27218,0.34725,0.83376,-0.33193,0.24,0.45,-0.99
13.3111,249,0.21172,-0.46038,-0.45985,0.96660,0.23673,-0.09579,0.02183,1,0.25297,0.03841,0.43920,-0.26746,0.34458,0.83736,-0.32948,0.25320,0.03888,0.43822,-0.27261,0.34853,0.83326,-0.33151,0.23,0.46,-0.97
13.3278,250,0.21350,-0.46168,-0.45887,0.96613,0.23739,-0.09907,0.02045,1,0.25298,0.03842,0.43904,-0.26844,0.34509,0.83662,-0.33002,0.25319,0.03889,0.43807,-0.27299,0.34975,0.83289,-0.33083,0.21,0.47,-0.96
13.3445,251,0.21489,-0.46245,-0.45831,0.96565,0.23823,-0.10203,0.01893,1,0.25298,0.03845,0.43888,-0.26946,0.34570,0.83586,-0.33049,0.25318,0.03891,0.43793,-0.27333,0.35094,0.83260,-0.33003,0.20,0.46,-0.95
13.3612,252,0.21731,-0.46270,-0.45808,0.96415,0.24218,-0.10726,0.01622,1,0.25298,0.03850,0.43873,-0.27038,0.34644,0.83514,-0.33078,0.25317,0.03892,0.43778,-0.27321,0.35212,0.83250,-0.32912,0.20,0.43,-0.95
13.3780,253,0.21806,-0.46279,-0.45778,0.96351,0.24366,-0.11001,0.01342,1,0.25298,0.03856,0.43859,-0.27111,0.34727,0.83453,-0.33085,0.25316,0.03894,0.43763,-0.27351,0.35306,0.83244,-0.32799,0.18,0.38,-0.96
13.3947,254,0.21849,-0.46176,-0.45857,0.96242,0.24663,-0.11312,0.01078,1,0.25299,0.03861,0.43843,-0.27174,0.34826,0.83398,-0.33068,0.25315,0.03895,0.43748,-0.27341,0.35408,0.83247,-0.32689,0.16,0.34,-0.95
13.4114,255,0.21911,-0.46057,-0.45939,0.96122,0.24993,-0.11628,0.00833,1,0.25299,0.03864,0.43831,-0.27228,0.34926,0.83353,-0.33032,0.25313,0.03896,0.43733,-0.27322,0.35511,0.83252,-0.32583,0.15,0.33,-0.98
13.4283,256,0.21972,-0.45849,-0.46075,0.95984,0.25351,-0.12001,0.00568,1,0.25303,0.03869,0.43819,-0.27263,0.35029,0.83321,-0.32973,0.25312,0.03898,0.43718,-0.27304,0.35618,0.83252,-0.32479,0.09,0.29,-1.01
13.4449,257,0.21994,-0.45426,-0.46363,0.95669,0.26209,-0.12670,-0.00189,1,0.25305,0.03877,0.43808,-0.27287,0.35131,0.83300,-0.32898,0.25311,0.03899,0.43703,-0.27287,0.35708,0.83265,-0.32361,0.05,0.22,-1.05
13.4616,258,0.21928,-0.45160,-0.46568,0.95450,0.26879,-0.12901,-0.00619,1,0.25307,0.03884,0.43797,-0.27301,0.35228,0.83286,-0.32819,0.25309,0.03900,0.43688,-0.27241,0.35776,0.83298,-0.32240,0.02,0.16,-1.09
13.4783,259,0.21847,-0.44883,-0.46795,0.95196,0.27621,-0.13164,-0.01216,1,0.25307,0.03891,0.43785,-0.27303,0.35335,0.83275,-0.32731,0.25307,0.03900,0.43673,-0.27207,0.35839,0.83331,-0.32112,0.00,0.09,-1.12
13.4951,260,0.21760,-0.44601,-0.47009,0.94938,0.28343,-0.13422,-0.01795,1,0.25306,0.03901,0.43771,-0.27297,0.35437,0.83272,-0.32633,0.25305,0.03901,0.43659,-0.27173,0.35903,0.83364,-0.31985,-0.01,0.00,-1.12
13.5119,261,0.21669,-0.44328,-0.47213,0.94663,0.29120,-0.13626,-0.02299,1,0.25305,0.03907,0.43755,-0.27284,0.35528,0.83278,-0.32529,0.25303,0.03902,0.43644,-0.27124,0.35963,0.83401,-0.31862,-0.02,-0.05,-1.12
13.5286,262,0.21458,-0.43735,-0.47648,0.94175,0.30425,-0.13988,-0.03100,1,0.25306,0.03911,0.43739,-0.27265,0.35609,0.83290,-0.32425,0.25301,0.03902,0.43629,-0.27073,0.36026,0.83437,-0.31741,-0.04,-0.09,-1.10
13.5453,263,0.21328,-0.43391,-0.47884,0.93957,0.30982,-0.14146,-0.03465,1,0.25305,0.03914,0.43721,-0.27239,0.35689,0.83309,-0.32310,0.25299,0.03902,0.43614,-0.27024,0.36088,0.83473,-0.31618,-0.07,-0.11,-1.07
13.5620,264,0.21151,-0.42995,-0.48166,0.93720,0.31588,-0.14302,-0.03778,1,0.25305,0.03914,0.43705,-0.27209,0.35764,0.83333,-0.32191,0.25296,0.03902,0.43599,-0.26963,0.36151,0.83509,-0.31502,-0.09,-0.12,-1.05
13.5788,265,0.20956,-0.42568,-0.48460,0.93470,0.32285,-0.14314,-0.04027,1,0.25304,0.03914,0.43690,-0.27174,0.35832,0.83359,-0.32076,0.25293,0.03902,0.43585,-0.26881,0.36192,0.83558,-0.31395,-0.11,-0.12,-1.06
13.5957,266,0.20737,-0.42099,-0.48743,0.93161,0.33205,-0.14185,-0.04153,1,0.25303,0.03914,0.43676,-0.27133,0.35902,0.83390,-0.31953,0.25291,0.03902,0.43570,-0.26775,0.36215,0.83615,-0.31307,-0.12,-0.11,-1.07
13.6122,267,0.20229,-0.41087,-0.49272,0.92167,0.35956,-0.13671,-0.05046,1,0.25299,0.03913,0.43663,-0.27087,0.35968,0.83423,-0.31831,0.25288,0.03903,0.43555,-0.26687,0.36231,0.83675,-0.31203,-0.12,-0.10,-1.08
13.6290,268,0.19991,-0.40544,-0.49502,0.91619,0.37372,-0.13272,-0.05757,1,0.25297,0.03910,0.43647,-0.27033,0.36029,0.83460,-0.31710,0.25284,0.03902,0.43541,-0.26615,0.36237,0.83738,-0.31088,-0.13,-0.08,-1.07
13.6457,269,0.19753,-0.39930,-0.49706,0.91155,0.38489,-0.12874,-0.06612,1,0.25297,0.03907,0.43632,-0.26973,0.36081,0.83499,-0.31601,0.25280,0.03902,0.43526,-0.26566,0.36237,0.83801,-0.30961,-0.17,-0.05,-1.06
13.6625,270,0.19570,-0.39198,-0.49914,0.90771,0.39300,-0.12455,-0.07813,1,0.25295,0.03905,0.43615,-0.26903,0.36122,0.83546,-0.31488,0.25276,0.03901,0.43512,-0.26560,0.36228,0.83857,-0.30822,-0.19,-0.04,-1.03
13.6793,271,0.19390,-0.38270,-0.50157,0.90228,0.40411,-0.12228,-0.08741,1,0.25292,0.03904,0.43600,-0.26827,0.36154,0.83599,-0.31376,0.25271,0.03900,0.43497,-0.26515,0.36243,0.83913,-0.30691,-0.21,-0.03,-1.02
13.6962,272,0.18938,-0.35974,-0.50244,0.88833,0.43246,-0.11804,-0.09957,1,0.25289,0.03905,0.43586,-0.26754,0.36178,0.83655,-0.31259,0.25267,0.03899,0.43483,-0.26435,0.36264,0.83970,-0.30580,-0.22,-0.06,-1.03
13.7126,273,0.18761,-0.34455,-0.49934,0.87858,0.45011,-0.11498,-0.11081,0,0.25284,0.03906,0.43574,-0.26697,0.36191,0.83711,-0.31144,0.25267,0.03899,0.43483,-0.26435,0.36264,0.83970,-0.30580,-0.17,-0.07,-0.91
13.7293,274,0.18569,-0.32810,-0.49695,0.86726,0.46979,-0.11182,-0.12103,0,0.25277,0.03907,0.43560,-0.26640,0.36206,0.83768,-0.31021,0.25267,0.03899,0.43483,-0.26435,0.36264,0.83970,-0.30580,-0.10,-0.07,-0.76
13.7460,275,0.18393,-0.31149,-0.49679,0.85152,0.49552,-0.10550,-0.13510,0,0.25272,0.03903,0.43543,-0.26591,0.36220,0.83821,-0.30903,0.25267,0.03899,0.43483,-0.26435,0.36264,0.83970,-0.30580,-0.05,-0.04,-0.60
13.7627,276,0.18140,-0.27549,-0.49482,0.81781,0.54540,-0.08841,-0.16094,0,0.25269,0.03898,0.43529,-0.26548,0.36234,0.83864,-0.30807,0.25267,0.03899,0.43483,-0.26435,0.36264,0.83970,-0.30580,-0.02,0.02,-0.45
13.7794,277,0.18104,-0.25555,-0.49264,0.80137,0.56802,-0.08329,-0.16798,0,0.25265,0.03893,0.43519,-0.26510,0.36243,0.83902,-0.30727,0.25267,0.03899,0.43483,-0.26435,0.36264,0.83970,-0.30580,0.02,0.07,-0.36
13.7962,278,0.18113,-0.23422,-0.48923,0.78301,0.59234,-0.08364,-0.17039,0,0.25259,0.03891,0.43515,-0.26481,0.36247,0.83930,-0.30669,0.25267,0.03899,0.43483,-0.26435,0.36264,0.83970,-0.30580,0.08,0.09,-0.32
13.8129,279,0.18161,-0.21163,-0.48458,0.76100,0.61963,-0.08800,-0.17086,0,0.25253,0.03891,0.43514,-0.26460,0.36253,0.83948,-0.30633,0.25267,0.03899,0.43483,-0.26435,0.36264,0.83970,-0.30580,0.14,0.09,-0.30
13.8297,280,0.18269,-0.18777,-0.47818,0.73624,0.64758,-0.09320,-0.17294,0,0.25248,0.03892,0.43511,-0.26446,0.36256,0.83961,-0.30606,0.25267,0.03899,0.43483,-0.26435,0.36264,0.83970,-0.30580,0.19,0.07,-0.28
13.8464,281,0.18646,-0.13853,-0.46071,0.67566,0.70516,-0.09670,-0.19205,0,0.25245,0.03892,0.43508,-0.26436,0.36257,0.83969,-0.30589,0.25267,0.03899,0.43483,-0.26435,0.36264,0.83970,-0.30580,0.22,0.07,-0.25
13.8632,282,0.18880,-0.11412,-0.44977,0.64045,0.73312,-0.09376,-0.20872,0,0.25243,0.03892,0.43505,-0.26430,0.36261,0.83974,-0.30578,0.25267,0.03899,0.43483,-0.26435,0.36264,0.83970,-0.30580,0.24,0.07,-0.22
13.8799,283,0.19146,-0.09018,-0.43746,0.60557,0.75766,-0.09040,-0.22596,0,0.25243,0.03892,0.43504,-0.26428,0.36260,0.83977,-0.30571,0.25267,0.03899,0.43483,-0.26435,0.36264,0.83970,-0.30580,0.24,0.08,-0.21
13.8966,284,0.19430,-0.06753,-0.42418,0.56982,0.78030,-0.08730,-0.24251,0,0.25245,0.03891,0.43504,-0.26426,0.36262,0.83979,-0.30566,0.25267,0.03899,0.43483,-0.26435,0.36264,0.83970,-0.30580,0.22,0.09,-0.21
13.9133,285,0.19743,-0.04578,-0.41052,0.53389,0.80115,-0.08528,-0.25662,0,0.25246,0.03890,0.43503,-0.26426,0.36262,0.83980,-0.30563,0.25267,0.03899,0.43483,-0.26435,0.36264,0.83970,-0.30580,0.21,0.09,-0.20
13.9300,286,0.20436,-0.00483,-0.38086,0.46740,0.83491,-0.08902,-0.27665,0,0.25247,0.03890,0.43503,-0.26426,0.36263,0.83981,-0.30560,0.25267,0.03899,0.43483,-0.26435,0.36264,0.83970,-0.30580,0.20,0.09,-0.20
13.9468,287,0.20797,0.01399,-0.36470,0.43209,0.85018,-0.09482,-0.28548,0,0.25248,0.03890,0.43502,-0.26426,0.36263,0.83981,-0.30559,0.25267,0.03899,0.43483,-0.26435,0.36264,0.83970,-0.30580,0.19,0.09,-0.19
13.9635,288,0.21110,0.03111,-0.34879,0.39448,0.86481,-0.09461,-0.29586,0,0.25249,0.03891,0.43502,-0.26426,0.36263,0.83981,-0.30558,0.25267,0.03899,0.43483,-0.26435,0.36264,0.83970,-0.30580,0.18,0.09,-0.19
13.9803,289,0.21440,0.04664,-0.33381,0.35730,0.87816,-0.08526,-0.30645,0,0.25249,0.03891,0.43502,-0.26426,0.36263,0.83982,-0.30557,0.25267,0.03899,0.43483,-0.26435,0.36264,0.83970,-0.30580,0.18,0.08,-0.19
13.9971,290,0.21811,0.06043,-0.31972,0.32270,0.88955,-0.07322,-0.31498,0,0.25249,0.03891,0.43503,-0.26426,0.36262,0.83982,-0.30558,0.25267,0.03899,0.43483,-0.26435,0.36264,0.83970,-0.30580,0.18,0.08,-0.19
14.0138,291,0.22549,0.08403,-0.29494,0.26355,0.90710,-0.06425,-0.32185,0,0.25249,0.03892,0.43503,-0.26426,0.36262,0.83982,-0.30558,0.25267,0.03899,0.43483,-0.26435,0.36264,0.83970,-0.30580,0.18,0.08,-0.20
14.0306,292,0.22854,0.09430,-0.28453,0.24328,0.91149,-0.06356,-0.32551,0,0.25249,0.03892,0.43503,-0.26426,0.36262,0.83982,-0.30558,0.25267,0.03899,0.43483,-0.26435,0.36264,0.83970,-0.30580,0.18,0.08,-0.20
14.0473,293,0.23169,0.10416,-0.27553,0.22528,0.91496,-0.06200,-0.32903,0,0.25249,0.03892,0.43504,-0.26426,0.36262,0.83981,-0.30559,0.25267,0.03899,0.43483,-0.26435,0.36264,0.83970,-0.30580,0.18,0.08,-0.21
14.0640,294,0.23415,0.11361,-0.26717,0.20979,0.91741,-0.06206,-0.33241,0,0.25249,0.03892,0.43504,-0.26426,0.36262,0.83982,-0.30558,0.25267,0.03899,0.43483,-0.26435,0.36264,0.83970,-0.30580,0.18,0.07,-0.21
14.0808,295,0.23585,0.12273,-0.26045,0.20094,0.91884,-0.05966,-0.33437,0,0.25250,0.03892,0.43504,-0.26426,0.36263,0.83982,-0.30558,0.25267,0.03899,0.43483,-0.26435,0.36264,0.83970,-0.30580,0.17,0.07,-0.21
14.0981,296,0.23740,0.13953,-0.24928,0.19374,0.92359,-0.04482,-0.32777,1,0.25250,0.03892,0.43504,-0.26426,0.36263,0.83981,-0.30558,0.25250,0.03892,0.43504,-0.26426,0.36263,0.83981,-0.30558,0.00,-0.00,0.00
14.1145,297,0.23765,0.14785,-0.24669,0.19296,0.92806,-0.03523,-0.31659,1,0.25250,0.03892,0.43504,-0.26426,0.36263,0.83981,-0.30558,0.25258,0.03897,0.43492,-0.26423,0.36196,0.84015,-0.30548,0.08,0.05,-0.11
14.1312,298,0.23757,0.15601,-0.24519,0.20048,0.93258,-0.03286,-0.29837,1,0.25249,0.03892,0.43506,-0.26424,0.36266,0.83981,-0.30558,0.25265,0.03902,0.43480,-0.26412,0.36088,0.84046,-0.30600,0.17,0.10,-0.26
14.1480,0,0.23704,0.16378,-0.24430,0.21314,0.93637,-0.03711,-0.27643,1,0.25246,0.03893,0.43508,-0.26427,0.36260,0.83984,-0.30553,0.25273,0.03907,0.43468,-0.26394,0.35987,0.84055,-0.30709,0.27,0.13,-0.40
14.1647,1,0.23584,0.17139,-0.24450,0.22342,0.93960,-0.04204,-0.25586,1,0.25245,0.03895,0.43508,-0.26431,0.36239,0.83994,-0.30548,0.25280,0.03911,0.43456,-0.26365,0.35890,0.84065,-0.30819,0.34,0.16,-0.53
14.1815,2,0.23204,0.18707,-0.24644,0.23882,0.94383,-0.04082,-0.22471,1,0.25247,0.03898,0.43508,-0.26428,0.36202,0.84009,-0.30552,0.25285,0.03916,0.43442,-0.26354,0.35772,0.84086,-0.30908,0.38,0.18,-0.66
14.1983,3,0.22969,0.19512,-0.24818,0.24626,0.94515,-0.03483,-0.21173,1,0.25249,0.03897,0.43506,-0.26419,0.36147,0.84025,-0.30582,0.25291,0.03921,0.43429,-0.26375,0.35637,0.84118,-0.30961,0.41,0.24,-0.77
14.2149,4,0.22746,0.20325,-0.25032,0.25199,0.94667,-0.03030,-0.19847,1,0.25252,0.03896,0.43501,-0.26406,0.36077,0.84041,-0.30631,0.25296,0.03925,0.43416,-0.26377,0.35502,0.84153,-0.31018,0.44,0.29,-0.85
14.2317,5,0.22521,0.21138,-0.25313,0.25565,0.94847,-0.02949,-0.18488,1,0.25255,0.03897,0.43492,-0.26394,0.36001,0.84057,-0.30689,0.25301,0.03929,0.43403,-0.26345,0.35382,0.84185,-0.31096,0.46,0.33,-0.89
14.2486,6,0.22302,0.21937,-0.25621,0.25943,0.94981,-0.03080,-0.17208,1,0.25257,0.03901,0.43480,-0.26384,0.35904,0.84077,-0.30755,0.25306,0.03934,0.43389,-0.26307,0.35274,0.84207,-0.31190,0.49,0.33,-0.91
14.2652,7,0.21806,0.23523,-0.26365,0.27254,0.94825,-0.03010,-0.16015,1,0.25259,0.03907,0.43467,-0.26374,0.35797,0.84101,-0.30823,0.25310,0.03938,0.43375,-0.26340,0.35169,0.84205,-0.31287,0.51,0.31,-0.92
14.2820,8,0.21545,0.24260,-0.26735,0.28250,0.94506,-0.02509,-0.16257,1,0.25262,0.03912,0.43453,-0.26362,0.35685,0.84126,-0.30895,0.25314,0.03942,0.43362,-0.26425,0.35093,0.84191,-0.31340,0.53,0.30,-0.91
14.2989,9,0.21299,0.24981,-0.27126,0.29280,0.94136,-0.01664,-0.16680,1,0.25266,0.03914,0.43439,-0.26352,0.35580,0.84148,-0.30964,0.25319,0.03946,0.43348,-0.26551,0.35041,0.84174,-0.31335,0.53,0.32,-0.91
14.3154,10,0.21093,0.25694,-0.27507,0.30219,0.93844,-0.01123,-0.16699,1,0.25271,0.03914,0.43424,-0.26350,0.35467,0.84168,-0.31040,0.25323,0.03950,0.43334,-0.26682,0.34972,0.84157,-0.31348,0.51,0.36,-0.90
14.3321,11,0.20899,0.26367,-0.27931,0.30849,0.93725,-0.01074,-0.16210,1,0.25277,0.03914,0.43410,-0.26366,0.35358,0.84182,-0.31114,0.25327,0.03954,0.43320,-0.26765,0.34884,0.84141,-0.31416,0.50,0.40,-0.90
14.3489,12,0.20547,0.27673,-0.28931,0.31844,0.93694,-0.01107,-0.14360,1,0.25280,0.03917,0.43397,-0.26402,0.35259,0.84190,-0.31174,0.25331,0.03958,0.43306,-0.26783,0.34779,0.84144,-0.31510,0.50,0.41,-0.91
14.3657,13,0.20378,0.28281,-0.29505,0.32480,0.93645,-0.01071,-0.13212,1,0.25281,0.03923,0.43382,-0.26462,0.35166,0.84189,-0.31230,0.25334,0.03961,0.43292,-0.26785,0.34665,0.84154,-0.31608,0.54,0.38,-0.90
14.3824,14,0.20194,0.28853,-0.30132,0.33416,0.93470,-0.01000,-0.12076,1,0.25280,0.03931,0.43367,-0.26534,0.35082,0.84183,-0.31281,0.25338,0.03965,0.43278,-0.26814,0.34556,0.84152,-0.31706,0.58,0.34,-0.89
14.3995,15,0.20042,0.29358,-0.30676,0.34576,0.93115,-0.01330,-0.11504,1,0.25282,0.03936,0.43352,-0.26606,0.34997,0.84175,-0.31335,0.25342,0.03968,0.43264,-0.26881,0.34497,0.84113,-0.31819,0.60,0.33,-0.88
14.4161,16,0.19861,0.29800,-0.31210,0.35506,0.92717,-0.01549,-0.11849,1,0.25287,0.03935,0.43339,-0.26666,0.34908,0.84169,-0.31399,0.25346,0.03972,0.43250,-0.26985,0.34486,0.84056,-0.31892,0.59,0.36,-0.89
14.4328,17,0.19539,0.30593,-0.32300,0.37162,0.91933,-0.00906,-0.12902,1,0.25293,0.03934,0.43326,-0.26715,0.34819,0.84165,-0.31467,0.25349,0.03975,0.43235,-0.27120,0.34477,0.84014,-0.31899,0.56,0.42,-0.90
14.4497,18,0.19395,0.30910,-0.32931,0.37861,0.91689,-0.00562,-0.12627,1,0.25301,0.03932,0.43312,-0.26763,0.34729,0.84157,-0.31548,0.25353,0.03978,0.43221,-0.27232,0.34406,0.83994,-0.31932,0.52,0.46,-0.91
14.4663,19,0.19279,0.31189,-0.33589,0.38556,0.91543,-0.00753,-0.11518,1,0.25307,0.03936,0.43300,-0.26816,0.34649,0.84141,-0.31633,0.25356,0.03982,0.43207,-0.27286,0.34324,0.83980,-0.32011,0.49,0.46,-0.93
14.4830,20,0.19196,0.31427,-0.34282,0.39253,0.91399,-0.01152,-0.10200,1,0.25309,0.03943,0.43288,-0.26887,0.34584,0.84115,-0.31712,0.25360,0.03985,0.43193,-0.27278,0.34245,0.83968,-0.32133,0.50,0.42,-0.95
14.4998,21,0.19149,0.31642,-0.34955,0.40103,0.91140,-0.01675,-0.09082,1,0.25310,0.03951,0.43276,-0.26968,0.34528,0.84087,-0.31777,0.25363,0.03988,0.43178,-0.27286,0.34180,0.83941,-0.32266,0.53,0.37,-0.97
14.5166,22,0.19062,0.31922,-0.36199,0.42200,0.90200,-0.02453,-0.08785,1,0.25311,0.03957,0.43261,-0.27057,0.34472,0.84057,-0.31842,0.25366,0.03991,0.43164,-0.27355,0.34145,0.83891,-0.32374,0.55,0.34,-0.97
14.5333,23,0.18978,0.32033,-0.36794,0.43185,0.89686,-0.02366,-0.09267,1,0.25315,0.03959,0.43245,-0.27137,0.34410,0.84031,-0.31910,0.25369,0.03995,0.43150,-0.27467,0.34127,0.83842,-0.32425,0.55,0.36,-0.95
14.5501,24,0.18909,0.32144,-0.37341,0.44126,0.89181,-0.02370,-0.09696,1,0.25321,0.03958,0.43229,-0.27198,0.34347,0.84007,-0.31991,0.25373,0.03998,0.43136,-0.27606,0.34123,0.83789,-0.32448,0.51,0.40,-0.94
14.5668,25,0.18828,0.32224,-0.37841,0.44983,0.88701,-0.02395,-0.10146,1,0.25327,0.03957,0.43216,-0.27248,0.34289,0.83982,-0.32076,0.25376,0.04001,0.43122,-0.27744,0.34127,0.83734,-0.32469,0.49,0.44,-0.94
14.5836,26,0.18779,0.32288,-0.38338,0.45719,0.88301,-0.02347,-0.10352,1,0.25332,0.03960,0.43202,-0.27301,0.34235,0.83950,-0.32171,0.25380,0.04005,0.43107,-0.27880,0.34104,0.83686,-0.32502,0.48,0.44,-0.94
14.6002,27,0.18708,0.32347,-0.39322,0.46891,0.87812,-0.02745,-0.09095,1,0.25334,0.03969,0.43188,-0.27369,0.34192,0.83913,-0.32258,0.25383,0.04008,0.43093,-0.27962,0.34057,0.83646,-0.32582,0.49,0.39,-0.95
14.6171,28,0.18687,0.32352,-0.39777,0.47599,0.87500,-0.03158,-0.08257,1,0.25336,0.03976,0.43174,-0.27453,0.34162,0.83869,-0.32331,0.25386,0.04011,0.43079,-0.27987,0.34003,0.83610,-0.32709,0.51,0.35,-0.96
14.6337,29,0.18655,0.32305,-0.40249,0.48395,0.87081,-0.03672,-0.07832,1,0.25338,0.03980,0.43158,-0.27551,0.34138,0.83826,-0.32385,0.25390,0.04015,0.43065,-0.28042,0.33981,0.83552,-0.32834,0.51,0.35,-0.94
14.6504,30,0.18613,0.32310,-0.40643,0.49002,0.86728,-0.03975,-0.07828,1,0.25343,0.03981,0.43141,-0.27663,0.34118,0.83778,-0.32435,0.25393,0.04018,0.43050,-0.28141,0.33980,0.83484,-0.32924,0.50,0.37,-0.91
14.6670,31,0.18536,0.32324,-0.41032,0.49522,0.86415,-0.04005,-0.08001,1,0.25348,0.03978,0.43126,-0.27770,0.34095,0.83728,-0.32494,0.25397,0.04022,0.43036,-0.28275,0.33965,0.83430,-0.32961,0.48,0.43,-0.89
14.6837,32,0.18456,0.32435,-0.41639,0.50221,0.86030,-0.03884,-0.07848,1,0.25355,0.03975,0.43112,-0.27861,0.34071,0.83682,-0.32562,0.25400,0.04025,0.43022,-0.28383,0.33890,0.83397,-0.33026,0.45,0.51,-0.90
14.7006,33,0.18491,0.32440,-0.41938,0.50639,0.85802,-0.04075,-0.07557,1,0.25360,0.03973,0.43099,-0.27951,0.34047,0.83630,-0.32643,0.25404,0.04029,0.43008,-0.28442,0.33841,0.83351,-0.33142,0.43,0.56,-0.91
14.7173,34,0.18529,0.32477,-0.42199,0.50996,0.85596,-0.04401,-0.07300,1,0.25365,0.03977,0.43086,-0.28036,0.34018,0.83580,-0.32728,0.25407,0.04033,0.42994,-0.28479,0.33830,0.83291,-0.33274,0.42,0.55,-0.92
14.7340,35,0.18560,0.32503,-0.42447,0.51310,0.85406,-0.04815,-0.07062,1,0.25369,0.03985,0.43073,-0.28121,0.33984,0.83531,-0.32815,0.25411,0.04036,0.42980,-0.28505,0.33840,0.83225,-0.33406,0.42,0.51,-0.93
14.7508,36,0.18615,0.32533,-0.42678,0.51657,0.85202,-0.05065,-0.06819,1,0.25371,0.03994,0.43060,-0.28203,0.33947,0.83486,-0.32898,0.25415,0.04040,0.42966,-0.28549,0.33816,0.83167,-0.33535,0.44,0.46,-0.94
14.7675,37,0.18829,0.32568,-0.43144,0.52228,0.84910,-0.05447,-0.05741,1,0.25373,0.04000,0.43044,-0.28287,0.33918,0.83432,-0.32993,0.25418,0.04044,0.42952,-0.28537,0.33756,0.83141,-0.33669,0.46,0.44,-0.93
14.7844,38,0.18985,0.32580,-0.43380,0.52491,0.84763,-0.05719,-0.05219,1,0.25377,0.04002,0.43029,-0.28360,0.33898,0.83375,-0.33095,0.25422,0.04047,0.42938,-0.28522,0.33713,0.83108,-0.33808,0.45,0.46,-0.92
14.8011,39,0.19181,0.32590,-0.43625,0.52739,0.84617,-0.05994,-0.04765,1,0.25382,0.04003,0.43015,-0.28419,0.33876,0.83320,-0.33206,0.25426,0.04051,0.42924,-0.28511,0.33676,0.83070,-0.33948,0.44,0.48,-0.91
14.8179,40,0.19389,0.32597,-0.43874,0.53016,0.84443,-0.06340,-0.04301,1,0.25386,0.04006,0.43002,-0.28455,0.33848,0.83274,-0.33318,0.25430,0.04055,0.42910,-0.28504,0.33649,0.83025,-0.34089,0.43,0.49,-0.92
14.8347,41,0.19607,0.32607,-0.44122,0.53371,0.84218,-0.06649,-0.03826,1,0.25391,0.04012,0.42988,-0.28476,0.33813,0.83230,-0.33444,0.25433,0.04058,0.42896,-0.28514,0.33611,0.82981,-0.34226,0.43,0.47,-0.93
14.8512,42,0.20184,0.32584,-0.44617,0.54094,0.83737,-0.07328,-0.02855,1,0.25394,0.04018,0.42975,-0.28487,0.33775,0.83189,-0.33577,0.25437,0.04062,0.42881,-0.28523,0.33576,0.82935,-0.34364,0.44,0.43,-0.94
14.8680,43,0.20515,0.32555,-0.44871,0.54475,0.83461,-0.07810,-0.02407,1,0.25397,0.04026,0.42961,-0.28491,0.33737,0.83148,-0.33712,0.25441,0.04065,0.42867,-0.28537,0.33564,0.82878,-0.34502,0.44,0.39,-0.94
14.8847,44,0.20863,0.32530,-0.45120,0.54769,0.83222,-0.08394,-0.01995,1,0.25400,0.04033,0.42947,-0.28496,0.33704,0.83107,-0.33841,0.25445,0.04069,0.42853,-0.28539,0.33576,0.82816,-0.34638,0.45,0.36,-0.94
14.9015,45,0.21221,0.32506,-0.45391,0.55115,0.82931,-0.09063,-0.01622,1,0.25404,0.04037,0.42932,-0.28502,0.33672,0.83061,-0.33980,0.25450,0.04072,0.42839,-0.28552,0.33595,0.82748,-0.34770,0.46,0.35,-0.92
14.9182,46,0.21597,0.32443,-0.45647,0.55616,0.82516,-0.09809,-0.01311,1,0.25408,0.04040,0.42917,-0.28511,0.33643,0.83014,-0.34117,0.25454,0.04076,0.42825,-0.28589,0.33613,0.82675,-0.34894,0.46,0.36,-0.91
14.9349,47,0.22275,0.32221,-0.46168,0.56858,0.81408,-0.11728,-0.01564,1,0.25411,0.04041,0.42903,-0.28519,0.33623,0.82966,-0.34247,0.25458,0.04079,0.42811,-0.28662,0.33662,0.82593,-0.34983,0.46,0.38,-0.92
14.9516,48,0.22581,0.32040,-0.46370,0.57418,0.80912,-0.12390,-0.01728,1,0.25415,0.04045,0.42888,-0.28526,0.33610,0.82912,-0.34384,0.25462,0.04083,0.42797,-0.28751,0.33700,0.82512,-0.35064,0.47,0.38,-0.90
14.9684,49,0.22894,0.31830,-0.46552,0.58038,0.80433,-0.12534,-0.02243,1,0.25419,0.04049,0.42873,-0.28541,0.33604,0.82854,-0.34517,0.25466,0.04086,0.42784,-0.28880,0.33712,0.82451,-0.35090,0.48,0.37,-0.89
14.9851,50,0.23144,0.31639,-0.46708,0.58852,0.79868,-0.12186,-0.02997,1,0.25421,0.04055,0.42859,-0.28566,0.33612,0.82789,-0.34643,0.25471,0.04090,0.42770,-0.29020,0.33681,0.82424,-0.35066,0.50,0.35,-0.89
15.0018,51,0.23284,0.31408,-0.46847,0.59538,0.79370,-0.11906,-0.03734,1,0.25424,0.04059,0.42847,-0.28606,0.33628,0.82724,-0.34750,0.25476,0.04093,0.42756,-0.29161,0.33655,0.82400,-0.35032,0.51,0.34,-0.91
15.0186,52,0.23449,0.30773,-0.47067,0.60393,0.78745,-0.11295,-0.04932,1,0.25429,0.04061,0.42834,-0.28669,0.33639,0.82658,-0.34846,0.25480,0.04096,0.42742,-0.29297,0.33626,0.82387,-0.34976,0.51,0.35,-0.92
15.0353,53,0.23469,0.30436,-0.47085,0.60249,0.78884,-0.10989,-0.05167,1,0.25432,0.04065,0.42821,-0.28756,0.33650,0.82594,-0.34914,0.25485,0.04098,0.42728,-0.29375,0.33602,0.82408,-0.34886,0.52,0.33,-0.93
15.0516,54,0.23442,0.30188,-0.47075,0.59986,0.79136,-0.10696,-0.04981,0,0.25435,0.04070,0.42808,-0.28853,0.33652,0.82543,-0.34952,0.25485,0.04098,0.42728,-0.29375,0.33602,0.82408,-0.34886,0.49,0.28,-0.80
15.0684,55,0.23300,0.30057,-0.46907,0.59870,0.79258,-0.10774,-0.04200,0,0.25439,0.04075,0.42795,-0.28964,0.33645,0.82502,-0.34965,0.25485,0.04098,0.42728,-0.29375,0.33602,0.82408,-0.34886,0.46,0.23,-0.67
15.0852,56,0.22978,0.29739,-0.46389,0.59160,0.79820,-0.10944,-0.03017,0,0.25445,0.04080,0.42781,-0.29069,0.33633,0.82475,-0.34953,0.25485,0.04098,0.42728,-0.29375,0.33602,0.82408,-0.34886,0.39,0.19,-0.53
15.1019,57,0.22838,0.29615,-0.45916,0.58690,0.80217,-0.10400,-0.03539,0,0.25452,0.04081,0.42770,-0.29153,0.33625,0.82456,-0.34935,0.25485,0.04098,0.42728,-0.29375,0.33602,0.82408,-0.34886,0.33,0.17,-0.42
15.1186,58,0.22678,0.29437,-0.45293,0.58054,0.80690,-0.09713,-0.04956,0,0.25458,0.04081,0.42762,-0.29225,0.33621,0.82441,-0.34915,0.25485,0.04098,0.42728,-0.29375,0.33602,0.82408,-0.34886,0.27,0.17,-0.34
15.1353,59,0.22501,0.29177,-0.44705,0.57220,0.81250,-0.08892,-0.06724,0,0.25464,0.04079,0.42758,-0.29279,0.33613,0.82432,-0.34897,0.25485,0.04098,0.42728,-0.29375,0.33602,0.82408,-0.34886,0.20,0.20,-0.30
15.1520,60,0.22313,0.28735,-0.44069,0.56414,0.81707,-0.07933,-0.08859,0,0.25469,0.04077,0.42756,-0.29314,0.33606,0.82428,-0.34885,0.25485,0.04098,0.42728,-0.29375,0.33602,0.82408,-0.34886,0.16,0.21,-0.29
15.1688,61,0.21886,0.27459,-0.42522,0.55120,0.82314,-0.06033,-0.12242,0,0.25472,0.04077,0.42755,-0.29339,0.33601,0.82425,-0.34876,0.25485,0.04098,0.42728,-0.29375,0.33602,0.82408,-0.34886,0.13,0.22,-0.27
15.1855,62,0.21735,0.26612,-0.41591,0.54230,0.82763,-0.05037,-0.13564,0,0.25472,0.04078,0.42754,-0.29354,0.33599,0.82422,-0.34871,0.25485,0.04098,0.42728,-0.29375,0.33602,0.82408,-0.34886,0.13,0.21,-0.26
15.2023,63,0.21613,0.25650,-0.40581,0.53210,0.83302,-0.03833,-0.14656,0,0.25472,0.04079,0.42753,-0.29363,0.33596,0.82422,-0.34868,0.25485,0.04098,0.42728,-0.29375,0.33602,0.82408,-0.34886,0.13,0.19,-0.25
15.2190,64,0.21510,0.24594,-0.39467,0.52086,0.83929,-0.02477,-0.15394,0,0.25470,0.04082,0.42753,-0.29368,0.33594,0.82422,-0.34866,0.25485,0.04098,0.42728,-0.29375,0.33602,0.82408,-0.34886,0.14,0.16,-0.25
15.2357,65,0.21436,0.23448,-0.38309,0.50836,0.84624,-0.00964,-0.15920,0,0.25468,0.04084,0.42752,-0.29371,0.33593,0.82421,-0.34865,0.25485,0.04098,0.42728,-0.29375,0.33602,0.82408,-0.34886,0.16,0.14,-0.24
15.2525,66,0.21266,0.21101,-0.35921,0.48133,0.86111,0.01950,-0.16256,0,0.25467,0.04086,0.42752,-0.29372,0.33591,0.82421,-0.34867,0.25485,0.04098,0.42728,-0.29375,0.33602,0.82408,-0.34886,0.18,0.13,-0.24
15.2692,67,0.21180,0.19864,-0.34688,0.46895,0.86803,0.03149,-0.16006,0,0.25467,0.04086,0.42752,-0.29374,0.33590,0.82421,-0.34867,0.25485,0.04098,0.42728,-0.29375,0.33602,0.82408,-0.34886,0.18,0.12,-0.24
15.2859,68,0.21153,0.18513,-0.33363,0.45686,0.87483,0.04441,-0.15485,0,0.25467,0.04086,0.42751,-0.29376,0.33590,0.82421,-0.34866,0.25485,0.04098,0.42728,-0.29375,0.33602,0.82408,-0.34886,0.18,0.13,-0.23
15.3027,69,0.21154,0.17151,-0.32020,0.44415,0.88122,0.05848,-0.15088,0,0.25468,0.04084,0.42750,-0.29378,0.33592,0.82419,-0.34865,0.25485,0.04098,0.42728,-0.29375,0.33602,0.82408,-0.34886,0.17,0.15,-0.22
15.3194,70,0.21209,0.15754,-0.30663,0.43127,0.88682,0.07360,-0.14881,0,0.25470,0.04081,0.42748,-0.29382,0.33595,0.82418,-0.34863,0.25485,0.04098,0.42728,-0.29375,0.33602,0.82408,-0.34886,0.15,0.17,-0.20
15.3361,71,0.21541,0.12923,-0.27902,0.40610,0.89625,0.09901,-0.14839,0,0.25472,0.04078,0.42747,-0.29387,0.33595,0.82417,-0.34861,0.25485,0.04098,0.42728,-0.29375,0.33602,0.82408,-0.34886,0.13,0.20,-0.19
15.3529,72,0.21762,0.11466,-0.26616,0.39187,0.90131,0.10760,-0.15002,0,0.25474,0.04076,0.42746,-0.29389,0.33597,0.82415,-0.34860,0.25485,0.04098,0.42728,-0.29375,0.33602,0.82408,-0.34886,0.11,0.23,-0.18
15.3696,73,0.22023,0.10033,-0.25415,0.38060,0.90501,0.11455,-0.15160,0,0.25475,0.04075,0.42745,-0.29390,0.33598,0.82415,-0.34860,0.25485,0.04098,0.42728,-0.29375,0.33602,0.82408,-0.34886,0.10,0.24,-0.17
15.3863,74,0.22321,0.08629,-0.24241,0.37138,0.90721,0.12297,-0.15466,0,0.25476,0.04075,0.42745,-0.29392,0.33596,0.82415,-0.34860,0.25485,0.04098,0.42728,-0.29375,0.33602,0.82408,-0.34886,0.09,0.24,-0.17
15.4030,75,0.22664,0.07200,-0.23176,0.36531,0.90741,0.13059,-0.16154,0,0.25476,0.04075,0.42745,-0.29391,0.33594,0.82415,-0.34861,0.25485,0.04098,0.42728,-0.29375,0.33602,0.82408,-0.34886,0.08,0.23,-0.17
15.4198,76,0.23309,0.04536,-0.21304,0.35283,0.90471,0.15257,-0.18365,0,0.25476,0.04076,0.42745,-0.29390,0.33594,0.82415,-0.34863,0.25485,0.04098,0.42728,-0.29375,0.33602,0.82408,-0.34886,0.08,0.22,-0.17
15.4365,77,0.23606,0.03258,-0.20477,0.34741,0.90359,0.16010,-0.19286,0,0.25476,0.04078,0.42745,-0.29390,0.33594,0.82415,-0.34863,0.25485,0.04098,0.42728,-0.29375,0.33602,0.82408,-0.34886,0.09,0.20,-0.17
15.4533,78,0.23901,0.02046,-0.19745,0.34215,0.90268,0.16744,-0.20015,0,0.25476,0.04080,0.42746,-0.29389,0.33593,0.82415,-0.34863,0.25485,0.04098,0.42728,-0.29375,0.33602,0.82408,-0.34886,0.09,0.19,-0.18
15.4700,79,0.24205,0.00877,-0.19165,0.33635,0.90204,0.17448,-0.20676,0,0.25475,0.04081,0.42746,-0.29389,0.33594,0.82415,-0.34864,0.25485,0.04098,0.42728,-0.29375,0.33602,0.82408,-0.34886,0.10,0.18,-0.18
15.4868,80,0.24460,-0.00219,-0.18757,0.33019,0.90196,0.17983,-0.21239,0,0.25475,0.04081,0.42746,-0.29388,0.33594,0.82415,-0.34865,0.25485,0.04098,0.42728,-0.29375,0.33602,0.82408,-0.34886,0.10,0.17,-0.19
15.5034,81,0.24860,-0.02099,-0.18133,0.33055,0.89968,0.18203,-0.21947,0,0.25475,0.04082,0.42747,-0.29388,0.33594,0.82415,-0.34865,0.25485,0.04098,0.42728,-0.29375,0.33602,0.82408,-0.34886,0.10,0.17,-0.19
15.5202,82,0.24977,-0.02909,-0.18022,0.33940,0.89692,0.17957,-0.21933,0,0.25475,0.04082,0.42747,-0.29388,0.33593,0.82415,-0.34865,0.25485,0.04098,0.42728,-0.29375,0.33602,0.82408,-0.34886,0.10,0.17,-0.19
15.5370,83,0.25031,-0.03648,-0.17955,0.35154,0.89300,0.17599,-0.21908,0,0.25475,0.04082,0.42746,-0.29388,0.33592,0.82416,-0.34865,0.25485,0.04098,0.42728,-0.29375,0.33602,0.82408,-0.34886,0.09,0.17,-0.19
15.5537,84,0.25079,-0.04292,-0.17947,0.36499,0.88933,0.16801,-0.21826,0,0.25475,0.04081,0.42746,-0.29388,0.33592,0.82415,-0.34866,0.25485,0.04098,0.42728,-0.29375,0.33602,0.82408,-0.34886,0.09,0.17,-0.18
15.5704,85,0.25081,-0.04905,-0.17985,0.37656,0.88677,0.15683,-0.21735,0,0.25475,0.04081,0.42746,-0.29389,0.33593,0.82415,-0.34866,0.25485,0.04098,0.42728,-0.29375,0.33602,0.82408,-0.34886,0.09,0.17,-0.18
15.5871,86,0.25141,-0.05765,-0.18378,0.38791,0.88355,0.14740,-0.21711,0,0.25475,0.04082,0.42746,-0.29389,0.33593,0.82415,-0.34865,0.25485,0.04098,0.42728,-0.29375,0.33602,0.82408,-0.34886,0.09,0.17,-0.18
15.6042,87,0.25119,-0.06014,-0.18659,0.39868,0.88120,0.13972,-0.21220,1,0.25475,0.04082,0.42746,-0.29389,0.33593,0.82415,-0.34865,0.25475,0.04082,0.42746,-0.29389,0.33593,0.82415,-0.34865,0.00,-0.00,0.00
15.6209,88,0.25152,-0.06154,-0.19011,0.41117,0.87865,0.12911,-0.20554,1,0.25475,0.04082,0.42746,-0.29388,0.33593,0.82415,-0.34866,0.25463,0.04074,0.42741,-0.29407,0.33597,0.82380,-0.34929,-0.12,-0.08,-0.05
15.6376,89,0.25175,-0.06214,-0.19467,0.42334,0.87586,0.11755,-0.19957,1,0.25474,0.04081,0.42748,-0.29389,0.33592,0.82416,-0.34864,0.25453,0.04067,0.42734,-0.29440,0.33615,0.82307,-0.35054,-0.22,-0.14,-0.14
15.6544,90,0.25168,-0.06170,-0.20032,0.43514,0.87331,0.10380,-0.19292,1,0.25471,0.04077,0.42749,-0.29392,0.33590,0.82416,-0.34864,0.25443,0.04060,0.42725,-0.29461,0.33640,0.82235,-0.35182,-0.28,-0.17,-0.24
15.6711,91,0.25084,-0.05892,-0.21297,0.45511,0.86892,0.08160,-0.17663,1,0.25466,0.04071,0.42748,-0.29399,0.33588,0.82408,-0.34879,0.25436,0.04054,0.42713,-0.29475,0.33646,0.82170,-0.35316,-0.30,-0.17,-0.35
15.6878,92,0.25024,-0.05547,-0.22068,0.46221,0.86791,0.07548,-0.16554,1,0.25458,0.04064,0.42749,-0.29408,0.33590,0.82389,-0.34912,0.25430,0.04049,0.42700,-0.29468,0.33606,0.82130,-0.35454,-0.28,-0.15,-0.49
15.7046,93,0.24971,-0.05084,-0.22935,0.46977,0.86608,0.07136,-0.15537,1,0.25447,0.04056,0.42750,-0.29419,0.33601,0.82355,-0.34972,0.25425,0.04044,0.42687,-0.29477,0.33552,0.82090,-0.35588,-0.22,-0.12,-0.63
15.7213,94,0.24919,-0.04494,-0.23897,0.47932,0.86228,0.06817,-0.14859,1,0.25434,0.04046,0.42748,-0.29432,0.33612,0.82312,-0.35054,0.25421,0.04040,0.42673,-0.29533,0.33505,0.82038,-0.35708,-0.13,-0.06,-0.75
15.7380,95,0.24843,-0.03799,-0.24971,0.49158,0.85628,0.06312,-0.14540,1,0.25422,0.04040,0.42740,-0.29443,0.33610,0.82267,-0.35150,0.25418,0.04036,0.42659,-0.29620,0.33491,0.81968,-0.35808,-0.04,-0.04,-0.81
15.7548,96,0.24486,-0.02304,-0.27221,0.51611,0.84362,0.05418,-0.13787,1,0.25413,0.04034,0.42730,-0.29454,0.33598,0.82225,-0.35251,0.25417,0.04033,0.42644,-0.29707,0.33471,0.81901,-0.35908,0.04,-0.01,-0.86
15.7717,97,0.24286,-0.01487,-0.28452,0.52395,0.83996,0.05469,-0.13024,1,0.25405,0.04027,0.42717,-0.29472,0.33578,0.82178,-0.35366,0.25417,0.04031,0.42629,-0.29761,0.33391,0.81867,-0.36015,0.12,0.04,-0.87
15.7883,98,0.24071,-0.00645,-0.29727,0.52971,0.83712,0.05746,-0.12380,1,0.25398,0.04022,0.42703,-0.29502,0.33552,0.82128,-0.35480,0.25417,0.04028,0.42615,-0.29808,0.33279,0.81857,-0.36102,0.19,0.07,-0.88
15.8051,99,0.23872,0.00204,-0.31011,0.53506,0.83400,0.06085,-0.12019,1,0.25391,0.04020,0.42689,-0.29546,0.33522,0.82075,-0.35595,0.25418,0.04027,0.42600,-0.29887,0.33167,0.81848,-0.36161,0.27,0.06,-0.90
15.8217,100,0.23670,0.01074,-0.32327,0.54013,0.83041,0.06429,-0.12060,1,0.25384,0.04019,0.42677,-0.29595,0.33486,0.82026,-0.35701,0.25418,0.04025,0.42585,-0.30010,0.33085,0.81833,-0.36168,0.34,0.05,-0.92
15.8385,101,0.23285,0.02919,-0.34879,0.55581,0.81808,0.06379,-0.13324,1,0.25381,0.04017,0.42662,-0.29652,0.33435,0.81980,-0.35807,0.25420,0.04023,0.42570,-0.30145,0.33071,0.81792,-0.36161,0.39,0.06,-0.92
15.8554,102,0.23124,0.03824,-0.36057,0.56314,0.81278,0.05904,-0.13701,1,0.25382,0.04012,0.42647,-0.29718,0.33369,0.81943,-0.35899,0.25422,0.04021,0.42555,-0.30261,0.33111,0.81720,-0.36191,0.41,0.08,-0.92
15.8721,103,0.22977,0.04726,-0.37184,0.56860,0.80886,0.05466,-0.13947,1,0.25385,0.04007,0.42632,-0.29796,0.33295,0.81912,-0.35972,0.25425,0.04019,0.42541,-0.30366,0.33165,0.81639,-0.36237,0.40,0.12,-0.91
15.8887,104,0.22863,0.05617,-0.38249,0.57319,0.80604,0.05205,-0.13802,1,0.25389,0.04003,0.42618,-0.29881,0.33228,0.81885,-0.36026,0.25428,0.04017,0.42526,-0.30449,0.33170,0.81563,-0.36333,0.38,0.14,-0.92
15.9056,105,0.22789,0.06480,-0.39252,0.57897,0.80259,0.04956,-0.13486,1,0.25394,0.03999,0.42603,-0.29978,0.33178,0.81848,-0.36076,0.25431,0.04016,0.42512,-0.30519,0.33145,0.81497,-0.36445,0.37,0.16,-0.91
15.9222,106,0.22753,0.08273,-0.40989,0.58582,0.80012,0.04287,-0.12159,1,0.25396,0.04000,0.42587,-0.30083,0.33155,0.81800,-0.36118,0.25435,0.04014,0.42497,-0.30520,0.33117,0.81447,-0.36580,0.38,0.14,-0.90
15.9389,107,0.22788,0.09216,-0.41741,0.58769,0.79999,0.03890,-0.11457,1,0.25398,0.03999,0.42574,-0.30181,0.33152,0.81744,-0.36166,0.25439,0.04013,0.42483,-0.30474,0.33102,0.81409,-0.36717,0.41,0.14,-0.91
15.9557,108,0.22836,0.10198,-0.42360,0.58715,0.80136,0.03257,-0.10963,1,0.25400,0.03997,0.42562,-0.30275,0.33153,0.81680,-0.36231,0.25444,0.04012,0.42468,-0.30398,0.33151,0.81368,-0.36828,0.44,0.15,-0.94
15.9723,109,0.22885,0.11163,-0.42903,0.58823,0.80057,0.02648,-0.11124,1,0.25403,0.03994,0.42551,-0.30348,0.33148,0.81618,-0.36313,0.25448,0.04011,0.42454,-0.30373,0.33236,0.81307,-0.36905,0.45,0.17,-0.97
15.9893,110,0.22920,0.12140,-0.43358,0.58970,0.79880,0.02132,-0.11714,1,0.25406,0.03995,0.42540,-0.30395,0.33141,0.81560,-0.36410,0.25453,0.04010,0.42440,-0.30400,0.33336,0.81246,-0.36929,0.47,0.15,-1.00
16.0060,111,0.22942,0.14048,-0.44013,0.58529,0.80102,0.01459,-0.12486,1,0.25410,0.03996,0.42526,-0.30411,0.33144,0.81504,-0.36520,0.25459,0.04010,0.42426,-0.30397,0.33459,0.81212,-0.36894,0.49,0.14,-1.00
16.0225,112,0.22982,0.14925,-0.44310,0.57948,0.80566,0.01257,-0.12230,1,0.25415,0.03999,0.42509,-0.30405,0.33161,0.81453,-0.36623,0.25464,0.04010,0.42412,-0.30336,0.33549,0.81207,-0.36873,0.49,0.11,-0.97
16.0392,113,0.23038,0.15789,-0.44566,0.57428,0.81035,0.00915,-0.11600,1,0.25421,0.04004,0.42491,-0.30392,0.33197,0.81400,-0.36718,0.25470,0.04009,0.42398,-0.30229,0.33598,0.81217,-0.36895,0.49,0.06,-0.93
16.0559,114,0.23099,0.16640,-0.44767,0.57083,0.81365,0.00452,-0.11002,1,0.25427,0.04009,0.42476,-0.30378,0.33254,0.81352,-0.36786,0.25475,0.04009,0.42384,-0.30104,0.33629,0.81215,-0.36971,0.48,-0.00,-0.91
16.0729,115,0.23197,0.17502,-0.44900,0.56854,0.81578,-0.00103,-0.10610,1,0.25434,0.04013,0.42461,-0.30358,0.33329,0.81307,-0.36835,0.25481,0.04009,0.42371,-0.29999,0.33691,0.81191,-0.37054,0.47,-0.04,-0.91
16.0896,116,0.23457,0.19211,-0.44886,0.56157,0.82057,-0.01287,-0.10555,1,0.25439,0.04013,0.42450,-0.30333,0.33409,0.81271,-0.36862,0.25487,0.04009,0.42357,-0.29907,0.33803,0.81165,-0.37082,0.48,-0.04,-0.93
16.1063,117,0.23628,0.20056,-0.44799,0.55640,0.82300,-0.01802,-0.11294,1,0.25447,0.04016,0.42437,-0.30288,0.33491,0.81247,-0.36877,0.25493,0.04010,0.42343,-0.29858,0.33925,0.81147,-0.37050,0.46,-0.07,-0.93
16.1231,118,0.23865,0.20842,-0.44680,0.55012,0.82557,-0.02352,-0.12350,1,0.25456,0.04015,0.42426,-0.30223,0.33567,0.81228,-0.36902,0.25500,0.04010,0.42330,-0.29851,0.34049,0.81135,-0.36968,0.44,-0.05,-0.96
16.1398,119,0.24111,0.21563,-0.44566,0.54300,0.82836,-0.02959,-0.13449,1,0.25465,0.04011,0.42417,-0.30144,0.33632,0.81214,-0.36939,0.25506,0.04010,0.42316,-0.29838,0.34175,0.81124,-0.36886,0.41,-0.01,-1.01
16.1565,120,0.24375,0.22262,-0.44461,0.53667,0.83073,-0.03528,-0.14360,1,0.25474,0.04010,0.42406,-0.30058,0.33706,0.81199,-0.36975,0.25512,0.04011,0.42302,-0.29821,0.34302,0.81112,-0.36810,0.38,0.01,-1.04
16.1731,121,0.24906,0.23467,-0.44134,0.52685,0.83268,-0.05021,-0.16298,1,0.25479,0.04011,0.42392,-0.29983,0.33789,0.81182,-0.36997,0.25518,0.04012,0.42289,-0.29822,0.34436,0.81082,-0.36751,0.40,0.01,-1.03
16.1899,122,0.25137,0.23991,-0.43933,0.52049,0.83307,-0.05758,-0.17825,1,0.25483,0.04012,0.42376,-0.29925,0.33883,0.81164,-0.36998,0.25525,0.04012,0.42275,-0.29841,0.34560,0.81057,-0.36672,0.41,-0.00,-1.01
16.2066,123,0.25364,0.24537,-0.43707,0.51407,0.83229,-0.06337,-0.19750,1,0.25491,0.04013,0.42356,-0.29881,0.33990,0.81148,-0.36971,0.25531,0.04013,0.42262,-0.29880,0.34672,0.81036,-0.36582,0.40,0.01,-0.94
16.2233,124,0.25551,0.25032,-0.43376,0.50551,0.82759,-0.06590,-0.23497,1,0.25499,0.04014,0.42338,-0.29858,0.34107,0.81130,-0.36920,0.25537,0.04014,0.42248,-0.29944,0.34761,0.81020,-0.36481,0.39,0.01,-0.90
16.2401,125,0.25710,0.25532,-0.42999,0.49258,0.82017,-0.06454,-0.28377,1,0.25505,0.04013,0.42324,-0.29852,0.34218,0.81112,-0.36861,0.25544,0.04016,0.42234,-0.30010,0.34840,0.81010,-0.36373,0.39,0.03,-0.90
16.2568,126,0.25934,0.26361,-0.42345,0.46125,0.79797,-0.05294,-0.38431,1,0.25512,0.04011,0.42312,-0.29858,0.34336,0.81093,-0.36789,0.25550,0.04016,0.42221,-0.30079,0.34911,0.81004,-0.36260,0.39,0.06,-0.91
16.2735,127,0.25965,0.26706,-0.42076,0.44946,0.79284,-0.05381,-0.40803,1,0.25518,0.04010,0.42298,-0.29878,0.34452,0.81074,-0.36708,0.25557,0.04017,0.42207,-0.30124,0.34997,0.81001,-0.36146,0.39,0.07,-0.91
16.2902,128,0.25971,0.26987,-0.41809,0.43944,0.79378,-0.06230,-0.41584,1,0.25524,0.04010,0.42284,-0.29911,0.34558,0.81057,-0.36617,0.25563,0.04017,0.42194,-0.30102,0.35106,0.81001,-0.36059,0.40,0.07,-0.90
16.3069,129,0.25922,0.27261,-0.41618,0.43029,0.79430,-0.06836,-0.42340,1,0.25530,0.04009,0.42271,-0.29950,0.34654,0.81043,-0.36527,0.25569,0.04018,0.42180,-0.30061,0.35219,0.81007,-0.35969,0.40,0.09,-0.91
16.3236,130,0.25827,0.27536,-0.41360,0.42130,0.79125,-0.07010,-0.43763,1,0.25537,0.04008,0.42257,-0.29994,0.34755,0.81029,-0.36426,0.25575,0.04019,0.42166,-0.30089,0.35314,0.81005,-0.35857,0.38,0.11,-0.91
16.3404,131,0.25606,0.28073,-0.40580,0.39424,0.77746,-0.05968,-0.48638,1,0.25544,0.04006,0.42243,-0.30032,0.34857,0.81017,-0.36323,0.25581,0.04020,0.42153,-0.30148,0.35378,0.81010,-0.35735,0.37,0.13,-0.91
16.3572,132,0.25477,0.28383,-0.40096,0.37719,0.77244,-0.05134,-0.50836,1,0.25554,0.04004,0.42230,-0.30058,0.34953,0.81009,-0.36226,0.25587,0.04020,0.42139,-0.30196,0.35424,0.81030,-0.35602,0.33,0.17,-0.91
16.3739,133,0.25314,0.28672,-0.39608,0.36246,0.76795,-0.04163,-0.52645,1,0.25565,0.04001,0.42216,-0.30080,0.35053,0.81005,-0.36121,0.25592,0.04021,0.42125,-0.30251,0.35457,0.81054,-0.35468,0.27,0.20,-0.91
16.3906,134,0.25184,0.28995,-0.39090,0.34836,0.76643,-0.03380,-0.53860,1,0.25575,0.04003,0.42204,-0.30101,0.35144,0.81006,-0.36012,0.25598,0.04021,0.42111,-0.30284,0.35480,0.81092,-0.35329,0.22,0.18,-0.93
16.4074,135,0.25027,0.29280,-0.38528,0.33303,0.76629,-0.02986,-0.54863,1,0.25581,0.04008,0.42193,-0.30129,0.35222,0.81011,-0.35900,0.25603,0.04021,0.42097,-0.30286,0.35515,0.81137,-0.35190,0.22,0.13,-0.96
16.4241,136,0.24651,0.29826,-0.37451,0.30212,0.76108,-0.01918,-0.57368,1,0.25585,0.04013,0.42181,-0.30160,0.35292,0.81020,-0.35784,0.25608,0.04021,0.42083,-0.30308,0.35555,0.81171,-0.35052,0.23,0.07,-0.98
16.4408,137,0.24418,0.30077,-0.36932,0.28643,0.75627,-0.00989,-0.58814,1,0.25589,0.04018,0.42169,-0.30193,0.35344,0.81037,-0.35669,0.25613,0.04021,0.42069,-0.30353,0.35584,0.81200,-0.34915,0.24,0.02,-1.00
16.4576,138,0.24140,0.30289,-0.36413,0.27305,0.75280,-0.00179,-0.59894,1,0.25594,0.04020,0.42154,-0.30224,0.35394,0.81059,-0.35541,0.25617,0.04020,0.42054,-0.30395,0.35606,0.81234,-0.34777,0.24,-0.00,-1.00
16.4743,139,0.23862,0.30471,-0.35913,0.25976,0.75094,0.00847,-0.60708,1,0.25600,0.04020,0.42138,-0.30253,0.35440,0.81086,-0.35410,0.25622,0.04019,0.42040,-0.30437,0.35601,0.81279,-0.34640,0.22,-0.01,-0.98
16.4911,140,0.23538,0.30655,-0.35448,0.24653,0.75229,0.01773,-0.61071,1,0.25606,0.04020,0.42122,-0.30285,0.35480,0.81115,-0.35275,0.25626,0.04018,0.42026,-0.30452,0.35567,0.81343,-0.34510,0.20,-0.02,-0.97
16.5079,141,0.22895,0.31094,-0.34514,0.23003,0.75875,0.03304,-0.60852,1,0.25611,0.04020,0.42108,-0.30317,0.35513,0.81145,-0.35147,0.25630,0.04017,0.42011,-0.30454,0.35487,0.81420,-0.34409,0.19,-0.03,-0.97
16.5246,142,0.22595,0.31304,-0.34057,0.22263,0.76068,0.03957,-0.60847,1,0.25617,0.04020,0.42093,-0.30352,0.35539,0.81179,-0.35009,0.25634,0.04016,0.41997,-0.30463,0.35419,0.81493,-0.34298,0.17,-0.04,-0.97
16.5412,143,0.22363,0.31458,-0.33557,0.21554,0.76183,0.04673,-0.60907,1,0.25622,0.04018,0.42079,-0.30387,0.35549,0.81221,-0.34873,0.25637,0.04014,0.41982,-0.30488,0.35355,0.81560,-0.34182,0.15,-0.04,-0.97
16.5580,144,0.22158,0.31635,-0.33034,0.20504,0.76286,0.05675,-0.61055,1,0.25628,0.04016,0.42064,-0.30415,0.35541,0.81267,-0.34749,0.25641,0.04012,0.41968,-0.30514,0.35300,0.81625,-0.34061,0.13,-0.04,-0.97
16.5749,145,0.21973,0.31815,-0.32530,0.19286,0.76566,0.06718,-0.60997,1,0.25634,0.04014,0.42049,-0.30439,0.35515,0.81323,-0.34622,0.25645,0.04011,0.41953,-0.30522,0.35231,0.81698,-0.33950,0.11,-0.04,-0.96
16.5914,146,0.21619,0.32181,-0.31485,0.17025,0.77157,0.08458,-0.60708,1,0.25640,0.04013,0.42034,-0.30459,0.35475,0.81385,-0.34499,0.25648,0.04009,0.41939,-0.30518,0.35159,0.81775,-0.33843,0.08,-0.05,-0.96
16.6082,147,0.21435,0.32302,-0.30967,0.15941,0.77117,0.09100,-0.60960,1,0.25643,0.04015,0.42020,-0.30476,0.35426,0.81451,-0.34380,0.25651,0.04006,0.41924,-0.30524,0.35136,0.81838,-0.33709,0.08,-0.08,-0.96
16.6250,148,0.21271,0.32465,-0.30355,0.14912,0.76899,0.09933,-0.61364,1,0.25646,0.04016,0.42006,-0.30490,0.35374,0.81515,-0.34269,0.25654,0.04004,0.41910,-0.30558,0.35121,0.81888,-0.33573,0.09,-0.12,-0.97
16.6417,149,0.21123,0.32590,-0.29691,0.13859,0.76698,0.10999,-0.61679,1,0.25647,0.04015,0.41992,-0.30503,0.35319,0.81583,-0.34151,0.25657,0.04001,0.41895,-0.30601,0.35089,0.81939,-0.33442,0.10,-0.14,-0.96
16.6585,150,0.21009,0.32662,-0.29010,0.12590,0.76688,0.12061,-0.61766,1,0.25650,0.04012,0.41976,-0.30516,0.35266,0.81652,-0.34030,0.25660,0.03998,0.41881,-0.30621,0.35038,0.82003,-0.33318,0.10,-0.14,-0.95
16.6752,151,0.20686,0.32776,-0.27769,0.09215,0.76880,0.14934,-0.61494,1,0.25653,0.04010,0.41961,-0.30530,0.35221,0.81716,-0.33909,0.25663,0.03995,0.41867,-0.30637,0.34973,0.82072,-0.33203,0.10,-0.14,-0.94
16.6920,152,0.20533,0.32853,-0.27195,0.07637,0.76934,0.16427,-0.61261,1,0.25654,0.04007,0.41946,-0.30548,0.35179,0.81781,-0.33781,0.25665,0.03991,0.41852,-0.30658,0.34902,0.82139,-0.33091,0.11,-0.15,-0.94
16.7086,153,0.20369,0.32919,-0.26611,0.06292,0.76795,0.17431,-0.61311,1,0.25655,0.04003,0.41932,-0.30570,0.35135,0.81845,-0.33652,0.25668,0.03987,0.41838,-0.30673,0.34858,0.82204,-0.32964,0.13,-0.16,-0.94
16.7253,154,0.20161,0.33007,-0.26008,0.05103,0.76288,0.18387,-0.61774,1,0.25657,0.03998,0.41917,-0.30591,0.35091,0.81908,-0.33525,0.25670,0.03983,0.41824,-0.30707,0.34855,0.82248,-0.32825,0.13,-0.15,-0.93
16.7421,155,0.19926,0.33101,-0.25387,0.04046,0.75583,0.19396,-0.62407,1,0.25659,0.03993,0.41903,-0.30612,0.35044,0.81969,-0.33407,0.25672,0.03978,0.41810,-0.30755,0.34868,0.82280,-0.32687,0.13,-0.15,-0.94
16.7587,156,0.19501,0.33251,-0.24187,0.01813,0.73924,0.21824,-0.63684,1,0.25662,0.03988,0.41888,-0.30634,0.34995,0.82033,-0.33280,0.25675,0.03973,0.41796,-0.30810,0.34876,0.82309,-0.32551,0.12,-0.14,-0.92
16.7755,157,0.19281,0.33296,-0.23660,0.00751,0.73214,0.22845,-0.64165,1,0.25665,0.03984,0.41871,-0.30657,0.34954,0.82093,-0.33152,0.25677,0.03968,0.41782,-0.30859,0.34880,0.82344,-0.32414,0.11,-0.16,-0.89
16.7923,158,0.19082,0.33326,-0.23180,-0.00059,0.72547,0.23663,-0.64630,1,0.25667,0.03982,0.41855,-0.30685,0.34924,0.82148,-0.33023,0.25679,0.03963,0.41768,-0.30911,0.34894,0.82372,-0.32277,0.12,-0.19,-0.87
16.8090,159,0.18922,0.33293,-0.22767,-0.00555,0.71772,0.24385,-0.65222,1,0.25668,0.03981,0.41841,-0.30717,0.34906,0.82193,-0.32899,0.25681,0.03957,0.41754,-0.30979,0.34936,0.82379,-0.32150,0.13,-0.24,-0.86
16.8257,160,0.18664,0.33080,-0.22108,-0.01022,0.69970,0.25092,-0.66885,1,0.25670,0.03978,0.41827,-0.30755,0.34895,0.82236,-0.32767,0.25683,0.03951,0.41741,-0.31032,0.35026,0.82361,-0.32044,0.13,-0.27,-0.86
16.8424,161,0.18497,0.32986,-0.21839,-0.01313,0.69078,0.25276,-0.67732,1,0.25671,0.03975,0.41814,-0.30799,0.34894,0.82273,-0.32634,0.25685,0.03945,0.41727,-0.31067,0.35126,0.82346,-0.31939,0.14,-0.30,-0.87
16.8591,162,0.18329,0.32874,-0.21611,-0.01430,0.68425,0.25347,-0.68363,1,0.25673,0.03971,0.41800,-0.30847,0.34904,0.82304,-0.32500,0.25688,0.03939,0.41713,-0.31100,0.35236,0.82323,-0.31846,0.14,-0.32,-0.87
16.8759,163,0.18159,0.32771,-0.21410,0.01517,-0.67958,-0.25426,0.68796,1,0.25675,0.03968,0.41788,-0.30893,0.34929,0.82324,-0.32378,0.25690,0.03934,0.41700,-0.31139,0.35342,0.82299,-0.31750,0.15,-0.34,-0.88
16.8926,164,0.17987,0.32666,-0.21278,0.01457,-0.67841,-0.25401,0.68923,1,0.25677,0.03963,0.41775,-0.30942,0.34977,0.82333,-0.32255,0.25692,0.03928,0.41686,-0.31171,0.35473,0.82244,-0.31717,0.15,-0.35,-0.89
16.9095,165,0.17645,0.32461,-0.21193,0.01066,-0.67698,-0.25537,0.69020,1,0.25679,0.03956,0.41761,-0.30988,0.35043,0.82333,-0.32139,0.25694,0.03922,0.41672,-0.31242,0.35560,0.82174,-0.31730,0.15,-0.34,-0.89
16.9261,166,0.17504,0.32389,-0.21165,0.01014,-0.67641,-0.25494,0.69092,1,0.25683,0.03950,0.41747,-0.31033,0.35122,0.82325,-0.32032,0.25696,0.03916,0.41659,-0.31245,0.35663,0.82126,-0.31735,0.14,-0.33,-0.88
16.9428,167,0.17367,0.32343,-0.21161,0.00936,-0.67594,-0.25403,0.69172,1,0.25685,0.03943,0.41733,-0.31076,0.35206,0.82307,-0.31944,0.25698,0.03911,0.41645,-0.31216,0.35791,0.82066,-0.31777,0.13,-0.33,-0.88
16.9595,168,0.17247,0.32299,-0.21181,0.00727,-0.67550,-0.25298,0.69257,1,0.25687,0.03935,0.41720,-0.31119,0.35299,0.82279,-0.31872,0.25700,0.03905,0.41631,-0.31222,0.35888,0.81989,-0.31861,0.13,-0.30,-0.89
16.9763,169,0.17184,0.32227,-0.21235,0.00185,-0.67481,-0.25283,0.69333,1,0.25688,0.03927,0.41707,-0.31153,0.35406,0.82238,-0.31826,0.25702,0.03899,0.41617,-0.31281,0.35943,0.81905,-0.31956,0.14,-0.28,-0.90
16.9930,170,0.17199,0.31903,-0.21480,-0.01023,-0.67236,-0.25084,0.69635,1,0.25689,0.03920,0.41695,-0.31177,0.35512,0.82191,-0.31804,0.25704,0.03894,0.41604,-0.31326,0.36019,0.81821,-0.32043,0.16,-0.26,-0.91
17.0098,171,0.17260,0.31700,-0.21636,-0.01569,-0.67444,-0.24878,0.69498,1,0.25688,0.03911,0.41681,-0.31199,0.35619,0.82136,-0.31806,0.25707,0.03889,0.41590,-0.31334,0.36044,0.81757,-0.32167,0.18,-0.22,-0.91
17.0267,172,0.17328,0.31465,-0.21804,-0.02170,-0.68072,-0.24603,0.68965,1,0.25690,0.03903,0.41663,-0.31219,0.35718,0.82077,-0.31828,0.25709,0.03883,0.41576,-0.31314,0.36009,0.81728,-0.32299,0.19,-0.19,-0.87
17.0433,173,0.17372,0.31217,-0.22011,0.02988,0.68979,0.24547,-0.68047,1,0.25689,0.03895,0.41648,-0.31241,0.35801,0.82014,-0.31875,0.25711,0.03878,0.41562,-0.31309,0.35928,0.81716,-0.32425,0.22,-0.17,-0.85
17.0600,174,0.17427,0.30978,-0.22240,0.04312,0.69889,0.24825,-0.66937,1,0.25686,0.03889,0.41635,-0.31262,0.35865,0.81952,-0.31941,0.25714,0.03873,0.41548,-0.31340,0.35851,0.81689,-0.32547,0.28,-0.16,-0.86
17.0764,175,0.17776,0.30471,-0.22648,0.08532,0.71280,0.25981,-0.64586,0,0.25682,0.03886,0.41620,-0.31283,0.35915,0.81889,-0.32025,0.25714,0.03873,0.41548,-0.31340,0.35851,0.81689,-0.32547,0.32,-0.13,-0.72
17.0931,176,0.17950,0.30091,-0.22934,0.09959,0.72163,0.25837,-0.63449,0,0.25682,0.03878,0.41606,-0.31296,0.35935,0.81836,-0.32127,0.25714,0.03873,0.41548,-0.31340,0.35851,0.81689,-0.32547,0.32,-0.05,-0.57
17.1099,177,0.18133,0.29731,-0.23182,0.10743,0.73154,0.25439,-0.62337,0,0.25684,0.03871,0.41593,-0.31306,0.35928,0.81798,-0.32222,0.25714,0.03873,0.41548,-0.31340,0.35851,0.81689,-0.32547,0.30,0.02,-0.45
17.1267,178,0.18267,0.29422,-0.23439,0.11711,0.74132,0.25324,-0.61041,0,0.25688,0.03867,0.41582,-0.31315,0.35908,0.81767,-0.32313,0.25714,0.03873,0.41548,-0.31340,0.35851,0.81689,-0.32547,0.26,0.06,-0.34
17.1434,179,0.18521,0.29015,-0.23663,0.13444,0.75094,0.25840,-0.59266,0,0.25690,0.03867,0.41573,-0.31322,0.35887,0.81745,-0.32385,0.25714,0.03873,0.41548,-0.31340,0.35851,0.81689,-0.32547,0.24,0.06,-0.25
17.1601,180,0.19232,0.27934,-0.24122,0.18054,0.78347,0.25706,-0.53620,0,0.25693,0.03868,0.41565,-0.31328,0.35872,0.81728,-0.32438,0.25714,0.03873,0.41548,-0.31340,0.35851,0.81689,-0.32547,0.21,0.05,-0.17
17.1768,181,0.19664,0.27304,-0.24343,0.20725,0.80607,0.25280,-0.49334,0,0.25697,0.03868,0.41561,-0.31332,0.35863,0.81718,-0.32472,0.25714,0.03873,0.41548,-0.31340,0.35851,0.81689,-0.32547,0.17,0.05,-0.13
17.1935,182,0.20108,0.26564,-0.24566,0.23344,0.83582,0.24604,-0.43172,0,0.25701,0.03867,0.41561,-0.31336,0.35856,0.81710,-0.32494,0.25714,0.03873,0.41548,-0.31340,0.35851,0.81689,-0.32547,0.13,0.06,-0.13
17.2103,183,0.20635,0.25858,-0.24769,0.25004,0.86538,0.24151,-0.36093,0,0.25703,0.03864,0.41563,-0.31340,0.35851,0.81704,-0.32510,0.25714,0.03873,0.41548,-0.31340,0.35851,0.81689,-0.32547,0.11,0.09,-0.15
17.2270,184,0.21227,0.25100,-0.25074,0.26181,0.89394,0.23325,-0.27915,0,0.25703,0.03863,0.41565,-0.31342,0.35848,0.81701,-0.32519,0.25714,0.03873,0.41548,-0.31340,0.35851,0.81689,-0.32547,0.11,0.10,-0.17
17.2438,185,0.22672,0.23367,-0.25466,0.29217,0.92732,0.20969,-0.10366,0,0.25703,0.03862,0.41566,-0.31343,0.35847,0.81699,-0.32525,0.25714,0.03873,0.41548,-0.31340,0.35851,0.81689,-0.32547,0.11,0.11,-0.17
17.2605,186,0.23524,0.22349,-0.25626,0.31032,0.92699,0.20982,-0.01902,0,0.25702,0.03862,0.41567,-0.31342,0.35844,0.81699,-0.32529,0.25714,0.03873,0.41548,-0.31340,0.35851,0.81689,-0.32547,0.12,0.11,-0.18
17.2772,187,0.24459,0.21249,-0.25709,0.32593,0.91841,0.21583,0.06095,0,0.25702,0.03862,0.41567,-0.31341,0.35843,0.81699,-0.32531,0.25714,0.03873,0.41548,-0.31340,0.35851,0.81689,-0.32547,0.12,0.11,-0.19
17.2940,188,0.25367,0.20103,-0.25779,0.33632,0.90413,0.22707,0.13369,0,0.25701,0.03862,0.41567,-0.31341,0.35842,0.81699,-0.32533,0.25714,0.03873,0.41548,-0.31340,0.35851,0.81689,-0.32547,0.13,0.11,-0.18
17.3108,189,0.26319,0.19005,-0.25879,0.34775,0.88271,0.24766,0.19633,0,0.25700,0.03862,0.41566,-0.31341,0.35841,0.81699,-0.32535,0.25714,0.03873,0.41548,-0.31340,0.35851,0.81689,-0.32547,0.14,0.11,-0.17
17.3274,190,0.28268,0.16834,-0.26104,0.38700,0.82047,0.28566,0.30897,0,0.25700,0.03861,0.41565,-0.31342,0.35840,0.81698,-0.32537,0.25714,0.03873,0.41548,-0.31340,0.35851,0.81689,-0.32547,0.14,0.12,-0.17
17.3442,191,0.29120,0.15833,-0.26088,0.40711,0.78573,0.28187,0.37073,0,0.25699,0.03861,0.41564,-0.31342,0.35840,0.81697,-0.32537,0.25714,0.03873,0.41548,-0.31340,0.35851,0.81689,-0.32547,0.15,0.12,-0.16
17.3610,192,0.29950,0.14882,-0.26162,0.42863,0.75067,0.27585,0.42034,0,0.25699,0.03860,0.41564,-0.31342,0.35841,0.81697,-0.32537,0.25714,0.03873,0.41548,-0.31340,0.35851,0.81689,-0.32547,0.15,0.12,-0.15
17.3778,193,0.30799,0.14063,-0.26268,0.45247,0.71873,0.26954,0.45393,0,0.25699,0.03861,0.41564,-0.31342,0.35841,0.81697,-0.32537,0.25714,0.03873,0.41548,-0.31340,0.35851,0.81689,-0.32547,0.15,0.12,-0.15
17.3945,194,0.31572,0.13193,-0.26449,0.47801,0.69250,0.26039,0.47344,0,0.25699,0.03861,0.41563,-0.31341,0.35841,0.81698,-0.32537,0.25714,0.03873,0.41548,-0.31340,0.35851,0.81689,-0.32547,0.15,0.12,-0.15
17.4112,195,0.32767,0.11591,-0.27062,0.53363,0.64696,0.24626,0.48584,0,0.25699,0.03861,0.41563,-0.31340,0.35841,0.81698,-0.32537,0.25714,0.03873,0.41548,-0.31340,0.35851,0.81689,-0.32547,0.15,0.12,-0.15
17.4279,196,0.33235,0.10886,-0.27574,0.55225,0.62952,0.24192,0.49011,0,0.25698,0.03861,0.41563,-0.31340,0.35840,0.81698,-0.32537,0.25714,0.03873,0.41548,-0.31340,0.35851,0.81689,-0.32547,0.15,0.11,-0.15
17.4447,197,0.33602,0.10039,-0.28196,0.56537,0.61650,0.23658,0.49427,0,0.25698,0.03861,0.41563,-0.31340,0.35840,0.81698,-0.32537,0.25714,0.03873,0.41548,-0.31340,0.35851,0.81689,-0.32547,0.15,0.12,-0.14
17.4614,198,0.33876,0.09260,-0.28923,0.58277,0.59909,0.24239,0.49266,0,0.25698,0.03861,0.41562,-0.31340,0.35840,0.81698,-0.32538,0.25714,0.03873,0.41548,-0.31340,0.35851,0.81689,-0.32547,0.15,0.12,-0.14
17.4781,199,0.34151,0.08540,-0.29723,0.60044,0.57760,0.24720,0.49471,0,0.25698,0.03861,0.41562,-0.31341,0.35840,0.81698,-0.32538,0.25714,0.03873,0.41548,-0.31340,0.35851,0.81689,-0.32547,0.16,0.12,-0.14
17.4953,200,0.34407,0.07178,-0.31481,0.61466,0.54379,0.26983,0.50366,1,0.25698,0.03861,0.41562,-0.31340,0.35840,0.81698,-0.32538,0.25698,0.03861,0.41562,-0.31340,0.35840,0.81698,-0.32538,-0.00,-0.00,0.00
17.5119,201,0.34412,0.06597,-0.32470,0.61810,0.53308,0.27867,0.50609,1,0.25698,0.03861,0.41562,-0.31340,0.35840,0.81698,-0.32538,0.25699,0.03871,0.41551,-0.31356,0.35772,0.81725,-0.32531,0.00,0.10,-0.12
17.5286,202,0.34310,0.06034,-0.33491,0.62948,0.52247,0.28254,0.50094,1,0.25697,0.03860,0.41564,-0.31337,0.35840,0.81699,-0.32537,0.25700,0.03880,0.41539,-0.31433,0.35696,0.81747,-0.32483,0.03,0.20,-0.25
17.5453,203,0.34094,0.05526,-0.34527,0.64199,0.51237,0.28597,0.49351,1,0.25695,0.03859,0.41565,-0.31340,0.35832,0.81703,-0.32535,0.25703,0.03889,0.41528,-0.31542,0.35632,0.81765,-0.32404,0.08,0.31,-0.37
17.5621,204,0.33712,0.05053,-0.35587,0.64440,0.51121,0.29029,0.48902,1,0.25693,0.03860,0.41563,-0.31349,0.35813,0.81711,-0.32525,0.25706,0.03898,0.41516,-0.31592,0.35583,0.81812,-0.32290,0.13,0.38,-0.47
17.5788,205,0.32740,0.04249,-0.37701,0.64280,0.52335,0.29875,0.47293,1,0.25691,0.03864,0.41560,-0.31370,0.35782,0.81724,-0.32507,0.25711,0.03907,0.41505,-0.31591,0.35588,0.81855,-0.32175,0.20,0.43,-0.55
17.5955,206,0.32080,0.04045,-0.38772,0.64238,0.53900,0.29968,0.45500,1,0.25690,0.03870,0.41556,-0.31408,0.35740,0.81741,-0.32475,0.25716,0.03915,0.41494,-0.31566,0.35661,0.81876,-0.32066,0.26,0.46,-0.62
17.6123,207,0.31333,0.03931,-0.39772,0.63688,0.56376,0.29851,0.43296,1,0.25688,0.03877,0.41549,-0.31453,0.35696,0.81762,-0.32427,0.25722,0.03923,0.41482,-0.31513,0.35773,0.81880,-0.31982,0.33,0.47,-0.67
17.6290,208,0.30485,0.03849,-0.40653,0.63163,0.59341,0.29398,0.40309,1,0.25690,0.03885,0.41540,-0.31496,0.35661,0.81787,-0.32359,0.25727,0.03931,0.41471,-0.31471,0.35888,0.81879,-0.31896,0.37,0.46,-0.69
17.6457,209,0.29597,0.03898,-0.41431,0.63335,0.62096,0.28903,0.36019,1,0.25696,0.03893,0.41530,-0.31521,0.35651,0.81813,-0.32282,0.25732,0.03940,0.41459,-0.31462,0.35995,0.81877,-0.31791,0.35,0.46,-0.71
17.6626,210,0.27609,0.04153,-0.42611,0.63607,0.67032,0.28414,0.25565,1,0.25706,0.03902,0.41519,-0.31529,0.35669,0.81837,-0.32193,0.25737,0.03948,0.41448,-0.31459,0.36090,0.81881,-0.31675,0.31,0.46,-0.72
17.6793,211,0.26592,0.04416,-0.43108,0.62662,0.69572,0.28277,0.20825,1,0.25715,0.03910,0.41510,-0.31524,0.35717,0.81853,-0.32105,0.25740,0.03955,0.41435,-0.31430,0.36186,0.81893,-0.31564,0.25,0.46,-0.75
17.6960,212,0.25545,0.04817,-0.43477,0.61262,0.72192,0.27636,0.16478,1,0.25722,0.03917,0.41502,-0.31515,0.35779,0.81862,-0.32020,0.25743,0.03963,0.41422,-0.31389,0.36291,0.81900,-0.31465,0.20,0.46,-0.79
17.7128,213,0.24559,0.05366,-0.43816,0.59773,0.74689,0.26458,0.12191,1,0.25729,0.03927,0.41493,-0.31502,0.35858,0.81870,-0.31926,0.25745,0.03970,0.41409,-0.31348,0.36404,0.81900,-0.31375,0.15,0.43,-0.83
17.7296,214,0.23547,0.05939,-0.44024,0.58149,0.77144,0.24504,0.08187,1,0.25734,0.03938,0.41482,-0.31485,0.35944,0.81876,-0.31830,0.25746,0.03977,0.41396,-0.31304,0.36526,0.81891,-0.31302,0.11,0.40,-0.85
17.7463,215,0.21654,0.07182,-0.44098,0.56983,0.79373,0.21230,-0.01450,1,0.25740,0.03947,0.41469,-0.31462,0.36037,0.81881,-0.31732,0.25747,0.03985,0.41383,-0.31308,0.36643,0.81872,-0.31209,0.08,0.38,-0.85
17.7630,216,0.20757,0.07807,-0.43966,0.56176,0.80021,0.20102,-0.06069,1,0.25744,0.03955,0.41455,-0.31436,0.36131,0.81885,-0.31642,0.25747,0.03992,0.41370,-0.31315,0.36751,0.81861,-0.31106,0.03,0.37,-0.85
17.7797,217,0.19931,0.08513,-0.43848,0.54985,0.80660,0.19380,-0.09746,1,0.25747,0.03963,0.41442,-0.31406,0.36234,0.81887,-0.31548,0.25746,0.03999,0.41357,-0.31306,0.36853,0.81859,-0.30997,-0.01,0.36,-0.85
17.7965,218,0.19138,0.09178,-0.43690,0.53552,0.81497,0.18450,-0.12245,1,0.25749,0.03971,0.41429,-0.31381,0.36338,0.81887,-0.31453,0.25745,0.04006,0.41344,-0.31263,0.36961,0.81863,-0.30902,-0.04,0.35,-0.86
17.8132,219,0.18415,0.09940,-0.43479,0.51929,0.82469,0.17405,-0.14116,1,0.25749,0.03979,0.41418,-0.31359,0.36446,0.81884,-0.31358,0.25743,0.04013,0.41331,-0.31194,0.37068,0.81871,-0.30823,-0.06,0.35,-0.87
17.8300,220,0.17028,0.11536,-0.42948,0.48302,0.84433,0.15314,-0.17419,1,0.25748,0.03987,0.41407,-0.31339,0.36552,0.81880,-0.31265,0.25743,0.04021,0.41318,-0.31113,0.37169,0.81884,-0.30748,-0.06,0.34,-0.89
17.8467,221,0.16395,0.12358,-0.42599,0.46609,0.85061,0.14420,-0.19603,1,0.25747,0.03995,0.41394,-0.31317,0.36665,0.81875,-0.31167,0.25741,0.04028,0.41305,-0.31060,0.37274,0.81891,-0.30655,-0.06,0.33,-0.89
17.8634,222,0.15812,0.13109,-0.42164,0.45183,0.85380,0.13727,-0.21916,1,0.25745,0.03999,0.41381,-0.31286,0.36778,0.81873,-0.31071,0.25738,0.04036,0.41292,-0.31028,0.37380,0.81893,-0.30554,-0.07,0.37,-0.89
17.8800,223,0.15256,0.13887,-0.41698,0.43542,0.85649,0.13311,-0.24315,1,0.25746,0.04003,0.41368,-0.31249,0.36884,0.81873,-0.30982,0.25736,0.04044,0.41279,-0.30997,0.37475,0.81903,-0.30442,-0.10,0.40,-0.89
17.8967,224,0.14725,0.14647,-0.41201,0.41706,0.86007,0.12895,-0.26402,1,0.25746,0.04008,0.41354,-0.31207,0.36994,0.81875,-0.30888,0.25733,0.04051,0.41267,-0.30951,0.37564,0.81920,-0.30332,-0.13,0.43,-0.87
17.9134,225,0.13891,0.16063,-0.40135,0.37949,0.86929,0.12303,-0.29187,1,0.25746,0.04015,0.41340,-0.31162,0.37098,0.81880,-0.30794,0.25731,0.04059,0.41254,-0.30881,0.37638,0.81952,-0.30226,-0.15,0.44,-0.86
17.9302,226,0.13543,0.16760,-0.39589,0.36031,0.87436,0.11949,-0.30231,1,0.25746,0.04023,0.41326,-0.31117,0.37200,0.81887,-0.30697,0.25727,0.04067,0.41242,-0.30796,0.37703,0.81990,-0.30129,-0.19,0.43,-0.84
17.9470,227,0.13240,0.17426,-0.39014,0.34148,0.87919,0.11516,-0.31171,1,0.25745,0.04032,0.41314,-0.31074,0.37293,0.81897,-0.30604,0.25724,0.04074,0.41229,-0.30705,0.37770,0.82027,-0.30037,-0.21,0.42,-0.85
17.9637,228,0.12975,0.18106,-0.38410,0.32372,0.88239,0.11230,-0.32247,1,0.25743,0.04041,0.41302,-0.31023,0.37389,0.81910,-0.30503,0.25720,0.04082,0.41217,-0.30628,0.37839,0.82062,-0.29934,-0.23,0.40,-0.85
17.9804,229,0.12767,0.18771,-0.37739,0.30659,0.88439,0.11006,-0.33429,1,0.25741,0.04051,0.41289,-0.30965,0.37476,0.81929,-0.30402,0.25717,0.04090,0.41205,-0.30562,0.37911,0.82092,-0.29825,-0.24,0.39,-0.85
17.9973,230,0.12452,0.20098,-0.36344,0.27254,0.88587,0.11057,-0.35879,1,0.25739,0.04058,0.41278,-0.30898,0.37559,0.81954,-0.30300,0.25713,0.04098,0.41192,-0.30509,0.37976,0.82126,-0.29705,-0.25,0.39,-0.85
18.0140,231,0.12331,0.20715,-0.35593,0.25460,0.88668,0.10940,-0.37016,1,0.25736,0.04067,0.41267,-0.30831,0.37634,0.81981,-0.30202,0.25710,0.04105,0.41180,-0.30445,0.38042,0.82160,-0.29591,-0.26,0.39,-0.87
18.0306,232,0.12246,0.21284,-0.34844,0.23706,0.88680,0.10843,-0.38162,1,0.25732,0.04076,0.41256,-0.30761,0.37710,0.82012,-0.30095,0.25706,0.04113,0.41168,-0.30385,0.38110,0.82192,-0.29476,-0.26,0.37,-0.88
18.0474,233,0.12175,0.21817,-0.34087,0.22071,0.88653,0.10898,-0.39176,1,0.25728,0.04083,0.41245,-0.30690,0.37786,0.82043,-0.29989,0.25702,0.04121,0.41156,-0.30331,0.38169,0.82228,-0.29355,-0.26,0.37,-0.89
18.0641,234,0.12106,0.22301,-0.33334,0.20433,0.88667,0.11025,-0.39988,1,0.25723,0.04091,0.41232,-0.30625,0.37858,0.82074,-0.29878,0.25698,0.04128,0.41143,-0.30272,0.38216,0.82271,-0.29233,-0.26,0.38,-0.89
18.0809,235,0.12047,0.23241,-0.31818,0.17082,0.88713,0.11483,-0.41309,1,0.25719,0.04097,0.41218,-0.30566,0.37924,0.82104,-0.29773,0.25694,0.04136,0.41131,-0.30212,0.38250,0.82322,-0.29109,-0.25,0.39,-0.87
18.0975,236,0.12042,0.23679,-0.31037,0.15498,0.88616,0.11833,-0.42035,1,0.25716,0.04105,0.41203,-0.30504,0.37991,0.82138,-0.29658,0.25690,0.04144,0.41119,-0.30166,0.38285,0.82368,-0.28979,-0.26,0.39,-0.85
18.1143,237,0.12065,0.24074,-0.30250,0.13863,0.88403,0.12203,-0.42940,1,0.25713,0.04114,0.41190,-0.30442,0.38052,0.82175,-0.29541,0.25686,0.04151,0.41106,-0.30128,0.38330,0.82408,-0.28847,-0.27,0.37,-0.83
18.1310,238,0.12112,0.24457,-0.29484,0.12291,0.88102,0.12944,-0.43812,1,0.25709,0.04123,0.41178,-0.30384,0.38106,0.82211,-0.29430,0.25681,0.04159,0.41094,-0.30113,0.38358,0.82449,-0.28706,-0.28,0.36,-0.84
18.1477,239,0.12166,0.24791,-0.28722,0.10976,0.87823,0.13719,-0.44480,1,0.25705,0.04132,0.41167,-0.30325,0.38158,0.82252,-0.29307,0.25677,0.04166,0.41082,-0.30107,0.38376,0.82492,-0.28564,-0.27,0.34,-0.86
18.1644,240,0.12307,0.25363,-0.27192,0.08306,0.87684,0.14558,-0.45063,1,0.25700,0.04141,0.41156,-0.30274,0.38206,0.82294,-0.29181,0.25674,0.04173,0.41069,-0.30061,0.38380,0.82552,-0.28434,-0.26,0.32,-0.87
18.1812,241,0.12369,0.25593,-0.26389,0.06909,0.87559,0.14908,-0.45425,1,0.25695,0.04149,0.41144,-0.30231,0.38249,0.82336,-0.29051,0.25670,0.04180,0.41056,-0.30011,0.38394,0.82608,-0.28305,-0.25,0.31,-0.87
18.1979,242,0.12441,0.25794,-0.25575,0.05449,0.87268,0.15632,-0.45938,1,0.25691,0.04156,0.41131,-0.30197,0.38283,0.82377,-0.28925,0.25666,0.04187,0.41044,-0.29993,0.38405,0.82657,-0.28165,-0.25,0.31,-0.88
18.2147,243,0.12514,0.25949,-0.24760,0.03953,0.86868,0.16663,-0.46483,1,0.25686,0.04162,0.41118,-0.30162,0.38313,0.82422,-0.28792,0.25662,0.04194,0.41031,-0.29993,0.38409,0.82704,-0.28022,-0.24,0.32,-0.87
18.2313,244,0.12568,0.26072,-0.23984,0.02464,0.86457,0.17839,-0.46913,1,0.25684,0.04167,0.41104,-0.30128,0.38338,0.82470,-0.28657,0.25658,0.04200,0.41018,-0.30001,0.38402,0.82752,-0.27881,-0.25,0.33,-0.86
18.2480,245,0.12666,0.26240,-0.22539,-0.00125,0.85736,0.19825,-0.47500,1,0.25682,0.04173,0.41091,-0.30098,0.38356,0.82517,-0.28527,0.25655,0.04207,0.41005,-0.30006,0.38391,0.82802,-0.27740,-0.27,0.34,-0.86
18.2648,246,0.12676,0.26274,-0.21857,-0.01242,0.85369,0.20583,-0.47822,1,0.25678,0.04180,0.41079,-0.30071,0.38370,0.82568,-0.28390,0.25651,0.04213,0.40992,-0.30006,0.38391,0.82850,-0.27598,-0.27,0.33,-0.88
18.2816,247,0.12666,0.26290,-0.21201,-0.02396,0.84896,0.21379,-0.48268,1,0.25673,0.04189,0.41069,-0.30051,0.38379,0.82619,-0.28252,0.25647,0.04219,0.40978,-0.30009,0.38401,0.82892,-0.27454,-0.25,0.29,-0.91
18.2983,248,0.12641,0.26286,-0.20558,-0.03519,0.84337,0.22275,-0.48771,1,0.25667,0.04199,0.41058,-0.30037,0.38384,0.82670,-0.28111,0.25643,0.04224,0.40965,-0.30022,0.38415,0.82928,-0.27310,-0.24,0.26,-0.94
18.3150,249,0.12600,0.26248,-0.19945,-0.04596,0.83706,0.23505,-0.49191,1,0.25662,0.04205,0.41047,-0.30029,0.38387,0.82716,-0.27978,0.25640,0.04230,0.40951,-0.30057,0.38415,0.82962,-0.27168,-0.22,0.25,-0.96
18.3317,250,0.12473,0.26119,-0.18893,-0.06311,0.82951,0.25682,-0.49191,1,0.25656,0.04211,0.41034,-0.30025,0.38391,0.82764,-0.27834,0.25636,0.04235,0.40938,-0.30098,0.38379,0.83008,-0.27036,-0.21,0.24,-0.96
18.3486,251,0.12368,0.26016,-0.18485,-0.06761,0.82898,0.26416,-0.48831,1,0.25652,0.04216,0.41020,-0.30028,0.38395,0.82810,-0.27689,0.25632,0.04240,0.40924,-0.30147,0.38288,0.83062,-0.26942,-0.20,0.24,-0.96
18.3652,252,0.12280,0.25848,-0.18186,-0.07091,0.83020,0.26875,-0.48323,1,0.25648,0.04220,0.41005,-0.30037,0.38397,0.82854,-0.27545,0.25629,0.04245,0.40910,-0.30174,0.38164,0.83125,-0.26892,-0.20,0.24,-0.95
18.3819,253,0.12156,0.25696,-0.17949,-0.07515,0.83022,0.27426,-0.47944,1,0.25644,0.04225,0.40992,-0.30054,0.38389,0.82895,-0.27412,0.25625,0.04249,0.40897,-0.30207,0.38062,0.83188,-0.26807,-0.19,0.24,-0.95
18.3987,254,0.12049,0.25505,-0.17810,-0.07781,0.83019,0.27934,-0.47612,1,0.25640,0.04231,0.40978,-0.30079,0.38364,0.82942,-0.27278,0.25621,0.04254,0.40883,-0.30259,0.37958,0.83241,-0.26730,-0.18,0.23,-0.95
18.4154,255,0.11794,0.25057,-0.17733,-0.07576,0.82576,0.29113,-0.47710,1,0.25636,0.04235,0.40965,-0.30107,0.38319,0.82992,-0.27159,0.25618,0.04259,0.40869,-0.30351,0.37905,0.83258,-0.26649,-0.18,0.24,-0.96
18.4323,256,0.11639,0.24817,-0.17834,-0.07022,0.82317,0.29610,-0.47936,1,0.25633,0.04239,0.40952,-0.30139,0.38255,0.83044,-0.27052,0.25614,0.04263,0.40855,-0.30465,0.37900,0.83234,-0.26603,-0.18,0.25,-0.97
18.4489,257,0.11474,0.24559,-0.17969,-0.06157,0.82163,0.29987,-0.48084,1,0.25629,0.04242,0.40940,-0.30175,0.38186,0.83093,-0.26961,0.25611,0.04268,0.40841,-0.30586,0.37921,0.83175,-0.26617,-0.18,0.26,-0.98
18.4656,258,0.11291,0.24285,-0.18191,-0.05094,0.82099,0.30260,-0.48147,1,0.25625,0.04248,0.40925,-0.30226,0.38109,0.83139,-0.26869,0.25607,0.04272,0.40827,-0.30698,0.37944,0.83102,-0.26681,-0.17,0.25,-0.98
18.4824,259,0.10930,0.23715,-0.18803,-0.03307,0.82281,0.30444,-0.47876,1,0.25618,0.04255,0.40911,-0.30288,0.38044,0.83172,-0.26790,0.25603,0.04277,0.40814,-0.30792,0.37943,0.83037,-0.26778,-0.15,0.22,-0.97
18.4991,260,0.10759,0.23403,-0.19266,-0.02359,0.82554,0.30271,-0.47570,1,0.25611,0.04262,0.40897,-0.30362,0.37997,0.83186,-0.26729,0.25600,0.04282,0.40800,-0.30847,0.37930,0.82981,-0.26905,-0.11,0.19,-0.97
18.5159,261,0.10577,0.23039,-0.19807,-0.01268,0.82826,0.29862,-0.47398,1,0.25605,0.04270,0.40879,-0.30447,0.37971,0.83180,-0.26688,0.25596,0.04287,0.40786,-0.30883,0.37945,0.82918,-0.27035,-0.09,0.16,-0.93
18.5326,262,0.10410,0.22688,-0.20399,-0.00187,0.82949,0.29758,-0.47264,1,0.25597,0.04271,0.40863,-0.30539,0.37949,0.83157,-0.26685,0.25592,0.04292,0.40773,-0.30957,0.37956,0.82850,-0.27146,-0.04,0.21,-0.91
18.5493,263,0.10267,0.22312,-0.21079,0.01290,0.82809,0.29906,-0.47400,1,0.25589,0.04270,0.40850,-0.30626,0.37946,0.83116,-0.26719,0.25589,0.04297,0.40759,-0.31057,0.37990,0.82773,-0.27219,0.00,0.27,-0.90
18.5660,264,0.10127,0.21478,-0.22442,0.04397,0.82349,0.29880,-0.48027,1,0.25581,0.04272,0.40835,-0.30706,0.37950,0.83066,-0.26775,0.25584,0.04302,0.40746,-0.31147,0.38044,0.82691,-0.27289,0.04,0.30,-0.90
18.5827,265,0.10057,0.21060,-0.23149,0.05936,0.82189,0.29492,-0.48374,1,0.25576,0.04270,0.40819,-0.30784,0.37957,0.83008,-0.26855,0.25580,0.04307,0.40732,-0.31208,0.38112,0.82609,-0.27375,0.04,0.37,-0.87
18.5994,266,0.09994,0.20636,-0.23866,0.07670,0.81976,0.29072,-0.48743,1,0.25573,0.04271,0.40805,-0.30858,0.37966,0.82948,-0.26943,0.25576,0.04312,0.40719,-0.31270,0.38178,0.82526,-0.27461,0.02,0.41,-0.86
18.6161,267,0.09916,0.20177,-0.24558,0.09313,0.81640,0.28814,-0.49172,1,0.25571,0.04276,0.40792,-0.30928,0.37983,0.82887,-0.27028,0.25571,0.04318,0.40706,-0.31345,0.38247,0.82442,-0.27533,-0.00,0.42,-0.87
18.6329,268,0.09872,0.19696,-0.25173,0.10785,0.81424,0.28488,-0.49419,1,0.25568,0.04283,0.40781,-0.31002,0.38013,0.82816,-0.27117,0.25566,0.04323,0.40692,-0.31411,0.38309,0.82359,-0.27619,-0.02,0.40,-0.89
18.6496,269,0.09732,0.18755,-0.26172,0.12819,0.81690,0.27945,-0.48800,1,0.25565,0.04290,0.40771,-0.31075,0.38056,0.82740,-0.27205,0.25561,0.04328,0.40680,-0.31456,0.38316,0.82296,-0.27746,-0.04,0.38,-0.91
18.6664,270,0.09617,0.18363,-0.26639,0.14026,0.81906,0.27750,-0.48214,1,0.25563,0.04295,0.40760,-0.31147,0.38106,0.82662,-0.27292,0.25556,0.04334,0.40667,-0.31505,0.38295,0.82243,-0.27876,-0.07,0.39,-0.93
18.6831,271,0.09493,0.17941,-0.27072,0.15352,0.82017,0.27547,-0.47735,1,0.25559,0.04301,0.40746,-0.31218,0.38156,0.82583,-0.27380,0.25550,0.04340,0.40654,-0.31562,0.38288,0.82182,-0.28000,-0.09,0.39,-0.93
18.6998,272,0.09374,0.17470,-0.27490,0.16602,0.82012,0.27323,-0.47454,1,0.25553,0.04307,0.40733,-0.31283,0.38199,0.82509,-0.27468,0.25545,0.04346,0.40641,-0.31625,0.38300,0.82112,-0.28117,-0.09,0.38,-0.92
18.7166,273,0.09264,0.16975,-0.27829,0.17559,0.81830,0.27323,-0.47423,1,0.25546,0.04316,0.40719,-0.31350,0.38234,0.82434,-0.27568,0.25539,0.04352,0.40629,-0.31719,0.38325,0.82035,-0.28201,-0.07,0.35,-0.91
18.7335,274,0.08926,0.16042,-0.28454,0.19329,0.81052,0.28072,-0.47634,1,0.25542,0.04322,0.40706,-0.31410,0.38258,0.82362,-0.27679,0.25533,0.04358,0.40616,-0.31849,0.38339,0.81968,-0.28232,-0.09,0.36,-0.90
18.7501,275,0.08659,0.15615,-0.28724,0.20641,0.80770,0.28230,-0.47468,1,0.25538,0.04326,0.40692,-0.31470,0.38275,0.82294,-0.27793,0.25527,0.04364,0.40604,-0.31952,0.38347,0.81896,-0.28313,-0.11,0.38,-0.88
18.7668,276,0.08376,0.15182,-0.28967,0.22291,0.80635,0.28143,-0.47000,1,0.25534,0.04334,0.40679,-0.31535,0.38289,0.82228,-0.27893,0.25521,0.04370,0.40592,-0.32030,0.38348,0.81827,-0.28422,-0.13,0.36,-0.88
18.7837,277,0.08093,0.14726,-0.29225,0.24042,0.80580,0.28003,-0.46311,1,0.25529,0.04343,0.40667,-0.31612,0.38302,0.82159,-0.27992,0.25515,0.04376,0.40579,-0.32098,0.38340,0.81764,-0.28539,-0.14,0.34,-0.87
18.8004,278,0.07789,0.14243,-0.29536,0.25821,0.80566,0.27815,-0.45483,1,0.25524,0.04349,0.40655,-0.31696,0.38314,0.82089,-0.28087,0.25509,0.04383,0.40567,-0.32159,0.38327,0.81703,-0.28661,-0.14,0.33,-0.87
18.8168,279,0.07184,0.13077,-0.30213,0.29592,0.80785,0.27605,-0.42849,0,0.25518,0.04356,0.40642,-0.31780,0.38323,0.82023,-0.28172,0.25509,0.04383,0.40567,-0.32159,0.38327,0.81703,-0.28661,-0.09,0.27,-0.74
18.8335,280,0.06927,0.12393,-0.30655,0.31370,0.80814,0.27385,-0.41654,0,0.25512,0.04361,0.40628,-0.31868,0.38332,0.81952,-0.28266,0.25509,0.04383,0.40567,-0.32159,0.38327,0.81703,-0.28661,-0.03,0.22,-0.61
18.8502,281,0.06662,0.11747,-0.31161,0.32980,0.80685,0.27558,-0.40531,0,0.25507,0.04365,0.40617,-0.31949,0.38337,0.81886,-0.28358,0.25509,0.04383,0.40567,-0.32159,0.38327,0.81703,-0.28661,0.02,0.18,-0.49
18.8669,282,0.06419,0.11069,-0.31646,0.34997,0.80434,0.27639,-0.39264,0,0.25505,0.04368,0.40608,-0.32012,0.38337,0.81835,-0.28435,0.25509,0.04383,0.40567,-0.32159,0.38327,0.81703,-0.28661,0.05,0.14,-0.41
18.8837,283,0.06248,0.10466,-0.32153,0.37114,0.80317,0.27540,-0.37593,0,0.25505,0.04370,0.40599,-0.32063,0.38336,0.81793,-0.28500,0.25509,0.04383,0.40567,-0.32159,0.38327,0.81703,-0.28661,0.05,0.12,-0.31
18.9004,284,0.06011,0.09248,-0.33188,0.41832,0.80143,0.26055,-0.33887,0,0.25506,0.04373,0.40591,-0.32097,0.38333,0.81764,-0.28548,0.25509,0.04383,0.40567,-0.32159,0.38327,0.81703,-0.28661,0.03,0.10,-0.24
18.9171,285,0.06004,0.08656,-0.33713,0.44469,0.79804,0.24944,-0.32119,0,0.25509,0.04375,0.40587,-0.32118,0.38332,0.81746,-0.28579,0.25509,0.04383,0.40567,-0.32159,0.38327,0.81703,-0.28661,0.01,0.08,-0.20
18.9339,286,0.06070,0.08027,-0.34235,0.47036,0.79349,0.23713,-0.30481,0,0.25511,0.04376,0.40587,-0.32134,0.38330,0.81732,-0.28602,0.25509,0.04383,0.40567,-0.32159,0.38327,0.81703,-0.28661,-0.02,0.07,-0.20
18.9506,287,0.06205,0.07373,-0.34796,0.49565,0.78589,0.22792,-0.29114,0,0.25512,0.04375,0.40588,-0.32144,0.38330,0.81722,-0.28619,0.25509,0.04383,0.40567,-0.32159,0.38327,0.81703,-0.28661,-0.03,0.07,-0.21
18.9673,288,0.06434,0.06699,-0.35377,0.52026,0.77612,0.22157,-0.27908,0,0.25512,0.04375,0.40588,-0.32152,0.38328,0.81717,-0.28629,0.25509,0.04383,0.40567,-0.32159,0.38327,0.81703,-0.28661,-0.03,0.08,-0.21
18.9841,289,0.07149,0.05338,-0.36575,0.56787,0.75478,0.20771,-0.25435,0,0.25511,0.04376,0.40588,-0.32156,0.38328,0.81713,-0.28634,0.25509,0.04383,0.40567,-0.32159,0.38327,0.81703,-0.28661,-0.01,0.07,-0.21
19.0008,290,0.07674,0.04611,-0.37233,0.59129,0.74466,0.19537,-0.24018,0,0.25508,0.04378,0.40587,-0.32159,0.38327,0.81711,-0.28638,0.25509,0.04383,0.40567,-0.32159,0.38327,0.81703,-0.28661,0.01,0.04,-0.20
19.0175,291,0.08236,0.03879,-0.37898,0.61299,0.73629,0.17932,-0.22352,0,0.25506,0.04381,0.40587,-0.32158,0.38328,0.81710,-0.28642,0.25509,0.04383,0.40567,-0.32159,0.38327,0.81703,-0.28661,0.04,0.02,-0.20
19.0342,292,0.08827,0.03135,-0.38588,0.63322,0.72909,0.16093,-0.20386,0,0.25504,0.04382,0.40587,-0.32156,0.38328,0.81709,-0.28644,0.25509,0.04383,0.40567,-0.32159,0.38327,0.81703,-0.28661,0.05,0.00,-0.20
19.0510,293,0.09493,0.02359,-0.39270,0.65293,0.72254,0.13850,-0.18009,0,0.25503,0.04383,0.40587,-0.32156,0.38329,0.81708,-0.28647,0.25509,0.04383,0.40567,-0.32159,0.38327,0.81703,-0.28661,0.07,-0.01,-0.19
19.0678,294,0.10173,0.01580,-0.39952,0.67362,0.71303,0.11424,-0.15737,0,0.25502,0.04383,0.40586,-0.32157,0.38331,0.81707,-0.28648,0.25509,0.04383,0.40567,-0.32159,0.38327,0.81703,-0.28661,0.07,-0.00,-0.19
19.0844,295,0.11665,0.00101,-0.41309,0.71497,0.68538,0.06529,-0.12172,0,0.25503,0.04382,0.40585,-0.32159,0.38331,0.81706,-0.28648,0.25509,0.04383,0.40567,-0.32159,0.38327,0.81703,-0.28661,0.07,0.01,-0.17
19.1012,296,0.12427,-0.00576,-0.41971,0.73414,0.66953,0.04041,-0.10555,0,0.25504,0.04380,0.40583,-0.32161,0.38330,0.81706,-0.28647,0.25509,0.04383,0.40567,-0.32159,0.38327,0.81703,-0.28661,0.06,0.03,-0.16
19.1179,297,0.13180,-0.01292,-0.42611,0.75045,0.65480,0.01489,-0.08857,0,0.25505,0.04378,0.40583,-0.32162,0.38329,0.81706,-0.28647,0.25509,0.04383,0.40567,-0.32159,0.38327,0.81703,-0.28661,0.05,0.04,-0.15
19.1347,298,0.13918,-0.02033,-0.43255,0.76167,0.64418,-0.01117,-0.06903,0,0.25505,0.04378,0.40582,-0.32163,0.38329,0.81705,-0.28647,0.25509,0.04383,0.40567,-0.32159,0.38327,0.81703,-0.28661,0.04,0.05,-0.15
19.1514,0,0.15299,-0.03563,-0.44626,0.77483,0.62946,-0.05114,-0.02824,0,0.25505,0.04378,0.40582,-0.32163,0.38328,0.81706,-0.28647,0.25509,0.04383,0.40567,-0.32159,0.38327,0.81703,-0.28661,0.04,0.04,-0.15
19.1681,1,0.15963,-0.04429,-0.45301,0.78257,0.61886,-0.06740,-0.00749,0,0.25505,0.04379,0.40582,-0.32162,0.38327,0.81706,-0.28648,0.25509,0.04383,0.40567,-0.32159,0.38327,0.81703,-0.28661,0.05,0.04,-0.15
19.1849,2,0.16579,-0.05292,-0.46002,0.79007,0.60725,-0.08301,0.01201,0,0.25505,0.04380,0.40582,-0.32161,0.38327,0.81706,-0.28649,0.25509,0.04383,0.40567,-0.32159,0.38327,0.81703,-0.28661,0.05,0.03,-0.15
19.2016,3,0.17124,-0.06126,-0.46747,0.79751,0.59431,-0.09899,0.03116,0,0.25504,0.04381,0.40582,-0.32160,0.38327,0.81707,-0.28649,0.25509,0.04383,0.40567,-0.32159,0.38327,0.81703,-0.28661,0.05,0.02,-0.15
19.2183,4,0.17631,-0.06890,-0.47494,0.80520,0.57973,-0.11405,0.05065,0,0.25504,0.04381,0.40582,-0.32161,0.38328,0.81706,-0.28649,0.25509,0.04383,0.40567,-0.32159,0.38327,0.81703,-0.28661,0.05,0.01,-0.15
19.2350,5,0.18563,-0.08184,-0.48975,0.81971,0.54826,-0.13620,0.09448,0,0.25504,0.04381,0.40582,-0.32161,0.38328,0.81706,-0.28649,0.25509,0.04383,0.40567,-0.32159,0.38327,0.81703,-0.28661,0.05,0.01,-0.15
19.2518,6,0.18961,-0.08755,-0.49788,0.82336,0.53771,-0.14349,0.11116,0,0.25504,0.04381,0.40582,-0.32162,0.38328,0.81706,-0.28649,0.25509,0.04383,0.40567,-0.32159,0.38327,0.81703,-0.28661,0.05,0.02,-0.15
19.2686,7,0.19311,-0.09396,-0.50633,0.82471,0.53114,-0.14800,0.12586,0,0.25504,0.04380,0.40582,-0.32161,0.38328,0.81706,-0.28649,0.25509,0.04383,0.40567,-0.32159,0.38327,0.81703,-0.28661,0.05,0.02,-0.15
19.2854,8,0.19575,-0.10050,-0.51484,0.82474,0.52659,-0.15154,0.13981,0,0.25504,0.04381,0.40582,-0.32161,0.38328,0.81706,-0.28649,0.25509,0.04383,0.40567,-0.32159,0.38327,0.81703,-0.28661,0.05,0.02,-0.15
19.3023,9,0.19829,-0.10556,-0.52315,0.82502,0.51974,-0.15843,0.15527,0,0.25504,0.04381,0.40582,-0.32161,0.38328,0.81706,-0.28649,0.25509,0.04383,0.40567,-0.32159,0.38327,0.81703,-0.28661,0.06,0.02,-0.15
19.3190,10,0.20331,-0.11220,-0.54044,0.82520,0.50533,-0.16617,0.18993,0,0.25504,0.04381,0.40582,-0.32161,0.38327,0.81706,-0.28649,0.25509,0.04383,0.40567,-0.32159,0.38327,0.81703,-0.28661,0.06,0.01,-0.15
19.3357,11,0.20579,-0.11520,-0.54816,0.82758,0.49451,-0.16807,0.20574,0,0.25504,0.04381,0.40582,-0.32161,0.38327,0.81706,-0.28649,0.25509,0.04383,0.40567,-0.32159,0.38327,0.81703,-0.28661,0.06,0.01,-0.15
19.3524,12,0.20842,-0.11678,-0.55524,0.83442,0.47785,-0.16963,0.21591,0,0.25504,0.04381,0.40582,-0.32160,0.38327,0.81706,-0.28649,0.25509,0.04383,0.40567,-0.32159,0.38327,0.81703,-0.28661,0.06,0.01,-0.14
19.3693,13,0.21060,-0.11621,-0.56174,0.84270,0.45843,-0.17369,0.22255,0,0.25504,0.04381,0.40582,-0.32161,0.38327,0.81706,-0.28649,0.25509,0.04383,0.40567,-0.32159,0.38327,0.81703,-0.28661,0.06,0.02,-0.14
19.3861,14,0.21238,-0.11364,-0.56732,0.84949,0.43972,-0.17968,0.22962,0,0.25504,0.04381,0.40582,-0.32161,0.38327,0.81706,-0.28649,0.25509,0.04383,0.40567,-0.32159,0.38327,0.81703,-0.28661,0.06,0.02,-0.14
19.4029,15,0.21387,-0.10369,-0.57754,0.85516,0.41048,-0.18815,0.25460,0,0.25503,0.04381,0.40582,-0.32161,0.38328,0.81706,-0.28649,0.25509,0.04383,0.40567,-0.32159,0.38327,0.81703,-0.28661,0.06,0.02,-0.15
19.4196,16,0.21453,-0.09749,-0.58264,0.85682,0.39926,-0.18749,0.26703,0,0.25503,0.04381,0.40582,-0.32161,0.38327,0.81707,-0.28649,0.25509,0.04383,0.40567,-0.32159,0.38327,0.81703,-0.28661,0.06,0.02,-0.15
19.4363,17,0.21585,-0.09062,-0.58609,0.85856,0.39000,-0.18310,0.27795,0,0.25503,0.04381,0.40582,-0.32160,0.38327,0.81707,-0.28649,0.25509,0.04383,0.40567,-0.32159,0.38327,0.81703,-0.28661,0.06,0.02,-0.15
19.4530,18,0.21753,-0.08230,-0.58770,0.85867,0.38343,-0.17858,0.28943,0,0.25503,0.04381,0.40582,-0.32160,0.38328,0.81707,-0.28649,0.25509,0.04383,0.40567,-0.32159,0.38327,0.81703,-0.28661,0.06,0.02,-0.15
19.4697,19,0.21804,-0.07125,-0.58908,0.84578,0.38548,-0.18152,0.32110,0,0.25503,0.04381,0.40582,-0.32160,0.38328,0.81706,-0.28649,0.25509,0.04383,0.40567,-0.32159,0.38327,0.81703,-0.28661,0.07,0.02,-0.15
19.4865,20,0.21356,-0.04396,-0.58951,0.81661,0.40818,-0.20999,0.34991,0,0.25503,0.04381,0.40582,-0.32160,0.38328,0.81706,-0.28649,0.25509,0.04383,0.40567,-0.32159,0.38327,0.81703,-0.28661,0.07,0.02,-0.15
19.5032,21,0.21082,-0.02736,-0.58773,0.80629,0.42693,-0.22145,0.34435,0,0.25503,0.04381,0.40582,-0.32160,0.38328,0.81707,-0.28649,0.25509,0.04383,0.40567,-0.32159,0.38327,0.81703,-0.28661,0.07,0.02,-0.15
19.5200,22,0.20738,-0.01029,-0.58521,0.79564,0.45564,-0.22950,0.32662,0,0.25502,0.04381,0.40582,-0.32160,0.38328,0.81707,-0.28649,0.25509,0.04383,0.40567,-0.32159,0.38327,0.81703,-0.28661,0.07,0.01,-0.15
19.5367,23,0.20167,0.00609,-0.58295,0.78036,0.48328,-0.24368,0.31320,0,0.25502,0.04381,0.40582,-0.32160,0.38328,0.81707,-0.28649,0.25509,0.04383,0.40567,-0.32159,0.38327,0.81703,-0.28661,0.07,0.01,-0.15
19.5535,24,0.19501,0.02315,-0.58001,0.76338,0.50842,-0.25868,0.30306,0,0.25502,0.04381,0.40582,-0.32160,0.38328,0.81707,-0.28649,0.25509,0.04383,0.40567,-0.32159,0.38327,0.81703,-0.28661,0.07,0.02,-0.15
19.5702,25,0.17913,0.05566,-0.57331,0.72817,0.55697,-0.27592,0.28882,0,0.25502,0.04381,0.40582,-0.32160,0.38328,0.81707,-0.28648,0.25509,0.04383,0.40567,-0.32159,0.38327,0.81703,-0.28661,0.07,0.02,-0.15
19.5869,26,0.17045,0.07080,-0.56923,0.71165,0.57635,-0.28188,0.28622,0,0.25502,0.04381,0.40582,-0.32160,0.38328,0.81707,-0.28648,0.25509,0.04383,0.40567,-0.32159,0.38327,0.81703,-0.28661,0.07,0.02,-0.15
19.6037,27,0.16121,0.08382,-0.56507,0.69550,0.59249,-0.28773,0.28714,0,0.25502,0.04380,0.40582,-0.32160,0.38328,0.81707,-0.28648,0.25509,0.04383,0.40567,-0.32159,0.38327,0.81703,-0.28661,0.07,0.02,-0.14
19.6205,28,0.15083,0.09431,-0.56118,0.68348,0.60511,-0.28993,0.28746,0,0.25502,0.04380,0.40582,-0.32160,0.38327,0.81707,-0.28648,0.25509,0.04383,0.40567,-0.32159,0.38327,0.81703,-0.28661,0.07,0.02,-0.14
19.6373,29,0.13898,0.10436,-0.55651,0.67036,0.61417,-0.29100,0.29790,0,0.25503,0.04381,0.40581,-0.32160,0.38327,0.81707,-0.28648,0.25509,0.04383,0.40567,-0.32159,0.38327,0.81703,-0.28661,0.07,0.02,-0.14
19.6540,30,0.11665,0.12357,-0.54849,0.63200,0.66349,-0.27711,0.28910,0,0.25503,0.04381,0.40581,-0.32160,0.38328,0.81707,-0.28648,0.25509,0.04383,0.40567,-0.32159,0.38327,0.81703,-0.28661,0.07,0.02,-0.14
19.6707,31,0.10033,0.13884,-0.54222,0.61049,0.68623,-0.26638,0.29228,0,0.25503,0.04381,0.40582,-0.32160,0.38327,0.81707,-0.28649,0.25509,0.04383,0.40567,-0.32159,0.38327,0.81703,-0.28661,0.07,0.02,-0.14
19.6874,32,0.08839,0.14803,-0.53731,0.58853,0.71031,-0.25910,0.28627,0,0.25503,0.04381,0.40582,-0.32160,0.38327,0.81707,-0.28649,0.25509,0.04383,0.40567,-0.32159,0.38327,0.81703,-0.28661,0.07,0.01,-0.14
19.7041,33,0.07422,0.15676,-0.53336,0.56896,0.73329,-0.24778,0.27779,0,0.25502,0.04381,0.40582,-0.32160,0.38327,0.81707,-0.28649,0.25509,0.04383,0.40567,-0.32159,0.38327,0.81703,-0.28661,0.07,0.01,-0.14
19.7208,34,0.06254,0.16501,-0.52605,0.55614,0.74586,-0.23511,0.28129,0,0.25502,0.04381,0.40581,-0.32160,0.38327,0.81707,-0.28649,0.25509,0.04383,0.40567,-0.32159,0.38327,0.81703,-0.28661,0.07,0.01,-0.14
19.7375,35,0.03296,0.18213,-0.50769,0.55894,0.72653,-0.23638,0.32227,0,0.25502,0.04381,0.40582,-0.32160,0.38327,0.81707,-0.28649,0.25509,0.04383,0.40567,-0.32159,0.38327,0.81703,-0.28661,0.07,0.01,-0.14
19.7542,36,0.02100,0.18840,-0.50017,0.55075,0.72788,-0.23865,0.33153,0,0.25502,0.04382,0.40582,-0.32160,0.38327,0.81707,-0.28649,0.25509,0.04383,0.40567,-0.32159,0.38327,0.81703,-0.28661,0.07,0.01,-0.14
19.7709,37,0.00886,0.19288,-0.49456,0.52897,0.73442,-0.24859,0.34498,0,0.25502,0.04382,0.40582,-0.32160,0.38327,0.81707,-0.28649,0.25509,0.04383,0.40567,-0.32159,0.38327,0.81703,-0.28661,0.07,0.01,-0.14
19.7877,38,-0.00256,0.19493,-0.48842,0.51276,0.74306,-0.25057,0.34951,0,0.25502,0.04382,0.40582,-0.32160,0.38327,0.81707,-0.28649,0.25509,0.04383,0.40567,-0.32159,0.38327,0.81703,-0.28661,0.07,0.01,-0.14
19.8045,39,-0.01164,0.19931,-0.48220,0.50507,0.74900,-0.23864,0.35631,0,0.25502,0.04382,0.40582,-0.32160,0.38327,0.81707,-0.28649,0.25509,0.04383,0.40567,-0.32159,0.38327,0.81703,-0.28661,0.07,0.01,-0.14
19.8212,40,-0.02909,0.20696,-0.47017,0.47177,0.75404,-0.24194,0.38772,0,0.25503,0.04381,0.40582,-0.32160,0.38328,0.81707,-0.28649,0.25509,0.04383,0.40567,-0.32159,0.38327,0.81703,-0.28661,0.07,0.01,-0.14
19.8379,41,-0.03586,0.21034,-0.46542,0.45185,0.75922,-0.25036,0.39590,0,0.25503,0.04381,0.40582,-0.32160,0.38327,0.81707,-0.28649,0.25509,0.04383,0.40567,-0.32159,0.38327,0.81703,-0.28661,0.07,0.01,-0.14
19.8546,42,-0.03945,0.21320,-0.46159,0.45588,0.75722,-0.26122,0.38800,0,0.25503,0.04381,0.40582,-0.32160,0.38327,0.81707,-0.28649,0.25509,0.04383,0.40567,-0.32159,0.38327,0.81703,-0.28661,0.07,0.01,-0.14
19.8714,43,-0.04794,0.21714,-0.45470,0.46374,0.75863,-0.25343,0.38106,0,0.25502,0.04381,0.40582,-0.32160,0.38327,0.81707,-0.28649,0.25509,0.04383,0.40567,-0.32159,0.38327,0.81703,-0.28661,0.07,0.01,-0.14
19.8881,44,-0.05309,0.22223,-0.44786,0.46922,0.75777,-0.24448,0.38190,0,0.25502,0.04381,0.40582,-0.32160,0.38327,0.81707,-0.28649,0.25509,0.04383,0.40567,-0.32159,0.38327,0.81703,-0.28661,0.07,0.01,-0.15
19.9048,45,-0.06271,0.23052,-0.43844,0.44706,0.76474,-0.23942,0.39748,0,0.25502,0.04381,0.40582,-0.32160,0.38327,0.81707,-0.28649,0.25509,0.04383,0.40567,-0.32159,0.38327,0.81703,-0.28661,0.07,0.02,-0.15
19.9216,46,-0.06538,0.23560,-0.43316,0.44415,0.76669,-0.23518,0.39952,0,0.25502,0.04381,0.40582,-0.32159,0.38327,0.81707,-0.28649,0.25509,0.04383,0.40567,-0.32159,0.38327,0.81703,-0.28661,0.07,0.02,-0.15
19.9383,47,-0.06861,0.24065,-0.42797,0.44168,0.76532,-0.23601,0.40435,0,0.25502,0.04381,0.40582,-0.32159,0.38327,0.81707,-0.28649,0.25509,0.04383,0.40567,-0.32159,0.38327,0.81703,-0.28661,0.07,0.02,-0.15
19.9550,48,-0.07229,0.24479,-0.42397,0.43827,0.76349,-0.24152,0.40825,0,0.25502,0.04381,0.40582,-0.32160,0.38328,0.81707,-0.28649,0.25509,0.04383,0.40567,-0.32159,0.38327,0.81703,-0.28661,0.08,0.02,-0.15
19.9717,49,-0.07488,0.25036,-0.42066,0.44660,0.76738,-0.23096,0.39790,0,0.25502,0.04381,0.40582,-0.32160,0.38328,0.81707,-0.28648,0.25509,0.04383,0.40567,-0.32159,0.38327,0.81703,-0.28661,0.08,0.01,-0.15
19.9886,50,-0.07762,0.25952,-0.41158,0.48305,0.76779,-0.20990,0.36483,0,0.25502,0.04381,0.40582,-0.32160,0.38328,0.81707,-0.28648,0.25509,0.04383,0.40567,-0.32159,0.38327,0.81703,-0.28661,0.08,0.02,-0.15
20.0052,51,-0.08029,0.26345,-0.40616,0.49463,0.76206,-0.21045,0.36100,0,0.25502,0.04381,0.40582,-0.32159,0.38328,0.81707,-0.28648,0.25509,0.04383,0.40567,-0.32159,0.38327,0.81703,-0.28661,0.08,0.02,-0.15
20.0220,52,-0.08266,0.26825,-0.40158,0.49699,0.75940,-0.21112,0.36296,0,0.25501,0.04381,0.40582,-0.32159,0.38328,0.81707,-0.28649,0.25509,0.04383,0.40567,-0.32159,0.38327,0.81703,-0.28661,0.08,0.02,-0.15
20.0387,53,-0.08455,0.27468,-0.39721,0.49273,0.75958,-0.21293,0.36730,0,0.25502,0.04381,0.40582,-0.32159,0.38328,0.81707,-0.28649,0.25509,0.04383,0.40567,-0.32159,0.38327,0.81703,-0.28661,0.08,0.02,-0.15
20.0555,54,-0.08982,0.28947,-0.38961,0.48229,0.76261,-0.21017,0.37636,0,0.25502,0.04381,0.40582,-0.32159,0.38328,0.81707,-0.28649,0.25509,0.04383,0.40567,-0.32159,0.38327,0.81703,-0.28661,0.08,0.02,-0.14
20.0722,55,-0.09494,0.29652,-0.38273,0.49065,0.76181,-0.21349,0.36516,0,0.25502,0.04381,0.40582,-0.32159,0.38327,0.81707,-0.28649,0.25509,0.04383,0.40567,-0.32159,0.38327,0.81703,-0.28661,0.08,0.02,-0.14
20.0889,56,-0.09965,0.30274,-0.37925,0.49653,0.76562,-0.22011,0.34473,0,0.25502,0.04381,0.40581,-0.32159,0.38327,0.81707,-0.28649,0.25509,0.04383,0.40567,-0.32159,0.38327,0.81703,-0.28661,0.08,0.02,-0.14
20.1057,57,-0.10280,0.30974,-0.37657,0.49468,0.77596,-0.22510,0.32017,0,0.25502,0.04381,0.40581,-0.32159,0.38327,0.81707,-0.28649,0.25509,0.04383,0.40567,-0.32159,0.38327,0.81703,-0.28661,0.08,0.02,-0.14
20.1224,58,-0.10545,0.31842,-0.37557,0.47981,0.79548,-0.23130,0.28895,0,0.25502,0.04381,0.40581,-0.32159,0.38327,0.81707,-0.28649,0.25509,0.04383,0.40567,-0.32159,0.38327,0.81703,-0.28661,0.08,0.02,-0.14
20.1392,59,-0.10459,0.34570,-0.36440,0.50628,0.79380,-0.20400,0.26824,0,0.25502,0.04381,0.40581,-0.32159,0.38327,0.81707,-0.28649,0.25509,0.04383,0.40567,-0.32159,0.38327,0.81703,-0.28661,0.08,0.02,-0.14
20.1559,60,-0.09917,0.34958,-0.33924,0.49694,0.80825,-0.20037,0.24420,0,0.25502,0.04381,0.40581,-0.32159,0.38327,0.81707,-0.28649,0.25509,0.04383,0.40567,-0.32159,0.38327,0.81703,-0.28661,0.08,0.02,-0.14
20.1726,61,-0.10480,0.36809,-0.34482,0.47366,0.80661,-0.22428,0.27334,0,0.25502,0.04381,0.40581,-0.32159,0.38327,0.81707,-0.28649,0.25509,0.04383,0.40567,-0.32159,0.38327,0.81703,-0.28661,0.08,0.02,-0.14
20.1894,62,-0.09828,0.37977,-0.34048,0.46658,0.80085,-0.23996,0.28874,0,0.25502,0.04381,0.40581,-0.32159,0.38327,0.81707,-0.28649,0.25509,0.04383,0.40567,-0.32159,0.38327,0.81703,-0.28661,0.08,0.02,-0.14
20.2061,63,-0.08993,0.38311,-0.34751,0.46658,0.79805,-0.25123,0.28688,0,0.25502,0.04381,0.40581,-0.32159,0.38328,0.81707,-0.28649,0.25509,0.04383,0.40567,-0.32159,0.38327,0.81703,-0.28661,0.08,0.02,-0.14
20.2228,64,-0.07986,0.38691,-0.35861,0.47611,0.79346,-0.25797,0.27782,0,0.25502,0.04381,0.40581,-0.32159,0.38327,0.81707,-0.28649,0.25509,0.04383,0.40567,-0.32159,0.38327,0.81703,-0.28661,0.08,0.01,-0.14
20.2396,65,-0.09172,0.38777,-0.35853,0.47234,0.79951,-0.24300,0.28040,0,0.25501,0.04382,0.40581,-0.32159,0.38327,0.81707,-0.28649,0.25509,0.04383,0.40567,-0.32159,0.38327,0.81703,-0.28661,0.08,0.01,-0.14
20.2564,66,-0.09586,0.37647,-0.37285,0.48320,0.79164,-0.23451,0.29125,0,0.25501,0.04381,0.40581,-0.32159,0.38327,0.81707,-0.28649,0.25509,0.04383,0.40567,-0.32159,0.38327,0.81703,-0.28661,0.08,0.01,-0.14
20.2732,67,-0.10103,0.36971,-0.37922,0.48239,0.78852,-0.23082,0.30373,0,0.25501,0.04381,0.40581,-0.32159,0.38327,0.81707,-0.28649,0.25509,0.04383,0.40567,-0.32159,0.38327,0.81703,-0.28661,0.08,0.01,-0.14
20.2901,68,-0.10689,0.36513,-0.38424,0.48910,0.78742,-0.22077,0.30333,0,0.25502,0.04381,0.40581,-0.32159,0.38327,0.81707,-0.28649,0.25509,0.04383,0.40567,-0.32159,0.38327,0.81703,-0.28661,0.08,0.01,-0.14
20.3068,69,-0.12261,0.35597,-0.39190,0.49419,0.78606,-0.20528,0.30943,0,0.25502,0.04381,0.40581,-0.32159,0.38327,0.81707,-0.28649,0.25509,0.04383,0.40567,-0.32159,0.38327,0.81703,-0.28661,0.08,0.01,-0.14
20.3234,70,-0.13035,0.35329,-0.39398,0.49432,0.78643,-0.19855,0.31265,0,0.25502,0.04381,0.40581,-0.32159,0.38327,0.81707,-0.28649,0.25509,0.04383,0.40567,-0.32159,0.38327,0.81703,-0.28661,0.08,0.01,-0.14
20.3402,71,-0.13820,0.35164,-0.39485,0.49452,0.78729,-0.19186,0.31435,0,0.25502,0.04381,0.40581,-0.32159,0.38327,0.81707,-0.28649,0.25509,0.04383,0.40567,-0.32159,0.38327,0.81703,-0.28661,0.08,0.01,-0.14
20.3570,72,-0.14584,0.35029,-0.39564,0.49490,0.78795,-0.18563,0.31584,0,0.25502,0.04381,0.40581,-0.32159,0.38327,0.81707,-0.28649,0.25509,0.04383,0.40567,-0.32159,0.38327,0.81703,-0.28661,0.08,0.01,-0.14
20.3737,73,-0.15296,0.34917,-0.39663,0.49568,0.78824,-0.18002,0.31714,0,0.25502,0.04381,0.40581,-0.32159,0.38327,0.81707,-0.28649,0.25509,0.04383,0.40567,-0.32159,0.38327,0.81703,-0.28661,0.08,0.01,-0.14
20.3904,74,-0.16461,0.35085,-0.39709,0.49710,0.78918,-0.17286,0.31655,0,0.25502,0.04381,0.40581,-0.32159,0.38327,0.81707,-0.28649,0.25509,0.04383,0.40567,-0.32159,0.38327,0.81703,-0.28661,0.08,0.01,-0.14
20.4071,75,-0.16924,0.35494,-0.39518,0.49659,0.79086,-0.17176,0.31374,0,0.25502,0.04381,0.40581,-0.32159,0.38327,0.81707,-0.28649,0.25509,0.04383,0.40567,-0.32159,0.38327,0.81703,-0.28661,0.08,0.01,-0.14
20.4238,76,-0.17250,0.36127,-0.39192,0.49515,0.79314,-0.17261,0.30977,0,0.25502,0.04381,0.40581,-0.32159,0.38327,0.81707,-0.28649,0.25509,0.04383,0.40567,-0.32159,0.38327,0.81703,-0.28661,0.08,0.01,-0.14
20.4406,77,-0.17431,0.36775,-0.38843,0.49392,0.79502,-0.17424,0.30599,0,0.25502,0.04381,0.40581,-0.32159,0.38327,0.81707,-0.28649,0.25509,0.04383,0.40567,-0.32159,0.38327,0.81703,-0.28661,0.08,0.02,-0.14
20.4573,78,-0.17510,0.38379,-0.38128,0.49105,0.79851,-0.18021,0.29796,0,0.25502,0.04381,0.40581,-0.32159,0.38328,0.81707,-0.28649,0.25509,0.04383,0.40567,-0.32159,0.38327,0.81703,-0.28661,0.08,0.01,-0.14
20.4740,79,-0.17393,0.39287,-0.37680,0.48876,0.80046,-0.18444,0.29385,0,0.25502,0.04381,0.40581,-0.32159,0.38327,0.81707,-0.28649,0.25509,0.04383,0.40567,-0.32159,0.38327,0.81703,-0.28661,0.08,0.01,-0.14
20.4908,80,-0.17181,0.40166,-0.37276,0.48703,0.80195,-0.18901,0.28975,0,0.25502,0.04381,0.40581,-0.32159,0.38328,0.81707,-0.28649,0.25509,0.04383,0.40567,-0.32159,0.38327,0.81703,-0.28661,0.08,0.01,-0.14
20.5075,81,-0.16902,0.41030,-0.36856,0.48518,0.80334,-0.19389,0.28574,0,0.25502,0.04381,0.40581,-0.32159,0.38328,0.81707,-0.28649,0.25509,0.04383,0.40567,-0.32159,0.38327,0.81703,-0.28661,0.08,0.02,-0.14
20.5242,82,-0.16549,0.41792,-0.36544,0.48413,0.80394,-0.19879,0.28246,0,0.25502,0.04381,0.40581,-0.32159,0.38328,0.81707,-0.28649,0.25509,0.04383,0.40567,-0.32159,0.38327,0.81703,-0.28661,0.08,0.02,-0.14
20.5410,83,-0.16423,0.42657,-0.35855,0.47835,0.80730,-0.20260,0.28001,0,0.25502,0.04381,0.40581,-0.32159,0.38327,0.81707,-0.28649,0.25509,0.04383,0.40567,-0.32159,0.38327,0.81703,-0.28661,0.08,0.01,-0.14
20.5577,84,-0.16689,0.43080,-0.35874,0.47779,0.80672,-0.20051,0.28410,0,0.25502,0.04381,0.40581,-0.32159,0.38327,0.81707,-0.28649,0.25509,0.04383,0.40567,-0.32159,0.38327,0.81703,-0.28661,0.08,0.01,-0.14
20.5744,85,-0.16880,0.43115,-0.35880,0.47804,0.80639,-0.19911,0.28559,0,0.25502,0.04381,0.40581,-0.32159,0.38327,0.81707,-0.28649,0.25509,0.04383,0.40567,-0.32159,0.38327,0.81703,-0.28661,0.08,0.02,-0.14
20.5912,86,-0.17151,0.42988,-0.36084,0.48141,0.80492,-0.19655,0.28586,0,0.25502,0.04381,0.40581,-0.32159,0.38327,0.81707,-0.28649,0.25509,0.04383,0.40567,-0.32159,0.38327,0.81703,-0.28661,0.08,0.01,-0.14
20.6079,87,-0.17553,0.42827,-0.36251,0.48419,0.80389,-0.19323,0.28632,0,0.25502,0.04381,0.40581,-0.32159,0.38327,0.81707,-0.28649,0.25509,0.04383,0.40567,-0.32159,0.38327,0.81703,-0.28661,0.08,0.02,-0.14
20.6246,88,-0.18029,0.42663,-0.36371,0.48644,0.80321,-0.18960,0.28683,0,0.25502,0.04381,0.40581,-0.32159,0.38328,0.81707,-0.28649,0.25509,0.04383,0.40567,-0.32159,0.38327,0.81703,-0.28661,0.07,0.01,-0.14
20.6414,89,-0.18968,0.42549,-0.36322,0.48930,0.80303,-0.18402,0.28612,0,0.25502,0.04381,0.40581,-0.32159,0.38327,0.81707,-0.28649,0.25509,0.04383,0.40567,-0.32159,0.38327,0.81703,-0.28661,0.08,0.01,-0.14
20.6581,90,-0.19432,0.42601,-0.36155,0.48973,0.80356,-0.18201,0.28517,0,0.25502,0.04381,0.40581,-0.32159,0.38327,0.81707,-0.28649,0.25509,0.04383,0.40567,-0.32159,0.38327,0.81703,-0.28661,0.08,0.01,-0.14
20.6749,91,-0.19894,0.42697,-0.35933,0.48985,0.80430,-0.18033,0.28394,0,0.25502,0.04381,0.40581,-0.32159,0.38327,0.81707,-0.28649,0.25509,0.04383,0.40567,-0.32159,0.38327,0.81703,-0.28661,0.08,0.01,-0.14
20.6916,92,-0.20371,0.42856,-0.35622,0.48905,0.80557,-0.17887,0.28266,0,0.25502,0.04381,0.40581,-0.32159,0.38327,0.81707,-0.28649,0.25509,0.04383,0.40567,-0.32159,0.38327,0.81703,-0.28661,0.08,0.01,-0.14
20.7082,93,-0.20927,0.43073,-0.35179,0.48718,0.80773,-0.17706,0.28085,0,0.25502,0.04381,0.40581,-0.32159,0.38327,0.81707,-0.28649,0.25509,0.04383,0.40567,-0.32159,0.38327,0.81703,-0.28661,0.08,0.01,-0.14
20.7250,94,-0.21812,0.43540,-0.34366,0.48309,0.81146,-0.17570,0.27799,0,0.25502,0.04381,0.40581,-0.32159,0.38327,0.81707,-0.28649,0.25509,0.04383,0.40567,-0.32159,0.38327,0.81703,-0.28661,0.08,0.01,-0.14
20.7417,95,-0.22136,0.43712,-0.34080,0.48142,0.81265,-0.17571,0.27741,0,0.25502,0.04381,0.40581,-0.32159,0.38327,0.81707,-0.28649,0.25509,0.04383,0.40567,-0.32159,0.38327,0.81703,-0.28661,0.08,0.01,-0.13
20.7584,96,-0.22445,0.43814,-0.33855,0.48002,0.81357,-0.17555,0.27726,0,0.25502,0.04381,0.40581,-0.32159,0.38327,0.81707,-0.28649,0.25509,0.04383,0.40567,-0.32159,0.38327,0.81703,-0.28661,0.08,0.01,-0.13
20.7752,97,-0.22736,0.43841,-0.33699,0.47893,0.81412,-0.17527,0.27770,0,0.25502,0.04381,0.40581,-0.32159,0.38327,0.81707,-0.28649,0.25509,0.04383,0.40567,-0.32159,0.38327,0.81703,-0.28661,0.08,0.01,-0.13
20.7920,98,-0.23026,0.43747,-0.33666,0.47860,0.81405,-0.17452,0.27894,0,0.25502,0.04381,0.40581,-0.32159,0.38327,0.81707,-0.28649,0.25509,0.04383,0.40567,-0.32159,0.38327,0.81703,-0.28661,0.08,0.02,-0.13
20.8087,99,-0.23756,0.43249,-0.33826,0.47870,0.81326,-0.17074,0.28337,0,0.25502,0.04381,0.40581,-0.32159,0.38327,0.81707,-0.28649,0.25509,0.04383,0.40567,-0.32159,0.38327,0.81703,-0.28661,0.08,0.02,-0.13
20.8255,100,-0.24046,0.42929,-0.34028,0.47954,0.81216,-0.16913,0.28606,0,0.25502,0.04381,0.40580,-0.32159,0.38327,0.81707,-0.28649,0.25509,0.04383,0.40567,-0.32159,0.38327,0.81703,-0.28661,0.08,0.02,-0.13
20.8423,101,-0.24274,0.42640,-0.34212,0.48051,0.81103,-0.16808,0.28826,0,0.25502,0.04381,0.40581,-0.32159,0.38327,0.81707,-0.28649,0.25509,0.04383,0.40567,-0.32159,0.38327,0.81703,-0.28661,0.08,0.02,-0.13
20.8591,102,-0.24487,0.42358,-0.34406,0.48154,0.80981,-0.16715,0.29048,0,0.25502,0.04381,0.40581,-0.32159,0.38327,0.81707,-0.28649,0.25509,0.04383,0.40567,-0.32159,0.38327,0.81703,-0.28661,0.08,0.02,-0.13
20.8757,103,-0.24988,0.41910,-0.34587,0.48132,0.80882,-0.16520,0.29471,0,0.25502,0.04381,0.40580,-0.32159,0.38327,0.81707,-0.28649,0.25509,0.04383,0.40567,-0.32159,0.38327,0.81703,-0.28661,0.08,0.02,-0.13
20.8925,104,-0.25249,0.41764,-0.34588,0.48020,0.80891,-0.16449,0.29666,0,0.25502,0.04381,0.40581,-0.32159,0.38327,0.81707,-0.28649,0.25509,0.04383,0.40567,-0.32159,0.38327,0.81703,-0.28661,0.08,0.02,-0.13
20.9093,105,-0.25509,0.41673,-0.34520,0.47879,0.80936,-0.16396,0.29802,0,0.25502,0.04381,0.40581,-0.32159,0.38327,0.81707,-0.28649,0.25509,0.04383,0.40567,-0.32159,0.38327,0.81703,-0.28661,0.08,0.02,-0.13
20.9262,106,-0.25750,0.41616,-0.34427,0.47757,0.80978,-0.16371,0.29896,0,0.25502,0.04381,0.40581,-0.32159,0.38327,0.81707,-0.28649,0.25509,0.04383,0.40567,-0.32159,0.38327,0.81703,-0.28661,0.08,0.02,-0.13
20.9429,107,-0.25970,0.41584,-0.34319,0.47659,0.81019,-0.16370,0.29943,0,0.25502,0.04381,0.40581,-0.32159,0.38327,0.81707,-0.28649,0.25509,0.04383,0.40567,-0.32159,0.38327,0.81703,-0.28661,0.08,0.02,-0.13
20.9596,108,-0.26370,0.41547,-0.34133,0.47475,0.81079,-0.16410,0.30050,0,0.25502,0.04381,0.40581,-0.32159,0.38328,0.81707,-0.28649,0.25509,0.04383,0.40567,-0.32159,0.38327,0.81703,-0.28661,0.08,0.02,-0.13
20.9763,109,-0.26599,0.41516,-0.34023,0.47347,0.81124,-0.16399,0.30138,0,0.25502,0.04381,0.40581,-0.32159,0.38328,0.81707,-0.28649,0.25509,0.04383,0.40567,-0.32159,0.38327,0.81703,-0.28661,0.08,0.02,-0.13
20.9931,110,-0.26833,0.41448,-0.33940,0.47218,0.81154,-0.16365,0.30277,0,0.25502,0.04381,0.40581,-0.32159,0.38328,0.81707,-0.28649,0.25509,0.04383,0.40567,-0.32159,0.38327,0.81703,-0.28661,0.08,0.02,-0.13
21.0098,111,-0.27045,0.41356,-0.33906,0.47100,0.81159,-0.16332,0.30464,0,0.25502,0.04381,0.40581,-0.32159,0.38327,0.81707,-0.28649,0.25509,0.04383,0.40567,-0.32159,0.38327,0.81703,-0.28661,0.08,0.02,-0.13
21.0265,112,-0.27283,0.41236,-0.33875,0.46996,0.81172,-0.16257,0.30630,0,0.25502,0.04381,0.40580,-0.32159,0.38327,0.81707,-0.28649,0.25509,0.04383,0.40567,-0.32159,0.38327,0.81703,-0.28661,0.08,0.02,-0.13
21.0432,113,-0.27512,0.41119,-0.33836,0.46959,0.81176,-0.16174,0.30721,0,0.25502,0.04381,0.40580,-0.32159,0.38328,0.81707,-0.28649,0.25509,0.04383,0.40567,-0.32159,0.38327,0.81703,-0.28661,0.08,0.02,-0.13
21.0599,114,-0.27860,0.40996,-0.33696,0.46867,0.81200,-0.16129,0.30820,0,0.25502,0.04381,0.40580,-0.32159,0.38327,0.81707,-0.28649,0.25509,0.04383,0.40567,-0.32159,0.38327,0.81703,-0.28661,0.07,0.02,-0.13
21.0766,115,-0.28007,0.40915,-0.33676,0.46855,0.81184,-0.16102,0.30896,0,0.25502,0.04381,0.40580,-0.32159,0.38327,0.81707,-0.28649,0.25509,0.04383,0.40567,-0.32159,0.38327,0.81703,-0.28661,0.07,0.02,-0.13
21.0934,116,-0.28164,0.40825,-0.33654,0.46809,0.81179,-0.16053,0.31003,0,0.25502,0.04381,0.40580,-0.32159,0.38327,0.81707,-0.28649,0.25509,0.04383,0.40567,-0.32159,0.38327,0.81703,-0.28661,0.07,0.01,-0.13
21.1101,117,-0.28327,0.40715,-0.33654,0.46763,0.81171,-0.15976,0.31133,0,0.25502,0.04381,0.40580,-0.32159,0.38327,0.81707,-0.28649,0.25509,0.04383,0.40567,-0.32159,0.38327,0.81703,-0.28661,0.07,0.02,-0.13
21.1268,118,-0.28462,0.40632,-0.33642,0.46686,0.81173,-0.15927,0.31269,0,0.25502,0.04381,0.40580,-0.32159,0.38327,0.81707,-0.28649,0.25509,0.04383,0.40567,-0.32159,0.38327,0.81703,-0.28661,0.07,0.02,-0.13
21.1436,119,-0.28577,0.40570,-0.33647,0.46552,0.81155,-0.15952,0.31499,0,0.25502,0.04381,0.40580,-0.32159,0.38328,0.81707,-0.28649,0.25509,0.04383,0.40567,-0.32159,0.38327,0.81703,-0.28661,0.07,0.02,-0.13
21.1603,120,-0.28537,0.40586,-0.33669,0.46532,0.81123,-0.16032,0.31571,0,0.25502,0.04381,0.40580,-0.32159,0.38328,0.81707,-0.28649,0.25509,0.04383,0.40567,-0.32159,0.38327,0.81703,-0.28661,0.07,0.02,-0.13
21.1771,121,-0.28416,0.40640,-0.33702,0.46544,0.81070,-0.16175,0.31618,0,0.25502,0.04381,0.40580,-0.32159,0.38328,0.81707,-0.28649,0.25509,0.04383,0.40567,-0.32159,0.38327,0.81703,-0.28661,0.07,0.02,-0.13
21.1938,122,-0.28254,0.40726,-0.33723,0.46549,0.81020,-0.16351,0.31649,0,0.25502,0.04381,0.40580,-0.32159,0.38327,0.81707,-0.28649,0.25509,0.04383,0.40567,-0.32159,0.38327,0.81703,-0.28661,0.08,0.01,-0.13
21.2105,123,-0.28119,0.40784,-0.33744,0.46560,0.80972,-0.16479,0.31689,0,0.25502,0.04381,0.40580,-0.32160,0.38327,0.81707,-0.28649,0.25509,0.04383,0.40567,-0.32159,0.38327,0.81703,-0.28661,0.08,0.01,-0.13
21.2272,124,-0.27876,0.40869,-0.33785,0.46462,0.80898,-0.16690,0.31912,0,0.25502,0.04381,0.40580,-0.32159,0.38327,0.81707,-0.28649,0.25509,0.04383,0.40567,-0.32159,0.38327,0.81703,-0.28661,0.08,0.01,-0.13
21.2440,125,-0.27788,0.40886,-0.33810,0.46418,0.80865,-0.16746,0.32028,0,0.25502,0.04381,0.40580,-0.32159,0.38327,0.81707,-0.28649,0.25509,0.04383,0.40567,-0.32159,0.38327,0.81703,-0.28661,0.08,0.01,-0.13
21.2607,126,-0.27705,0.40922,-0.33819,0.46376,0.80843,-0.16802,0.32115,0,0.25502,0.04381,0.40580,-0.32159,0.38327,0.81707,-0.28649,0.25509,0.04383,0.40567,-0.32159,0.38327,0.81703,-0.28661,0.08,0.02,-0.13
21.2774,127,-0.27608,0.40986,-0.33810,0.46339,0.80828,-0.16877,0.32168,0,0.25502,0.04381,0.40580,-0.32159,0.38327,0.81707,-0.28649,0.25509,0.04383,0.40567,-0.32159,0.38327,0.81703,-0.28661,0.07,0.02,-0.13
21.2942,128,-0.27474,0.41079,-0.33806,0.46316,0.80801,-0.16989,0.32210,0,0.25502,0.04381,0.40580,-0.32159,0.38327,0.81707,-0.28649,0.25509,0.04383,0.40567,-0.32159,0.38327,0.81703,-0.28661,0.07,0.01,-0.13
21.3109,129,-0.27254,0.41255,-0.33802,0.46293,0.80748,-0.17163,0.32282,0,0.25502,0.04381,0.40580,-0.32159,0.38327,0.81707,-0.28649,0.25509,0.04383,0.40567,-0.32159,0.38327,0.81703,-0.28661,0.07,0.01,-0.13
21.3276,130,-0.27193,0.41330,-0.33801,0.46267,0.80732,-0.17214,0.32332,0,0.25502,0.04381,0.40580,-0.32159,0.38327,0.81707,-0.28649,0.25509,0.04383,0.40567,-0.32159,0.38327,0.81703,-0.28661,0.07,0.01,-0.13
21.3444,131,-0.27148,0.41426,-0.33774,0.46222,0.80733,-0.17268,0.32366,0,0.25502,0.04381,0.40580,-0.32159,0.38327,0.81707,-0.28649,0.25509,0.04383,0.40567,-0.32159,0.38327,0.81703,-0.28661,0.07,0.02,-0.13
21.3611,132,-0.27103,0.41543,-0.33719,0.46174,0.80742,-0.17335,0.32377,0,0.25502,0.04381,0.40580,-0.32159,0.38327,0.81707,-0.28649,0.25509,0.04383,0.40567,-0.32159,0.38327,0.81703,-0.28661,0.07,0.01,-0.13
21.3778,133,-0.27048,0.41677,-0.33664,0.46129,0.80746,-0.17424,0.32382,0,0.25502,0.04381,0.40580,-0.32159,0.38327,0.81707,-0.28649,0.25509,0.04383,0.40567,-0.32159,0.38327,0.81703,-0.28661,0.07,0.02,-0.13
21.3946,134,-0.27025,0.41945,-0.33501,0.46062,0.80790,-0.17537,0.32306,0,0.25502,0.04381,0.40580,-0.32159,0.38327,0.81707,-0.28649,0.25509,0.04383,0.40567,-0.32159,0.38327,0.81703,-0.28661,0.07,0.01,-0.13
21.4113,135,-0.27037,0.42075,-0.33409,0.46035,0.80822,-0.17578,0.32242,0,0.25502,0.04381,0.40580,-0.32159,0.38327,0.81707,-0.28649,0.25509,0.04383,0.40567,-0.32159,0.38327,0.81703,-0.28661,0.07,0.02,-0.13
21.4280,136,-0.27019,0.42208,-0.33339,0.46037,0.80834,-0.17640,0.32176,0,0.25502,0.04381,0.40580,-0.32159,0.38327,0.81707,-0.28649,0.25509,0.04383,0.40567,-0.32159,0.38327,0.81703,-0.28661,0.07,0.01,-0.13
21.4448,137,-0.26985,0.42328,-0.33296,0.46059,0.80829,-0.17706,0.32121,0,0.25502,0.04381,0.40580,-0.32159,0.38327,0.81707,-0.28649,0.25509,0.04383,0.40567,-0.32159,0.38327,0.81703,-0.28661,0.07,0.01,-0.13
21.4615,138,-0.26951,0.42433,-0.33259,0.46081,0.80822,-0.17765,0.32074,0,0.25502,0.04381,0.40580,-0.32159,0.38328,0.81707,-0.28649,0.25509,0.04383,0.40567,-0.32159,0.38327,0.81703,-0.28661,0.07,0.02,-0.13
21.4782,139,-0.26946,0.42560,-0.33225,0.46132,0.80809,-0.17792,0.32019,0,0.25502,0.04381,0.40580,-0.32159,0.38327,0.81707,-0.28649,0.25509,0.04383,0.40567,-0.32159,0.38327,0.81703,-0.28661,0.07,0.01,-0.13
21.4949,140,-0.26909,0.42620,-0.33245,0.46165,0.80788,-0.17826,0.32005,0,0.25502,0.04381,0.40580,-0.32159,0.38327,0.81707,-0.28650,0.25509,0.04383,0.40567,-0.32159,0.38327,0.81703,-0.28661,0.07,0.01,-0.13
21.5117,141,-0.26833,0.42694,-0.33268,0.46216,0.80757,-0.17891,0.31972,0,0.25502,0.04381,0.40580,-0.32159,0.38327,0.81707,-0.28649,0.25509,0.04383,0.40567,-0.32159,0.38327,0.81703,-0.28661,0.07,0.01,-0.13
21.5284,142,-0.26726,0.42778,-0.33299,0.46276,0.80715,-0.17984,0.31941,0,0.25502,0.04381,0.40580,-0.32159,0.38327,0.81707,-0.28649,0.25509,0.04383,0.40567,-0.32159,0.38327,0.81703,-0.28661,0.07,0.01,-0.13
21.5451,143,-0.26546,0.42878,-0.33393,0.46400,0.80618,-0.18116,0.31931,0,0.25502,0.04381,0.40580,-0.32159,0.38327,0.81707,-0.28649,0.25509,0.04383,0.40567,-0.32159,0.38327,0.81703,-0.28661,0.07,0.01,-0.13
21.5619,144,-0.26480,0.42889,-0.33474,0.46475,0.80560,-0.18146,0.31952,0,0.25502,0.04381,0.40580,-0.32159,0.38327,0.81707,-0.28649,0.25509,0.04383,0.40567,-0.32159,0.38327,0.81703,-0.28661,0.07,0.01,-0.13
21.5786,145,-0.26431,0.42872,-0.33583,0.46571,0.80491,-0.18150,0.31984,0,0.25502,0.04381,0.40580,-0.32159,0.38327,0.81707,-0.28649,0.25509,0.04383,0.40567,-0.32159,0.38327,0.81703,-0.28661,0.07,0.01,-0.13
21.5953,146,-0.26397,0.42877,-0.33651,0.46634,0.80443,-0.18159,0.32007,0,0.25502,0.04381,0.40580,-0.32159,0.38327,0.81707,-0.28649,0.25509,0.04383,0.40567,-0.32159,0.38327,0.81703,-0.28661,0.07,0.01,-0.13
21.6120,147,-0.26354,0.42900,-0.33707,0.46686,0.80400,-0.18186,0.32023,0,0.25502,0.04381,0.40580,-0.32159,0.38327,0.81707,-0.28649,0.25509,0.04383,0.40567,-0.32159,0.38327,0.81703,-0.28661,0.07,0.01,-0.13
21.6288,148,-0.26235,0.43013,-0.33768,0.46808,0.80324,-0.18289,0.31977,0,0.25502,0.04381,0.40580,-0.32159,0.38327,0.81707,-0.28649,0.25509,0.04383,0.40567,-0.32159,0.38327,0.81703,-0.28661,0.07,0.01,-0.13
21.6455,149,-0.26201,0.43111,-0.33730,0.46810,0.80329,-0.18347,0.31930,0,0.25502,0.04381,0.40580,-0.32159,0.38327,0.81707,-0.28649,0.25509,0.04383,0.40567,-0.32159,0.38327,0.81703,-0.28661,0.07,0.01,-0.13
21.6622,150,-0.26186,0.43208,-0.33682,0.46799,0.80337,-0.18391,0.31899,0,0.25502,0.04381,0.40580,-0.32159,0.38327,0.81707,-0.28649,0.25509,0.04383,0.40567,-0.32159,0.38327,0.81703,-0.28661,0.07,0.01,-0.13
21.6790,151,-0.26184,0.43309,-0.33615,0.46775,0.80355,-0.18429,0.31868,0,0.25502,0.04381,0.40580,-0.32159,0.38328,0.81707,-0.28650,0.25509,0.04383,0.40567,-0.32159,0.38327,0.81703,-0.28661,0.07,0.01,-0.13
21.6958,152,-0.26193,0.43421,-0.33520,0.46757,0.80383,-0.18460,0.31805,0,0.25502,0.04381,0.40580,-0.32159,0.38327,0.81707,-0.28649,0.25509,0.04383,0.40567,-0.32159,0.38327,0.81703,-0.28661,0.07,0.01,-0.13
21.7125,153,-0.26210,0.43663,-0.33341,0.46704,0.80443,-0.18543,0.31683,0,0.25502,0.04381,0.40580,-0.32159,0.38328,0.81707,-0.28649,0.25509,0.04383,0.40567,-0.32159,0.38327,0.81703,-0.28661,0.07,0.01,-0.13
21.7293,154,-0.26241,0.43769,-0.33263,0.46673,0.80476,-0.18566,0.31630,0,0.25502,0.04381,0.40580,-0.32159,0.38328,0.81707,-0.28650,0.25509,0.04383,0.40567,-0.32159,0.38327,0.81703,-0.28661,0.07,0.02,-0.13
21.7461,155,-0.26260,0.43879,-0.33175,0.46654,0.80507,-0.18600,0.31562,0,0.25502,0.04381,0.40580,-0.32159,0.38327,0.81707,-0.28650,0.25509,0.04383,0.40567,-0.32159,0.38327,0.81703,-0.28661,0.07,0.01,-0.13
21.7628,156,-0.26265,0.43997,-0.33080,0.46630,0.80535,-0.18648,0.31495,0,0.25502,0.04381,0.40580,-0.32159,0.38327,0.81707,-0.28650,0.25509,0.04383,0.40567,-0.32159,0.38327,0.81703,-0.28661,0.07,0.01,-0.13
21.7795,157,-0.26303,0.44111,-0.32940,0.46588,0.80590,-0.18670,0.31405,0,0.25502,0.04381,0.40580,-0.32159,0.38327,0.81707,-0.28650,0.25509,0.04383,0.40567,-0.32159,0.38327,0.81703,-0.28661,0.07,0.01,-0.13
21.7963,158,-0.26391,0.44303,-0.32736,0.46518,0.80670,-0.18691,0.31290,0,0.25502,0.04381,0.40580,-0.32159,0.38327,0.81707,-0.28650,0.25509,0.04383,0.40567,-0.32159,0.38327,0.81703,-0.28661,0.07,0.01,-0.13
21.8130,159,-0.26437,0.44429,-0.32569,0.46425,0.80744,-0.18723,0.31218,0,0.25502,0.04381,0.40580,-0.32159,0.38327,0.81707,-0.28650,0.25509,0.04383,0.40567,-0.32159,0.38327,0.81703,-0.28661,0.07,0.01,-0.13
21.8297,160,-0.26506,0.44548,-0.32401,0.46325,0.80821,-0.18735,0.31160,0,0.25502,0.04381,0.40580,-0.32159,0.38328,0.81707,-0.28650,0.25509,0.04383,0.40567,-0.32159,0.38327,0.81703,-0.28661,0.07,0.01,-0.13
21.8465,161,-0.26691,0.44627,-0.32156,0.46105,0.80962,-0.18669,0.31160,0,0.25502,0.04381,0.40580,-0.32159,0.38328,0.81707,-0.28650,0.25509,0.04383,0.40567,-0.32159,0.38327,0.81703,-0.28661,0.07,0.02,-0.13
21.8633,162,-0.26968,0.44587,-0.31983,0.45910,0.81084,-0.18499,0.31231,0,0.25502,0.04381,0.40580,-0.32159,0.38328,0.81707,-0.28650,0.25509,0.04383,0.40567,-0.32159,0.38327,0.81703,-0.28661,0.07,0.01,-0.13
21.8799,163,-0.27279,0.44385,-0.32036,0.45996,0.81061,-0.18242,0.31315,0,0.25502,0.04381,0.40580,-0.32159,0.38327,0.81707,-0.28650,0.25509,0.04383,0.40567,-0.32159,0.38327,0.81703,-0.28661,0.07,0.01,-0.13
21.8967,164,-0.27326,0.44353,-0.32032,0.46105,0.81042,-0.18210,0.31224,0,0.25502,0.04381,0.40580,-0.32159,0.38327,0.81707,-0.28650,0.25509,0.04383,0.40567,-0.32159,0.38327,0.81703,-0.28661,0.07,0.01,-0.13
21.9134,165,-0.27336,0.44343,-0.32034,0.46214,0.81015,-0.18209,0.31134,0,0.25502,0.04381,0.40580,-0.32159,0.38327,0.81707,-0.28650,0.25509,0.04383,0.40567,-0.32159,0.38327,0.81703,-0.28661,0.07,0.01,-0.13
21.9301,166,-0.27378,0.44331,-0.32012,0.46275,0.81009,-0.18185,0.31073,0,0.25502,0.04381,0.40580,-0.32159,0.38327,0.81707,-0.28650,0.25509,0.04383,0.40567,-0.32159,0.38327,0.81703,-0.28661,0.07,0.01,-0.13
21.9468,167,-0.27436,0.44327,-0.31959,0.46288,0.81021,-0.18153,0.31039,0,0.25502,0.04381,0.40580,-0.32159,0.38327,0.81707,-0.28650,0.25509,0.04383,0.40567,-0.32159,0.38327,0.81703,-0.28661,0.07,0.01,-0.13
21.9636,168,-0.27536,0.44376,-0.31770,0.46220,0.81087,-0.18113,0.30993,0,0.25502,0.04381,0.40580,-0.32159,0.38327,0.81707,-0.28650,0.25509,0.04383,0.40567,-0.32159,0.38327,0.81703,-0.28661,0.07,0.02,-0.13
21.9803,169,-0.27546,0.44437,-0.31665,0.46170,0.81121,-0.18130,0.30968,0,0.25502,0.04381,0.40580,-0.32159,0.38327,0.81707,-0.28650,0.25509,0.04383,0.40567,-0.32159,0.38327,0.81703,-0.28661,0.07,0.02,-0.13
21.9970,170,-0.27479,0.44547,-0.31579,0.46130,0.81134,-0.18217,0.30941,0,0.25502,0.04381,0.40580,-0.32159,0.38327,0.81707,-0.28649,0.25509,0.04383,0.40567,-0.32159,0.38327,0.81703,-0.28661,0.07,0.02,-0.12
22.0137,171,-0.27346,0.44704,-0.31489,0.46088,0.81142,-0.18365,0.30897,0,0.25502,0.04381,0.40580,-0.32159,0.38327,0.81707,-0.28650,0.25509,0.04383,0.40567,-0.32159,0.38327,0.81703,-0.28661,0.07,0.02,-0.12
22.0305,172,-0.27182,0.44888,-0.31388,0.46022,0.81155,-0.18547,0.30851,0,0.25502,0.04381,0.40580,-0.32159,0.38327,0.81707,-0.28650,0.25509,0.04383,0.40567,-0.32159,0.38327,0.81703,-0.28661,0.07,0.02,-0.12
22.0585,173,-0.26887,0.45263,-0.31126,0.45848,0.81214,-0.18889,0.30748,0,0.25502,0.04381,0.40580,-0.32159,0.38327,0.81707,-0.28650,0.25509,0.04383,0.40567,-0.32159,0.38327,0.81703,-0.28661,0.07,0.02,-0.12
22.0752,174,-0.26857,0.45494,-0.30783,0.45544,0.81347,-0.19034,0.30759,0,0.25502,0.04381,0.40580,-0.32159,0.38327,0.81707,-0.28650,0.25509,0.04383,0.40567,-0.32159,0.38327,0.81703,-0.28661,0.07,0.02,-0.12
22.0919,175,-0.26890,0.45519,-0.30712,0.45475,0.81366,-0.19040,0.30807,0,0.25502,0.04381,0.40580,-0.32159,0.38328,0.81707,-0.28650,0.25509,0.04383,0.40567,-0.32159,0.38327,0.81703,-0.28661,0.07,0.02,-0.12
22.1087,176,-0.26927,0.45540,-0.30634,0.45444,0.81384,-0.19048,0.30801,0,0.25502,0.04381,0.40580,-0.32159,0.38328,0.81707,-0.28650,0.25509,0.04383,0.40567,-0.32159,0.38327,0.81703,-0.28661,0.07,0.02,-0.12
22.1255,177,-0.26951,0.45574,-0.30552,0.45442,0.81400,-0.19080,0.30741,0,0.25502,0.04381,0.40580,-0.32159,0.38327,0.81707,-0.28650,0.25509,0.04383,0.40567,-0.32159,0.38327,0.81703,-0.28661,0.07,0.02,-0.12
22.1422,178,-0.26976,0.45601,-0.30499,0.45478,0.81400,-0.19116,0.30665,0,0.25502,0.04381,0.40579,-0.32159,0.38327,0.81707,-0.28650,0.25509,0.04383,0.40567,-0.32159,0.38327,0.81703,-0.28661,0.07,0.02,-0.12
22.1589,179,-0.27147,0.45585,-0.30359,0.45525,0.81424,-0.19094,0.30545,0,0.25502,0.04381,0.40580,-0.32159,0.38327,0.81707,-0.28650,0.25509,0.04383,0.40567,-0.32159,0.38327,0.81703,-0.28661,0.07,0.02,-0.12
22.1757,180,-0.27297,0.45525,-0.30298,0.45535,0.81443,-0.19025,0.30522,0,0.25502,0.04381,0.40579,-0.32159,0.38328,0.81707,-0.28650,0.25509,0.04383,0.40567,-0.32159,0.38327,0.81703,-0.28661,0.07,0.02,-0.12
22.1924,181,-0.27402,0.45447,-0.30318,0.45634,0.81409,-0.18966,0.30503,0,0.25502,0.04381,0.40579,-0.32159,0.38328,0.81707,-0.28650,0.25509,0.04383,0.40567,-0.32159,0.38327,0.81703,-0.28661,0.07,0.02,-0.12
22.2091,182,-0.27458,0.45419,-0.30313,0.45672,0.81388,-0.18970,0.30499,0,0.25502,0.04381,0.40579,-0.32159,0.38328,0.81707,-0.28650,0.25509,0.04383,0.40567,-0.32159,0.38327,0.81703,-0.28661,0.07,0.02,-0.12
22.2258,183,-0.27522,0.45387,-0.30302,0.45666,0.81380,-0.18964,0.30534,0,0.25502,0.04381,0.40579,-0.32159,0.38327,0.81707,-0.28650,0.25509,0.04383,0.40567,-0.32159,0.38327,0.81703,-0.28661,0.07,0.02,-0.12
22.2425,184,-0.27563,0.45330,-0.30345,0.45608,0.81339,-0.18997,0.30706,0,0.25502,0.04381,0.40579,-0.32159,0.38327,0.81707,-0.28650,0.25509,0.04383,0.40567,-0.32159,0.38327,0.81703,-0.28661,0.07,0.02,-0.12
22.2593,185,-0.27517,0.45311,-0.30409,0.45590,0.81295,-0.19052,0.30817,0,0.25502,0.04381,0.40579,-0.32159,0.38327,0.81707,-0.28650,0.25509,0.04383,0.40567,-0.32159,0.38327,0.81703,-0.28661,0.07,0.02,-0.12
22.2760,186,-0.27428,0.45316,-0.30475,0.45573,0.81245,-0.19138,0.30919,0,0.25502,0.04381,0.40579,-0.32159,0.38327,0.81707,-0.28650,0.25509,0.04383,0.40567,-0.32159,0.38327,0.81703,-0.28661,0.07,0.02,-0.12
22.2927,187,-0.27318,0.45325,-0.30547,0.45554,0.81193,-0.19231,0.31027,0,0.25502,0.04381,0.40579,-0.32159,0.38327,0.81707,-0.28650,0.25509,0.04383,0.40567,-0.32159,0.38327,0.81703,-0.28661,0.07,0.02,-0.12
22.3095,188,-0.27241,0.45326,-0.30600,0.45513,0.81152,-0.19312,0.31145,0,0.25502,0.04381,0.40579,-0.32159,0.38327,0.81707,-0.28650,0.25509,0.04383,0.40567,-0.32159,0.38327,0.81703,-0.28661,0.07,0.02,-0.12
22.3262,189,-0.26945,0.45355,-0.30762,0.45491,0.81020,-0.19533,0.31382,0,0.25502,0.04381,0.40579,-0.32159,0.38327,0.81707,-0.28650,0.25509,0.04383,0.40567,-0.32159,0.38327,0.81703,-0.28661,0.07,0.02,-0.12
22.3430,190,-0.26795,0.45367,-0.30845,0.45495,0.80946,-0.19639,0.31500,0,0.25502,0.04381,0.40579,-0.32159,0.38327,0.81707,-0.28650,0.25509,0.04383,0.40567,-0.32159,0.38327,0.81703,-0.28661,0.07,0.02,-0.12
22.3598,191,-0.26694,0.45357,-0.30921,0.45471,0.80889,-0.19703,0.31641,0,0.25502,0.04381,0.40579,-0.32159,0.38327,0.81707,-0.28650,0.25509,0.04383,0.40567,-0.32159,0.38327,0.81703,-0.28661,0.07,0.02,-0.12
22.3764,192,-0.26635,0.45348,-0.30981,0.45407,0.80854,-0.19747,0.31795,0,0.25502,0.04381,0.40579,-0.32159,0.38328,0.81707,-0.28650,0.25509,0.04383,0.40567,-0.32159,0.38327,0.81703,-0.28661,0.07,0.02,-0.12
22.3932,193,-0.26601,0.45377,-0.30975,0.45313,0.80855,-0.19795,0.31898,0,0.25502,0.04381,0.40579,-0.32159,0.38328,0.81707,-0.28650,0.25509,0.04383,0.40567,-0.32159,0.38327,0.81703,-0.28661,0.07,0.02,-0.12
22.4101,194,-0.26335,0.45511,-0.31034,0.45288,0.80759,-0.20058,0.32010,0,0.25502,0.04381,0.40579,-0.32159,0.38328,0.81707,-0.28650,0.25509,0.04383,0.40567,-0.32159,0.38327,0.81703,-0.28661,0.07,0.02,-0.12
22.4269,195,-0.26271,0.45576,-0.31010,0.45260,0.80738,-0.20160,0.32040,0,0.25502,0.04381,0.40579,-0.32159,0.38328,0.81707,-0.28650,0.25509,0.04383,0.40567,-0.32159,0.38327,0.81703,-0.28661,0.07,0.02,-0.12
22.4437,196,-0.26263,0.45614,-0.30974,0.45206,0.80739,-0.20209,0.32081,0,0.25502,0.04381,0.40579,-0.32159,0.38328,0.81707,-0.28650,0.25509,0.04383,0.40567,-0.32159,0.38327,0.81703,-0.28661,0.07,0.02,-0.12
22.4604,197,-0.26291,0.45635,-0.30946,0.45151,0.80743,-0.20232,0.32135,0,0.25502,0.04381,0.40579,-0.32159,0.38328,0.81707,-0.28650,0.25509,0.04383,0.40567,-0.32159,0.38327,0.81703,-0.28661,0.07,0.02,-0.12
22.4771,198,-0.26370,0.45640,-0.30895,0.45090,0.80762,-0.20219,0.32181,0,0.25502,0.04381,0.40579,-0.32159,0.38327,0.81707,-0.28650,0.25509,0.04383,0.40567,-0.32159,0.38327,0.81703,-0.28661,0.07,0.02,-0.12
22.4938,199,-0.26541,0.45656,-0.30785,0.45002,0.80803,-0.20195,0.32216,0,0.25502,0.04381,0.40579,-0.32159,0.38327,0.81707,-0.28650,0.25509,0.04383,0.40567,-0.32159,0.38327,0.81703,-0.28661,0.07,0.02,-0.12
22.5106,200,-0.26634,0.45668,-0.30712,0.44964,0.80834,-0.20179,0.32201,0,0.25502,0.04381,0.40579,-0.32159,0.38327,0.81707,-0.28650,0.25509,0.04383,0.40567,-0.32159,0.38327,0.81703,-0.28661,0.07,0.02,-0.12
22.5273,201,-0.26732,0.45677,-0.30639,0.44918,0.80867,-0.20164,0.32192,0,0.25502,0.04381,0.40579,-0.32159,0.38327,0.81707,-0.28650,0.25509,0.04383,0.40567,-0.32159,0.38327,0.81703,-0.28661,0.07,0.02,-0.12
22.5440,202,-0.26818,0.45661,-0.30626,0.44895,0.80872,-0.20146,0.32223,0,0.25502,0.04381,0.40579,-0.32159,0.38327,0.81707,-0.28650,0.25509,0.04383,0.40567,-0.32159,0.38327,0.81703,-0.28661,0.07,0.02,-0.12
22.5607,203,-0.26916,0.45617,-0.30638,0.44893,0.80869,-0.20102,0.32261,0,0.25502,0.04381,0.40579,-0.32159,0.38327,0.81707,-0.28650,0.25509,0.04383,0.40567,-0.32159,0.38327,0.81703,-0.28661,0.07,0.02,-0.12
22.5775,204,-0.27152,0.45486,-0.30689,0.44882,0.80872,-0.19972,0.32348,0,0.25502,0.04381,0.40579,-0.32159,0.38327,0.81707,-0.28650,0.25509,0.04383,0.40567,-0.32159,0.38327,0.81703,-0.28661,0.07,0.01,-0.12
22.5942,205,-0.27275,0.45404,-0.30741,0.44920,0.80861,-0.19887,0.32376,0,0.25502,0.04381,0.40579,-0.32159,0.38327,0.81707,-0.28650,0.25509,0.04383,0.40567,-0.32159,0.38327,0.81703,-0.28661,0.07,0.02,-0.12
22.6110,206,-0.27379,0.45354,-0.30761,0.44929,0.80863,-0.19836,0.32391,0,0.25502,0.04381,0.40579,-0.32159,0.38327,0.81707,-0.28650,0.25509,0.04383,0.40567,-0.32159,0.38327,0.81703,-0.28661,0.07,0.02,-0.12
22.6278,207,-0.27496,0.45282,-0.30791,0.44972,0.80856,-0.19760,0.32394,0,0.25502,0.04381,0.40579,-0.32159,0.38327,0.81707,-0.28650,0.25509,0.04383,0.40567,-0.32159,0.38327,0.81703,-0.28661,0.07,0.02,-0.12
22.6447,208,-0.27658,0.45197,-0.30796,0.44984,0.80872,-0.19653,0.32403,0,0.25502,0.04381,0.40579,-0.32159,0.38327,0.81707,-0.28650,0.25509,0.04383,0.40567,-0.32159,0.38327,0.81703,-0.28661,0.07,0.02,-0.12
22.6615,209,-0.28075,0.45016,-0.30771,0.45007,0.80930,-0.19369,0.32396,0,0.25502,0.04381,0.40579,-0.32159,0.38327,0.81707,-0.28650,0.25509,0.04383,0.40567,-0.32159,0.38327,0.81703,-0.28661,0.07,0.02,-0.12
22.6782,210,-0.28295,0.44961,-0.30705,0.45009,0.80983,-0.19237,0.32339,0,0.25502,0.04381,0.40579,-0.32159,0.38327,0.81707,-0.28650,0.25509,0.04383,0.40567,-0.32159,0.38327,0.81703,-0.28661,0.07,0.02,-0.12
22.6949,211,-0.28517,0.44914,-0.30620,0.45023,0.81040,-0.19106,0.32257,0,0.25502,0.04381,0.40579,-0.32159,0.38327,0.81707,-0.28650,0.25509,0.04383,0.40567,-0.32159,0.38327,0.81703,-0.28661,0.07,0.02,-0.12
22.7115,212,-0.28743,0.44875,-0.30525,0.45032,0.81099,-0.18980,0.32169,0,0.25502,0.04381,0.40579,-0.32159,0.38327,0.81707,-0.28650,0.25509,0.04383,0.40567,-0.32159,0.38327,0.81703,-0.28661,0.07,0.02,-0.12
22.7283,213,-0.28998,0.44838,-0.30403,0.45024,0.81173,-0.18836,0.32077,0,0.25502,0.04381,0.40579,-0.32159,0.38327,0.81707,-0.28650,0.25509,0.04383,0.40567,-0.32159,0.38327,0.81703,-0.28661,0.07,0.02,-0.12
22.7450,214,-0.29587,0.44738,-0.30150,0.45010,0.81335,-0.18481,0.31893,0,0.25502,0.04381,0.40579,-0.32159,0.38327,0.81707,-0.28650,0.25509,0.04383,0.40567,-0.32159,0.38327,0.81703,-0.28661,0.07,0.02,-0.12
22.7617,215,-0.29896,0.44682,-0.30006,0.45014,0.81420,-0.18288,0.31783,0,0.25502,0.04381,0.40579,-0.32159,0.38327,0.81707,-0.28650,0.25509,0.04383,0.40567,-0.32159,0.38327,0.81703,-0.28661,0.07,0.02,-0.12
22.7784,216,-0.30171,0.44637,-0.29884,0.45037,0.81486,-0.18124,0.31672,0,0.25502,0.04381,0.40579,-0.32159,0.38327,0.81707,-0.28650,0.25509,0.04383,0.40567,-0.32159,0.38327,0.81703,-0.28661,0.07,0.02,-0.12
22.7951,217,-0.30438,0.44594,-0.29774,0.45068,0.81544,-0.17964,0.31570,0,0.25502,0.04381,0.40579,-0.32159,0.38327,0.81707,-0.28650,0.25509,0.04383,0.40567,-0.32159,0.38327,0.81703,-0.28661,0.07,0.02,-0.12
22.8119,218,-0.30960,0.44490,-0.29591,0.45121,0.81649,-0.17642,0.31406,0,0.25502,0.04381,0.40579,-0.32159,0.38327,0.81707,-0.28650,0.25509,0.04383,0.40567,-0.32159,0.38327,0.81703,-0.28661,0.07,0.02,-0.12
22.8287,219,-0.31224,0.44417,-0.29513,0.45150,0.81695,-0.17461,0.31345,0,0.25502,0.04381,0.40579,-0.32159,0.38328,0.81707,-0.28650,0.25509,0.04383,0.40567,-0.32159,0.38327,0.81703,-0.28661,0.07,0.02,-0.12
22.8454,220,-0.31472,0.44342,-0.29460,0.45166,0.81732,-0.17290,0.31320,0,0.25502,0.04381,0.40579,-0.32159,0.38328,0.81707,-0.28650,0.25509,0.04383,0.40567,-0.32159,0.38327,0.81703,-0.28661,0.07,0.02,-0.12
22.8622,221,-0.31704,0.44278,-0.29402,0.45157,0.81771,-0.17134,0.31319,0,0.25502,0.04381,0.40579,-0.32159,0.38327,0.81707,-0.28650,0.25509,0.04383,0.40567,-0.32159,0.38327,0.81703,-0.28661,0.07,0.02,-0.12
22.8789,222,-0.31901,0.44232,-0.29349,0.45131,0.81807,-0.17007,0.31330,0,0.25502,0.04381,0.40579,-0.32159,0.38328,0.81707,-0.28650,0.25509,0.04383,0.40567,-0.32159,0.38327,0.81703,-0.28661,0.07,0.01,-0.12
22.8956,223,-0.32118,0.44211,-0.29330,0.45151,0.81818,-0.16866,0.31350,0,0.25502,0.04381,0.40579,-0.32159,0.38328,0.81707,-0.28650,0.25509,0.04383,0.40567,-0.32159,0.38327,0.81703,-0.28661,0.07,0.02,-0.12
