t,frame,hx,hy,hz,hqw,hqx,hqy,hqz,b,rx,ry,rz,rqw,rqx,rqy,rqz,ax,ay,az,aqw,aqx,aqy,aqz,lag_x,lag_y,lag_z
0.0711,0,0.07495,-0.02873,-0.24420,0.61609,0.73836,-0.04804,-0.27009,0,0.48892,-0.06216,0.22768,-0.00599,0.49006,0.87167,-0.00129,0.48892,-0.06215,0.22768,-0.00599,0.49006,0.87167,-0.00129,-0.00,0.00,-0.00
0.0876,1,0.07381,-0.02963,-0.24527,0.61621,0.73671,-0.04231,-0.27522,0,0.48892,-0.06216,0.22767,-0.00599,0.49006,0.87167,-0.00129,0.48892,-0.06215,0.22768,-0.00599,0.49006,0.87167,-0.00129,0.00,0.00,0.00
0.1044,2,0.07274,-0.03050,-0.24627,0.61769,0.73497,-0.03652,-0.27739,0,0.48892,-0.06216,0.22767,-0.00599,0.49006,0.87167,-0.00129,0.48892,-0.06215,0.22768,-0.00599,0.49006,0.87167,-0.00129,0.00,0.00,0.00
0.1211,3,0.06999,-0.03172,-0.24841,0.62677,0.72773,-0.03421,-0.27641,0,0.48892,-0.06216,0.22768,-0.00599,0.49006,0.87167,-0.00129,0.48892,-0.06215,0.22768,-0.00599,0.49006,0.87167,-0.00129,0.00,0.00,-0.00
0.1379,4,0.06831,-0.03243,-0.24961,0.63247,0.72295,-0.03715,-0.27558,0,0.48893,-0.06216,0.22768,-0.00599,0.49006,0.87167,-0.00129,0.48892,-0.06215,0.22768,-0.00599,0.49006,0.87167,-0.00129,-0.00,0.00,-0.00
0.1548,5,0.06650,-0.03308,-0.25068,0.63728,0.71861,-0.04099,-0.27533,0,0.48892,-0.06216,0.22768,-0.00599,0.49006,0.87167,-0.00129,0.48892,-0.06215,0.22768,-0.00599,0.49006,0.87167,-0.00129,-0.00,0.00,-0.00
0.1713,6,0.06430,-0.03373,-0.25212,0.64055,0.71481,-0.04285,-0.27731,0,0.48892,-0.06216,0.22768,-0.00599,0.49006,0.87167,-0.00129,0.48892,-0.06215,0.22768,-0.00599,0.49006,0.87167,-0.00129,0.00,0.00,-0.00
0.1883,7,0.06184,-0.03429,-0.25377,0.64313,0.71195,-0.04213,-0.27880,0,0.48892,-0.06216,0.22768,-0.00599,0.49006,0.87167,-0.00129,0.48892,-0.06215,0.22768,-0.00599,0.49006,0.87167,-0.00129,0.00,0.00,-0.00
0.2049,8,0.05656,-0.03579,-0.25715,0.64718,0.70944,-0.03736,-0.27652,0,0.48893,-0.06216,0.22768,-0.00599,0.49006,0.87167,-0.00129,0.48892,-0.06215,0.22768,-0.00599,0.49006,0.87167,-0.00129,-0.00,0.00,-0.01
0.2218,9,0.05372,-0.03680,-0.25910,0.64833,0.70943,-0.03261,-0.27443,0,0.48893,-0.06216,0.22768,-0.00599,0.49006,0.87167,-0.00129,0.48892,-0.06215,0.22768,-0.00599,0.49006,0.87167,-0.00129,-0.00,0.00,-0.01
0.2385,10,0.05084,-0.03806,-0.26102,0.64983,0.70903,-0.02942,-0.27229,0,0.48893,-0.06216,0.22768,-0.00599,0.49006,0.87167,-0.00129,0.48892,-0.06215,0.22768,-0.00599,0.49006,0.87167,-0.00129,-0.00,0.01,-0.01
0.2553,11,0.04780,-0.03973,-0.26263,0.65240,0.70733,-0.02716,-0.27078,0,0.48893,-0.06216,0.22768,-0.00599,0.49006,0.87167,-0.00129,0.48892,-0.06215,0.22768,-0.00599,0.49006,0.87167,-0.00129,-0.00,0.01,-0.01
0.2721,12,0.04453,-0.04237,-0.26344,0.65665,0.70349,-0.02526,-0.27069,0,0.48893,-0.06216,0.22769,-0.00599,0.49006,0.87167,-0.00129,0.48892,-0.06215,0.22768,-0.00599,0.49006,0.87167,-0.00129,-0.01,0.01,-0.01
0.2887,13,0.03912,-0.04512,-0.26560,0.65801,0.70209,-0.01644,-0.27172,0,0.48894,-0.06216,0.22770,-0.00598,0.49006,0.87167,-0.00129,0.48892,-0.06215,0.22768,-0.00599,0.49006,0.87167,-0.00129,-0.01,0.01,-0.02
0.3054,14,0.03629,-0.04645,-0.26607,0.65911,0.70211,-0.01113,-0.26923,0,0.48894,-0.06216,0.22770,-0.00599,0.49006,0.87167,-0.00129,0.48892,-0.06215,0.22768,-0.00599,0.49006,0.87167,-0.00129,-0.01,0.01,-0.03
0.3222,15,0.03315,-0.04693,-0.26644,0.65872,0.70431,-0.00491,-0.26458,0,0.48893,-0.06217,0.22770,-0.00600,0.49007,0.87166,-0.00129,0.48892,-0.06215,0.22768,-0.00599,0.49006,0.87167,-0.00129,-0.01,0.01,-0.03
0.3389,16,0.03013,-0.04697,-0.26645,0.65787,0.70762,0.00021,-0.25783,0,0.48893,-0.06217,0.22770,-0.00600,0.49007,0.87166,-0.00129,0.48892,-0.06215,0.22768,-0.00599,0.49006,0.87167,-0.00129,-0.01,0.01,-0.03
0.3558,17,0.02709,-0.04578,-0.26643,0.65545,0.71225,0.00601,-0.25109,0,0.48894,-0.06217,0.22771,-0.00600,0.49007,0.87166,-0.00129,0.48892,-0.06215,0.22768,-0.00599,0.49006,0.87167,-0.00129,-0.01,0.01,-0.04
0.3725,18,0.02152,-0.04115,-0.26565,0.64774,0.72273,0.01680,-0.24046,0,0.48894,-0.06217,0.22772,-0.00600,0.49006,0.87166,-0.00129,0.48892,-0.06215,0.22768,-0.00599,0.49006,0.87167,-0.00129,-0.01,0.01,-0.04
0.3891,19,0.01899,-0.03820,-0.26527,0.64171,0.72877,0.02496,-0.23763,0,0.48894,-0.06217,0.22772,-0.00601,0.49006,0.87167,-0.00129,0.48892,-0.06215,0.22768,-0.00599,0.49006,0.87167,-0.00129,-0.01,0.01,-0.05
0.4059,20,0.01671,-0.03508,-0.26483,0.63594,0.73444,0.03415,-0.23455,0,0.48894,-0.06217,0.22773,-0.00601,0.49006,0.87167,-0.00128,0.48894,-0.06217,0.22773,-0.00601,0.49006,0.87167,-0.00128,0.00,-0.00,-0.00
0.4226,21,0.01476,-0.03230,-0.26460,0.63065,0.73959,0.04309,-0.23114,0,0.48894,-0.06217,0.22773,-0.00602,0.49006,0.87167,-0.00128,0.48894,-0.06217,0.22773,-0.00601,0.49006,0.87167,-0.00128,-0.00,0.00,-0.01
0.4393,22,0.01335,-0.03027,-0.26432,0.62787,0.74241,0.05301,-0.22761,0,0.48894,-0.06218,0.22775,-0.00602,0.49006,0.87167,-0.00128,0.48894,-0.06217,0.22773,-0.00601,0.49006,0.87167,-0.00128,-0.00,0.01,-0.02
0.4562,23,0.01266,-0.02920,-0.26361,0.62407,0.74563,0.06593,-0.22412,0,0.48895,-0.06218,0.22776,-0.00603,0.49005,0.87167,-0.00127,0.48894,-0.06217,0.22773,-0.00601,0.49006,0.87167,-0.00128,-0.01,0.01,-0.03
0.4729,24,0.01291,-0.03067,-0.26354,0.62153,0.74718,0.06818,-0.22533,0,0.48895,-0.06218,0.22778,-0.00604,0.49006,0.87167,-0.00127,0.48894,-0.06217,0.22773,-0.00601,0.49006,0.87167,-0.00128,-0.01,0.01,-0.05
0.4897,25,0.01363,-0.03293,-0.26368,0.62008,0.74732,0.07031,-0.22819,0,0.48896,-0.06219,0.22779,-0.00604,0.49005,0.87167,-0.00127,0.48894,-0.06217,0.22773,-0.00601,0.49006,0.87167,-0.00128,-0.02,0.02,-0.07
0.5065,26,0.01492,-0.03506,-0.26395,0.62017,0.74634,0.07381,-0.23005,0,0.48896,-0.06219,0.22781,-0.00604,0.49005,0.87167,-0.00127,0.48894,-0.06217,0.22773,-0.00601,0.49006,0.87167,-0.00128,-0.02,0.02,-0.08
0.5232,27,0.01646,-0.03710,-0.26449,0.62088,0.74534,0.07678,-0.23038,0,0.48895,-0.06219,0.22782,-0.00605,0.49005,0.87167,-0.00127,0.48894,-0.06217,0.22773,-0.00601,0.49006,0.87167,-0.00128,-0.01,0.02,-0.09
0.5398,28,0.01997,-0.04091,-0.26663,0.62326,0.74453,0.07907,-0.22575,0,0.48895,-0.06219,0.22782,-0.00606,0.49005,0.87167,-0.00127,0.48894,-0.06217,0.22773,-0.00601,0.49006,0.87167,-0.00128,-0.01,0.02,-0.10
0.5567,29,0.02242,-0.04280,-0.26786,0.62479,0.74486,0.07714,-0.22108,0,0.48895,-0.06220,0.22784,-0.00606,0.49005,0.87167,-0.00126,0.48894,-0.06217,0.22773,-0.00601,0.49006,0.87167,-0.00128,-0.01,0.03,-0.11
0.5733,30,0.02472,-0.04529,-0.26931,0.62617,0.74513,0.06990,-0.21862,0,0.48895,-0.06220,0.22785,-0.00607,0.49005,0.87167,-0.00127,0.48894,-0.06217,0.22773,-0.00601,0.49006,0.87167,-0.00128,-0.01,0.03,-0.12
0.5902,31,0.02680,-0.04821,-0.27094,0.62921,0.74343,0.06127,-0.21828,0,0.48895,-0.06220,0.22786,-0.00607,0.49005,0.87167,-0.00127,0.48894,-0.06217,0.22773,-0.00601,0.49006,0.87167,-0.00128,-0.01,0.03,-0.14
0.6068,32,0.02921,-0.05187,-0.27234,0.63528,0.73856,0.05522,-0.21886,0,0.48894,-0.06220,0.22787,-0.00608,0.49005,0.87167,-0.00127,0.48894,-0.06217,0.22773,-0.00601,0.49006,0.87167,-0.00128,-0.00,0.03,-0.15
0.6236,33,0.03367,-0.05909,-0.27498,0.64969,0.72565,0.05406,-0.22001,0,0.48894,-0.06220,0.22788,-0.00609,0.49005,0.87167,-0.00127,0.48894,-0.06217,0.22773,-0.00601,0.49006,0.87167,-0.00128,-0.00,0.03,-0.16
0.6404,34,0.03563,-0.06237,-0.27614,0.65474,0.72189,0.05406,-0.21743,0,0.48894,-0.06220,0.22790,-0.00609,0.49005,0.87167,-0.00126,0.48894,-0.06217,0.22773,-0.00601,0.49006,0.87167,-0.00128,-0.00,0.03,-0.17
0.6572,35,0.03703,-0.06552,-0.27731,0.65835,0.71972,0.05271,-0.21399,0,0.48894,-0.06220,0.22791,-0.00610,0.49005,0.87167,-0.00126,0.48894,-0.06217,0.22773,-0.00601,0.49006,0.87167,-0.00128,-0.00,0.03,-0.18
0.6738,36,0.03825,-0.06806,-0.27836,0.66030,0.71914,0.05109,-0.21032,0,0.48894,-0.06220,0.22792,-0.00611,0.49005,0.87167,-0.00126,0.48894,-0.06217,0.22773,-0.00601,0.49006,0.87167,-0.00128,0.00,0.03,-0.19
0.6906,37,0.03938,-0.07031,-0.27928,0.66181,0.71827,0.04996,-0.20882,0,0.48893,-0.06220,0.22793,-0.00611,0.49005,0.87167,-0.00126,0.48894,-0.06217,0.22773,-0.00601,0.49006,0.87167,-0.00128,0.01,0.03,-0.20
0.7074,38,0.04189,-0.07415,-0.28079,0.66413,0.71386,0.05559,-0.21504,0,0.48893,-0.06221,0.22794,-0.00612,0.49005,0.87167,-0.00126,0.48894,-0.06217,0.22773,-0.00601,0.49006,0.87167,-0.00128,0.01,0.04,-0.21
0.7242,39,0.04316,-0.07581,-0.28128,0.66633,0.71090,0.06033,-0.21676,0,0.48893,-0.06221,0.22795,-0.00612,0.49005,0.87167,-0.00126,0.48894,-0.06217,0.22773,-0.00601,0.49006,0.87167,-0.00128,0.01,0.04,-0.22
0.7409,40,0.04466,-0.07721,-0.28170,0.66785,0.70950,0.06398,-0.21564,0,0.48893,-0.06221,0.22796,-0.00612,0.49005,0.87167,-0.00126,0.48893,-0.06221,0.22796,-0.00612,0.49005,0.87167,-0.00126,0.00,-0.00,-0.00
0.7577,41,0.04601,-0.07866,-0.28209,0.66812,0.71060,0.06431,-0.21103,0,0.48893,-0.06221,0.22798,-0.00613,0.49005,0.87167,-0.00126,0.48893,-0.06221,0.22796,-0.00612,0.49005,0.87167,-0.00126,0.00,0.00,-0.01
0.7743,42,0.04712,-0.08005,-0.28256,0.66818,0.71257,0.06252,-0.20463,0,0.48892,-0.06221,0.22801,-0.00613,0.49006,0.87167,-0.00126,0.48893,-0.06221,0.22796,-0.00612,0.49005,0.87167,-0.00126,0.01,0.01,-0.05
0.7912,43,0.04934,-0.08255,-0.28342,0.66844,0.71578,0.05993,-0.19305,0,0.48891,-0.06222,0.22806,-0.00614,0.49006,0.87167,-0.00126,0.48893,-0.06221,0.22796,-0.00612,0.49005,0.87167,-0.00126,0.02,0.02,-0.09
0.8080,44,0.05062,-0.08351,-0.28381,0.66727,0.71797,0.05914,-0.18914,0,0.48891,-0.06223,0.22811,-0.00614,0.49005,0.87167,-0.00126,0.48893,-0.06221,0.22796,-0.00612,0.49005,0.87167,-0.00126,0.02,0.02,-0.14
0.8248,45,0.05158,-0.08393,-0.28446,0.66524,0.72041,0.05939,-0.18692,0,0.48891,-0.06223,0.22816,-0.00613,0.49005,0.87167,-0.00125,0.48893,-0.06221,0.22796,-0.00612,0.49005,0.87167,-0.00126,0.02,0.03,-0.20
0.8415,46,0.05239,-0.08426,-0.28518,0.66380,0.72257,0.05990,-0.18349,0,0.48891,-0.06224,0.22821,-0.00614,0.49005,0.87167,-0.00126,0.48893,-0.06221,0.22796,-0.00612,0.49005,0.87167,-0.00126,0.02,0.03,-0.25
0.8583,47,0.05298,-0.08425,-0.28572,0.66326,0.72464,0.05968,-0.17726,0,0.48890,-0.06224,0.22824,-0.00616,0.49004,0.87167,-0.00126,0.48893,-0.06221,0.22796,-0.00612,0.49005,0.87167,-0.00126,0.03,0.03,-0.28
0.8750,48,0.05335,-0.08322,-0.28710,0.66173,0.72929,0.05989,-0.16331,0,0.48889,-0.06224,0.22827,-0.00617,0.49004,0.87168,-0.00126,0.48893,-0.06221,0.22796,-0.00612,0.49005,0.87167,-0.00126,0.04,0.03,-0.30
0.8919,49,0.05324,-0.08250,-0.28789,0.66104,0.73136,0.06035,-0.15650,0,0.48889,-0.06224,0.22828,-0.00617,0.49005,0.87167,-0.00125,0.48893,-0.06221,0.22796,-0.00612,0.49005,0.87167,-0.00126,0.04,0.03,-0.32
0.9086,50,0.05288,-0.08160,-0.28835,0.66033,0.73335,0.06134,-0.14967,0,0.48888,-0.06224,0.22830,-0.00617,0.49005,0.87167,-0.00125,0.48893,-0.06221,0.22796,-0.00612,0.49005,0.87167,-0.00126,0.05,0.04,-0.34
0.9255,51,0.05242,-0.08081,-0.28869,0.65724,0.73680,0.06360,-0.14532,0,0.48888,-0.06225,0.22831,-0.00617,0.49005,0.87167,-0.00125,0.48893,-0.06221,0.22796,-0.00612,0.49005,0.87167,-0.00126,0.05,0.05,-0.35
0.9422,52,0.05103,-0.08043,-0.28934,0.65049,0.74204,0.07462,-0.14379,0,0.48888,-0.06226,0.22832,-0.00616,0.49005,0.87167,-0.00125,0.48893,-0.06221,0.22796,-0.00612,0.49005,0.87167,-0.00126,0.05,0.06,-0.36
0.9590,53,0.05052,-0.08005,-0.28942,0.64963,0.74225,0.08224,-0.14240,0,0.48888,-0.06226,0.22833,-0.00617,0.49005,0.87167,-0.00125,0.48893,-0.06221,0.22796,-0.00612,0.49005,0.87167,-0.00126,0.05,0.05,-0.37
0.9756,54,0.04989,-0.07958,-0.28925,0.65009,0.74170,0.08795,-0.13977,0,0.48887,-0.06225,0.22834,-0.00617,0.49005,0.87167,-0.00125,0.48893,-0.06221,0.22796,-0.00612,0.49005,0.87167,-0.00126,0.06,0.05,-0.38
0.9924,55,0.04911,-0.07909,-0.28916,0.65022,0.74160,0.09296,-0.13637,0,0.48887,-0.06225,0.22835,-0.00618,0.49005,0.87167,-0.00125,0.48893,-0.06221,0.22796,-0.00612,0.49005,0.87167,-0.00126,0.06,0.04,-0.39
1.0093,56,0.04844,-0.07843,-0.28884,0.65018,0.74205,0.09812,-0.13040,0,0.48887,-0.06225,0.22836,-0.00618,0.49005,0.87167,-0.00124,0.48893,-0.06221,0.22796,-0.00612,0.49005,0.87167,-0.00126,0.06,0.04,-0.40
1.0259,57,0.04721,-0.07706,-0.28766,0.64762,0.74525,0.10713,-0.11713,0,0.48887,-0.06225,0.22837,-0.00619,0.49005,0.87167,-0.00124,0.48893,-0.06221,0.22796,-0.00612,0.49005,0.87167,-0.00126,0.07,0.05,-0.41
1.0426,58,0.04673,-0.07640,-0.28700,0.64394,0.74828,0.11227,-0.11320,0,0.48886,-0.06226,0.22838,-0.00619,0.49005,0.87167,-0.00124,0.48893,-0.06221,0.22796,-0.00612,0.49005,0.87167,-0.00126,0.07,0.05,-0.42
1.0594,59,0.04613,-0.07552,-0.28650,0.64064,0.75021,0.11856,-0.11275,0,0.48886,-0.06226,0.22839,-0.00619,0.49005,0.87167,-0.00124,0.48893,-0.06221,0.22796,-0.00612,0.49005,0.87167,-0.00126,0.07,0.05,-0.43
1.0761,60,0.04553,-0.07485,-0.28615,0.63783,0.75120,0.12332,-0.11692,0,0.48886,-0.06226,0.22840,-0.00620,0.49005,0.87167,-0.00124,0.48886,-0.06226,0.22840,-0.00620,0.49005,0.87167,-0.00124,0.00,0.00,0.00
1.0931,61,0.04496,-0.07419,-0.28552,0.63708,0.75097,0.12703,-0.11849,0,0.48886,-0.06226,0.22841,-0.00620,0.49005,0.87167,-0.00124,0.48886,-0.06226,0.22840,-0.00620,0.49005,0.87167,-0.00124,0.00,0.00,-0.01
1.1099,62,0.04401,-0.07230,-0.28428,0.64033,0.74702,0.13507,-0.11705,0,0.48886,-0.06227,0.22846,-0.00621,0.49005,0.87167,-0.00122,0.48886,-0.06226,0.22840,-0.00620,0.49005,0.87167,-0.00124,0.00,0.01,-0.06
1.1266,63,0.04346,-0.07144,-0.28397,0.63993,0.74736,0.13540,-0.11665,0,0.48882,-0.06227,0.22852,-0.00627,0.49004,0.87167,-0.00122,0.48886,-0.06226,0.22840,-0.00620,0.49005,0.87167,-0.00124,0.03,0.01,-0.12
1.1432,64,0.04290,-0.07035,-0.28372,0.63946,0.74820,0.13427,-0.11515,0,0.48881,-0.06229,0.22860,-0.00629,0.49005,0.87167,-0.00121,0.48886,-0.06226,0.22840,-0.00620,0.49005,0.87167,-0.00124,0.05,0.03,-0.20
1.1601,65,0.04255,-0.06929,-0.28373,0.63922,0.74886,0.13296,-0.11371,0,0.48881,-0.06230,0.22869,-0.00630,0.49005,0.87167,-0.00121,0.48886,-0.06226,0.22840,-0.00620,0.49005,0.87167,-0.00124,0.05,0.04,-0.29
1.1768,66,0.04237,-0.06838,-0.28377,0.63928,0.74922,0.13094,-0.11333,0,0.48881,-0.06231,0.22878,-0.00632,0.49004,0.87168,-0.00121,0.48886,-0.06226,0.22840,-0.00620,0.49005,0.87167,-0.00124,0.05,0.05,-0.38
1.1935,67,0.04260,-0.06724,-0.28414,0.63925,0.74995,0.12645,-0.11380,0,0.48879,-0.06231,0.22883,-0.00636,0.49004,0.87168,-0.00120,0.48886,-0.06226,0.22840,-0.00620,0.49005,0.87167,-0.00124,0.07,0.05,-0.43
1.2102,68,0.04295,-0.06682,-0.28449,0.63888,0.75094,0.12289,-0.11321,0,0.48877,-0.06231,0.22887,-0.00639,0.49004,0.87168,-0.00119,0.48886,-0.06226,0.22840,-0.00620,0.49005,0.87167,-0.00124,0.09,0.05,-0.46
1.2271,69,0.04341,-0.06663,-0.28491,0.63919,0.75179,0.11766,-0.11134,0,0.48876,-0.06231,0.22889,-0.00639,0.49004,0.87168,-0.00119,0.48886,-0.06226,0.22840,-0.00620,0.49005,0.87167,-0.00124,0.10,0.05,-0.49
1.2439,70,0.04413,-0.06652,-0.28546,0.64008,0.75208,0.11331,-0.10878,0,0.48876,-0.06231,0.22890,-0.00638,0.49004,0.87168,-0.00119,0.48886,-0.06226,0.22840,-0.00620,0.49005,0.87167,-0.00124,0.10,0.05,-0.50
1.2607,71,0.04513,-0.06649,-0.28594,0.64094,0.75225,0.11007,-0.10583,0,0.48876,-0.06232,0.22892,-0.00638,0.49004,0.87168,-0.00119,0.48886,-0.06226,0.22840,-0.00620,0.49005,0.87167,-0.00124,0.10,0.06,-0.52
1.2774,72,0.04746,-0.06695,-0.28726,0.64031,0.75316,0.11041,-0.10278,0,0.48876,-0.06232,0.22893,-0.00638,0.49004,0.87168,-0.00120,0.48886,-0.06226,0.22840,-0.00620,0.49005,0.87167,-0.00124,0.10,0.06,-0.53
1.2940,73,0.04870,-0.06733,-0.28794,0.63994,0.75387,0.10960,-0.10077,0,0.48875,-0.06233,0.22893,-0.00639,0.49004,0.87168,-0.00120,0.48886,-0.06226,0.22840,-0.00620,0.49005,0.87167,-0.00124,0.10,0.06,-0.53
1.3109,74,0.04988,-0.06773,-0.28856,0.64050,0.75413,0.10672,-0.09827,0,0.48875,-0.06232,0.22894,-0.00639,0.49004,0.87168,-0.00119,0.48886,-0.06226,0.22840,-0.00620,0.49005,0.87167,-0.00124,0.11,0.06,-0.53
1.3276,75,0.05112,-0.06821,-0.28920,0.64145,0.75408,0.10347,-0.09595,0,0.48875,-0.06232,0.22894,-0.00639,0.49004,0.87168,-0.00119,0.48886,-0.06226,0.22840,-0.00620,0.49005,0.87167,-0.00124,0.11,0.06,-0.54
1.3444,76,0.05256,-0.06862,-0.28966,0.64357,0.75282,0.10090,-0.09432,0,0.48875,-0.06232,0.22895,-0.00638,0.49004,0.87168,-0.00119,0.48886,-0.06226,0.22840,-0.00620,0.49005,0.87167,-0.00124,0.11,0.06,-0.55
1.3611,77,0.05569,-0.06907,-0.29077,0.64764,0.74910,0.10002,-0.09697,0,0.48875,-0.06232,0.22896,-0.00639,0.49004,0.87167,-0.00119,0.48886,-0.06226,0.22840,-0.00620,0.49005,0.87167,-0.00124,0.11,0.06,-0.56
1.3779,78,0.05704,-0.06928,-0.29138,0.64896,0.74799,0.09836,-0.09839,0,0.48875,-0.06232,0.22896,-0.00639,0.49005,0.87167,-0.00119,0.48886,-0.06226,0.22840,-0.00620,0.49005,0.87167,-0.00124,0.11,0.06,-0.56
1.3945,79,0.05826,-0.06959,-0.29192,0.65076,0.74673,0.09590,-0.09853,0,0.48874,-0.06232,0.22897,-0.00639,0.49004,0.87167,-0.00119,0.48886,-0.06226,0.22840,-0.00620,0.49005,0.87167,-0.00124,0.11,0.06,-0.57
1.4115,80,0.05943,-0.06993,-0.29243,0.65258,0.74553,0.09346,-0.09790,0,0.48874,-0.06232,0.22898,-0.00639,0.49004,0.87168,-0.00119,0.48874,-0.06232,0.22898,-0.00639,0.49004,0.87168,-0.00119,0.00,0.00,0.00
1.4283,81,0.06054,-0.07027,-0.29305,0.65431,0.74411,0.09259,-0.09805,0,0.48874,-0.06233,0.22899,-0.00639,0.49004,0.87168,-0.00119,0.48874,-0.06232,0.22898,-0.00639,0.49004,0.87168,-0.00119,-0.00,0.00,-0.01
1.4450,82,0.06225,-0.07094,-0.29421,0.65697,0.74243,0.08888,-0.09638,0,0.48874,-0.06233,0.22903,-0.00640,0.49004,0.87168,-0.00117,0.48874,-0.06232,0.22898,-0.00639,0.49004,0.87168,-0.00119,-0.00,0.01,-0.05
1.4617,83,0.06278,-0.07090,-0.29459,0.65674,0.74322,0.08586,-0.09457,0,0.48870,-0.06234,0.22910,-0.00647,0.49004,0.87167,-0.00117,0.48874,-0.06232,0.22898,-0.00639,0.49004,0.87168,-0.00119,0.04,0.02,-0.12
1.4785,84,0.06314,-0.07096,-0.29505,0.65582,0.74453,0.08300,-0.09319,0,0.48867,-0.06236,0.22920,-0.00652,0.49003,0.87168,-0.00116,0.48874,-0.06232,0.22898,-0.00639,0.49004,0.87168,-0.00119,0.07,0.04,-0.22
1.4953,85,0.06322,-0.07074,-0.29549,0.65544,0.74513,0.08147,-0.09237,0,0.48867,-0.06238,0.22931,-0.00653,0.49002,0.87169,-0.00114,0.48874,-0.06232,0.22898,-0.00639,0.49004,0.87168,-0.00119,0.07,0.05,-0.33
1.5121,86,0.06305,-0.07016,-0.29563,0.65495,0.74599,0.07996,-0.09026,0,0.48867,-0.06238,0.22941,-0.00655,0.49003,0.87168,-0.00112,0.48874,-0.06232,0.22898,-0.00639,0.49004,0.87168,-0.00119,0.07,0.06,-0.44
1.5288,87,0.06228,-0.06873,-0.29569,0.65274,0.74874,0.07730,-0.08567,0,0.48864,-0.06239,0.22949,-0.00659,0.49003,0.87168,-0.00114,0.48874,-0.06232,0.22898,-0.00639,0.49004,0.87168,-0.00119,0.10,0.07,-0.52
1.5454,88,0.06171,-0.06762,-0.29567,0.65102,0.75032,0.07818,-0.08410,0,0.48862,-0.06239,0.22954,-0.00662,0.49002,0.87168,-0.00114,0.48874,-0.06232,0.22898,-0.00639,0.49004,0.87168,-0.00119,0.13,0.06,-0.56
1.5622,89,0.06115,-0.06666,-0.29556,0.64945,0.75163,0.07991,-0.08291,0,0.48861,-0.06238,0.22957,-0.00663,0.49002,0.87169,-0.00113,0.48874,-0.06232,0.22898,-0.00639,0.49004,0.87168,-0.00119,0.14,0.06,-0.59
1.5791,90,0.06054,-0.06558,-0.29507,0.64850,0.75225,0.08284,-0.08187,0,0.48860,-0.06238,0.22959,-0.00663,0.49002,0.87169,-0.00113,0.48874,-0.06232,0.22898,-0.00639,0.49004,0.87168,-0.00119,0.14,0.06,-0.61
1.5959,91,0.05991,-0.06437,-0.29474,0.64696,0.75290,0.08788,-0.08283,0,0.48860,-0.06239,0.22960,-0.00663,0.49002,0.87168,-0.00113,0.48874,-0.06232,0.22898,-0.00639,0.49004,0.87168,-0.00119,0.14,0.06,-0.62
1.6126,92,0.05819,-0.06266,-0.29413,0.64345,0.75477,0.09507,-0.08517,0,0.48861,-0.06239,0.22961,-0.00662,0.49003,0.87168,-0.00112,0.48874,-0.06232,0.22898,-0.00639,0.49004,0.87168,-0.00119,0.14,0.07,-0.63
1.6294,93,0.05731,-0.06165,-0.29372,0.64209,0.75591,0.09667,-0.08352,0,0.48860,-0.06240,0.22961,-0.00663,0.49003,0.87168,-0.00113,0.48874,-0.06232,0.22898,-0.00639,0.49004,0.87168,-0.00119,0.14,0.07,-0.64
1.6462,94,0.05655,-0.06085,-0.29341,0.64049,0.75730,0.09778,-0.08191,0,0.48860,-0.06240,0.22962,-0.00663,0.49002,0.87169,-0.00113,0.48874,-0.06232,0.22898,-0.00639,0.49004,0.87168,-0.00119,0.15,0.07,-0.64
1.6628,95,0.05586,-0.06024,-0.29316,0.63924,0.75841,0.09842,-0.08061,0,0.48859,-0.06240,0.22962,-0.00664,0.49002,0.87169,-0.00112,0.48874,-0.06232,0.22898,-0.00639,0.49004,0.87168,-0.00119,0.15,0.07,-0.65
1.6796,96,0.05519,-0.05973,-0.29282,0.63851,0.75912,0.09903,-0.07904,0,0.48859,-0.06239,0.22963,-0.00664,0.49002,0.87169,-0.00112,0.48874,-0.06232,0.22898,-0.00639,0.49004,0.87168,-0.00119,0.15,0.07,-0.65
1.6964,97,0.05391,-0.05892,-0.29225,0.63703,0.76065,0.09907,-0.07608,0,0.48859,-0.06240,0.22963,-0.00664,0.49002,0.87169,-0.00112,0.48874,-0.06232,0.22898,-0.00639,0.49004,0.87168,-0.00119,0.15,0.07,-0.66
1.7131,98,0.05326,-0.05858,-0.29192,0.63659,0.76131,0.09813,-0.07438,0,0.48859,-0.06240,0.22964,-0.00663,0.49002,0.87168,-0.00112,0.48874,-0.06232,0.22898,-0.00639,0.49004,0.87168,-0.00119,0.15,0.08,-0.66
1.7300,99,0.05262,-0.05829,-0.29165,0.63603,0.76188,0.09804,-0.07337,0,0.48859,-0.06240,0.22964,-0.00663,0.49002,0.87168,-0.00112,0.48874,-0.06232,0.22898,-0.00639,0.49004,0.87168,-0.00119,0.15,0.08,-0.67
1.7468,100,0.05211,-0.05802,-0.29146,0.63514,0.76260,0.09831,-0.07329,0,0.48859,-0.06240,0.22965,-0.00664,0.49002,0.87168,-0.00112,0.48859,-0.06240,0.22965,-0.00664,0.49002,0.87168,-0.00112,0.00,0.00,0.00
1.7635,101,0.05158,-0.05781,-0.29121,0.63423,0.76331,0.09866,-0.07327,0,0.48859,-0.06240,0.22965,-0.00664,0.49002,0.87168,-0.00112,0.48859,-0.06240,0.22965,-0.00664,0.49002,0.87168,-0.00112,0.00,0.00,-0.00
1.7802,102,0.05071,-0.05767,-0.29102,0.63455,0.76266,0.10065,-0.07457,0,0.48859,-0.06241,0.22969,-0.00664,0.49002,0.87168,-0.00110,0.48859,-0.06240,0.22965,-0.00664,0.49002,0.87168,-0.00112,-0.00,0.00,-0.05
1.7970,103,0.05017,-0.05771,-0.29086,0.63554,0.76169,0.10141,-0.07502,0,0.48855,-0.06241,0.22977,-0.00670,0.49002,0.87169,-0.00110,0.48859,-0.06240,0.22965,-0.00664,0.49002,0.87168,-0.00112,0.04,0.01,-0.13
1.8137,104,0.04972,-0.05773,-0.29086,0.63620,0.76101,0.10233,-0.07519,0,0.48851,-0.06243,0.22988,-0.00676,0.49002,0.87168,-0.00109,0.48859,-0.06240,0.22965,-0.00664,0.49002,0.87168,-0.00112,0.07,0.03,-0.23
1.8303,105,0.04932,-0.05802,-0.29084,0.63759,0.75969,0.10356,-0.07496,0,0.48851,-0.06245,0.23001,-0.00677,0.49001,0.87169,-0.00107,0.48859,-0.06240,0.22965,-0.00664,0.49002,0.87168,-0.00112,0.08,0.05,-0.36
1.8471,106,0.04902,-0.05840,-0.29084,0.63931,0.75803,0.10552,-0.07438,0,0.48850,-0.06246,0.23013,-0.00679,0.49001,0.87169,-0.00105,0.48859,-0.06240,0.22965,-0.00664,0.49002,0.87168,-0.00112,0.08,0.06,-0.49
1.8638,107,0.04881,-0.05931,-0.29110,0.64031,0.75698,0.10772,-0.07332,0,0.48848,-0.06247,0.23022,-0.00684,0.49002,0.87169,-0.00106,0.48859,-0.06240,0.22965,-0.00664,0.49002,0.87168,-0.00112,0.11,0.06,-0.57
1.8806,108,0.04855,-0.05987,-0.29117,0.64167,0.75568,0.10927,-0.07259,0,0.48845,-0.06247,0.23027,-0.00688,0.49001,0.87169,-0.00107,0.48859,-0.06240,0.22965,-0.00664,0.49002,0.87168,-0.00112,0.14,0.06,-0.62
1.8973,109,0.04841,-0.06058,-0.29109,0.64433,0.75285,0.11262,-0.07335,0,0.48843,-0.06246,0.23030,-0.00689,0.49000,0.87169,-0.00106,0.48859,-0.06240,0.22965,-0.00664,0.49002,0.87168,-0.00112,0.15,0.06,-0.65
1.9141,110,0.04846,-0.06112,-0.29127,0.64634,0.75042,0.11581,-0.07550,0,0.48843,-0.06246,0.23032,-0.00689,0.49000,0.87169,-0.00105,0.48859,-0.06240,0.22965,-0.00664,0.49002,0.87168,-0.00112,0.16,0.06,-0.67
1.9309,111,0.04792,-0.06173,-0.29169,0.64911,0.74714,0.11922,-0.07883,0,0.48843,-0.06247,0.23033,-0.00688,0.49001,0.87169,-0.00105,0.48859,-0.06240,0.22965,-0.00664,0.49002,0.87168,-0.00112,0.15,0.06,-0.68
1.9477,112,0.04752,-0.06167,-0.29196,0.64996,0.74627,0.11995,-0.07902,0,0.48843,-0.06247,0.23034,-0.00688,0.49001,0.87169,-0.00105,0.48859,-0.06240,0.22965,-0.00664,0.49002,0.87168,-0.00112,0.15,0.07,-0.69
1.9644,113,0.04705,-0.06133,-0.29224,0.65006,0.74625,0.12010,-0.07816,0,0.48843,-0.06248,0.23034,-0.00689,0.49001,0.87169,-0.00105,0.48859,-0.06240,0.22965,-0.00664,0.49002,0.87168,-0.00112,0.16,0.08,-0.70
1.9811,114,0.04654,-0.06065,-0.29239,0.64950,0.74691,0.12026,-0.07623,0,0.48843,-0.06248,0.23034,-0.00689,0.49000,0.87170,-0.00105,0.48859,-0.06240,0.22965,-0.00664,0.49002,0.87168,-0.00112,0.16,0.08,-0.70
1.9979,115,0.04619,-0.05986,-0.29214,0.64903,0.74744,0.12080,-0.07416,0,0.48843,-0.06248,0.23035,-0.00690,0.49000,0.87169,-0.00105,0.48859,-0.06240,0.22965,-0.00664,0.49002,0.87168,-0.00112,0.16,0.08,-0.70
2.0147,116,0.04515,-0.05621,-0.29185,0.64621,0.74888,0.12621,-0.07528,0,0.48843,-0.06248,0.23035,-0.00690,0.49000,0.87169,-0.00104,0.48859,-0.06240,0.22965,-0.00664,0.49002,0.87168,-0.00112,0.16,0.08,-0.71
2.0314,117,0.04477,-0.05399,-0.29140,0.64505,0.74900,0.13010,-0.07742,0,0.48843,-0.06248,0.23036,-0.00689,0.49000,0.87169,-0.00104,0.48859,-0.06240,0.22965,-0.00664,0.49002,0.87168,-0.00112,0.16,0.08,-0.71
2.0483,118,0.04431,-0.05184,-0.29061,0.64402,0.74896,0.13383,-0.07989,0,0.48843,-0.06248,0.23036,-0.00689,0.49000,0.87169,-0.00104,0.48859,-0.06240,0.22965,-0.00664,0.49002,0.87168,-0.00112,0.16,0.08,-0.72
2.0650,119,0.04371,-0.04988,-0.28942,0.64271,0.74926,0.13702,-0.08219,0,0.48842,-0.06248,0.23037,-0.00690,0.49001,0.87169,-0.00104,0.48859,-0.06240,0.22965,-0.00664,0.49002,0.87168,-0.00112,0.17,0.08,-0.72
2.0817,120,0.04328,-0.04792,-0.28813,0.64031,0.75068,0.13983,-0.08319,0,0.48842,-0.06248,0.23037,-0.00690,0.49001,0.87169,-0.00104,0.48842,-0.06248,0.23037,-0.00690,0.49001,0.87169,-0.00104,0.00,0.00,0.00
2.0986,121,0.04310,-0.04314,-0.28560,0.63159,0.75665,0.14805,-0.08161,0,0.48842,-0.06248,0.23037,-0.00690,0.49001,0.87169,-0.00104,0.48842,-0.06248,0.23037,-0.00690,0.49001,0.87169,-0.00104,-0.00,-0.00,-0.01
2.1153,122,0.04333,-0.04058,-0.28466,0.62671,0.75976,0.15361,-0.08001,0,0.48843,-0.06248,0.23042,-0.00689,0.49001,0.87169,-0.00103,0.48842,-0.06248,0.23037,-0.00690,0.49001,0.87169,-0.00104,-0.01,0.00,-0.05
2.1320,123,0.04371,-0.03834,-0.28425,0.62133,0.76310,0.15985,-0.07794,0,0.48838,-0.06249,0.23050,-0.00696,0.49000,0.87169,-0.00103,0.48842,-0.06248,0.23037,-0.00690,0.49001,0.87169,-0.00104,0.04,0.01,-0.13
2.1487,124,0.04403,-0.03614,-0.28432,0.61664,0.76567,0.16653,-0.07592,0,0.48834,-0.06251,0.23060,-0.00702,0.49000,0.87170,-0.00101,0.48842,-0.06248,0.23037,-0.00690,0.49001,0.87169,-0.00104,0.08,0.03,-0.23
2.1655,125,0.04447,-0.03495,-0.28449,0.61435,0.76648,0.17231,-0.07340,0,0.48834,-0.06253,0.23073,-0.00704,0.49000,0.87170,-0.00099,0.48842,-0.06248,0.23037,-0.00690,0.49001,0.87169,-0.00104,0.08,0.06,-0.36
2.1823,126,0.04541,-0.03524,-0.28514,0.61350,0.76555,0.18058,-0.07027,0,0.48833,-0.06254,0.23086,-0.00705,0.49000,0.87169,-0.00098,0.48842,-0.06248,0.23037,-0.00690,0.49001,0.87169,-0.00104,0.09,0.07,-0.49
2.1990,127,0.04598,-0.03659,-0.28558,0.61432,0.76462,0.18187,-0.06994,0,0.48830,-0.06255,0.23095,-0.00710,0.48999,0.87170,-0.00099,0.48842,-0.06248,0.23037,-0.00690,0.49001,0.87169,-0.00104,0.12,0.07,-0.59
2.2158,128,0.04680,-0.03811,-0.28591,0.61615,0.76299,0.18253,-0.06994,0,0.48827,-0.06254,0.23101,-0.00715,0.48999,0.87170,-0.00099,0.48842,-0.06248,0.23037,-0.00690,0.49001,0.87169,-0.00104,0.15,0.07,-0.65
2.2326,129,0.04774,-0.03828,-0.28661,0.61655,0.76238,0.18346,-0.07054,0,0.48825,-0.06254,0.23105,-0.00717,0.48998,0.87170,-0.00098,0.48842,-0.06248,0.23037,-0.00690,0.49001,0.87169,-0.00104,0.17,0.06,-0.68
2.2493,130,0.04896,-0.03777,-0.28714,0.61731,0.76162,0.18370,-0.07147,0,0.48825,-0.06254,0.23107,-0.00716,0.48998,0.87170,-0.00097,0.48842,-0.06248,0.23037,-0.00690,0.49001,0.87169,-0.00104,0.17,0.06,-0.70
2.2660,131,0.05121,-0.03490,-0.28729,0.61997,0.76044,0.17904,-0.07292,0,0.48825,-0.06255,0.23109,-0.00715,0.48998,0.87170,-0.00097,0.48842,-0.06248,0.23037,-0.00690,0.49001,0.87169,-0.00104,0.17,0.07,-0.72
2.2828,132,0.05208,-0.03325,-0.28663,0.62237,0.76032,0.17071,-0.07367,0,0.48825,-0.06256,0.23110,-0.00714,0.48999,0.87170,-0.00097,0.48842,-0.06248,0.23037,-0.00690,0.49001,0.87169,-0.00104,0.17,0.08,-0.74
2.2994,133,0.05298,-0.03162,-0.28576,0.62543,0.75922,0.16308,-0.07634,0,0.48824,-0.06256,0.23111,-0.00715,0.48999,0.87170,-0.00097,0.48842,-0.06248,0.23037,-0.00690,0.49001,0.87169,-0.00104,0.18,0.08,-0.74
2.3163,134,0.05356,-0.03030,-0.28462,0.62618,0.76002,0.15441,-0.08011,0,0.48824,-0.06256,0.23111,-0.00716,0.48999,0.87170,-0.00097,0.48842,-0.06248,0.23037,-0.00690,0.49001,0.87169,-0.00104,0.18,0.08,-0.74
2.3332,135,0.05388,-0.02844,-0.28399,0.62561,0.76059,0.15179,-0.08410,0,0.48823,-0.06256,0.23111,-0.00716,0.48999,0.87170,-0.00097,0.48842,-0.06248,0.23037,-0.00690,0.49001,0.87169,-0.00104,0.19,0.08,-0.74
2.3497,136,0.05443,-0.02383,-0.28288,0.62400,0.76096,0.15376,-0.08900,0,0.48823,-0.06256,0.23111,-0.00716,0.48998,0.87170,-0.00097,0.48842,-0.06248,0.23037,-0.00690,0.49001,0.87169,-0.00104,0.19,0.08,-0.75
2.3666,137,0.05447,-0.02161,-0.28236,0.62270,0.76121,0.15651,-0.09111,0,0.48823,-0.06256,0.23112,-0.00716,0.48998,0.87170,-0.00097,0.48842,-0.06248,0.23037,-0.00690,0.49001,0.87169,-0.00104,0.19,0.08,-0.75
2.3834,138,0.05405,-0.01981,-0.28159,0.62140,0.76207,0.15686,-0.09220,0,0.48823,-0.06256,0.23112,-0.00716,0.48999,0.87170,-0.00096,0.48842,-0.06248,0.23037,-0.00690,0.49001,0.87169,-0.00104,0.19,0.08,-0.76
2.4001,139,0.05328,-0.01862,-0.28041,0.61980,0.76361,0.15532,-0.09289,0,0.48823,-0.06255,0.23112,-0.00716,0.48999,0.87170,-0.00096,0.48842,-0.06248,0.23037,-0.00690,0.49001,0.87169,-0.00104,0.19,0.08,-0.76
2.4168,140,0.05246,-0.01767,-0.27949,0.61725,0.76576,0.15363,-0.09491,0,0.48823,-0.06255,0.23113,-0.00716,0.48998,0.87170,-0.00096,0.48823,-0.06255,0.23113,-0.00716,0.48998,0.87170,-0.00096,0.00,0.00,0.00
2.4336,141,0.05120,-0.01677,-0.27800,0.61440,0.76816,0.14938,-0.10064,0,0.48823,-0.06255,0.23113,-0.00716,0.48998,0.87170,-0.00096,0.48823,-0.06255,0.23113,-0.00716,0.48998,0.87170,-0.00096,-0.00,0.00,-0.00
2.4503,142,0.05086,-0.01784,-0.27709,0.61536,0.76719,0.14856,-0.10338,0,0.48824,-0.06256,0.23117,-0.00715,0.48999,0.87170,-0.00094,0.48823,-0.06255,0.23113,-0.00716,0.48998,0.87170,-0.00096,-0.01,0.01,-0.05
2.4672,143,0.05057,-0.01891,-0.27675,0.61579,0.76625,0.14993,-0.10576,0,0.48819,-0.06257,0.23126,-0.00721,0.48996,0.87171,-0.00093,0.48823,-0.06255,0.23113,-0.00716,0.48998,0.87170,-0.00096,0.04,0.02,-0.13
2.4840,144,0.05038,-0.01977,-0.27682,0.61619,0.76532,0.15197,-0.10728,0,0.48814,-0.06259,0.23137,-0.00727,0.48999,0.87170,-0.00092,0.48823,-0.06255,0.23113,-0.00716,0.48998,0.87170,-0.00096,0.09,0.04,-0.24
2.5008,145,0.05049,-0.02105,-0.27738,0.61796,0.76308,0.15542,-0.10806,0,0.48812,-0.06262,0.23150,-0.00729,0.48997,0.87171,-0.00090,0.48823,-0.06255,0.23113,-0.00716,0.48998,0.87170,-0.00096,0.11,0.06,-0.38
2.5176,146,0.05144,-0.02574,-0.27869,0.62690,0.75572,0.15734,-0.10549,0,0.48811,-0.06262,0.23164,-0.00730,0.48996,0.87172,-0.00088,0.48823,-0.06255,0.23113,-0.00716,0.48998,0.87170,-0.00096,0.11,0.07,-0.52
2.5341,147,0.05199,-0.02879,-0.27929,0.63168,0.75233,0.15595,-0.10323,0,0.48808,-0.06262,0.23175,-0.00735,0.48995,0.87172,-0.00088,0.48823,-0.06255,0.23113,-0.00716,0.48998,0.87170,-0.00096,0.14,0.07,-0.62
2.5510,148,0.05244,-0.03078,-0.28066,0.63423,0.75055,0.15583,-0.10067,0,0.48805,-0.06262,0.23181,-0.00739,0.48996,0.87171,-0.00089,0.48823,-0.06255,0.23113,-0.00716,0.48998,0.87170,-0.00096,0.18,0.07,-0.68
2.5677,149,0.05299,-0.03233,-0.28211,0.63719,0.74835,0.15660,-0.09718,0,0.48803,-0.06261,0.23184,-0.00741,0.48995,0.87172,-0.00088,0.48823,-0.06255,0.23113,-0.00716,0.48998,0.87170,-0.00096,0.20,0.06,-0.72
2.5844,150,0.05377,-0.03395,-0.28307,0.64130,0.74549,0.15653,-0.09207,0,0.48802,-0.06261,0.23186,-0.00740,0.48995,0.87172,-0.00088,0.48823,-0.06255,0.23113,-0.00716,0.48998,0.87170,-0.00096,0.20,0.06,-0.74
2.6011,151,0.05532,-0.03694,-0.28485,0.64883,0.74048,0.15535,-0.08115,0,0.48803,-0.06262,0.23188,-0.00739,0.48995,0.87172,-0.00087,0.48823,-0.06255,0.23113,-0.00716,0.48998,0.87170,-0.00096,0.20,0.06,-0.75
2.6179,152,0.05624,-0.03822,-0.28559,0.65306,0.73773,0.15388,-0.07478,0,0.48802,-0.06262,0.23189,-0.00738,0.48996,0.87172,-0.00087,0.48823,-0.06255,0.23113,-0.00716,0.48998,0.87170,-0.00096,0.20,0.07,-0.76
2.6348,153,0.05744,-0.03964,-0.28629,0.65747,0.73447,0.15315,-0.06950,0,0.48802,-0.06263,0.23189,-0.00739,0.48996,0.87171,-0.00087,0.48823,-0.06255,0.23113,-0.00716,0.48998,0.87170,-0.00096,0.21,0.07,-0.77
2.6516,154,0.05890,-0.04092,-0.28704,0.66050,0.73205,0.15322,-0.06603,0,0.48801,-0.06263,0.23189,-0.00740,0.48996,0.87172,-0.00087,0.48823,-0.06255,0.23113,-0.00716,0.48998,0.87170,-0.00096,0.22,0.08,-0.77
2.6683,155,0.06024,-0.04210,-0.28792,0.66237,0.73059,0.15373,-0.06226,0,0.48801,-0.06263,0.23190,-0.00740,0.48995,0.87172,-0.00087,0.48823,-0.06255,0.23113,-0.00716,0.48998,0.87170,-0.00096,0.22,0.07,-0.77
2.6850,156,0.06304,-0.04364,-0.29053,0.66540,0.72825,0.15507,-0.05332,0,0.48801,-0.06263,0.23190,-0.00740,0.48995,0.87172,-0.00087,0.48823,-0.06255,0.23113,-0.00716,0.48998,0.87170,-0.00096,0.22,0.07,-0.77
2.7019,157,0.06408,-0.04414,-0.29184,0.66563,0.72831,0.15513,-0.04935,0,0.48801,-0.06263,0.23190,-0.00739,0.48995,0.87172,-0.00087,0.48823,-0.06255,0.23113,-0.00716,0.48998,0.87170,-0.00096,0.22,0.07,-0.77
2.7187,158,0.06488,-0.04461,-0.29313,0.66505,0.72901,0.15519,-0.04659,0,0.48801,-0.06263,0.23191,-0.00739,0.48995,0.87172,-0.00087,0.48823,-0.06255,0.23113,-0.00716,0.48998,0.87170,-0.00096,0.22,0.07,-0.78
2.7354,159,0.06527,-0.04497,-0.29407,0.66566,0.72868,0.15477,-0.04434,0,0.48801,-0.06263,0.23191,-0.00739,0.48995,0.87172,-0.00086,0.48823,-0.06255,0.23113,-0.00716,0.48998,0.87170,-0.00096,0.22,0.07,-0.78
2.7521,160,0.06564,-0.04374,-0.29497,0.66726,0.72751,0.15460,-0.03983,0,0.48801,-0.06263,0.23191,-0.00740,0.48996,0.87172,-0.00086,0.48801,-0.06263,0.23191,-0.00740,0.48996,0.87172,-0.00086,0.00,0.00,0.00
2.7688,161,0.06546,-0.04202,-0.29492,0.66550,0.72937,0.15388,-0.03799,0,0.48801,-0.06263,0.23191,-0.00740,0.48996,0.87172,-0.00086,0.48801,-0.06263,0.23191,-0.00740,0.48996,0.87172,-0.00086,-0.00,0.00,-0.00
2.7857,162,0.06492,-0.03978,-0.29471,0.66225,0.73261,0.15275,-0.03720,0,0.48802,-0.06264,0.23195,-0.00738,0.48996,0.87171,-0.00084,0.48801,-0.06263,0.23191,-0.00740,0.48996,0.87172,-0.00086,-0.01,0.01,-0.05
2.8024,163,0.06407,-0.03712,-0.29414,0.65835,0.73623,0.15216,-0.03716,0,0.48796,-0.06264,0.23204,-0.00744,0.48995,0.87172,-0.00084,0.48801,-0.06263,0.23191,-0.00740,0.48996,0.87172,-0.00086,0.04,0.02,-0.14
2.8193,164,0.06302,-0.03408,-0.29348,0.65375,0.74016,0.15256,-0.03873,0,0.48791,-0.06266,0.23215,-0.00751,0.48995,0.87172,-0.00083,0.48801,-0.06263,0.23191,-0.00740,0.48996,0.87172,-0.00086,0.10,0.04,-0.24
2.8360,165,0.06096,-0.02758,-0.29210,0.64326,0.74902,0.15367,-0.03954,0,0.48790,-0.06268,0.23228,-0.00751,0.48994,0.87172,-0.00080,0.48801,-0.06263,0.23191,-0.00740,0.48996,0.87172,-0.00086,0.11,0.06,-0.37
2.8528,166,0.06024,-0.02404,-0.29115,0.63732,0.75409,0.15437,-0.03659,0,0.48789,-0.06270,0.23241,-0.00752,0.48992,0.87174,-0.00078,0.48801,-0.06263,0.23191,-0.00740,0.48996,0.87172,-0.00086,0.12,0.07,-0.51
2.8696,167,0.05925,-0.02063,-0.29026,0.63156,0.75861,0.15674,-0.03280,0,0.48786,-0.06270,0.23252,-0.00756,0.48993,0.87173,-0.00078,0.48801,-0.06263,0.23191,-0.00740,0.48996,0.87172,-0.00086,0.15,0.07,-0.62
2.8864,168,0.05843,-0.01720,-0.28957,0.62480,0.76383,0.15939,-0.02804,0,0.48781,-0.06269,0.23259,-0.00762,0.48992,0.87173,-0.00079,0.48801,-0.06263,0.23191,-0.00740,0.48996,0.87172,-0.00086,0.19,0.06,-0.68
2.9031,169,0.05780,-0.01377,-0.28913,0.61707,0.76988,0.16150,-0.02042,0,0.48779,-0.06269,0.23262,-0.00763,0.48991,0.87174,-0.00078,0.48801,-0.06263,0.23191,-0.00740,0.48996,0.87172,-0.00086,0.21,0.06,-0.72
2.9198,170,0.05642,-0.00655,-0.28800,0.60260,0.78174,0.16046,-0.00242,0,0.48779,-0.06269,0.23264,-0.00763,0.48992,0.87174,-0.00077,0.48801,-0.06263,0.23191,-0.00740,0.48996,0.87172,-0.00086,0.22,0.06,-0.74
2.9367,171,0.05581,-0.00267,-0.28724,0.59533,0.78755,0.15916,0.00456,0,0.48779,-0.06270,0.23266,-0.00761,0.48992,0.87174,-0.00077,0.48801,-0.06263,0.23191,-0.00740,0.48996,0.87172,-0.00086,0.21,0.07,-0.75
2.9535,172,0.05580,0.00129,-0.28652,0.58865,0.79290,0.15727,0.00800,0,0.48780,-0.06271,0.23267,-0.00760,0.48992,0.87173,-0.00076,0.48801,-0.06263,0.23191,-0.00740,0.48996,0.87172,-0.00086,0.21,0.08,-0.77
2.9703,173,0.05579,0.00545,-0.28568,0.58311,0.79746,0.15486,0.00781,0,0.48779,-0.06271,0.23268,-0.00761,0.48992,0.87173,-0.00076,0.48801,-0.06263,0.23191,-0.00740,0.48996,0.87172,-0.00086,0.21,0.08,-0.77
2.9871,174,0.05572,0.00966,-0.28485,0.57827,0.80146,0.15248,0.00427,0,0.48778,-0.06271,0.23267,-0.00762,0.48992,0.87173,-0.00076,0.48801,-0.06263,0.23191,-0.00740,0.48996,0.87172,-0.00086,0.22,0.08,-0.77
3.0038,175,0.05682,0.01752,-0.28308,0.57053,0.80780,0.14816,-0.00386,0,0.48778,-0.06271,0.23267,-0.00763,0.48992,0.87173,-0.00076,0.48801,-0.06263,0.23191,-0.00740,0.48996,0.87172,-0.00086,0.23,0.08,-0.77
3.0204,176,0.05821,0.02101,-0.28243,0.56670,0.81108,0.14482,-0.00629,0,0.48778,-0.06271,0.23268,-0.00763,0.48991,0.87174,-0.00076,0.48801,-0.06263,0.23191,-0.00740,0.48996,0.87172,-0.00086,0.23,0.08,-0.77
3.0371,177,0.06002,0.02397,-0.28202,0.56274,0.81471,0.13969,-0.00820,0,0.48778,-0.06271,0.23268,-0.00762,0.48991,0.87174,-0.00076,0.48801,-0.06263,0.23191,-0.00740,0.48996,0.87172,-0.00086,0.23,0.08,-0.77
3.0539,178,0.06236,0.02671,-0.28183,0.55961,0.81793,0.13320,-0.00946,0,0.48778,-0.06271,0.23268,-0.00762,0.48991,0.87174,-0.00076,0.48801,-0.06263,0.23191,-0.00740,0.48996,0.87172,-0.00086,0.23,0.08,-0.78
3.0706,179,0.06509,0.02926,-0.28151,0.55728,0.82067,0.12583,-0.01047,0,0.48778,-0.06271,0.23268,-0.00762,0.48992,0.87174,-0.00076,0.48801,-0.06263,0.23191,-0.00740,0.48996,0.87172,-0.00086,0.23,0.08,-0.78
3.0873,180,0.07150,0.03446,-0.28053,0.55523,0.82369,0.11421,-0.01435,0,0.48778,-0.06271,0.23268,-0.00763,0.48992,0.87174,-0.00076,0.48778,-0.06271,0.23268,-0.00763,0.48992,0.87174,-0.00076,0.00,0.00,0.00
3.1042,181,0.07497,0.03669,-0.27979,0.55402,0.82533,0.10792,-0.01585,0,0.48778,-0.06271,0.23269,-0.00763,0.48992,0.87173,-0.00076,0.48778,-0.06271,0.23268,-0.00763,0.48992,0.87174,-0.00076,0.00,0.00,-0.00
3.1210,182,0.07872,0.03899,-0.27887,0.55305,0.82680,0.10120,-0.01720,0,0.48779,-0.06272,0.23273,-0.00760,0.48993,0.87173,-0.00074,0.48778,-0.06271,0.23268,-0.00763,0.48992,0.87174,-0.00076,-0.01,0.01,-0.04
3.1378,183,0.08254,0.04139,-0.27809,0.55092,0.82905,0.09356,-0.02039,0,0.48774,-0.06272,0.23281,-0.00765,0.48992,0.87173,-0.00073,0.48778,-0.06271,0.23268,-0.00763,0.48992,0.87174,-0.00076,0.04,0.02,-0.13
3.1545,184,0.08614,0.04393,-0.27742,0.54918,0.83089,0.08615,-0.02466,0,0.48768,-0.06275,0.23292,-0.00771,0.48992,0.87174,-0.00071,0.48778,-0.06271,0.23268,-0.00763,0.48992,0.87174,-0.00076,0.10,0.04,-0.23
3.1711,185,0.09271,0.04960,-0.27629,0.54477,0.83501,0.07096,-0.03075,0,0.48765,-0.06276,0.23305,-0.00772,0.48990,0.87174,-0.00068,0.48778,-0.06271,0.23268,-0.00763,0.48992,0.87174,-0.00076,0.12,0.06,-0.36
3.1879,186,0.09588,0.05268,-0.27599,0.54173,0.83751,0.06368,-0.03224,0,0.48764,-0.06277,0.23317,-0.00774,0.48990,0.87175,-0.00065,0.48778,-0.06271,0.23268,-0.00763,0.48992,0.87174,-0.00076,0.13,0.07,-0.49
3.2048,187,0.09859,0.05560,-0.27581,0.53915,0.83968,0.05651,-0.03246,0,0.48761,-0.06278,0.23328,-0.00778,0.48989,0.87175,-0.00066,0.48778,-0.06271,0.23268,-0.00763,0.48992,0.87174,-0.00076,0.16,0.08,-0.59
3.2215,188,0.10114,0.05817,-0.27559,0.53756,0.84105,0.05058,-0.03338,0,0.48758,-0.06278,0.23334,-0.00782,0.48989,0.87175,-0.00067,0.48778,-0.06271,0.23268,-0.00763,0.48992,0.87174,-0.00076,0.20,0.08,-0.65
3.2383,189,0.10344,0.06025,-0.27543,0.53669,0.84178,0.04593,-0.03539,0,0.48756,-0.06278,0.23337,-0.00784,0.48988,0.87175,-0.00066,0.48778,-0.06271,0.23268,-0.00763,0.48992,0.87174,-0.00076,0.21,0.07,-0.69
3.2551,190,0.10723,0.06327,-0.27522,0.53823,0.84094,0.03773,-0.04141,0,0.48756,-0.06277,0.23340,-0.00783,0.48988,0.87176,-0.00066,0.48778,-0.06271,0.23268,-0.00763,0.48992,0.87174,-0.00076,0.21,0.07,-0.71
3.2719,191,0.10860,0.06422,-0.27498,0.54060,0.83940,0.03374,-0.04491,0,0.48756,-0.06277,0.23341,-0.00782,0.48988,0.87176,-0.00065,0.48778,-0.06271,0.23268,-0.00763,0.48992,0.87174,-0.00076,0.21,0.07,-0.73
3.2887,192,0.10952,0.06474,-0.27469,0.54345,0.83746,0.03074,-0.04883,0,0.48756,-0.06278,0.23342,-0.00783,0.48988,0.87176,-0.00065,0.48778,-0.06271,0.23268,-0.00763,0.48992,0.87174,-0.00076,0.21,0.07,-0.74
3.3053,193,0.11029,0.06504,-0.27452,0.54519,0.83628,0.02759,-0.05139,0,0.48756,-0.06279,0.23342,-0.00783,0.48989,0.87175,-0.00065,0.48778,-0.06271,0.23268,-0.00763,0.48992,0.87174,-0.00076,0.22,0.08,-0.74
3.3222,194,0.11060,0.06482,-0.27433,0.54595,0.83589,0.02412,-0.05140,0,0.48755,-0.06279,0.23342,-0.00784,0.48989,0.87175,-0.00065,0.48778,-0.06271,0.23268,-0.00763,0.48992,0.87174,-0.00076,0.22,0.08,-0.74
3.3389,195,0.11137,0.06350,-0.27435,0.54820,0.83479,0.02075,-0.04652,0,0.48755,-0.06279,0.23343,-0.00784,0.48988,0.87175,-0.00065,0.48778,-0.06271,0.23268,-0.00763,0.48992,0.87174,-0.00076,0.22,0.08,-0.74
3.3557,196,0.11179,0.06267,-0.27440,0.54953,0.83415,0.01941,-0.04285,0,0.48755,-0.06279,0.23343,-0.00784,0.48988,0.87175,-0.00065,0.48778,-0.06271,0.23268,-0.00763,0.48992,0.87174,-0.00076,0.22,0.08,-0.75
3.3725,197,0.11227,0.06166,-0.27461,0.55061,0.83359,0.01784,-0.04046,0,0.48755,-0.06279,0.23343,-0.00784,0.48988,0.87175,-0.00065,0.48778,-0.06271,0.23268,-0.00763,0.48992,0.87174,-0.00076,0.22,0.08,-0.75
3.3892,198,0.11273,0.06020,-0.27502,0.55210,0.83268,0.01599,-0.03965,0,0.48755,-0.06279,0.23344,-0.00784,0.48988,0.87175,-0.00065,0.48778,-0.06271,0.23268,-0.00763,0.48992,0.87174,-0.00076,0.22,0.08,-0.75
3.4059,199,0.11323,0.05853,-0.27550,0.55317,0.83194,0.01448,-0.04086,0,0.48755,-0.06279,0.23344,-0.00784,0.48988,0.87175,-0.00065,0.48778,-0.06271,0.23268,-0.00763,0.48992,0.87174,-0.00076,0.22,0.08,-0.75
3.4228,200,0.11430,0.05402,-0.27765,0.55462,0.83050,0.01103,-0.05040,0,0.48755,-0.06279,0.23344,-0.00784,0.48988,0.87175,-0.00065,0.48755,-0.06279,0.23344,-0.00784,0.48988,0.87175,-0.00065,0.00,0.00,0.00
3.4394,201,0.11494,0.05157,-0.27901,0.55776,0.82819,0.00875,-0.05410,0,0.48756,-0.06279,0.23345,-0.00784,0.48988,0.87175,-0.00064,0.48755,-0.06279,0.23344,-0.00784,0.48988,0.87175,-0.00065,-0.00,-0.00,-0.00
3.4562,202,0.11546,0.04836,-0.28037,0.56263,0.82477,0.00594,-0.05626,0,0.48756,-0.06279,0.23349,-0.00782,0.48989,0.87175,-0.00063,0.48755,-0.06279,0.23344,-0.00784,0.48988,0.87175,-0.00065,-0.01,0.01,-0.05
3.4730,203,0.11599,0.04488,-0.28194,0.56697,0.82171,0.00387,-0.05767,0,0.48752,-0.06281,0.23357,-0.00784,0.48988,0.87176,-0.00063,0.48755,-0.06279,0.23344,-0.00784,0.48988,0.87175,-0.00065,0.03,0.02,-0.13
3.4897,204,0.11653,0.04122,-0.28369,0.57188,0.81823,0.00163,-0.05876,0,0.48747,-0.06284,0.23367,-0.00788,0.48988,0.87176,-0.00063,0.48755,-0.06279,0.23344,-0.00784,0.48988,0.87175,-0.00065,0.09,0.05,-0.23
3.5064,205,0.11722,0.03390,-0.28696,0.57986,0.81233,-0.00317,-0.06224,0,0.48745,-0.06286,0.23381,-0.00787,0.48987,0.87176,-0.00061,0.48755,-0.06279,0.23344,-0.00784,0.48988,0.87175,-0.00065,0.11,0.07,-0.36
3.5232,206,0.11733,0.03031,-0.28834,0.58447,0.80869,-0.00541,-0.06620,0,0.48744,-0.06287,0.23394,-0.00786,0.48987,0.87176,-0.00060,0.48755,-0.06279,0.23344,-0.00784,0.48988,0.87175,-0.00065,0.12,0.08,-0.50
3.5399,207,0.11747,0.02679,-0.28970,0.58943,0.80470,-0.00794,-0.07043,0,0.48741,-0.06287,0.23404,-0.00789,0.48986,0.87176,-0.00061,0.48755,-0.06279,0.23344,-0.00784,0.48988,0.87175,-0.00065,0.15,0.08,-0.59
3.5566,208,0.11709,0.02378,-0.29049,0.59430,0.80069,-0.00954,-0.07490,0,0.48736,-0.06287,0.23410,-0.00792,0.48986,0.87176,-0.00062,0.48755,-0.06279,0.23344,-0.00784,0.48988,0.87175,-0.00065,0.19,0.08,-0.66
3.5734,209,0.11680,0.02108,-0.29132,0.59760,0.79791,-0.01076,-0.07812,0,0.48734,-0.06286,0.23413,-0.00793,0.48986,0.87176,-0.00061,0.48755,-0.06279,0.23344,-0.00784,0.48988,0.87175,-0.00065,0.21,0.07,-0.69
3.5901,210,0.11687,0.01550,-0.29182,0.59789,0.79748,-0.01351,-0.07982,0,0.48734,-0.06286,0.23414,-0.00793,0.48987,0.87176,-0.00060,0.48755,-0.06279,0.23344,-0.00784,0.48988,0.87175,-0.00065,0.22,0.07,-0.70
3.6069,211,0.11721,0.01295,-0.29207,0.59624,0.79880,-0.01601,-0.07853,0,0.48734,-0.06286,0.23416,-0.00792,0.48987,0.87176,-0.00060,0.48755,-0.06279,0.23344,-0.00784,0.48988,0.87175,-0.00065,0.22,0.08,-0.72
3.6237,212,0.11746,0.01061,-0.29232,0.59422,0.80050,-0.02125,-0.07517,0,0.48734,-0.06287,0.23417,-0.00790,0.48987,0.87176,-0.00060,0.48755,-0.06279,0.23344,-0.00784,0.48988,0.87175,-0.00065,0.21,0.08,-0.73
3.6404,213,0.11751,0.00874,-0.29253,0.59248,0.80192,-0.02737,-0.07168,0,0.48734,-0.06288,0.23418,-0.00790,0.48987,0.87176,-0.00060,0.48755,-0.06279,0.23344,-0.00784,0.48988,0.87175,-0.00065,0.21,0.09,-0.73
3.6571,214,0.11798,0.00566,-0.29271,0.59209,0.80229,-0.03252,-0.06863,0,0.48734,-0.06288,0.23418,-0.00791,0.48987,0.87176,-0.00060,0.48755,-0.06279,0.23344,-0.00784,0.48988,0.87175,-0.00065,0.22,0.09,-0.73
3.6737,215,0.11815,0.00487,-0.29264,0.59191,0.80245,-0.03208,-0.06849,0,0.48733,-0.06288,0.23417,-0.00791,0.48987,0.87176,-0.00060,0.48755,-0.06279,0.23344,-0.00784,0.48988,0.87175,-0.00065,0.22,0.10,-0.73
3.6906,216,0.11876,0.00438,-0.29248,0.59294,0.80179,-0.03100,-0.06785,0,0.48733,-0.06288,0.23418,-0.00791,0.48987,0.87176,-0.00060,0.48755,-0.06279,0.23344,-0.00784,0.48988,0.87175,-0.00065,0.22,0.10,-0.73
3.7073,217,0.11953,0.00397,-0.29212,0.59584,0.79966,-0.02872,-0.06852,0,0.48733,-0.06288,0.23418,-0.00791,0.48987,0.87176,-0.00060,0.48755,-0.06279,0.23344,-0.00784,0.48988,0.87175,-0.00065,0.22,0.09,-0.74
3.7242,218,0.12083,0.00384,-0.29197,0.59850,0.79750,-0.02605,-0.07152,0,0.48734,-0.06288,0.23418,-0.00791,0.48987,0.87176,-0.00059,0.48755,-0.06279,0.23344,-0.00784,0.48988,0.87175,-0.00065,0.22,0.09,-0.74
3.7409,219,0.12174,0.00352,-0.29194,0.60154,0.79490,-0.02386,-0.07561,0,0.48733,-0.06288,0.23418,-0.00791,0.48987,0.87176,-0.00059,0.48755,-0.06279,0.23344,-0.00784,0.48988,0.87175,-0.00065,0.22,0.09,-0.74
3.7577,220,0.12500,0.00281,-0.29182,0.60869,0.78897,-0.03166,-0.07762,0,0.48733,-0.06288,0.23418,-0.00792,0.48987,0.87176,-0.00059,0.48733,-0.06288,0.23418,-0.00792,0.48987,0.87176,-0.00059,0.00,0.00,0.00
3.7745,221,0.12666,0.00217,-0.29167,0.61039,0.78727,-0.03826,-0.07856,0,0.48733,-0.06288,0.23418,-0.00792,0.48987,0.87176,-0.00059,0.48733,-0.06288,0.23418,-0.00792,0.48987,0.87176,-0.00059,0.00,0.00,-0.00
3.7913,222,0.12858,0.00166,-0.29156,0.61120,0.78598,-0.04299,-0.08261,0,0.48734,-0.06289,0.23423,-0.00788,0.48987,0.87176,-0.00059,0.48733,-0.06288,0.23418,-0.00792,0.48987,0.87176,-0.00059,-0.01,0.01,-0.05
3.8081,223,0.13056,0.00120,-0.29116,0.61154,0.78483,-0.04713,-0.08852,0,0.48729,-0.06290,0.23432,-0.00790,0.48988,0.87175,-0.00060,0.48733,-0.06288,0.23418,-0.00792,0.48987,0.87176,-0.00059,0.04,0.02,-0.14
3.8249,224,0.13547,0.00079,-0.29015,0.61079,0.78308,-0.04923,-0.10628,0,0.48724,-0.06292,0.23441,-0.00792,0.48987,0.87176,-0.00060,0.48733,-0.06288,0.23418,-0.00792,0.48987,0.87176,-0.00059,0.09,0.04,-0.23
3.8416,225,0.13853,0.00074,-0.29001,0.60934,0.78310,-0.04811,-0.11466,0,0.48723,-0.06293,0.23453,-0.00790,0.48987,0.87176,-0.00058,0.48733,-0.06288,0.23418,-0.00792,0.48987,0.87176,-0.00059,0.11,0.05,-0.35
3.8584,226,0.14183,0.00117,-0.28997,0.60751,0.78382,-0.05028,-0.11846,0,0.48722,-0.06294,0.23466,-0.00788,0.48987,0.87176,-0.00058,0.48733,-0.06288,0.23418,-0.00792,0.48987,0.87176,-0.00059,0.11,0.06,-0.47
3.8751,227,0.14521,0.00081,-0.28976,0.60749,0.78362,-0.05673,-0.11693,0,0.48719,-0.06295,0.23475,-0.00791,0.48986,0.87176,-0.00060,0.48733,-0.06288,0.23418,-0.00792,0.48987,0.87176,-0.00059,0.14,0.07,-0.56
3.8919,228,0.14833,0.00062,-0.28972,0.60577,0.78486,-0.06485,-0.11328,0,0.48715,-0.06294,0.23480,-0.00794,0.48986,0.87177,-0.00060,0.48733,-0.06288,0.23418,-0.00792,0.48987,0.87176,-0.00059,0.18,0.06,-0.62
3.9088,229,0.15473,0.00115,-0.28884,0.59491,0.79259,-0.08086,-0.10653,0,0.48714,-0.06293,0.23483,-0.00796,0.48986,0.87177,-0.00059,0.48733,-0.06288,0.23418,-0.00792,0.48987,0.87176,-0.00059,0.20,0.05,-0.64
3.9253,230,0.15756,0.00180,-0.28797,0.58620,0.79787,-0.08666,-0.11075,0,0.48713,-0.06294,0.23485,-0.00795,0.48986,0.87177,-0.00058,0.48733,-0.06288,0.23418,-0.00792,0.48987,0.87176,-0.00059,0.20,0.06,-0.66
3.9421,231,0.16037,0.00250,-0.28701,0.57873,0.80188,-0.08649,-0.12074,0,0.48714,-0.06294,0.23486,-0.00794,0.48986,0.87176,-0.00058,0.48733,-0.06288,0.23418,-0.00792,0.48987,0.87176,-0.00059,0.19,0.06,-0.68
3.9589,232,0.16305,0.00321,-0.28590,0.57365,0.80405,-0.08333,-0.13219,0,0.48714,-0.06296,0.23487,-0.00794,0.48987,0.87176,-0.00057,0.48733,-0.06288,0.23418,-0.00792,0.48987,0.87176,-0.00059,0.19,0.08,-0.68
3.9756,233,0.16547,0.00378,-0.28488,0.57088,0.80507,-0.07979,-0.13996,0,0.48714,-0.06297,0.23487,-0.00795,0.48987,0.87176,-0.00058,0.48733,-0.06288,0.23418,-0.00792,0.48987,0.87176,-0.00059,0.20,0.09,-0.69
3.9924,234,0.16968,0.00594,-0.28333,0.56553,0.80851,-0.08275,-0.14011,0,0.48713,-0.06297,0.23487,-0.00795,0.48986,0.87176,-0.00058,0.48733,-0.06288,0.23418,-0.00792,0.48987,0.87176,-0.00059,0.20,0.09,-0.69
4.0092,235,0.17113,0.00631,-0.28318,0.56367,0.80997,-0.08841,-0.13567,0,0.48713,-0.06297,0.23487,-0.00795,0.48986,0.87177,-0.00058,0.48733,-0.06288,0.23418,-0.00792,0.48987,0.87176,-0.00059,0.20,0.09,-0.69
4.0259,236,0.17281,0.00626,-0.28320,0.56361,0.81028,-0.09176,-0.13182,0,0.48713,-0.06296,0.23488,-0.00795,0.48985,0.87177,-0.00057,0.48733,-0.06288,0.23418,-0.00792,0.48987,0.87176,-0.00059,0.20,0.08,-0.69
4.0427,237,0.17450,0.00564,-0.28323,0.56506,0.80940,-0.09479,-0.12880,0,0.48713,-0.06296,0.23488,-0.00795,0.48985,0.87177,-0.00057,0.48733,-0.06288,0.23418,-0.00792,0.48987,0.87176,-0.00059,0.20,0.08,-0.70
4.0595,238,0.17609,0.00482,-0.28327,0.56821,0.80728,-0.09788,-0.12595,0,0.48713,-0.06296,0.23488,-0.00795,0.48985,0.87177,-0.00057,0.48733,-0.06288,0.23418,-0.00792,0.48987,0.87176,-0.00059,0.20,0.08,-0.70
4.0761,239,0.17962,0.00358,-0.28301,0.57178,0.80412,-0.10219,-0.12656,0,0.48713,-0.06297,0.23488,-0.00795,0.48986,0.87177,-0.00057,0.48733,-0.06288,0.23418,-0.00792,0.48987,0.87176,-0.00059,0.20,0.09,-0.70
4.0928,240,0.18152,0.00260,-0.28277,0.57127,0.80397,-0.10257,-0.12943,0,0.48713,-0.06297,0.23488,-0.00795,0.48986,0.87176,-0.00057,0.48713,-0.06297,0.23488,-0.00795,0.48986,0.87176,-0.00057,0.00,0.00,0.00
4.1095,241,0.18353,0.00193,-0.28276,0.57035,0.80428,-0.10204,-0.13199,0,0.48713,-0.06297,0.23489,-0.00795,0.48986,0.87176,-0.00057,0.48713,-0.06297,0.23488,-0.00795,0.48986,0.87176,-0.00057,-0.00,0.00,-0.00
4.1264,242,0.18561,0.00127,-0.28306,0.57147,0.80343,-0.10193,-0.13244,0,0.48713,-0.06298,0.23493,-0.00793,0.48987,0.87176,-0.00058,0.48713,-0.06297,0.23488,-0.00795,0.48986,0.87176,-0.00057,-0.00,0.01,-0.04
4.1432,243,0.18766,0.00071,-0.28327,0.57381,0.80186,-0.10471,-0.12962,0,0.48709,-0.06299,0.23500,-0.00798,0.48987,0.87176,-0.00057,0.48713,-0.06297,0.23488,-0.00795,0.48986,0.87176,-0.00057,0.04,0.02,-0.12
4.1600,244,0.18953,0.00014,-0.28351,0.57557,0.80071,-0.10795,-0.12619,0,0.48705,-0.06300,0.23509,-0.00803,0.48985,0.87177,-0.00054,0.48713,-0.06297,0.23488,-0.00795,0.48986,0.87176,-0.00057,0.08,0.03,-0.21
4.1768,245,0.19268,-0.00165,-0.28459,0.57833,0.79837,-0.11561,-0.12155,0,0.48704,-0.06301,0.23521,-0.00804,0.48983,0.87178,-0.00050,0.48713,-0.06297,0.23488,-0.00795,0.48986,0.87176,-0.00057,0.09,0.04,-0.33
4.1936,246,0.19380,-0.00265,-0.28537,0.58027,0.79644,-0.11842,-0.12221,0,0.48703,-0.06302,0.23533,-0.00806,0.48983,0.87178,-0.00048,0.48713,-0.06297,0.23488,-0.00795,0.48986,0.87176,-0.00057,0.10,0.05,-0.45
4.2103,247,0.19464,-0.00346,-0.28607,0.58277,0.79387,-0.12102,-0.12449,0,0.48700,-0.06303,0.23543,-0.00810,0.48983,0.87178,-0.00049,0.48713,-0.06297,0.23488,-0.00795,0.48986,0.87176,-0.00057,0.13,0.06,-0.54
4.2271,248,0.19501,-0.00441,-0.28661,0.58653,0.79024,-0.12314,-0.12787,0,0.48697,-0.06303,0.23548,-0.00814,0.48983,0.87178,-0.00050,0.48713,-0.06297,0.23488,-0.00795,0.48986,0.87176,-0.00057,0.16,0.06,-0.60
4.2439,0,0.19508,-0.00578,-0.28732,0.59500,0.78233,-0.12525,-0.13510,0,0.48696,-0.06303,0.23551,-0.00815,0.48983,0.87178,-0.00049,0.48713,-0.06297,0.23488,-0.00795,0.48986,0.87176,-0.00057,0.17,0.06,-0.62
4.2607,1,0.19469,-0.00618,-0.28748,0.59801,0.77951,-0.12498,-0.13828,0,0.48696,-0.06303,0.23552,-0.00815,0.48983,0.87178,-0.00048,0.48713,-0.06297,0.23488,-0.00795,0.48986,0.87176,-0.00057,0.17,0.06,-0.64
4.2774,2,0.19412,-0.00634,-0.28758,0.59710,0.77996,-0.12382,-0.14070,0,0.48696,-0.06303,0.23553,-0.00814,0.48983,0.87178,-0.00047,0.48713,-0.06297,0.23488,-0.00795,0.48986,0.87176,-0.00057,0.17,0.07,-0.65
4.2942,3,0.19328,-0.00637,-0.28791,0.59606,0.78074,-0.12232,-0.14212,0,0.48696,-0.06304,0.23554,-0.00814,0.48983,0.87178,-0.00047,0.48713,-0.06297,0.23488,-0.00795,0.48986,0.87176,-0.00057,0.17,0.07,-0.66
4.3108,4,0.19229,-0.00633,-0.28824,0.59650,0.78070,-0.11943,-0.14293,0,0.48696,-0.06305,0.23555,-0.00814,0.48983,0.87178,-0.00048,0.48713,-0.06297,0.23488,-0.00795,0.48986,0.87176,-0.00057,0.17,0.08,-0.67
4.3278,5,0.18993,-0.00663,-0.28881,0.60045,0.77848,-0.11315,-0.14359,0,0.48695,-0.06305,0.23555,-0.00814,0.48983,0.87178,-0.00048,0.48713,-0.06297,0.23488,-0.00795,0.48986,0.87176,-0.00057,0.18,0.08,-0.67
4.3446,6,0.18872,-0.00679,-0.28924,0.60382,0.77651,-0.10937,-0.14306,0,0.48695,-0.06305,0.23555,-0.00815,0.48983,0.87178,-0.00047,0.48713,-0.06297,0.23488,-0.00795,0.48986,0.87176,-0.00057,0.18,0.09,-0.67
4.3613,7,0.18754,-0.00696,-0.28963,0.60744,0.77428,-0.10533,-0.14285,0,0.48695,-0.06305,0.23555,-0.00815,0.48983,0.87178,-0.00047,0.48713,-0.06297,0.23488,-0.00795,0.48986,0.87176,-0.00057,0.18,0.08,-0.67
4.3781,8,0.18651,-0.00747,-0.28995,0.60878,0.77350,-0.10195,-0.14389,0,0.48695,-0.06304,0.23556,-0.00815,0.48982,0.87178,-0.00047,0.48713,-0.06297,0.23488,-0.00795,0.48986,0.87176,-0.00057,0.18,0.08,-0.67
4.3949,9,0.18548,-0.00775,-0.29045,0.60859,0.77363,-0.09842,-0.14636,0,0.48695,-0.06304,0.23556,-0.00815,0.48982,0.87179,-0.00047,0.48713,-0.06297,0.23488,-0.00795,0.48986,0.87176,-0.00057,0.18,0.07,-0.68
4.4116,10,0.18450,-0.00878,-0.29200,0.61006,0.77180,-0.08975,-0.15525,0,0.48695,-0.06304,0.23556,-0.00815,0.48982,0.87179,-0.00047,0.48713,-0.06297,0.23488,-0.00795,0.48986,0.87176,-0.00057,0.18,0.07,-0.68
4.4284,11,0.18447,-0.00969,-0.29273,0.61223,0.77031,-0.08653,-0.15593,0,0.48694,-0.06304,0.23556,-0.00815,0.48982,0.87178,-0.00047,0.48713,-0.06297,0.23488,-0.00795,0.48986,0.87176,-0.00057,0.19,0.07,-0.68
4.4452,12,0.18497,-0.01057,-0.29330,0.61396,0.76958,-0.08622,-0.15287,0,0.48694,-0.06304,0.23556,-0.00815,0.48982,0.87178,-0.00046,0.48713,-0.06297,0.23488,-0.00795,0.48986,0.87176,-0.00057,0.19,0.07,-0.68
4.4619,13,0.18594,-0.01159,-0.29384,0.61470,0.76962,-0.09026,-0.14724,0,0.48694,-0.06304,0.23556,-0.00815,0.48983,0.87178,-0.00046,0.48713,-0.06297,0.23488,-0.00795,0.48986,0.87176,-0.00057,0.19,0.08,-0.68
4.4788,14,0.18874,-0.01281,-0.29503,0.61214,0.77161,-0.10117,-0.14023,0,0.48694,-0.06304,0.23556,-0.00815,0.48983,0.87178,-0.00046,0.48713,-0.06297,0.23488,-0.00795,0.48986,0.87176,-0.00057,0.19,0.08,-0.68
4.4956,15,0.19051,-0.01313,-0.29542,0.61122,0.77171,-0.10668,-0.13957,0,0.48694,-0.06304,0.23556,-0.00815,0.48982,0.87178,-0.00046,0.48713,-0.06297,0.23488,-0.00795,0.48986,0.87176,-0.00057,0.19,0.07,-0.68
4.5122,16,0.19228,-0.01296,-0.29569,0.60975,0.77202,-0.11115,-0.14083,0,0.48694,-0.06304,0.23556,-0.00815,0.48983,0.87178,-0.00046,0.48713,-0.06297,0.23488,-0.00795,0.48986,0.87176,-0.00057,0.19,0.08,-0.68
4.5289,17,0.19414,-0.01263,-0.29595,0.60885,0.77191,-0.11461,-0.14252,0,0.48694,-0.06305,0.23556,-0.00815,0.48983,0.87178,-0.00046,0.48713,-0.06297,0.23488,-0.00795,0.48986,0.87176,-0.00057,0.19,0.08,-0.68
4.5456,18,0.19602,-0.01198,-0.29626,0.60792,0.77186,-0.11787,-0.14413,0,0.48694,-0.06305,0.23556,-0.00815,0.48983,0.87178,-0.00046,0.48713,-0.06297,0.23488,-0.00795,0.48986,0.87176,-0.00057,0.19,0.08,-0.68
4.5626,19,0.19923,-0.01034,-0.29753,0.60484,0.77244,-0.12720,-0.14603,0,0.48694,-0.06305,0.23557,-0.00815,0.48983,0.87178,-0.00046,0.48713,-0.06297,0.23488,-0.00795,0.48986,0.87176,-0.00057,0.19,0.08,-0.68
4.5794,20,0.20039,-0.00924,-0.29858,0.60355,0.77259,-0.13225,-0.14608,0,0.48694,-0.06305,0.23556,-0.00815,0.48983,0.87178,-0.00046,0.48713,-0.06297,0.23488,-0.00795,0.48986,0.87176,-0.00057,0.19,0.08,-0.68
4.5960,21,0.20132,-0.00802,-0.29997,0.60333,0.77204,-0.13733,-0.14518,0,0.48694,-0.06305,0.23556,-0.00815,0.48983,0.87178,-0.00046,0.48713,-0.06297,0.23488,-0.00795,0.48986,0.87176,-0.00057,0.19,0.08,-0.68
4.6129,22,0.20187,-0.00677,-0.30157,0.60362,0.77127,-0.14149,-0.14411,0,0.48693,-0.06305,0.23556,-0.00815,0.48983,0.87178,-0.00046,0.48713,-0.06297,0.23488,-0.00795,0.48986,0.87176,-0.00057,0.20,0.08,-0.68
4.6296,23,0.20204,-0.00586,-0.30347,0.60371,0.77061,-0.14536,-0.14341,0,0.48694,-0.06305,0.23556,-0.00815,0.48982,0.87178,-0.00046,0.48713,-0.06297,0.23488,-0.00795,0.48986,0.87176,-0.00057,0.20,0.08,-0.68
4.6462,24,0.20111,-0.00456,-0.30856,0.60650,0.76596,-0.15345,-0.14802,0,0.48694,-0.06305,0.23556,-0.00815,0.48982,0.87178,-0.00046,0.48713,-0.06297,0.23488,-0.00795,0.48986,0.87176,-0.00057,0.19,0.08,-0.68
4.6631,25,0.19949,-0.00415,-0.31127,0.61197,0.76002,-0.15675,-0.15258,0,0.48694,-0.06305,0.23556,-0.00815,0.48982,0.87178,-0.00046,0.48713,-0.06297,0.23488,-0.00795,0.48986,0.87176,-0.00057,0.19,0.08,-0.68
4.6799,26,0.19730,-0.00430,-0.31490,0.61602,0.75553,-0.15884,-0.15640,0,0.48693,-0.06305,0.23556,-0.00815,0.48982,0.87178,-0.00046,0.48713,-0.06297,0.23488,-0.00795,0.48986,0.87176,-0.00057,0.20,0.08,-0.68
4.6971,27,0.19454,-0.00324,-0.31639,0.62338,0.74892,-0.16126,-0.15654,1,0.48693,-0.06305,0.23556,-0.00815,0.48982,0.87178,-0.00046,0.48693,-0.06305,0.23556,-0.00815,0.48982,0.87178,-0.00046,0.00,0.00,-0.00
4.7137,28,0.19111,-0.00259,-0.31852,0.62950,0.74478,-0.15943,-0.15369,1,0.48693,-0.06305,0.23556,-0.00815,0.48982,0.87178,-0.00046,0.48662,-0.06224,0.23506,-0.00862,0.48953,0.87194,-0.00094,-0.31,0.81,-0.50
4.7304,29,0.18325,-0.00221,-0.32236,0.63542,0.74421,-0.15056,-0.14045,1,0.48695,-0.06306,0.23559,-0.00812,0.48983,0.87178,-0.00045,0.48592,-0.06088,0.23439,-0.00891,0.48861,0.87246,-0.00137,-1.02,2.18,-1.20
4.7470,30,0.17932,-0.00212,-0.32382,0.63710,0.74529,-0.14729,-0.13018,1,0.48690,-0.06301,0.23566,-0.00816,0.48980,0.87179,-0.00045,0.48541,-0.05980,0.23401,-0.00857,0.48741,0.87313,-0.00184,-1.50,3.21,-1.65
4.7638,31,0.17529,-0.00211,-0.32505,0.63762,0.74654,-0.14542,-0.12238,1,0.48676,-0.06291,0.23572,-0.00833,0.48967,0.87187,-0.00058,0.48489,-0.05868,0.23371,-0.00804,0.48624,0.87378,-0.00229,-1.87,4.23,-2.02
4.7807,32,0.17089,-0.00192,-0.32606,0.63850,0.74690,-0.14302,-0.11835,1,0.48655,-0.06265,0.23578,-0.00854,0.48938,0.87203,-0.00077,0.48441,-0.05744,0.23348,-0.00795,0.48496,0.87450,-0.00255,-2.14,5.21,-2.30
4.7976,33,0.16627,-0.00130,-0.32683,0.63954,0.74670,-0.13871,-0.11911,1,0.48628,-0.06215,0.23575,-0.00872,0.48890,0.87229,-0.00096,0.48405,-0.05608,0.23331,-0.00835,0.48394,0.87506,-0.00235,-2.24,6.08,-2.43
4.8142,34,0.15603,0.00011,-0.32820,0.64145,0.74523,-0.12744,-0.13014,1,0.48593,-0.06143,0.23559,-0.00886,0.48818,0.87270,-0.00119,0.48364,-0.05447,0.23315,-0.00908,0.48341,0.87534,-0.00178,-2.29,6.97,-2.44
4.8308,35,0.15023,0.00078,-0.32879,0.64349,0.74323,-0.12167,-0.13687,1,0.48554,-0.06059,0.23537,-0.00893,0.48742,0.87312,-0.00146,0.48320,-0.05287,0.23300,-0.01021,0.48342,0.87533,-0.00103,-2.33,7.72,-2.38
4.8476,36,0.14387,0.00160,-0.32933,0.64622,0.74109,-0.11565,-0.14073,1,0.48510,-0.05950,0.23507,-0.00898,0.48658,0.87359,-0.00165,0.48279,-0.05126,0.23284,-0.01156,0.48324,0.87541,-0.00042,-2.32,8.24,-2.23
4.8643,37,0.13692,0.00232,-0.32937,0.64841,0.74022,-0.10838,-0.14103,1,0.48470,-0.05828,0.23475,-0.00906,0.48576,0.87404,-0.00169,0.48235,-0.04965,0.23279,-0.01262,0.48245,0.87583,0.00015,-2.34,8.63,-1.97
4.8810,38,0.12960,0.00311,-0.32953,0.64991,0.74063,-0.09838,-0.13926,1,0.48432,-0.05706,0.23447,-0.00924,0.48507,0.87443,-0.00165,0.48193,-0.04804,0.23269,-0.01331,0.48141,0.87639,0.00077,-2.39,9.02,-1.78
4.8977,39,0.11379,0.00506,-0.32876,0.65146,0.74303,-0.07246,-0.13514,1,0.48391,-0.05568,0.23420,-0.00966,0.48449,0.87474,-0.00144,0.48158,-0.04641,0.23268,-0.01390,0.48039,0.87695,0.00150,-2.32,9.26,-1.52
4.9144,40,0.10537,0.00603,-0.32789,0.65111,0.74451,-0.05888,-0.13526,1,0.48348,-0.05419,0.23397,-0.01028,0.48393,0.87505,-0.00107,0.48130,-0.04477,0.23271,-0.01451,0.47951,0.87741,0.00245,-2.18,9.42,-1.25
4.9311,41,0.09662,0.00681,-0.32666,0.65068,0.74554,-0.04514,-0.13691,1,0.48303,-0.05268,0.23375,-0.01100,0.48333,0.87537,-0.00059,0.48100,-0.04313,0.23277,-0.01519,0.47875,0.87781,0.00347,-2.03,9.54,-0.97
4.9479,42,0.08764,0.00740,-0.32520,0.65051,0.74603,-0.03071,-0.13904,1,0.48262,-0.05127,0.23358,-0.01170,0.48272,0.87570,-0.00014,0.48071,-0.04149,0.23284,-0.01594,0.47802,0.87819,0.00448,-1.91,9.78,-0.74
4.9646,43,0.07847,0.00795,-0.32319,0.65129,0.74554,-0.01578,-0.14048,1,0.48223,-0.04976,0.23345,-0.01241,0.48198,0.87609,0.00048,0.48044,-0.03985,0.23295,-0.01678,0.47725,0.87859,0.00537,-1.79,9.91,-0.49
4.9814,44,0.05945,0.00868,-0.31731,0.65043,0.74534,0.01756,-0.14526,1,0.48188,-0.04824,0.23336,-0.01314,0.48123,0.87649,0.00123,0.48019,-0.03822,0.23317,-0.01755,0.47652,0.87897,0.00636,-1.69,10.02,-0.19
4.9981,45,0.04934,0.00878,-0.31333,0.64904,0.74509,0.03750,-0.14897,1,0.48155,-0.04668,0.23332,-0.01389,0.48043,0.87692,0.00206,0.47997,-0.03659,0.23342,-0.01829,0.47584,0.87931,0.00741,-1.58,10.09,0.11
5.0148,46,0.03931,0.00843,-0.30892,0.64664,0.74498,0.05992,-0.15258,1,0.48126,-0.04520,0.23332,-0.01461,0.47969,0.87731,0.00288,0.47973,-0.03496,0.23369,-0.01899,0.47512,0.87967,0.00847,-1.53,10.24,0.37
5.0316,47,0.02941,0.00780,-0.30425,0.64355,0.74451,0.08438,-0.15630,1,0.48095,-0.04357,0.23337,-0.01539,0.47889,0.87773,0.00380,0.47949,-0.03333,0.23395,-0.01968,0.47440,0.88004,0.00953,-1.46,10.25,0.58
5.0483,48,0.01950,0.00658,-0.29904,0.63951,0.74350,0.11203,-0.16029,1,0.48066,-0.04191,0.23346,-0.01617,0.47811,0.87814,0.00474,0.47923,-0.03171,0.23421,-0.02037,0.47368,0.88040,0.01059,-1.43,10.20,0.75
5.0650,49,0.00055,0.00353,-0.28784,0.63141,0.73846,0.16720,-0.16749,1,0.48039,-0.04030,0.23360,-0.01688,0.47738,0.87852,0.00564,0.47898,-0.03008,0.23449,-0.02110,0.47295,0.88076,0.01162,-1.41,10.22,0.89
5.0817,50,-0.00871,0.00220,-0.28191,0.62643,0.73612,0.19201,-0.16987,1,0.48012,-0.03857,0.23381,-0.01760,0.47663,0.87891,0.00662,0.47886,-0.02843,0.23466,-0.02177,0.47218,0.88114,0.01265,-1.26,10.14,0.86
5.0984,51,-0.01773,0.00027,-0.27557,0.62202,0.73302,0.21437,-0.17268,1,0.47985,-0.03685,0.23405,-0.01832,0.47588,0.87929,0.00762,0.47871,-0.02678,0.23485,-0.02249,0.47146,0.88150,0.01369,-1.14,10.07,0.80
5.1152,52,-0.02656,-0.00160,-0.26910,0.61652,0.72994,0.23749,-0.17516,1,0.47958,-0.03515,0.23431,-0.01904,0.47513,0.87966,0.00862,0.47862,-0.02512,0.23500,-0.02317,0.47070,0.88186,0.01474,-0.97,10.03,0.69
5.1319,53,-0.03500,-0.00380,-0.26245,0.60974,0.72717,0.26187,-0.17569,1,0.47935,-0.03355,0.23455,-0.01972,0.47444,0.88001,0.00959,0.47851,-0.02346,0.23514,-0.02378,0.46986,0.88228,0.01573,-0.83,10.09,0.59
5.1486,54,-0.05001,-0.00914,-0.24940,0.59429,0.71924,0.31465,-0.17468,1,0.47912,-0.03185,0.23480,-0.02044,0.47367,0.88040,0.01063,0.47837,-0.02181,0.23531,-0.02441,0.46898,0.88271,0.01668,-0.75,10.04,0.51
5.1653,55,-0.05648,-0.01105,-0.24313,0.58641,0.71453,0.33894,-0.17519,1,0.47891,-0.03016,0.23504,-0.02115,0.47289,0.88079,0.01168,0.47845,-0.02015,0.23542,-0.02505,0.46815,0.88312,0.01767,-0.46,10.01,0.38
5.1821,56,-0.06272,-0.01291,-0.23713,0.57917,0.70998,0.35844,-0.17892,1,0.47872,-0.02847,0.23527,-0.02185,0.47211,0.88118,0.01272,0.47857,-0.01849,0.23545,-0.02565,0.46748,0.88343,0.01883,-0.15,9.98,0.18
5.1988,57,-0.06884,-0.01434,-0.23120,0.57405,0.70513,0.37356,-0.18360,1,0.47856,-0.02690,0.23546,-0.02249,0.47139,0.88153,0.01370,0.47880,-0.01684,0.23542,-0.02633,0.46695,0.88366,0.02004,0.24,10.06,-0.04
5.2155,58,-0.07461,-0.01575,-0.22555,0.56944,0.69999,0.38759,-0.18847,1,0.47842,-0.02526,0.23564,-0.02315,0.47060,0.88192,0.01473,0.47904,-0.01519,0.23534,-0.02704,0.46648,0.88386,0.02125,0.62,10.07,-0.30
5.2323,59,-0.08523,-0.01853,-0.21530,0.55792,0.69171,0.41667,-0.19146,1,0.47835,-0.02365,0.23579,-0.02379,0.46985,0.88228,0.01581,0.47928,-0.01355,0.23521,-0.02769,0.46574,0.88421,0.02233,0.93,10.10,-0.59
5.2490,60,-0.09024,-0.01987,-0.21076,0.55192,0.68845,0.43035,-0.19034,1,0.47834,-0.02214,0.23589,-0.02440,0.46919,0.88260,0.01684,0.47956,-0.01193,0.23493,-0.02829,0.46482,0.88465,0.02325,1.22,10.22,-0.96
5.2657,61,-0.09499,-0.02090,-0.20675,0.54726,0.68561,0.44169,-0.18803,1,0.47836,-0.02054,0.23595,-0.02507,0.46849,0.88293,0.01796,0.47991,-0.01034,0.23456,-0.02894,0.46383,0.88513,0.02403,1.55,10.20,-1.39
5.2824,62,-0.09950,-0.02196,-0.20272,0.54374,0.68361,0.44999,-0.18584,1,0.47844,-0.01891,0.23596,-0.02577,0.46779,0.88326,0.01908,0.48028,-0.00875,0.23421,-0.02958,0.46279,0.88563,0.02476,1.84,10.15,-1.75
5.2992,63,-0.10388,-0.02309,-0.19896,0.54026,0.68095,0.45825,-0.18554,1,0.47857,-0.01735,0.23592,-0.02640,0.46710,0.88358,0.02014,0.48064,-0.00718,0.23381,-0.03026,0.46194,0.88602,0.02572,2.07,10.18,-2.11
5.3159,64,-0.11241,-0.02541,-0.19228,0.53427,0.67427,0.47513,-0.18486,1,0.47877,-0.01570,0.23582,-0.02705,0.46630,0.88396,0.02120,0.48099,-0.00562,0.23332,-0.03104,0.46114,0.88638,0.02664,2.22,10.08,-2.50
5.3326,65,-0.11656,-0.02633,-0.18925,0.53126,0.67143,0.48341,-0.18237,1,0.47901,-0.01404,0.23566,-0.02770,0.46542,0.88438,0.02220,0.48139,-0.00421,0.23276,-0.03182,0.46015,0.88685,0.02731,2.38,9.83,-2.90
5.3494,66,-0.12055,-0.02712,-0.18635,0.52889,0.66939,0.49015,-0.17874,1,0.47927,-0.01240,0.23544,-0.02838,0.46455,0.88479,0.02317,0.48183,-0.00288,0.23221,-0.03258,0.45904,0.88738,0.02771,2.56,9.51,-3.23
5.3661,67,-0.12418,-0.02801,-0.18332,0.52690,0.66836,0.49506,-0.17488,1,0.47956,-0.01076,0.23515,-0.02907,0.46370,0.88519,0.02410,0.48223,-0.00158,0.23177,-0.03324,0.45784,0.88797,0.02788,2.67,9.19,-3.39
5.3829,68,-0.12754,-0.02903,-0.18014,0.52626,0.66521,0.50066,-0.17287,1,0.47986,-0.00924,0.23483,-0.02973,0.46285,0.88559,0.02492,0.48262,-0.00026,0.23141,-0.03434,0.45703,0.88833,0.02838,2.76,8.98,-3.42
5.3996,69,-0.13333,-0.03130,-0.17379,0.52177,0.65894,0.51350,-0.17286,1,0.48021,-0.00764,0.23444,-0.03046,0.46190,0.88603,0.02577,0.48303,0.00133,0.23109,-0.03516,0.45629,0.88865,0.02935,2.82,8.96,-3.35
5.4164,70,-0.13619,-0.03231,-0.17088,0.51803,0.65753,0.51912,-0.17267,1,0.48057,-0.00610,0.23402,-0.03122,0.46087,0.88652,0.02646,0.48338,0.00250,0.23078,-0.03555,0.45533,0.88910,0.03033,2.81,8.60,-3.24
5.4330,71,-0.13878,-0.03296,-0.16808,0.51473,0.65693,0.52366,-0.17110,1,0.48092,-0.00470,0.23359,-0.03197,0.45993,0.88696,0.02705,0.48379,0.00355,0.23052,-0.03589,0.45416,0.88965,0.03102,2.88,8.25,-3.07
5.4497,72,-0.14109,-0.03332,-0.16528,0.51207,0.65672,0.52707,-0.16942,1,0.48131,-0.00322,0.23313,-0.03277,0.45896,0.88742,0.02772,0.48427,0.00452,0.23033,-0.03616,0.45293,0.89026,0.03155,2.95,7.74,-2.80
5.4664,73,-0.14319,-0.03354,-0.16269,0.50923,0.65698,0.52975,-0.16864,1,0.48175,-0.00179,0.23269,-0.03352,0.45798,0.88787,0.02843,0.48473,0.00539,0.23016,-0.03611,0.45174,0.89083,0.03227,2.98,7.19,-2.53
5.4831,74,-0.14701,-0.03503,-0.15812,0.50486,0.65555,0.53539,-0.16949,1,0.48221,-0.00044,0.23231,-0.03420,0.45697,0.88835,0.02916,0.48525,0.00694,0.22984,-0.03637,0.45089,0.89121,0.03341,3.04,7.38,-2.47
5.4999,75,-0.14896,-0.03584,-0.15609,0.50334,0.65453,0.53836,-0.16854,1,0.48265,0.00080,0.23199,-0.03475,0.45599,0.88881,0.02984,0.48549,0.00775,0.22960,-0.03702,0.44984,0.89169,0.03411,2.84,6.96,-2.40
5.5169,76,-0.15089,-0.03658,-0.15427,0.50150,0.65473,0.54066,-0.16588,1,0.48313,0.00207,0.23170,-0.03524,0.45485,0.88935,0.03057,0.48573,0.00850,0.22933,-0.03736,0.44856,0.89232,0.03420,2.60,6.43,-2.37
5.5334,77,-0.15272,-0.03716,-0.15257,0.49904,0.65599,0.54242,-0.16255,1,0.48359,0.00331,0.23142,-0.03569,0.45372,0.88988,0.03135,0.48599,0.00918,0.22908,-0.03726,0.44725,0.89299,0.03393,2.40,5.86,-2.34
5.5502,78,-0.15450,-0.03759,-0.15112,0.49618,0.65802,0.54345,-0.15962,1,0.48401,0.00451,0.23112,-0.03613,0.45260,0.89040,0.03213,0.48625,0.00977,0.22881,-0.03678,0.44602,0.89363,0.03364,2.24,5.26,-2.30
5.5668,79,-0.15790,-0.03877,-0.14875,0.49255,0.66002,0.54462,-0.15859,1,0.48439,0.00556,0.23083,-0.03649,0.45152,0.89091,0.03275,0.48662,0.01086,0.22823,-0.03598,0.44492,0.89421,0.03392,2.23,5.30,-2.60
5.5837,80,-0.15957,-0.03944,-0.14787,0.49249,0.65935,0.54544,-0.15877,1,0.48475,0.00656,0.23053,-0.03677,0.45032,0.89149,0.03321,0.48674,0.01135,0.22790,-0.03579,0.44416,0.89457,0.03438,1.99,4.79,-2.63
5.6005,81,-0.16098,-0.04002,-0.14697,0.49233,0.65838,0.54702,-0.15784,1,0.48509,0.00746,0.23024,-0.03689,0.44912,0.89208,0.03349,0.48686,0.01180,0.22765,-0.03635,0.44335,0.89494,0.03477,1.77,4.34,-2.59
5.6174,82,-0.16228,-0.04043,-0.14625,0.49101,0.65800,0.54902,-0.15659,1,0.48544,0.00832,0.22993,-0.03683,0.44793,0.89267,0.03373,0.48699,0.01217,0.22740,-0.03683,0.44212,0.89551,0.03520,1.55,3.85,-2.53
5.6339,83,-0.16326,-0.04078,-0.14576,0.48960,0.65903,0.54956,-0.15478,1,0.48573,0.00911,0.22964,-0.03670,0.44685,0.89321,0.03399,0.48707,0.01244,0.22720,-0.03678,0.44089,0.89612,0.03509,1.34,3.33,-2.44
5.6506,84,-0.16505,-0.04140,-0.14512,0.48975,0.65948,0.54973,-0.15174,1,0.48599,0.00988,0.22932,-0.03664,0.44574,0.89375,0.03427,0.48719,0.01288,0.22681,-0.03700,0.43990,0.89663,0.03435,1.20,2.99,-2.51
5.6673,85,-0.16596,-0.04157,-0.14477,0.48981,0.65968,0.54961,-0.15113,1,0.48617,0.01056,0.22899,-0.03668,0.44465,0.89429,0.03454,0.48729,0.01308,0.22662,-0.03705,0.43956,0.89682,0.03376,1.12,2.52,-2.38
5.6840,86,-0.16681,-0.04173,-0.14459,0.49001,0.65974,0.54930,-0.15134,1,0.48632,0.01111,0.22869,-0.03676,0.44360,0.89480,0.03472,0.48736,0.01324,0.22642,-0.03695,0.43977,0.89672,0.03356,1.04,2.12,-2.28
5.7008,87,-0.16745,-0.04197,-0.14472,0.48874,0.66004,0.55008,-0.15131,1,0.48646,0.01157,0.22838,-0.03684,0.44257,0.89530,0.03474,0.48735,0.01332,0.22622,-0.03668,0.43945,0.89688,0.03377,0.89,1.74,-2.16
5.7177,88,-0.16801,-0.04213,-0.14518,0.48805,0.65972,0.55086,-0.15210,1,0.48658,0.01195,0.22809,-0.03692,0.44167,0.89575,0.03460,0.48730,0.01330,0.22601,-0.03657,0.43918,0.89698,0.03472,0.72,1.35,-2.09
5.7346,89,-0.16883,-0.04251,-0.14771,0.48924,0.65955,0.54984,-0.15272,1,0.48667,0.01227,0.22781,-0.03698,0.44093,0.89612,0.03437,0.48693,0.01289,0.22542,-0.03652,0.43944,0.89684,0.03519,0.26,0.62,-2.39
5.7511,90,-0.16907,-0.04243,-0.14949,0.49099,0.66033,0.54735,-0.15269,1,0.48673,0.01252,0.22757,-0.03701,0.44042,0.89637,0.03425,0.48672,0.01251,0.22510,-0.03634,0.43999,0.89658,0.03499,-0.01,-0.01,-2.47
5.7678,91,-0.16882,-0.04195,-0.15205,0.49404,0.66246,0.54190,-0.15301,1,0.48677,0.01270,0.22732,-0.03698,0.44012,0.89652,0.03429,0.48645,0.01183,0.22481,-0.03586,0.44082,0.89623,0.03417,-0.32,-0.87,-2.51
5.7846,92,-0.16811,-0.04102,-0.15535,0.49789,0.66503,0.53446,-0.15554,1,0.48677,0.01275,0.22707,-0.03688,0.43995,0.89660,0.03447,0.48615,0.01087,0.22453,-0.03523,0.44188,0.89576,0.03347,-0.62,-1.89,-2.54
5.8015,93,-0.16639,-0.03890,-0.16376,0.50938,0.66575,0.51977,-0.16477,1,0.48671,0.01263,0.22679,-0.03675,0.43987,0.89664,0.03467,0.48565,0.00935,0.22405,-0.03496,0.44316,0.89515,0.03304,-1.06,-3.28,-2.74
5.8181,94,-0.16495,-0.03740,-0.16920,0.51840,0.66381,0.51173,-0.16958,1,0.48657,0.01233,0.22647,-0.03666,0.44006,0.89654,0.03480,0.48523,0.00779,0.22364,-0.03506,0.44444,0.89453,0.03258,-1.35,-4.54,-2.83
5.8348,95,-0.16302,-0.03531,-0.17551,0.52926,0.66154,0.50186,-0.17434,1,0.48637,0.01191,0.22614,-0.03658,0.44042,0.89637,0.03479,0.48490,0.00619,0.22329,-0.03518,0.44569,0.89392,0.03204,-1.46,-5.71,-2.85
5.8516,96,-0.16056,-0.03299,-0.18255,0.54083,0.66069,0.48907,-0.17834,1,0.48612,0.01122,0.22577,-0.03638,0.44099,0.89611,0.03455,0.48461,0.00458,0.22298,-0.03513,0.44689,0.89335,0.03134,-1.52,-6.64,-2.79
5.8683,97,-0.15733,-0.03037,-0.19006,0.55112,0.66174,0.47500,-0.18098,1,0.48585,0.01035,0.22541,-0.03612,0.44181,0.89573,0.03415,0.48436,0.00295,0.22275,-0.03489,0.44800,0.89283,0.03051,-1.49,-7.40,-2.67
5.8851,98,-0.14824,-0.02463,-0.20761,0.56876,0.66863,0.44327,-0.18155,1,0.48560,0.00940,0.22511,-0.03588,0.44271,0.89531,0.03369,0.48411,0.00131,0.22259,-0.03444,0.44895,0.89241,0.02953,-1.49,-8.09,-2.52
5.9020,99,-0.14228,-0.02165,-0.21729,0.57658,0.67300,0.42710,-0.17948,1,0.48529,0.00825,0.22480,-0.03570,0.44372,0.89484,0.03313,0.48388,-0.00033,0.22246,-0.03391,0.44975,0.89206,0.02843,-1.41,-8.59,-2.34
5.9186,100,-0.13550,-0.01848,-0.22765,0.58316,0.67923,0.40953,-0.17567,1,0.48497,0.00698,0.22451,-0.03556,0.44474,0.89436,0.03251,0.48368,-0.00198,0.22232,-0.03324,0.45040,0.89179,0.02729,-1.29,-8.96,-2.18
5.9353,101,-0.12774,-0.01461,-0.23858,0.58990,0.68657,0.38920,-0.17077,1,0.48467,0.00560,0.22422,-0.03539,0.44577,0.89388,0.03183,0.48355,-0.00364,0.22219,-0.03254,0.45102,0.89154,0.02614,-1.11,-9.23,-2.03
5.9520,102,-0.11916,-0.01028,-0.24988,0.59734,0.69325,0.36724,-0.16649,1,0.48441,0.00419,0.22397,-0.03515,0.44669,0.89346,0.03111,0.48348,-0.00530,0.22204,-0.03188,0.45171,0.89125,0.02502,-0.92,-9.49,-1.93
5.9688,103,-0.09946,-0.00077,-0.27315,0.61539,0.70135,0.32306,-0.15823,1,0.48417,0.00263,0.22375,-0.03480,0.44762,0.89303,0.03027,0.48346,-0.00696,0.22190,-0.03138,0.45246,0.89091,0.02387,-0.71,-9.59,-1.84
5.9856,104,-0.08794,0.00397,-0.28513,0.62213,0.70630,0.30083,-0.15363,1,0.48395,0.00103,0.22355,-0.03438,0.44848,0.89265,0.02936,0.48349,-0.00862,0.22173,-0.03075,0.45315,0.89061,0.02273,-0.46,-9.65,-1.83
6.0026,105,-0.07542,0.00808,-0.29735,0.62845,0.71125,0.27797,-0.14804,1,0.48375,-0.00057,0.22339,-0.03391,0.44928,0.89230,0.02839,0.48347,-0.01027,0.22154,-0.03011,0.45380,0.89033,0.02158,-0.28,-9.71,-1.85
6.0191,106,-0.06168,0.01222,-0.30973,0.63472,0.71592,0.25423,-0.14126,1,0.48359,-0.00216,0.22324,-0.03338,0.45004,0.89196,0.02737,0.48348,-0.01193,0.22133,-0.02947,0.45442,0.89007,0.02040,-0.12,-9.77,-1.91
6.0359,107,-0.04671,0.01619,-0.32182,0.64200,0.71961,0.22742,-0.13519,1,0.48346,-0.00366,0.22309,-0.03286,0.45073,0.89166,0.02635,0.48350,-0.01358,0.22114,-0.02889,0.45511,0.88976,0.01924,0.03,-9.92,-1.95
6.0525,108,-0.01365,0.02397,-0.34495,0.65690,0.72382,0.16860,-0.12703,1,0.48336,-0.00526,0.22294,-0.03227,0.45146,0.89135,0.02523,0.48355,-0.01524,0.22098,-0.02836,0.45590,0.88939,0.01814,0.19,-9.98,-1.96
6.0693,109,0.00491,0.02769,-0.35579,0.66195,0.72642,0.13807,-0.12279,1,0.48328,-0.00688,0.22278,-0.03166,0.45218,0.89104,0.02408,0.48369,-0.01689,0.22079,-0.02772,0.45668,0.88903,0.01709,0.41,-10.01,-1.99
6.0860,110,0.02440,0.03126,-0.36595,0.66519,0.72958,0.10760,-0.11687,1,0.48323,-0.00841,0.22263,-0.03107,0.45284,0.89075,0.02300,0.48388,-0.01853,0.22059,-0.02701,0.45739,0.88871,0.01602,0.64,-10.12,-2.04
6.1031,111,0.04491,0.03441,-0.37553,0.66741,0.73251,0.07741,-0.10956,1,0.48320,-0.01007,0.22245,-0.03047,0.45354,0.89045,0.02185,0.48409,-0.02017,0.22038,-0.02627,0.45805,0.88841,0.01494,0.88,-10.11,-2.07
6.1197,112,0.06578,0.03728,-0.38442,0.67018,0.73338,0.04776,-0.10364,1,0.48320,-0.01172,0.22227,-0.02987,0.45427,0.89012,0.02070,0.48433,-0.02180,0.22013,-0.02561,0.45876,0.88808,0.01385,1.12,-10.08,-2.14
6.1365,113,0.11078,0.04145,-0.39896,0.67329,0.73360,-0.01364,-0.09128,1,0.48325,-0.01342,0.22208,-0.02924,0.45501,0.88979,0.01955,0.48457,-0.02344,0.21995,-0.02493,0.45948,0.88775,0.01277,1.32,-10.02,-2.14
6.1532,114,0.13340,0.04279,-0.40492,0.67312,0.73319,-0.04650,-0.08473,1,0.48335,-0.01514,0.22189,-0.02861,0.45576,0.88945,0.01844,0.48488,-0.02506,0.21969,-0.02422,0.46020,0.88741,0.01171,1.53,-9.92,-2.20
6.1699,115,0.15600,0.04407,-0.41008,0.67296,0.73131,-0.07747,-0.07939,1,0.48349,-0.01678,0.22169,-0.02798,0.45647,0.88913,0.01742,0.48524,-0.02666,0.21938,-0.02356,0.46095,0.88705,0.01066,1.75,-9.88,-2.31
6.1867,116,0.17888,0.04464,-0.41419,0.67092,0.72978,-0.10777,-0.07526,1,0.48367,-0.01852,0.22146,-0.02732,0.45719,0.88880,0.01634,0.48562,-0.02825,0.21908,-0.02285,0.46174,0.88667,0.00967,1.94,-9.73,-2.38
6.2035,117,0.20140,0.04482,-0.41746,0.66919,0.72684,-0.13705,-0.07149,1,0.48388,-0.02025,0.22121,-0.02667,0.45793,0.88846,0.01528,0.48603,-0.02983,0.21874,-0.02219,0.46254,0.88628,0.00865,2.14,-9.58,-2.47
6.2202,118,0.24557,0.04448,-0.42192,0.66267,0.72096,-0.19463,-0.05667,1,0.48411,-0.02186,0.22097,-0.02604,0.45862,0.88814,0.01428,0.48648,-0.03140,0.21841,-0.02143,0.46321,0.88596,0.00760,2.37,-9.54,-2.57
6.2369,119,0.26666,0.04401,-0.42322,0.65871,0.71761,-0.22159,-0.04501,1,0.48438,-0.02352,0.22071,-0.02535,0.45936,0.88779,0.01324,0.48699,-0.03292,0.21797,-0.02059,0.46370,0.88573,0.00648,2.61,-9.40,-2.74
6.2536,120,0.28737,0.04338,-0.42377,0.65455,0.71358,-0.24762,-0.03251,1,0.48469,-0.02516,0.22044,-0.02465,0.46010,0.88744,0.01218,0.48754,-0.03443,0.21749,-0.01974,0.46415,0.88552,0.00535,2.84,-9.27,-2.95
6.2704,121,0.30717,0.04265,-0.42388,0.65041,0.70803,-0.27414,-0.02269,1,0.48502,-0.02676,0.22016,-0.02394,0.46084,0.88709,0.01111,0.48809,-0.03591,0.21697,-0.01898,0.46470,0.88525,0.00421,3.07,-9.15,-3.19
6.2873,122,0.32591,0.04167,-0.42289,0.64728,0.70106,-0.29869,-0.01810,1,0.48540,-0.02836,0.21985,-0.02321,0.46155,0.88676,0.01003,0.48868,-0.03738,0.21646,-0.01841,0.46543,0.88489,0.00308,3.28,-9.02,-3.40
6.3041,123,0.36023,0.03857,-0.41980,0.64183,0.68578,-0.34267,-0.01832,1,0.48578,-0.02985,0.21953,-0.02249,0.46218,0.88646,0.00900,0.48925,-0.03886,0.21594,-0.01803,0.46631,0.88443,0.00202,3.46,-9.01,-3.59
6.3206,124,0.37593,0.03743,-0.41775,0.63851,0.67887,-0.36228,-0.01417,1,0.48623,-0.03139,0.21915,-0.02174,0.46280,0.88616,0.00794,0.48995,-0.04027,0.21539,-0.01745,0.46701,0.88408,0.00089,3.72,-8.87,-3.77
6.3373,125,0.39068,0.03618,-0.41559,0.63482,0.67272,-0.38002,-0.00618,1,0.48670,-0.03290,0.21875,-0.02100,0.46339,0.88588,0.00685,0.49066,-0.04166,0.21481,-0.01669,0.46751,0.88383,-0.00028,3.96,-8.76,-3.94
6.3541,126,0.40475,0.03545,-0.41362,0.63020,0.66768,-0.39629,0.00371,1,0.48717,-0.03428,0.21834,-0.02034,0.46401,0.88558,0.00583,0.49145,-0.04298,0.21417,-0.01578,0.46789,0.88365,-0.00140,4.27,-8.70,-4.17
6.3707,127,0.41808,0.03519,-0.41118,0.62541,0.66140,-0.41379,0.01376,1,0.48770,-0.03572,0.21788,-0.01965,0.46468,0.88525,0.00469,0.49229,-0.04427,0.21354,-0.01492,0.46829,0.88345,-0.00254,4.59,-8.56,-4.34
6.3876,128,0.44199,0.03457,-0.40579,0.61535,0.64787,-0.44858,0.01944,1,0.48828,-0.03715,0.21739,-0.01895,0.46536,0.88491,0.00353,0.49315,-0.04556,0.21292,-0.01434,0.46905,0.88305,-0.00362,4.87,-8.41,-4.48
6.4043,129,0.45182,0.03435,-0.40308,0.61143,0.64095,-0.46375,0.01669,1,0.48891,-0.03863,0.21687,-0.01823,0.46601,0.88459,0.00234,0.49407,-0.04680,0.21228,-0.01414,0.47004,0.88252,-0.00460,5.16,-8.17,-4.59
6.4210,130,0.46098,0.03434,-0.40038,0.60848,0.63411,-0.47684,0.01683,1,0.48956,-0.04004,0.21634,-0.01753,0.46662,0.88428,0.00125,0.49506,-0.04798,0.21166,-0.01381,0.47086,0.88208,-0.00573,5.50,-7.95,-4.68
6.4378,131,0.46979,0.03425,-0.39741,0.60661,0.62736,-0.48789,0.02013,1,0.49030,-0.04152,0.21574,-0.01682,0.46724,0.88397,0.00014,0.49607,-0.04917,0.21107,-0.01332,0.47141,0.88179,-0.00701,5.76,-7.65,-4.66
6.4545,132,0.47854,0.03410,-0.39399,0.60349,0.62158,-0.49889,0.02338,1,0.49110,-0.04295,0.21510,-0.01617,0.46789,0.88364,-0.00092,0.49709,-0.05038,0.21053,-0.01271,0.47203,0.88145,-0.00819,5.98,-7.43,-4.57
6.4713,133,0.49545,0.03346,-0.38696,0.59228,0.61030,-0.52575,0.01810,1,0.49194,-0.04431,0.21445,-0.01559,0.46857,0.88329,-0.00202,0.49810,-0.05158,0.20998,-0.01242,0.47307,0.88089,-0.00905,6.16,-7.28,-4.46
6.4879,134,0.50304,0.03326,-0.38339,0.58603,0.60368,-0.54043,0.00881,1,0.49278,-0.04553,0.21385,-0.01505,0.46919,0.88296,-0.00310,0.49918,-0.05274,0.20947,-0.01253,0.47426,0.88024,-0.00970,6.40,-7.21,-4.37
6.5047,135,0.51009,0.03292,-0.37931,0.58002,0.59743,-0.55375,-0.00207,1,0.49371,-0.04682,0.21322,-0.01451,0.46991,0.88259,-0.00426,0.50029,-0.05392,0.20908,-0.01277,0.47546,0.87958,-0.01025,6.58,-7.11,-4.14
6.5214,136,0.51726,0.03235,-0.37523,0.57415,0.59157,-0.56595,-0.00976,1,0.49469,-0.04807,0.21260,-0.01402,0.47068,0.88218,-0.00537,0.50141,-0.05508,0.20867,-0.01285,0.47665,0.87893,-0.01089,6.73,-7.01,-3.93
6.5382,137,0.52387,0.03152,-0.37102,0.56865,0.58624,-0.57682,-0.01538,1,0.49572,-0.04925,0.21202,-0.01361,0.47149,0.88174,-0.00633,0.50252,-0.05627,0.20831,-0.01282,0.47782,0.87829,-0.01158,6.80,-7.02,-3.71
6.5549,138,0.53645,0.02904,-0.36211,0.55804,0.57542,-0.59746,-0.02302,1,0.49669,-0.05033,0.21150,-0.01336,0.47231,0.88130,-0.00719,0.50359,-0.05751,0.20799,-0.01266,0.47893,0.87767,-0.01236,6.90,-7.18,-3.51
6.5716,139,0.54223,0.02798,-0.35809,0.55284,0.57104,-0.60628,-0.02652,1,0.49773,-0.05144,0.21100,-0.01320,0.47327,0.88078,-0.00809,0.50473,-0.05868,0.20764,-0.01249,0.48008,0.87704,-0.01306,7.00,-7.23,-3.36
6.5883,140,0.54782,0.02683,-0.35420,0.54899,0.56636,-0.61397,-0.02965,1,0.49877,-0.05259,0.21053,-0.01313,0.47433,0.88020,-0.00897,0.50587,-0.05983,0.20728,-0.01239,0.48117,0.87643,-0.01388,7.10,-7.25,-3.25
6.6051,141,0.55329,0.02608,-0.35036,0.54628,0.56252,-0.61975,-0.03263,1,0.49980,-0.05375,0.21010,-0.01306,0.47538,0.87963,-0.00977,0.50710,-0.06091,0.20694,-0.01242,0.48227,0.87581,-0.01470,7.30,-7.16,-3.16
6.6218,142,0.55858,0.02507,-0.34661,0.54453,0.55957,-0.62379,-0.03548,1,0.50092,-0.05505,0.20963,-0.01299,0.47653,0.87900,-0.01055,0.50830,-0.06202,0.20658,-0.01264,0.48335,0.87520,-0.01550,7.37,-6.96,-3.05
6.6385,143,0.56921,0.02312,-0.33970,0.54199,0.55303,-0.63169,-0.03714,1,0.50208,-0.05638,0.20919,-0.01293,0.47766,0.87838,-0.01126,0.50951,-0.06308,0.20616,-0.01250,0.48423,0.87470,-0.01661,7.43,-6.70,-3.03
6.6553,144,0.57449,0.02198,-0.33659,0.54154,0.55012,-0.63469,-0.03564,1,0.50325,-0.05768,0.20878,-0.01290,0.47878,0.87776,-0.01196,0.51070,-0.06412,0.20565,-0.01190,0.48461,0.87447,-0.01790,7.46,-6.44,-3.13
6.6720,145,0.57996,0.02046,-0.33321,0.54195,0.54637,-0.63777,-0.03191,1,0.50435,-0.05882,0.20843,-0.01289,0.47978,0.87720,-0.01266,0.51185,-0.06522,0.20514,-0.01113,0.48451,0.87450,-0.01919,7.50,-6.40,-3.30
6.6887,146,0.58563,0.01854,-0.32976,0.54208,0.54217,-0.64151,-0.02584,1,0.50552,-0.05996,0.20807,-0.01288,0.48080,0.87663,-0.01350,0.51293,-0.06636,0.20457,-0.01016,0.48434,0.87459,-0.02031,7.41,-6.40,-3.50
6.7054,147,0.59114,0.01653,-0.32658,0.54171,0.53757,-0.64592,-0.01893,1,0.50669,-0.06108,0.20769,-0.01279,0.48176,0.87609,-0.01449,0.51397,-0.06749,0.20394,-0.00914,0.48422,0.87464,-0.02141,7.28,-6.41,-3.75
6.7221,148,0.60266,0.01195,-0.31996,0.54264,0.53058,-0.65114,-0.00694,1,0.50788,-0.06220,0.20728,-0.01255,0.48251,0.87566,-0.01554,0.51497,-0.06864,0.20327,-0.00814,0.48388,0.87481,-0.02246,7.09,-6.45,-4.01
6.7389,149,0.60852,0.00923,-0.31623,0.54280,0.52651,-0.65433,0.00009,1,0.50902,-0.06324,0.20686,-0.01217,0.48301,0.87537,-0.01656,0.51591,-0.06985,0.20259,-0.00711,0.48359,0.87495,-0.02350,6.88,-6.61,-4.27
6.7556,150,0.61432,0.00641,-0.31237,0.54309,0.52258,-0.65719,0.00783,1,0.51019,-0.06429,0.20637,-0.01163,0.48335,0.87517,-0.01768,0.51681,-0.07107,0.20192,-0.00604,0.48322,0.87514,-0.02447,6.62,-6.78,-4.45
6.7723,151,0.62042,0.00280,-0.30777,0.54374,0.51888,-0.65944,0.01592,1,0.51136,-0.06533,0.20588,-0.01094,0.48353,0.87506,-0.01880,0.51762,-0.07237,0.20126,-0.00498,0.48274,0.87538,-0.02538,6.27,-7.04,-4.62
6.7890,152,0.62620,-0.00130,-0.30325,0.54371,0.51505,-0.66226,0.02249,1,0.51238,-0.06633,0.20537,-0.01023,0.48355,0.87503,-0.01994,0.51832,-0.07372,0.20057,-0.00393,0.48245,0.87552,-0.02641,5.94,-7.39,-4.80
6.8058,153,0.63748,-0.01054,-0.29380,0.54128,0.50897,-0.66860,0.03068,1,0.51343,-0.06743,0.20479,-0.00939,0.48354,0.87502,-0.02112,0.51892,-0.07511,0.19987,-0.00289,0.48254,0.87544,-0.02748,5.49,-7.69,-4.91
6.8225,154,0.64281,-0.01569,-0.28877,0.54072,0.50576,-0.67127,0.03500,1,0.51444,-0.06863,0.20414,-0.00849,0.48344,0.87505,-0.02224,0.51942,-0.07654,0.19918,-0.00189,0.48245,0.87545,-0.02859,4.99,-7.91,-4.95
6.8392,155,0.64784,-0.02079,-0.28373,0.54033,0.50183,-0.67411,0.04225,1,0.51540,-0.06993,0.20343,-0.00753,0.48329,0.87512,-0.02328,0.51990,-0.07799,0.19850,-0.00079,0.48216,0.87558,-0.02956,4.50,-8.05,-4.93
6.8560,156,0.65236,-0.02568,-0.27864,0.53962,0.49819,-0.67678,0.05085,1,0.51625,-0.07123,0.20275,-0.00660,0.48310,0.87520,-0.02421,0.52036,-0.07946,0.19787,0.00040,0.48184,0.87573,-0.03040,4.10,-8.23,-4.88
6.8727,157,0.65666,-0.03057,-0.27382,0.53867,0.49577,-0.67867,0.05874,1,0.51707,-0.07262,0.20201,-0.00561,0.48293,0.87528,-0.02517,0.52076,-0.08093,0.19719,0.00168,0.48149,0.87590,-0.03109,3.69,-8.31,-4.83
6.8894,158,0.66348,-0.03916,-0.26526,0.53850,0.49474,-0.67800,0.07462,1,0.51780,-0.07403,0.20131,-0.00457,0.48269,0.87539,-0.02617,0.52110,-0.08242,0.19654,0.00296,0.48085,0.87624,-0.03136,3.29,-8.39,-4.77
6.9062,159,0.66612,-0.04277,-0.26106,0.53844,0.49498,-0.67740,0.07881,1,0.51843,-0.07535,0.20067,-0.00357,0.48247,0.87549,-0.02711,0.52142,-0.08397,0.19600,0.00424,0.48015,0.87661,-0.03140,2.99,-8.61,-4.67
6.9229,160,0.66805,-0.04577,-0.25731,0.53751,0.49645,-0.67707,0.07873,1,0.51903,-0.07676,0.20001,-0.00247,0.48222,0.87560,-0.02808,0.52167,-0.08544,0.19559,0.00521,0.47988,0.87677,-0.03094,2.64,-8.68,-4.41
6.9397,161,0.66903,-0.04780,-0.25450,0.53596,0.50124,-0.67506,0.07609,1,0.51958,-0.07818,0.19936,-0.00130,0.48189,0.87575,-0.02891,0.52182,-0.08650,0.19543,0.00563,0.47989,0.87679,-0.03007,2.24,-8.32,-3.94
6.9564,162,0.66960,-0.04909,-0.25273,0.53698,0.50739,-0.66981,0.07458,1,0.52008,-0.07961,0.19873,-0.00011,0.48149,0.87595,-0.02957,0.52190,-0.08717,0.19534,0.00551,0.47964,0.87698,-0.02880,1.82,-7.56,-3.39
6.9731,163,0.66874,-0.05092,-0.25027,0.54479,0.51042,-0.65921,0.09010,1,0.52050,-0.08092,0.19816,0.00100,0.48118,0.87611,-0.02997,0.52169,-0.08806,0.19561,0.00573,0.47895,0.87738,-0.02799,1.19,-7.14,-2.56
6.9899,164,0.66766,-0.05090,-0.24939,0.54798,0.51530,-0.65178,0.09676,1,0.52089,-0.08228,0.19761,0.00211,0.48079,0.87631,-0.03012,0.52159,-0.08823,0.19598,0.00623,0.47794,0.87795,-0.02719,0.71,-5.96,-1.64
7.0066,165,0.66649,-0.05057,-0.24848,0.54937,0.52239,-0.64440,0.10028,1,0.52119,-0.08356,0.19715,0.00306,0.48040,0.87653,-0.02994,0.52155,-0.08836,0.19641,0.00656,0.47723,0.87837,-0.02598,0.36,-4.79,-0.74
7.0238,166,0.66510,-0.04988,-0.24786,0.54774,0.53100,-0.63896,0.09874,1,0.52138,-0.08473,0.19683,0.00382,0.47995,0.87679,-0.02951,0.52151,-0.08833,0.19691,0.00664,0.47711,0.87847,-0.02452,0.13,-3.59,0.08
7.0404,167,0.66335,-0.04844,-0.24809,0.54484,0.53918,-0.63549,0.09267,1,0.52148,-0.08578,0.19665,0.00444,0.47942,0.87710,-0.02889,0.52148,-0.08794,0.19747,0.00631,0.47754,0.87828,-0.02316,0.00,-2.16,0.82
7.0570,168,0.65848,-0.04540,-0.24964,0.54154,0.55505,-0.62709,0.07351,1,0.52153,-0.08661,0.19664,0.00495,0.47887,0.87742,-0.02815,0.52110,-0.08686,0.19868,0.00558,0.47801,0.87806,-0.02196,-0.43,-0.25,2.04
7.0739,169,0.65654,-0.04429,-0.25054,0.54270,0.56023,-0.62186,0.07005,1,0.52158,-0.08726,0.19675,0.00541,0.47836,0.87773,-0.02716,0.52088,-0.08634,0.19912,0.00494,0.47784,0.87819,-0.02063,-0.70,0.93,2.37
7.0906,170,0.65463,-0.04320,-0.25164,0.54543,0.56347,-0.61623,0.07254,1,0.52158,-0.08757,0.19702,0.00566,0.47799,0.87796,-0.02597,0.52063,-0.08576,0.19951,0.00470,0.47715,0.87859,-0.01955,-0.94,1.81,2.49
7.1070,171,0.65356,-0.04291,-0.25253,0.54749,0.56602,-0.61131,0.07861,1,0.52148,-0.08759,0.19740,0.00565,0.47780,0.87810,-0.02484,0.52040,-0.08543,0.19964,0.00503,0.47618,0.87913,-0.01882,-1.08,2.16,2.25
7.1239,172,0.65382,-0.04244,-0.25344,0.54396,0.56711,-0.61190,0.08984,1,0.52129,-0.08738,0.19789,0.00542,0.47768,0.87820,-0.02363,0.52044,-0.08516,0.19949,0.00590,0.47548,0.87951,-0.01851,-0.85,2.22,1.60
7.1406,173,0.65432,-0.04229,-0.25363,0.53924,0.56608,-0.61694,0.09036,1,0.52108,-0.08704,0.19842,0.00513,0.47754,0.87831,-0.02244,0.52054,-0.08512,0.19936,0.00674,0.47538,0.87956,-0.01852,-0.54,1.92,0.93
7.1573,174,0.65498,-0.04247,-0.25372,0.53589,0.56625,-0.62042,0.08521,1,0.52090,-0.08667,0.19894,0.00489,0.47724,0.87850,-0.02130,0.52060,-0.08518,0.19917,0.00712,0.47581,0.87933,-0.01854,-0.30,1.49,0.23
7.1741,175,0.65604,-0.04277,-0.25349,0.53422,0.56770,-0.62158,0.07725,1,0.52076,-0.08636,0.19935,0.00482,0.47683,0.87875,-0.02037,0.52074,-0.08535,0.19892,0.00686,0.47651,0.87895,-0.01835,-0.02,1.01,-0.44
7.1908,176,0.65744,-0.04349,-0.25347,0.53165,0.56879,-0.62382,0.06836,1,0.52066,-0.08611,0.19967,0.00496,0.47634,0.87903,-0.01957,0.52083,-0.08558,0.19852,0.00603,0.47759,0.87837,-0.01809,0.17,0.53,-1.15
7.2075,177,0.66041,-0.04541,-0.25478,0.52795,0.56745,-0.62933,0.05659,1,0.52058,-0.08591,0.19982,0.00526,0.47597,0.87924,-0.01898,0.52079,-0.08585,0.19742,0.00529,0.47873,0.87776,-0.01824,0.21,0.06,-2.40
7.2243,178,0.66141,-0.04683,-0.25566,0.52749,0.56461,-0.63247,0.05435,1,0.52053,-0.08581,0.19981,0.00568,0.47573,0.87938,-0.01857,0.52057,-0.08600,0.19690,0.00477,0.47964,0.87725,-0.01905,0.04,-0.18,-2.91
7.2413,179,0.66177,-0.04827,-0.25688,0.52838,0.56152,-0.63465,0.05225,1,0.52052,-0.08583,0.19965,0.00612,0.47573,0.87938,-0.01833,0.52019,-0.08603,0.19647,0.00402,0.48009,0.87698,-0.02024,-0.33,-0.20,-3.18
7.2580,180,0.66128,-0.04904,-0.25832,0.52906,0.55907,-0.63661,0.04751,1,0.52051,-0.08588,0.19939,0.00639,0.47614,0.87916,-0.01820,0.51976,-0.08584,0.19627,0.00292,0.48079,0.87658,-0.02087,-0.75,0.04,-3.12
7.2749,181,0.65993,-0.04876,-0.26065,0.52876,0.55836,-0.63808,0.03883,1,0.52042,-0.08597,0.19900,0.00638,0.47682,0.87879,-0.01825,0.51926,-0.08520,0.19624,0.00177,0.48163,0.87613,-0.02086,-1.16,0.77,-2.76
7.2913,182,0.65336,-0.04324,-0.26891,0.52564,0.56546,-0.63547,0.01184,1,0.52028,-0.08603,0.19855,0.00604,0.47766,0.87833,-0.01843,0.51866,-0.08369,0.19659,0.00069,0.48236,0.87574,-0.02022,-1.62,2.35,-1.96
7.3080,183,0.64773,-0.03762,-0.27493,0.52783,0.57147,-0.62834,0.00208,1,0.52006,-0.08606,0.19810,0.00544,0.47842,0.87791,-0.01875,0.51817,-0.08216,0.19704,-0.00040,0.48250,0.87568,-0.01925,-1.89,3.90,-1.07
7.3248,184,0.64079,-0.03103,-0.28131,0.53434,0.57792,-0.61683,-0.00263,1,0.51978,-0.08597,0.19770,0.00461,0.47921,0.87748,-0.01917,0.51768,-0.08065,0.19754,-0.00132,0.48201,0.87598,-0.01829,-2.11,5.33,-0.16
7.3415,185,0.63270,-0.02448,-0.28792,0.54317,0.58490,-0.60238,-0.00140,1,0.51946,-0.08564,0.19740,0.00359,0.48005,0.87702,-0.01942,0.51711,-0.07917,0.19805,-0.00181,0.48101,0.87654,-0.01746,-2.35,6.47,0.65
7.3583,186,0.62311,-0.01752,-0.29537,0.55163,0.59173,-0.58783,0.00443,1,0.51910,-0.08498,0.19727,0.00247,0.48077,0.87663,-0.01942,0.51652,-0.07769,0.19855,-0.00199,0.47988,0.87717,-0.01672,-2.58,7.29,1.28
7.3753,187,0.59928,-0.00203,-0.31194,0.56339,0.60791,-0.55941,0.01024,1,0.51874,-0.08414,0.19731,0.00140,0.48121,0.87639,-0.01924,0.51594,-0.07622,0.19909,-0.00224,0.47891,0.87772,-0.01575,-2.80,7.91,1.78
7.3918,188,0.58562,0.00636,-0.32021,0.56823,0.61720,-0.54418,0.00701,1,0.51835,-0.08304,0.19751,0.00036,0.48142,0.87629,-0.01883,0.51542,-0.07474,0.19965,-0.00281,0.47826,0.87809,-0.01458,-2.94,8.29,2.14
7.4084,189,0.57062,0.01547,-0.32857,0.57392,0.62700,-0.52676,0.00308,1,0.51796,-0.08179,0.19785,-0.00049,0.48131,0.87636,-0.01835,0.51493,-0.07325,0.20021,-0.00342,0.47760,0.87847,-0.01344,-3.03,8.54,2.36
7.4255,190,0.55483,0.02418,-0.33658,0.57976,0.63756,-0.50733,-0.00129,1,0.51754,-0.08044,0.19830,-0.00119,0.48087,0.87661,-0.01775,0.51443,-0.07176,0.20077,-0.00402,0.47695,0.87884,-0.01229,-3.11,8.68,2.47
7.4420,191,0.53751,0.03225,-0.34467,0.58486,0.64789,-0.48802,-0.00353,1,0.51710,-0.07911,0.19876,-0.00180,0.48030,0.87694,-0.01705,0.51388,-0.07029,0.20131,-0.00452,0.47622,0.87924,-0.01114,-3.22,8.83,2.55
7.4587,192,0.50001,0.04619,-0.36254,0.59403,0.66486,-0.45279,-0.00856,1,0.51660,-0.07765,0.19927,-0.00241,0.47966,0.87730,-0.01619,0.51324,-0.06882,0.20177,-0.00507,0.47551,0.87964,-0.01001,-3.36,8.84,2.50
7.4754,193,0.48054,0.05243,-0.37192,0.59924,0.67093,-0.43654,-0.01374,1,0.51607,-0.07617,0.19980,-0.00299,0.47894,0.87771,-0.01523,0.51261,-0.06732,0.20212,-0.00585,0.47489,0.87998,-0.00894,-3.46,8.86,2.33
7.4926,194,0.45977,0.05826,-0.38134,0.60613,0.67627,-0.41816,-0.02005,1,0.51553,-0.07469,0.20035,-0.00350,0.47823,0.87811,-0.01422,0.51195,-0.06582,0.20246,-0.00673,0.47427,0.88032,-0.00796,-3.58,8.86,2.11
7.5090,195,0.43863,0.06372,-0.39073,0.61427,0.68137,-0.39717,-0.02566,1,0.51500,-0.07328,0.20085,-0.00399,0.47755,0.87850,-0.01321,0.51129,-0.06432,0.20274,-0.00760,0.47357,0.88070,-0.00703,-3.71,8.96,1.89
7.5258,196,0.41759,0.06866,-0.39971,0.62221,0.68582,-0.37606,-0.03284,1,0.51440,-0.07177,0.20137,-0.00454,0.47684,0.87889,-0.01212,0.51064,-0.06280,0.20298,-0.00853,0.47293,0.88104,-0.00610,-3.76,8.97,1.61
7.5424,197,0.37217,0.07598,-0.41739,0.63734,0.69169,-0.33554,-0.05265,1,0.51377,-0.07029,0.20184,-0.00514,0.47617,0.87927,-0.01108,0.50992,-0.06131,0.20320,-0.00957,0.47244,0.88130,-0.00518,-3.84,8.97,1.36
7.5592,198,0.34871,0.07814,-0.42610,0.64597,0.69201,-0.31693,-0.05839,1,0.51316,-0.06894,0.20223,-0.00576,0.47556,0.87961,-0.01011,0.50916,-0.05983,0.20329,-0.01064,0.47175,0.88166,-0.00447,-4.00,9.11,1.06
7.5759,199,0.32472,0.08055,-0.43378,0.65713,0.69024,-0.29722,-0.05846,1,0.51250,-0.06756,0.20257,-0.00649,0.47493,0.87995,-0.00907,0.50844,-0.05833,0.20340,-0.01161,0.47080,0.88215,-0.00407,-4.06,9.22,0.83
7.5927,200,0.30246,0.08262,-0.44081,0.66671,0.69026,-0.27559,-0.05558,1,0.51184,-0.06617,0.20285,-0.00729,0.47429,0.88030,-0.00802,0.50776,-0.05682,0.20347,-0.01237,0.46973,0.88272,-0.00360,-4.08,9.35,0.62
7.6096,201,0.28049,0.08343,-0.44666,0.67497,0.69093,-0.25418,-0.04926,1,0.51116,-0.06472,0.20309,-0.00816,0.47359,0.88068,-0.00702,0.50705,-0.05531,0.20355,-0.01293,0.46856,0.88333,-0.00318,-4.11,9.41,0.47
7.6262,202,0.23673,0.08560,-0.45501,0.68613,0.69400,-0.21464,-0.03883,1,0.51051,-0.06328,0.20330,-0.00900,0.47290,0.88105,-0.00618,0.50643,-0.05377,0.20372,-0.01342,0.46740,0.88394,-0.00264,-4.08,9.51,0.43
7.6595,203,0.19595,0.08838,-0.45825,0.69519,0.69698,-0.17120,-0.04034,1,0.50908,-0.06011,0.20370,-0.01072,0.47124,0.88193,-0.00481,0.50595,-0.05220,0.20401,-0.01410,0.46646,0.88443,-0.00181,-3.13,7.91,0.30
7.6757,204,0.17755,0.08915,-0.45909,0.69756,0.69894,-0.15133,-0.04467,1,0.50844,-0.05868,0.20386,-0.01143,0.47043,0.88236,-0.00428,0.50552,-0.05061,0.20424,-0.01480,0.46572,0.88481,-0.00078,-2.92,8.08,0.37
7.6924,205,0.16005,0.08947,-0.45891,0.69830,0.70082,-0.13648,-0.05098,1,0.50783,-0.05723,0.20403,-0.01209,0.46953,0.88283,-0.00373,0.50510,-0.04902,0.20450,-0.01551,0.46519,0.88507,0.00040,-2.74,8.21,0.48
7.7091,206,0.12533,0.08815,-0.45768,0.70137,0.70193,-0.11156,-0.05407,1,0.50731,-0.05589,0.20419,-0.01267,0.46871,0.88326,-0.00320,0.50460,-0.04745,0.20476,-0.01621,0.46435,0.88550,0.00133,-2.71,8.44,0.57
7.7259,207,0.10866,0.08759,-0.45600,0.70358,0.70232,-0.09510,-0.05174,1,0.50679,-0.05448,0.20436,-0.01329,0.46792,0.88367,-0.00258,0.50416,-0.04587,0.20506,-0.01677,0.46327,0.88606,0.00201,-2.63,8.61,0.70
7.7427,208,0.09319,0.08754,-0.45363,0.70447,0.70359,-0.07842,-0.05029,1,0.50629,-0.05307,0.20454,-0.01392,0.46716,0.88406,-0.00187,0.50382,-0.04428,0.20541,-0.01726,0.46224,0.88658,0.00282,-2.48,8.79,0.87
7.7593,209,0.07872,0.08814,-0.45033,0.70367,0.70580,-0.06283,-0.05251,1,0.50582,-0.05164,0.20475,-0.01454,0.46640,0.88446,-0.00111,0.50359,-0.04268,0.20585,-0.01772,0.46142,0.88699,0.00392,-2.23,8.96,1.10
7.7764,210,0.06522,0.08905,-0.44669,0.70177,0.70819,-0.05030,-0.05881,1,0.50537,-0.05020,0.20497,-0.01515,0.46562,0.88486,-0.00031,0.50344,-0.04109,0.20630,-0.01819,0.46099,0.88720,0.00526,-1.94,9.12,1.34
7.7929,211,0.03954,0.09059,-0.43845,0.69686,0.71289,-0.03051,-0.07239,1,0.50497,-0.04885,0.20519,-0.01572,0.46487,0.88524,0.00047,0.50329,-0.03950,0.20679,-0.01859,0.46073,0.88732,0.00668,-1.68,9.35,1.61
7.8098,212,0.02711,0.09084,-0.43408,0.69537,0.71444,-0.02007,-0.07500,1,0.50459,-0.04742,0.20544,-0.01630,0.46406,0.88565,0.00136,0.50310,-0.03791,0.20725,-0.01903,0.46004,0.88766,0.00789,-1.48,9.51,1.81
7.8266,213,0.01524,0.09104,-0.42963,0.69388,0.71601,-0.00804,-0.07616,1,0.50425,-0.04596,0.20573,-0.01686,0.46330,0.88604,0.00236,0.50293,-0.03632,0.20772,-0.01944,0.45919,0.88808,0.00898,-1.32,9.64,1.99
7.8431,214,0.00381,0.09072,-0.42478,0.69088,0.71909,0.00472,-0.07462,1,0.50399,-0.04454,0.20605,-0.01735,0.46265,0.88637,0.00338,0.50272,-0.03474,0.20822,-0.01955,0.45817,0.88859,0.00994,-1.27,9.80,2.17
7.8599,215,-0.00683,0.09053,-0.41989,0.68735,0.72243,0.01894,-0.07269,1,0.50373,-0.04299,0.20643,-0.01785,0.46195,0.88671,0.00449,0.50257,-0.03317,0.20875,-0.01964,0.45714,0.88911,0.01090,-1.16,9.82,2.32
7.8766,216,-0.02559,0.09028,-0.41014,0.67763,0.73057,0.04413,-0.07169,1,0.50350,-0.04138,0.20686,-0.01830,0.46123,0.88707,0.00562,0.50246,-0.03161,0.20932,-0.01958,0.45622,0.88957,0.01199,-1.03,9.77,2.47
7.8933,217,-0.03410,0.09015,-0.40489,0.67276,0.73430,0.05255,-0.07369,1,0.50328,-0.03974,0.20732,-0.01870,0.46048,0.88745,0.00672,0.50244,-0.03007,0.20996,-0.01939,0.45560,0.88987,0.01331,-0.83,9.67,2.63
7.9102,218,-0.04214,0.08995,-0.39948,0.66840,0.73739,0.05923,-0.07737,1,0.50306,-0.03809,0.20782,-0.01902,0.45967,0.88785,0.00779,0.50243,-0.02854,0.21063,-0.01923,0.45524,0.89004,0.01474,-0.63,9.54,2.80
7.9269,219,-0.04951,0.08909,-0.39357,0.66605,0.73828,0.06724,-0.08246,1,0.50287,-0.03655,0.20831,-0.01926,0.45889,0.88824,0.00876,0.50234,-0.02707,0.21141,-0.01962,0.45496,0.89015,0.01616,-0.54,9.48,3.09
7.9437,220,-0.05672,0.08797,-0.38788,0.66399,0.73860,0.07728,-0.08730,1,0.50272,-0.03494,0.20887,-0.01944,0.45808,0.88864,0.00986,0.50219,-0.02559,0.21215,-0.02013,0.45454,0.89032,0.01750,-0.52,9.35,3.28
7.9604,221,-0.07009,0.08664,-0.37574,0.65889,0.73970,0.09646,-0.09695,1,0.50261,-0.03331,0.20946,-0.01954,0.45733,0.88901,0.01107,0.50215,-0.02413,0.21296,-0.02057,0.45414,0.89049,0.01887,-0.45,9.18,3.50
7.9770,222,-0.07647,0.08624,-0.36965,0.65599,0.74023,0.10736,-0.10109,1,0.50251,-0.03179,0.21005,-0.01963,0.45670,0.88932,0.01224,0.50219,-0.02266,0.21375,-0.02100,0.45362,0.89072,0.02018,-0.32,9.13,3.70
7.9938,223,-0.08263,0.08563,-0.36364,0.65195,0.74185,0.11876,-0.10256,1,0.50240,-0.03019,0.21071,-0.01977,0.45611,0.88960,0.01353,0.50220,-0.02118,0.21452,-0.02122,0.45282,0.89109,0.02138,-0.20,9.01,3.81
8.0105,224,-0.08845,0.08482,-0.35785,0.64792,0.74344,0.12987,-0.10311,1,0.50230,-0.02864,0.21139,-0.01995,0.45554,0.88987,0.01480,0.50219,-0.01970,0.21527,-0.02141,0.45195,0.89150,0.02252,-0.11,8.94,3.89
8.0273,225,-0.09441,0.08338,-0.35229,0.64319,0.74606,0.13855,-0.10248,1,0.50220,-0.02711,0.21209,-0.02019,0.45506,0.89009,0.01612,0.50208,-0.01819,0.21597,-0.02129,0.45101,0.89195,0.02358,-0.12,8.92,3.88
8.0440,226,-0.10753,0.08019,-0.34024,0.63693,0.74831,0.15428,-0.10268,1,0.50214,-0.02573,0.21275,-0.02043,0.45456,0.89031,0.01738,0.50199,-0.01666,0.21663,-0.02144,0.45011,0.89237,0.02470,-0.15,9.07,3.88
8.0609,227,-0.11450,0.07860,-0.33336,0.63449,0.74795,0.16454,-0.10451,1,0.50209,-0.02432,0.21344,-0.02070,0.45396,0.89058,0.01870,0.50197,-0.01514,0.21731,-0.02193,0.44939,0.89269,0.02588,-0.12,9.18,3.87
8.0775,228,-0.12150,0.07729,-0.32649,0.63108,0.74723,0.17775,-0.10861,1,0.50206,-0.02291,0.21413,-0.02094,0.45328,0.89090,0.02001,0.50201,-0.01360,0.21795,-0.02243,0.44881,0.89293,0.02715,-0.04,9.31,3.83
8.0943,229,-0.12836,0.07596,-0.31932,0.62626,0.74711,0.19179,-0.11335,1,0.50202,-0.02156,0.21479,-0.02117,0.45257,0.89122,0.02121,0.50208,-0.01207,0.21861,-0.02281,0.44824,0.89317,0.02846,0.06,9.49,3.82
8.1110,230,-0.13522,0.07461,-0.31198,0.62240,0.74579,0.20587,-0.11846,1,0.50198,-0.02005,0.21549,-0.02144,0.45179,0.89158,0.02249,0.50217,-0.01053,0.21923,-0.02332,0.44773,0.89337,0.02975,0.19,9.52,3.74
8.1279,231,-0.14870,0.07208,-0.29623,0.61768,0.74154,0.22888,-0.12728,1,0.50196,-0.01848,0.21620,-0.02172,0.45101,0.89194,0.02374,0.50231,-0.00900,0.21987,-0.02397,0.44726,0.89354,0.03101,0.35,9.48,3.68
8.1445,232,-0.15542,0.07042,-0.28799,0.61503,0.73929,0.24022,-0.13221,1,0.50195,-0.01687,0.21692,-0.02203,0.45028,0.89227,0.02497,0.50242,-0.00745,0.22049,-0.02460,0.44684,0.89369,0.03230,0.47,9.42,3.57
8.1614,233,-0.16194,0.06843,-0.28009,0.61318,0.73650,0.25109,-0.13613,1,0.50195,-0.01527,0.21763,-0.02240,0.44963,0.89255,0.02617,0.50248,-0.00588,0.22105,-0.02534,0.44638,0.89386,0.03351,0.53,9.39,3.42
8.1782,234,-0.16843,0.06635,-0.27240,0.61424,0.73155,0.26025,-0.14077,1,0.50197,-0.01378,0.21829,-0.02279,0.44904,0.89280,0.02733,0.50252,-0.00430,0.22157,-0.02643,0.44621,0.89387,0.03452,0.55,9.48,3.29
8.1950,235,-0.17468,0.06409,-0.26436,0.62120,0.71930,0.27075,-0.15300,1,0.50201,-0.01220,0.21896,-0.02326,0.44844,0.89305,0.02858,0.50255,-0.00273,0.22212,-0.02764,0.44658,0.89362,0.03528,0.54,9.47,3.16
8.2115,236,-0.18620,0.05979,-0.24801,0.63697,0.68487,0.29961,-0.18829,1,0.50207,-0.01060,0.21962,-0.02380,0.44788,0.89328,0.02984,0.50256,-0.00116,0.22268,-0.02881,0.44696,0.89336,0.03611,0.49,9.44,3.06
8.2283,237,-0.19120,0.05791,-0.23972,0.63977,0.67366,0.31159,-0.19948,1,0.50211,-0.00909,0.22023,-0.02441,0.44745,0.89344,0.03098,0.50252,0.00042,0.22320,-0.02995,0.44714,0.89319,0.03706,0.40,9.52,2.97
8.2451,238,-0.19565,0.05616,-0.23171,0.63689,0.66987,0.32115,-0.20617,1,0.50215,-0.00750,0.22086,-0.02517,0.44714,0.89354,0.03211,0.50246,0.00201,0.22372,-0.03065,0.44691,0.89323,0.03836,0.31,9.51,2.86
8.2620,239,-0.19988,0.05374,-0.22417,0.63032,0.67189,0.32852,-0.20817,1,0.50217,-0.00592,0.22147,-0.02604,0.44700,0.89354,0.03317,0.50226,0.00360,0.22417,-0.03077,0.44627,0.89349,0.03959,0.09,9.52,2.70
8.2786,240,-0.20395,0.05096,-0.21727,0.62068,0.67692,0.33802,-0.20562,1,0.50218,-0.00437,0.22206,-0.02695,0.44694,0.89351,0.03418,0.50200,0.00520,0.22457,-0.03050,0.44521,0.89399,0.04040,-0.19,9.56,2.51
8.2956,241,-0.21060,0.04583,-0.20567,0.60634,0.67884,0.36135,-0.20237,1,0.50220,-0.00282,0.22263,-0.02786,0.44687,0.89347,0.03522,0.50172,0.00679,0.22496,-0.03069,0.44411,0.89450,0.04127,-0.48,9.61,2.34
8.3125,242,-0.21296,0.04409,-0.20052,0.60304,0.67525,0.37168,-0.20554,1,0.50218,-0.00128,0.22317,-0.02868,0.44673,0.89347,0.03627,0.50161,0.00838,0.22546,-0.03135,0.44347,0.89474,0.04239,-0.57,9.66,2.29
8.3294,243,-0.21480,0.04293,-0.19600,0.60305,0.66938,0.37803,-0.21297,1,0.50213,0.00015,0.22363,-0.02933,0.44645,0.89355,0.03727,0.50163,0.00981,0.22594,-0.03216,0.44348,0.89465,0.04355,-0.51,9.66,2.31
8.3455,244,-0.21659,0.04170,-0.19140,0.60219,0.66677,0.38014,-0.21972,1,0.50206,0.00167,0.22410,-0.02988,0.44599,0.89372,0.03833,0.50161,0.01126,0.22642,-0.03253,0.44403,0.89430,0.04484,-0.45,9.58,2.32
8.3624,245,-0.21829,0.04059,-0.18751,0.60066,0.66557,0.38249,-0.22343,1,0.50197,0.00323,0.22454,-0.03037,0.44545,0.89392,0.03941,0.50158,0.01253,0.22676,-0.03283,0.44417,0.89414,0.04630,-0.39,9.29,2.22
8.3791,246,-0.22039,0.03832,-0.18168,0.59254,0.66848,0.39162,-0.22058,1,0.50187,0.00473,0.22495,-0.03084,0.44498,0.89409,0.04045,0.50137,0.01410,0.22727,-0.03295,0.44374,0.89429,0.04743,-0.50,9.37,2.31
8.3958,247,-0.22153,0.03826,-0.18044,0.58749,0.67121,0.39524,-0.21935,1,0.50177,0.00634,0.22540,-0.03133,0.44461,0.89421,0.04159,0.50142,0.01481,0.22734,-0.03266,0.44284,0.89471,0.04824,-0.35,8.47,1.93
8.4125,248,-0.22278,0.03903,-0.18030,0.58475,0.67303,0.39521,-0.22117,1,0.50167,0.00793,0.22587,-0.03179,0.44438,0.89425,0.04274,0.50172,0.01500,0.22707,-0.03184,0.44240,0.89490,0.04915,0.04,7.07,1.20
8.4292,249,-0.22378,0.04008,-0.18025,0.58565,0.67262,0.39223,-0.22530,1,0.50157,0.00938,0.22631,-0.03216,0.44416,0.89430,0.04381,0.50207,0.01510,0.22684,-0.03117,0.44260,0.89479,0.04985,0.50,5.72,0.53
8.4459,250,-0.22387,0.04097,-0.17978,0.58814,0.67108,0.38856,-0.22971,1,0.50152,0.01082,0.22674,-0.03239,0.44384,0.89439,0.04498,0.50237,0.01516,0.22690,-0.03080,0.44335,0.89441,0.05024,0.85,4.34,0.16
8.4627,251,-0.22303,0.04342,-0.17960,0.59074,0.66947,0.38534,-0.23312,1,0.50154,0.01207,0.22709,-0.03243,0.44347,0.89451,0.04616,0.50305,0.01486,0.22713,-0.03079,0.44459,0.89379,0.05026,1.50,2.79,0.05
8.4793,252,-0.22231,0.04476,-0.18020,0.58813,0.67144,0.38607,-0.23284,1,0.50166,0.01307,0.22733,-0.03225,0.44316,0.89461,0.04726,0.50337,0.01450,0.22719,-0.03051,0.44522,0.89348,0.05043,1.72,1.43,-0.14
8.4964,253,-0.22116,0.04646,-0.18194,0.58383,0.67588,0.38531,-0.23210,1,0.50186,0.01376,0.22749,-0.03190,0.44307,0.89462,0.04823,0.50372,0.01377,0.22714,-0.02979,0.44531,0.89345,0.05062,1.86,0.01,-0.35
8.5133,254,-0.21968,0.04808,-0.18402,0.58228,0.68007,0.38135,-0.23029,1,0.50210,0.01414,0.22758,-0.03154,0.44324,0.89451,0.04902,0.50399,0.01291,0.22710,-0.02865,0.44526,0.89353,0.05021,1.89,-1.23,-0.48
8.5300,255,-0.21826,0.04994,-0.18615,0.58243,0.68393,0.37496,-0.22896,1,0.50236,0.01424,0.22762,-0.03122,0.44368,0.89427,0.04959,0.50434,0.01203,0.22702,-0.02750,0.44562,0.89344,0.04932,1.98,-2.22,-0.59
8.5464,256,-0.21492,0.05529,-0.18997,0.58911,0.68477,0.36172,-0.23064,1,0.50268,0.01409,0.22763,-0.03083,0.44418,0.89401,0.04998,0.50523,0.01062,0.22702,-0.02685,0.44646,0.89309,0.04844,2.55,-3.47,-0.61
8.5631,257,-0.21292,0.05830,-0.19169,0.59171,0.68325,0.35816,-0.23404,1,0.50299,0.01377,0.22764,-0.03039,0.44460,0.89380,0.05019,0.50594,0.00966,0.22711,-0.02663,0.44763,0.89253,0.04804,2.95,-4.11,-0.53
8.5799,258,-0.21089,0.06116,-0.19357,0.59412,0.68107,0.35561,-0.23812,1,0.50334,0.01321,0.22765,-0.02977,0.44494,0.89366,0.05014,0.50661,0.00867,0.22718,-0.02687,0.44894,0.89186,0.04819,3.27,-4.55,-0.46
8.5966,259,-0.20879,0.06370,-0.19544,0.59565,0.68063,0.35241,-0.24031,1,0.50375,0.01250,0.22764,-0.02906,0.44531,0.89351,0.04987,0.50719,0.00770,0.22727,-0.02655,0.45024,0.89123,0.04791,3.44,-4.81,-0.37
8.6138,260,-0.20649,0.06622,-0.19746,0.59581,0.68284,0.34748,-0.24082,1,0.50422,0.01171,0.22765,-0.02835,0.44582,0.89330,0.04949,0.50476,0.01072,0.22775,-0.02752,0.44668,0.89292,0.04902,0.54,-0.99,0.11
8.6301,261,-0.20133,0.07121,-0.20196,0.59469,0.68935,0.33645,-0.24072,1,0.50472,0.01090,0.22767,-0.02778,0.44647,0.89302,0.04912,0.50549,0.00923,0.22791,-0.02624,0.44715,0.89276,0.04841,0.77,-1.67,0.24
8.6469,262,-0.19870,0.07395,-0.20443,0.59477,0.69092,0.33176,-0.24250,1,0.50524,0.01007,0.22771,-0.02736,0.44733,0.89262,0.04883,0.50611,0.00802,0.22796,-0.02518,0.44806,0.89235,0.04808,0.87,-2.05,0.25
8.6635,263,-0.19583,0.07703,-0.20726,0.59530,0.69227,0.32680,-0.24410,1,0.50567,0.00935,0.22779,-0.02711,0.44813,0.89223,0.04866,0.50682,0.00667,0.22797,-0.02421,0.44902,0.89192,0.04762,1.14,-2.68,0.19
8.6803,264,-0.19278,0.08033,-0.21007,0.59563,0.69418,0.32162,-0.24474,1,0.50594,0.00880,0.22789,-0.02697,0.44870,0.89196,0.04853,0.50760,0.00529,0.22802,-0.02312,0.44978,0.89160,0.04699,1.66,-3.51,0.13
8.6970,265,-0.18951,0.08365,-0.21323,0.59586,0.69642,0.31641,-0.24461,1,0.50605,0.00838,0.22802,-0.02688,0.44919,0.89171,0.04849,0.50836,0.00381,0.22802,-0.02199,0.45037,0.89137,0.04624,2.31,-4.57,-0.00
8.7136,266,-0.18152,0.08991,-0.22145,0.59555,0.70245,0.30421,-0.24361,1,0.50606,0.00801,0.22820,-0.02665,0.44935,0.89165,0.04844,0.50893,0.00224,0.22799,-0.02079,0.45085,0.89119,0.04550,2.87,-5.77,-0.21
8.7304,267,-0.17650,0.09282,-0.22659,0.59658,0.70535,0.29597,-0.24286,1,0.50608,0.00762,0.22841,-0.02618,0.44932,0.89168,0.04831,0.50934,0.00063,0.22793,-0.01977,0.45146,0.89095,0.04461,3.25,-6.99,-0.48
8.7471,268,-0.17096,0.09552,-0.23220,0.59852,0.70757,0.28674,-0.24269,1,0.50622,0.00713,0.22864,-0.02548,0.44932,0.89171,0.04810,0.50967,-0.00101,0.22788,-0.01890,0.45222,0.89064,0.04371,3.45,-8.13,-0.76
8.7640,269,-0.16459,0.09855,-0.23818,0.60150,0.70906,0.27680,-0.24249,1,0.50650,0.00631,0.22882,-0.02449,0.44941,0.89172,0.04762,0.51003,-0.00263,0.22785,-0.01818,0.45304,0.89028,0.04274,3.53,-8.94,-0.98
8.7810,270,-0.14899,0.10629,-0.25121,0.60717,0.71176,0.25798,-0.24122,1,0.50692,0.00521,0.22893,-0.02341,0.44975,0.89161,0.04701,0.51047,-0.00424,0.22787,-0.01747,0.45381,0.88995,0.04173,3.54,-9.45,-1.05
8.7977,271,-0.13932,0.11068,-0.25822,0.60968,0.71327,0.24894,-0.23992,1,0.50741,0.00390,0.22895,-0.02237,0.45026,0.89142,0.04630,0.51094,-0.00584,0.22796,-0.01671,0.45450,0.88966,0.04067,3.53,-9.73,-0.99
8.8146,272,-0.12850,0.11511,-0.26582,0.61267,0.71429,0.23907,-0.23931,1,0.50790,0.00242,0.22889,-0.02139,0.45084,0.89119,0.04551,0.51139,-0.00744,0.22804,-0.01604,0.45530,0.88931,0.03965,3.48,-9.86,-0.85
8.8311,273,-0.11666,0.11956,-0.27422,0.61514,0.71654,0.22472,-0.24014,1,0.50837,0.00097,0.22881,-0.02050,0.45143,0.89095,0.04475,0.51181,-0.00905,0.22810,-0.01520,0.45616,0.88892,0.03884,3.44,-10.02,-0.71
8.8480,274,-0.10431,0.12343,-0.28325,0.61586,0.72196,0.20539,-0.23940,1,0.50889,-0.00061,0.22874,-0.01956,0.45209,0.89067,0.04391,0.51218,-0.01068,0.22811,-0.01415,0.45683,0.88863,0.03806,3.29,-10.06,-0.63
8.8652,275,-0.07768,0.13042,-0.30252,0.61681,0.73670,0.16003,-0.22629,1,0.50940,-0.00222,0.22870,-0.01867,0.45280,0.89038,0.04298,0.51252,-0.01231,0.22808,-0.01308,0.45724,0.88847,0.03710,3.13,-10.09,-0.62
8.8813,276,-0.06375,0.13359,-0.31198,0.61914,0.74088,0.13888,-0.22018,1,0.50987,-0.00375,0.22869,-0.01785,0.45353,0.89007,0.04208,0.51288,-0.01393,0.22795,-0.01216,0.45772,0.88828,0.03604,3.01,-10.18,-0.74
8.8981,277,-0.04888,0.13586,-0.32148,0.62274,0.74256,0.11965,-0.21560,1,0.51037,-0.00541,0.22871,-0.01698,0.45429,0.88974,0.04112,0.51319,-0.01556,0.22781,-0.01139,0.45830,0.88804,0.03491,2.81,-10.16,-0.90
8.9152,278,-0.03367,0.13761,-0.33055,0.62791,0.74102,0.10332,-0.21436,1,0.51085,-0.00711,0.22871,-0.01612,0.45502,0.88943,0.04014,0.51348,-0.01720,0.22768,-0.01092,0.45910,0.88767,0.03380,2.63,-10.08,-1.04
8.9317,279,-0.01805,0.13929,-0.33913,0.63288,0.73896,0.08929,-0.21314,1,0.51130,-0.00887,0.22868,-0.01526,0.45575,0.88912,0.03916,0.51381,-0.01883,0.22755,-0.01052,0.45991,0.88730,0.03265,2.51,-9.96,-1.13
8.9487,280,0.01453,0.14215,-0.35549,0.64013,0.73790,0.05688,-0.20619,1,0.51174,-0.01064,0.22862,-0.01442,0.45641,0.88883,0.03820,0.51206,-0.01216,0.22853,-0.01383,0.45703,0.88857,0.03710,0.32,-1.53,-0.09
8.9653,281,0.03152,0.14303,-0.36307,0.64204,0.73909,0.03718,-0.20036,1,0.51214,-0.01237,0.22852,-0.01364,0.45704,0.88856,0.03723,0.51242,-0.01378,0.22842,-0.01298,0.45757,0.88835,0.03601,0.28,-1.41,-0.10
8.9820,282,0.04914,0.14325,-0.37020,0.64401,0.74001,0.01632,-0.19330,1,0.51248,-0.01389,0.22842,-0.01298,0.45765,0.88829,0.03633,0.51277,-0.01541,0.22831,-0.01215,0.45806,0.88815,0.03488,0.29,-1.52,-0.11
8.9988,283,0.06709,0.14313,-0.37697,0.64658,0.73984,-0.00331,-0.18590,1,0.51279,-0.01528,0.22834,-0.01241,0.45822,0.88804,0.03551,0.51311,-0.01704,0.22818,-0.01138,0.45853,0.88797,0.03369,0.32,-1.75,-0.15
9.0157,284,0.08534,0.14270,-0.38333,0.64888,0.73929,-0.02183,-0.17870,1,0.51300,-0.01640,0.22827,-0.01204,0.45865,0.88785,0.03486,0.51347,-0.01866,0.22804,-0.01063,0.45899,0.88778,0.03250,0.46,-2.26,-0.23
9.0322,285,0.12295,0.13983,-0.39368,0.65491,0.73518,-0.05861,-0.16484,1,0.51312,-0.01712,0.22826,-0.01186,0.45886,0.88776,0.03446,0.51378,-0.02029,0.22795,-0.00997,0.45948,0.88758,0.03125,0.66,-3.17,-0.31
9.0488,286,0.14190,0.13767,-0.39798,0.65582,0.73383,-0.07886,-0.15864,1,0.51317,-0.01760,0.22829,-0.01176,0.45881,0.88779,0.03422,0.51409,-0.02193,0.22782,-0.00920,0.46005,0.88734,0.03013,0.92,-4.32,-0.47
9.0657,287,0.16064,0.13539,-0.40150,0.65654,0.73202,-0.09865,-0.15284,1,0.51319,-0.01792,0.22836,-0.01165,0.45866,0.88788,0.03404,0.51442,-0.02356,0.22770,-0.00844,0.46063,0.88708,0.02900,1.24,-5.64,-0.66
9.0822,288,0.17920,0.13326,-0.40414,0.65707,0.72998,-0.11728,-0.14707,1,0.51321,-0.01824,0.22845,-0.01144,0.45849,0.88799,0.03373,0.51480,-0.02517,0.22758,-0.00768,0.46120,0.88683,0.02787,1.60,-6.94,-0.87
9.0991,289,0.19741,0.13152,-0.40617,0.65652,0.72894,-0.13436,-0.13993,1,0.51326,-0.01868,0.22854,-0.01111,0.45844,0.88804,0.03321,0.51525,-0.02677,0.22745,-0.00681,0.46165,0.88663,0.02675,1.99,-8.10,-1.09
9.1161,290,0.23342,0.12817,-0.40768,0.65408,0.72977,-0.16175,-0.11600,1,0.51337,-0.01943,0.22860,-0.01063,0.45870,0.88793,0.03242,0.51573,-0.02837,0.22738,-0.00579,0.46167,0.88666,0.02564,2.36,-8.94,-1.22
9.1328,291,0.25147,0.12678,-0.40750,0.65227,0.73022,-0.17555,-0.10252,1,0.51357,-0.02048,0.22862,-0.01001,0.45915,0.88774,0.03146,0.51625,-0.02995,0.22726,-0.00476,0.46163,0.88672,0.02456,2.68,-9.47,-1.35
9.1497,292,0.26919,0.12523,-0.40660,0.65027,0.72949,-0.19187,-0.09043,1,0.51383,-0.02176,0.22858,-0.00933,0.45967,0.88752,0.03041,0.51675,-0.03153,0.22716,-0.00378,0.46178,0.88668,0.02344,2.92,-9.77,-1.43
9.1661,293,0.28648,0.12308,-0.40503,0.64864,0.72727,-0.20917,-0.08120,1,0.51413,-0.02315,0.22850,-0.00862,0.46011,0.88734,0.02938,0.51722,-0.03313,0.22705,-0.00290,0.46211,0.88654,0.02228,3.09,-9.98,-1.45
9.1829,294,0.30312,0.12129,-0.40291,0.64644,0.72523,-0.22509,-0.07411,1,0.51449,-0.02473,0.22838,-0.00783,0.46050,0.88717,0.02827,0.51773,-0.03471,0.22694,-0.00201,0.46255,0.88634,0.02116,3.24,-9.98,-1.44
9.1996,295,0.33566,0.11692,-0.39700,0.64024,0.72209,-0.25424,-0.06353,1,0.51492,-0.02632,0.22828,-0.00696,0.46081,0.88706,0.02721,0.51822,-0.03630,0.22687,-0.00109,0.46308,0.88609,0.02014,3.30,-9.98,-1.41
9.2163,296,0.35154,0.11464,-0.39332,0.63616,0.72101,-0.26886,-0.05618,1,0.51538,-0.02795,0.22817,-0.00605,0.46112,0.88693,0.02611,0.51875,-0.03788,0.22678,-0.00006,0.46348,0.88590,0.01914,3.37,-9.93,-1.39
9.2331,297,0.36722,0.11281,-0.38910,0.63212,0.71941,-0.28372,-0.04872,1,0.51583,-0.02951,0.22808,-0.00517,0.46142,0.88681,0.02504,0.51934,-0.03944,0.22669,0.00095,0.46387,0.88572,0.01812,3.51,-9.93,-1.39
9.2498,0,0.38234,0.11127,-0.38404,0.62719,0.71802,-0.29886,-0.04200,1,0.51633,-0.03116,0.22798,-0.00423,0.46178,0.88666,0.02390,0.51998,-0.04098,0.22664,0.00198,0.46434,0.88549,0.01716,3.65,-9.81,-1.34
9.2665,1,0.39688,0.10969,-0.37868,0.62111,0.71716,-0.31399,-0.03626,1,0.51685,-0.03283,0.22788,-0.00327,0.46217,0.88649,0.02276,0.52063,-0.04251,0.22659,0.00305,0.46488,0.88522,0.01630,3.78,-9.68,-1.28
9.2834,2,0.42445,0.10668,-0.36805,0.61029,0.71403,-0.34207,-0.02629,1,0.51738,-0.03453,0.22776,-0.00230,0.46258,0.88631,0.02163,0.52130,-0.04403,0.22652,0.00406,0.46544,0.88493,0.01539,3.91,-9.50,-1.24
9.3003,3,0.43774,0.10533,-0.36247,0.60510,0.71251,-0.35470,-0.01947,1,0.51792,-0.03613,0.22764,-0.00136,0.46301,0.88611,0.02061,0.52203,-0.04553,0.22639,0.00516,0.46583,0.88474,0.01447,4.11,-9.39,-1.25
9.3170,4,0.45064,0.10428,-0.35642,0.59933,0.71129,-0.36702,-0.01266,1,0.51852,-0.03781,0.22752,-0.00035,0.46344,0.88591,0.01958,0.52280,-0.04700,0.22629,0.00630,0.46622,0.88454,0.01359,4.28,-9.19,-1.23
9.3339,5,0.46311,0.10321,-0.35033,0.59309,0.70993,-0.37973,-0.00625,1,0.51913,-0.03945,0.22740,0.00068,0.46390,0.88569,0.01859,0.52358,-0.04847,0.22616,0.00742,0.46666,0.88431,0.01273,4.45,-9.02,-1.24
9.3504,6,0.47512,0.10221,-0.34393,0.58700,0.70807,-0.39252,-0.00202,1,0.51978,-0.04103,0.22729,0.00174,0.46435,0.88547,0.01762,0.52438,-0.04993,0.22605,0.00844,0.46726,0.88400,0.01187,4.61,-8.90,-1.25
9.3672,7,0.49781,0.09960,-0.33179,0.57421,0.70330,-0.41909,0.00486,1,0.52040,-0.04247,0.22720,0.00276,0.46477,0.88527,0.01672,0.52516,-0.05139,0.22589,0.00941,0.46793,0.88365,0.01100,4.76,-8.92,-1.31
9.3838,8,0.50866,0.09808,-0.32586,0.56863,0.70045,-0.43121,0.00979,1,0.52109,-0.04399,0.22711,0.00385,0.46526,0.88503,0.01576,0.52596,-0.05284,0.22566,0.01041,0.46844,0.88338,0.01005,4.86,-8.85,-1.45
9.4006,9,0.51915,0.09611,-0.32001,0.56323,0.69713,-0.44335,0.01505,1,0.52181,-0.04550,0.22702,0.00493,0.46575,0.88478,0.01482,0.52671,-0.05430,0.22540,0.01141,0.46892,0.88312,0.00906,4.90,-8.81,-1.61
9.4173,10,0.52945,0.09370,-0.31387,0.55749,0.69349,-0.45603,0.01799,1,0.52256,-0.04702,0.22690,0.00600,0.46627,0.88451,0.01390,0.52742,-0.05579,0.22515,0.01227,0.46959,0.88276,0.00810,4.87,-8.77,-1.75
9.4341,11,0.53916,0.09065,-0.30801,0.55191,0.68961,-0.46852,0.01810,1,0.52327,-0.04843,0.22676,0.00698,0.46676,0.88426,0.01306,0.52806,-0.05730,0.22486,0.01295,0.47044,0.88231,0.00718,4.79,-8.87,-1.90
9.4509,12,0.55718,0.08364,-0.29688,0.54171,0.68184,-0.49130,0.01609,1,0.52405,-0.04990,0.22661,0.00801,0.46724,0.88401,0.01217,0.52864,-0.05883,0.22456,0.01352,0.47137,0.88181,0.00627,4.59,-8.93,-2.05
9.4675,13,0.56548,0.07988,-0.29162,0.53733,0.67792,-0.50149,0.01425,1,0.52480,-0.05135,0.22643,0.00898,0.46778,0.88373,0.01126,0.52921,-0.06036,0.22422,0.01398,0.47234,0.88129,0.00536,4.41,-9.02,-2.22
9.4843,14,0.57311,0.07603,-0.28660,0.53297,0.67414,-0.51120,0.01231,1,0.52553,-0.05279,0.22624,0.00991,0.46838,0.88341,0.01031,0.52975,-0.06190,0.22387,0.01443,0.47332,0.88076,0.00447,4.22,-9.11,-2.36
9.5011,15,0.58035,0.07245,-0.28194,0.52932,0.67028,-0.52003,0.01083,1,0.52620,-0.05415,0.22604,0.01073,0.46901,0.88308,0.00939,0.53032,-0.06342,0.22350,0.01486,0.47426,0.88025,0.00351,4.12,-9.27,-2.54
9.5177,16,0.58683,0.06903,-0.27792,0.52564,0.66676,-0.52822,0.01099,1,0.52688,-0.05563,0.22580,0.01153,0.46980,0.88266,0.00841,0.53088,-0.06493,0.22307,0.01550,0.47508,0.87980,0.00252,3.99,-9.30,-2.73
9.5345,17,0.59792,0.06295,-0.27143,0.51885,0.66027,-0.54279,0.01490,1,0.52753,-0.05720,0.22552,0.01223,0.47065,0.88221,0.00741,0.53141,-0.06643,0.22259,0.01634,0.47570,0.87946,0.00150,3.88,-9.24,-2.93
9.5514,18,0.60241,0.06036,-0.26900,0.51551,0.65784,-0.54890,0.01397,1,0.52816,-0.05881,0.22518,0.01287,0.47152,0.88174,0.00646,0.53192,-0.06791,0.22200,0.01687,0.47667,0.87892,0.00064,3.76,-9.10,-3.17
9.5680,19,0.60591,0.05830,-0.26713,0.51247,0.65605,-0.55397,0.01009,1,0.52876,-0.06034,0.22482,0.01345,0.47232,0.88131,0.00558,0.53233,-0.06909,0.22152,0.01690,0.47789,0.87826,0.00008,3.57,-8.75,-3.30
9.5847,20,0.60856,0.05648,-0.26570,0.50980,0.65486,-0.55788,0.00417,1,0.52938,-0.06196,0.22441,0.01405,0.47316,0.88085,0.00467,0.53260,-0.07004,0.22114,0.01655,0.47915,0.87758,-0.00018,3.23,-8.08,-3.26
9.6015,21,0.61167,0.05555,-0.26581,0.50831,0.65460,-0.55956,-0.00286,1,0.52997,-0.06352,0.22396,0.01463,0.47401,0.88039,0.00377,0.53292,-0.07058,0.22040,0.01577,0.48028,0.87697,-0.00009,2.95,-7.06,-3.57
9.6183,22,0.61734,0.05536,-0.27000,0.52007,0.65904,-0.54319,-0.01120,1,0.53053,-0.06500,0.22350,0.01511,0.47495,0.87988,0.00292,0.53318,-0.07058,0.21880,0.01485,0.48079,0.87671,0.00023,2.65,-5.58,-4.70
9.6349,23,0.61685,0.05577,-0.27155,0.52912,0.66462,-0.52746,-0.01017,1,0.53101,-0.06631,0.22302,0.01541,0.47594,0.87934,0.00219,0.53313,-0.07032,0.21812,0.01404,0.48068,0.87678,0.00075,2.13,-4.01,-4.91
9.6516,24,0.61602,0.05626,-0.27317,0.53847,0.66981,-0.51115,-0.01164,1,0.53147,-0.06755,0.22243,0.01551,0.47703,0.87875,0.00157,0.53288,-0.06984,0.21796,0.01322,0.47995,0.87720,0.00152,1.41,-2.29,-4.47
9.6684,25,0.61307,0.05672,-0.27454,0.54725,0.67506,-0.49457,-0.01463,1,0.53189,-0.06857,0.22174,0.01536,0.47805,0.87820,0.00120,0.53230,-0.06910,0.21827,0.01234,0.47919,0.87762,0.00238,0.41,-0.53,-3.47
9.6851,26,0.60861,0.05698,-0.27707,0.55186,0.68162,-0.47996,-0.02198,1,0.53223,-0.06924,0.22102,0.01501,0.47883,0.87778,0.00107,0.53131,-0.06797,0.21858,0.01142,0.47882,0.87783,0.00349,-0.92,1.27,-2.45
9.7019,27,0.59799,0.06001,-0.28494,0.55694,0.68759,-0.46438,-0.03731,1,0.53246,-0.06966,0.22023,0.01443,0.47938,0.87749,0.00113,0.53047,-0.06653,0.21868,0.01030,0.47880,0.87785,0.00448,-1.99,3.13,-1.56
9.7189,28,0.59196,0.06234,-0.29010,0.55945,0.68990,-0.45736,-0.04331,1,0.53254,-0.06977,0.21949,0.01375,0.47961,0.87737,0.00138,0.52973,-0.06504,0.21859,0.00917,0.47867,0.87793,0.00546,-2.81,4.73,-0.90
9.7357,29,0.58437,0.06557,-0.29622,0.56293,0.69366,-0.44704,-0.04582,1,0.53247,-0.06956,0.21889,0.01304,0.47956,0.87741,0.00182,0.52904,-0.06352,0.21853,0.00834,0.47804,0.87827,0.00647,-3.42,6.03,-0.36
9.7522,30,0.57580,0.06936,-0.30337,0.56854,0.69790,-0.43321,-0.04503,1,0.53226,-0.06907,0.21852,0.01232,0.47938,0.87752,0.00244,0.52839,-0.06200,0.21840,0.00768,0.47711,0.87878,0.00732,-3.87,7.07,-0.12
9.7690,31,0.56667,0.07368,-0.31158,0.57432,0.70218,-0.41863,-0.04302,1,0.53188,-0.06828,0.21835,0.01151,0.47915,0.87765,0.00323,0.52779,-0.06046,0.21819,0.00709,0.47612,0.87931,0.00812,-4.09,7.83,-0.17
9.7861,32,0.54493,0.08451,-0.33048,0.58239,0.70722,-0.39780,-0.04923,1,0.53135,-0.06731,0.21833,0.01066,0.47884,0.87783,0.00402,0.52726,-0.05889,0.21797,0.00614,0.47551,0.87964,0.00904,-4.09,8.41,-0.36
9.8025,33,0.53130,0.09153,-0.34086,0.58653,0.70861,-0.38796,-0.05781,1,0.53074,-0.06618,0.21840,0.00982,0.47845,0.87805,0.00481,0.52680,-0.05730,0.21778,0.00492,0.47539,0.87970,0.00991,-3.93,8.88,-0.62
9.8191,34,0.51581,0.09929,-0.35142,0.59200,0.71111,-0.37318,-0.06779,1,0.53012,-0.06500,0.21846,0.00903,0.47800,0.87830,0.00556,0.52636,-0.05570,0.21762,0.00378,0.47514,0.87984,0.01083,-3.76,9.30,-0.84
9.8359,35,0.49904,0.10735,-0.36188,0.59802,0.71518,-0.35350,-0.07703,1,0.52943,-0.06363,0.21848,0.00815,0.47745,0.87860,0.00642,0.52591,-0.05410,0.21747,0.00275,0.47471,0.88006,0.01181,-3.52,9.53,-1.01
9.8527,36,0.46202,0.12273,-0.38194,0.60823,0.72653,-0.30661,-0.09057,1,0.52876,-0.06214,0.21845,0.00726,0.47692,0.87889,0.00733,0.52543,-0.05251,0.21734,0.00189,0.47412,0.88036,0.01285,-3.32,9.63,-1.11
9.8695,37,0.44187,0.13031,-0.39130,0.61213,0.73165,-0.28429,-0.09573,1,0.52816,-0.06066,0.21839,0.00641,0.47643,0.87915,0.00820,0.52500,-0.05091,0.21716,0.00108,0.47349,0.88069,0.01389,-3.16,9.75,-1.23
9.8861,38,0.42092,0.13759,-0.39990,0.61609,0.73544,-0.26369,-0.10018,1,0.52755,-0.05904,0.21830,0.00550,0.47595,0.87941,0.00911,0.52457,-0.04931,0.21698,0.00023,0.47284,0.88102,0.01489,-2.98,9.73,-1.32
9.9031,39,0.39862,0.14457,-0.40779,0.62008,0.73843,-0.24401,-0.10341,1,0.52697,-0.05739,0.21821,0.00459,0.47546,0.87967,0.01002,0.52414,-0.04771,0.21682,-0.00061,0.47213,0.88139,0.01584,-2.83,9.68,-1.39
9.9197,40,0.37545,0.15162,-0.41486,0.62391,0.74165,-0.22291,-0.10492,1,0.52643,-0.05576,0.21811,0.00368,0.47498,0.87992,0.01096,0.52375,-0.04610,0.21667,-0.00138,0.47133,0.88180,0.01676,-2.68,9.67,-1.44
9.9364,41,0.32803,0.16470,-0.42484,0.62966,0.74953,-0.17539,-0.10475,1,0.52590,-0.05416,0.21798,0.00276,0.47445,0.88020,0.01192,0.52338,-0.04447,0.21661,-0.00205,0.47046,0.88224,0.01768,-2.52,9.69,-1.37
9.9532,42,0.30403,0.17047,-0.42803,0.63105,0.75387,-0.14895,-0.10616,1,0.52543,-0.05266,0.21785,0.00189,0.47389,0.88049,0.01285,0.52309,-0.04283,0.21655,-0.00269,0.46965,0.88265,0.01870,-2.34,9.82,-1.30
9.9698,43,0.28018,0.17608,-0.42991,0.63062,0.75849,-0.12350,-0.10846,1,0.52496,-0.05104,0.21772,0.00099,0.47325,0.88082,0.01387,0.52285,-0.04118,0.21651,-0.00327,0.46890,0.88303,0.01979,-2.11,9.86,-1.21
9.9865,44,0.25603,0.18064,-0.43110,0.62979,0.76218,-0.10060,-0.11098,1,0.52454,-0.04943,0.21759,0.00014,0.47256,0.88117,0.01489,0.52260,-0.03954,0.21646,-0.00387,0.46816,0.88339,0.02090,-1.94,9.89,-1.13
10.0034,45,0.23156,0.18398,-0.43122,0.62888,0.76507,-0.07969,-0.11322,1,0.52413,-0.04780,0.21748,-0.00068,0.47183,0.88155,0.01588,0.52232,-0.03789,0.21644,-0.00447,0.46743,0.88375,0.02200,-1.81,9.91,-1.04
10.0200,46,0.18296,0.18697,-0.42887,0.62937,0.76766,-0.03925,-0.11420,1,0.52377,-0.04625,0.21739,-0.00140,0.47114,0.88190,0.01682,0.52198,-0.03626,0.21646,-0.00515,0.46661,0.88415,0.02297,-1.79,9.99,-0.93
10.0369,47,0.15918,0.18693,-0.42599,0.63127,0.76701,-0.01485,-0.11387,1,0.52343,-0.04459,0.21731,-0.00211,0.47039,0.88227,0.01783,0.52164,-0.03463,0.21652,-0.00595,0.46576,0.88457,0.02383,-1.79,9.96,-0.79
10.0536,48,0.13591,0.18576,-0.42194,0.63224,0.76675,0.00994,-0.11076,1,0.52310,-0.04294,0.21724,-0.00279,0.46965,0.88265,0.01884,0.52129,-0.03300,0.21661,-0.00664,0.46480,0.88505,0.02462,-1.81,9.94,-0.62
10.0703,49,0.11405,0.18352,-0.41751,0.63059,0.76786,0.03391,-0.10769,1,0.52280,-0.04141,0.21718,-0.00343,0.46895,0.88299,0.01980,0.52093,-0.03138,0.21671,-0.00719,0.46383,0.88553,0.02550,-1.86,10.03,-0.46
10.0869,50,0.09271,0.18004,-0.41257,0.62689,0.77029,0.05613,-0.10256,1,0.52248,-0.03981,0.21712,-0.00411,0.46820,0.88337,0.02081,0.52055,-0.02976,0.21682,-0.00754,0.46277,0.88605,0.02635,-1.93,10.05,-0.29
10.1037,51,0.05233,0.16857,-0.40097,0.62198,0.77172,0.09574,-0.09175,1,0.52216,-0.03822,0.21707,-0.00479,0.46738,0.88378,0.02179,0.52007,-0.02817,0.21701,-0.00798,0.46169,0.88659,0.02712,-2.09,10.05,-0.06
10.1204,52,0.03345,0.16126,-0.39399,0.62128,0.77016,0.11648,-0.08541,1,0.52184,-0.03662,0.21706,-0.00544,0.46651,0.88421,0.02277,0.51959,-0.02660,0.21725,-0.00858,0.46060,0.88713,0.02777,-2.24,10.02,0.19
10.1372,53,0.01625,0.15462,-0.38764,0.62009,0.76825,0.13762,-0.07967,1,0.52153,-0.03508,0.21708,-0.00603,0.46565,0.88463,0.02366,0.51918,-0.02500,0.21745,-0.00919,0.45954,0.88765,0.02846,-2.35,10.09,0.37
10.1539,54,0.00014,0.14777,-0.38114,0.61672,0.76752,0.15786,-0.07518,1,0.52116,-0.03342,0.21714,-0.00664,0.46468,0.88511,0.02455,0.51878,-0.02339,0.21767,-0.00966,0.45849,0.88816,0.02928,-2.39,10.03,0.53
10.1706,55,-0.01517,0.14093,-0.37512,0.61247,0.76743,0.17485,-0.07320,1,0.52079,-0.03174,0.21724,-0.00721,0.46367,0.88561,0.02540,0.51840,-0.02178,0.21783,-0.01004,0.45752,0.88863,0.03025,-2.39,9.96,0.59
10.1874,56,-0.04486,0.12645,-0.36252,0.60815,0.76362,0.20354,-0.07485,1,0.52040,-0.03003,0.21738,-0.00776,0.46264,0.88613,0.02622,0.51802,-0.02016,0.21800,-0.01067,0.45674,0.88898,0.03131,-2.38,9.87,0.62
10.2041,57,-0.05948,0.11926,-0.35534,0.60640,0.76066,0.21940,-0.07439,1,0.52003,-0.02845,0.21753,-0.00827,0.46167,0.88660,0.02696,0.51773,-0.01853,0.21817,-0.01137,0.45590,0.88937,0.03226,-2.31,9.92,0.64
10.2208,58,-0.07353,0.11213,-0.34738,0.60276,0.75790,0.23896,-0.07185,1,0.51962,-0.02679,0.21771,-0.00880,0.46066,0.88710,0.02776,0.51748,-0.01690,0.21839,-0.01194,0.45495,0.88982,0.03315,-2.15,9.89,0.68
10.2376,59,-0.08704,0.10471,-0.33837,0.59656,0.75590,0.26096,-0.06810,1,0.51920,-0.02512,0.21788,-0.00936,0.45967,0.88758,0.02860,0.51727,-0.01527,0.21867,-0.01237,0.45393,0.89030,0.03405,-1.94,9.85,0.79
10.2544,60,-0.09984,0.09741,-0.32921,0.58864,0.75500,0.28140,-0.06553,1,0.51880,-0.02343,0.21808,-0.00993,0.45867,0.88806,0.02949,0.51711,-0.01363,0.21896,-0.01266,0.45293,0.89077,0.03503,-1.69,9.79,0.88
10.2713,61,-0.12288,0.08353,-0.31157,0.57975,0.74761,0.31561,-0.07330,1,0.51846,-0.02184,0.21827,-0.01045,0.45775,0.88850,0.03035,0.51700,-0.01200,0.21924,-0.01321,0.45232,0.89102,0.03626,-1.46,9.84,0.97
10.2878,62,-0.13324,0.07715,-0.30263,0.57757,0.74208,0.33043,-0.08090,1,0.51813,-0.02016,0.21850,-0.01097,0.45678,0.88896,0.03128,0.51696,-0.01035,0.21951,-0.01390,0.45206,0.89109,0.03756,-1.17,9.81,1.01
10.3046,63,-0.14284,0.07088,-0.29372,0.57567,0.73626,0.34474,-0.08765,1,0.51784,-0.01850,0.21874,-0.01148,0.45586,0.88940,0.03222,0.51692,-0.00871,0.21977,-0.01465,0.45178,0.89117,0.03883,-0.92,9.80,1.03
10.3213,64,-0.15159,0.06500,-0.28445,0.57348,0.72971,0.35994,-0.09537,1,0.51759,-0.01697,0.21896,-0.01197,0.45504,0.88977,0.03314,0.51692,-0.00707,0.22007,-0.01539,0.45152,0.89123,0.04011,-0.68,9.90,1.11
10.3380,65,-0.15938,0.05950,-0.27526,0.56756,0.72585,0.37531,-0.10077,1,0.51738,-0.01535,0.21920,-0.01251,0.45426,0.89012,0.03421,0.51693,-0.00543,0.22040,-0.01583,0.45099,0.89143,0.04142,-0.44,9.92,1.19
10.3547,66,-0.16680,0.05419,-0.26648,0.56062,0.72173,0.39218,-0.10491,1,0.51721,-0.01375,0.21944,-0.01306,0.45361,0.89040,0.03535,0.51697,-0.00379,0.22067,-0.01628,0.45035,0.89168,0.04268,-0.24,9.97,1.22
10.3716,67,-0.17988,0.04440,-0.24930,0.54545,0.71682,0.42053,-0.10865,1,0.51706,-0.01219,0.21968,-0.01366,0.45305,0.89063,0.03653,0.51704,-0.00215,0.22096,-0.01658,0.44956,0.89202,0.04387,-0.02,10.04,1.28
10.3883,68,-0.18546,0.04003,-0.24062,0.53988,0.71311,0.43313,-0.11139,1,0.51696,-0.01061,0.21993,-0.01424,0.45250,0.89085,0.03778,0.51722,-0.00052,0.22129,-0.01704,0.44889,0.89228,0.04511,0.25,10.08,1.36
10.4050,69,-0.19019,0.03576,-0.23177,0.53549,0.70749,0.44629,-0.11633,1,0.51691,-0.00909,0.22018,-0.01478,0.45198,0.89105,0.03899,0.51740,0.00108,0.22169,-0.01763,0.44845,0.89243,0.04640,0.50,10.17,1.51
10.4217,70,-0.19459,0.03172,-0.22301,0.53081,0.70077,0.46039,-0.12331,1,0.51688,-0.00745,0.22047,-0.01532,0.45137,0.89129,0.04028,0.51762,0.00269,0.22209,-0.01821,0.44813,0.89251,0.04774,0.74,10.13,1.62
10.4384,71,-0.20222,0.02416,-0.20635,0.51991,0.68703,0.48844,-0.13824,1,0.51690,-0.00577,0.22079,-0.01584,0.45077,0.89153,0.04156,0.51785,0.00429,0.22248,-0.01874,0.44781,0.89258,0.04911,0.95,10.06,1.69
10.4552,72,-0.20538,0.02045,-0.19859,0.51409,0.68132,0.50072,-0.14420,1,0.51694,-0.00418,0.22111,-0.01632,0.45022,0.89174,0.04274,0.51805,0.00591,0.22282,-0.01921,0.44740,0.89270,0.05047,1.11,10.08,1.71
10.4721,73,-0.20827,0.01681,-0.19098,0.50968,0.67500,0.51166,-0.15101,1,0.51703,-0.00247,0.22148,-0.01682,0.44967,0.89195,0.04401,0.51826,0.00753,0.22314,-0.01974,0.44716,0.89273,0.05185,1.23,10.00,1.66
10.4891,74,-0.21066,0.01288,-0.18346,0.50716,0.66749,0.52182,-0.15799,1,0.51715,-0.00078,0.22186,-0.01733,0.44917,0.89213,0.04528,0.51840,0.00916,0.22349,-0.02042,0.44708,0.89268,0.05318,1.25,9.94,1.62
10.5058,75,-0.21256,0.00906,-0.17601,0.50500,0.65847,0.53302,-0.16517,1,0.51730,0.00089,0.22225,-0.01783,0.44872,0.89228,0.04658,0.51852,0.01077,0.22387,-0.02119,0.44700,0.89262,0.05447,1.22,9.89,1.62
10.5223,76,-0.21414,0.00138,-0.16176,0.49614,0.63895,0.55859,-0.18323,1,0.51745,0.00244,0.22260,-0.01833,0.44833,0.89240,0.04782,0.51855,0.01236,0.22438,-0.02182,0.44688,0.89258,0.05583,1.09,9.92,1.77
10.5391,77,-0.21427,-0.00265,-0.15528,0.48738,0.63114,0.57152,-0.19361,1,0.51762,0.00410,0.22298,-0.01888,0.44797,0.89250,0.04917,0.51844,0.01395,0.22486,-0.02213,0.44661,0.89262,0.05727,0.82,9.85,1.88
10.5558,78,-0.21438,-0.00664,-0.14965,0.47721,0.62607,0.58263,-0.20208,1,0.51779,0.00578,0.22336,-0.01946,0.44766,0.89256,0.05053,0.51826,0.01556,0.22525,-0.02226,0.44619,0.89274,0.05870,0.46,9.79,1.89
10.5726,79,-0.21396,-0.01030,-0.14494,0.46854,0.62383,0.59047,-0.20650,1,0.51793,0.00743,0.22374,-0.02005,0.44740,0.89261,0.05188,0.51798,0.01714,0.22569,-0.02226,0.44553,0.89297,0.06003,0.05,9.71,1.95
10.5895,80,-0.21292,-0.01331,-0.14110,0.46214,0.62159,0.59698,-0.20897,1,0.51802,0.00908,0.22414,-0.02063,0.44715,0.89264,0.05320,0.51769,0.01850,0.22625,-0.02242,0.44481,0.89324,0.06130,-0.33,9.43,2.11
10.6062,81,-0.20917,-0.01691,-0.13616,0.45597,0.61867,0.60181,-0.21717,1,0.51805,0.01061,0.22453,-0.02111,0.44690,0.89267,0.05444,0.51730,0.01972,0.22732,-0.02228,0.44467,0.89321,0.06278,-0.76,9.11,2.79
10.6229,82,-0.20687,-0.01761,-0.13523,0.45714,0.61661,0.60014,-0.22505,1,0.51807,0.01223,0.22497,-0.02151,0.44658,0.89274,0.05582,0.51706,0.02001,0.22805,-0.02203,0.44514,0.89290,0.06394,-1.01,7.77,3.08
10.6396,83,-0.20426,-0.01735,-0.13542,0.46063,0.61501,0.59612,-0.23285,1,0.51802,0.01382,0.22544,-0.02183,0.44619,0.89284,0.05720,0.51688,0.01978,0.22879,-0.02169,0.44612,0.89237,0.06459,-1.14,5.95,3.35
10.6562,84,-0.20123,-0.01604,-0.13687,0.46617,0.61422,0.58987,-0.23976,1,0.51792,0.01520,0.22594,-0.02205,0.44587,0.89291,0.05849,0.51677,0.01905,0.22958,-0.02128,0.44741,0.89174,0.06457,-1.14,3.85,3.64
10.6730,85,-0.19788,-0.01408,-0.13922,0.47139,0.61589,0.58184,-0.24481,1,0.51775,0.01647,0.22653,-0.02221,0.44568,0.89292,0.05983,0.51670,0.01797,0.23040,-0.02060,0.44856,0.89121,0.06416,-1.05,1.50,3.88
10.6898,86,-0.18787,-0.00765,-0.14728,0.48436,0.63288,0.55055,-0.24851,1,0.51757,0.01746,0.22720,-0.02223,0.44572,0.89280,0.06113,0.51665,0.01657,0.23132,-0.01967,0.44928,0.89093,0.06328,-0.92,-0.89,4.12
10.7065,87,-0.18163,-0.00423,-0.15209,0.48992,0.64368,0.53189,-0.25049,1,0.51739,0.01812,0.22794,-0.02210,0.44601,0.89258,0.06225,0.51659,0.01515,0.23219,-0.01863,0.44991,0.89070,0.06243,-0.80,-2.96,4.25
10.7232,88,-0.17434,-0.00094,-0.15756,0.49417,0.65524,0.51268,-0.25224,1,0.51723,0.01837,0.22870,-0.02184,0.44655,0.89227,0.06303,0.51648,0.01372,0.23304,-0.01753,0.45047,0.89049,0.06161,-0.74,-4.65,4.33
10.7400,89,-0.16557,0.00237,-0.16419,0.49750,0.66477,0.49541,-0.25523,1,0.51706,0.01822,0.22953,-0.02142,0.44725,0.89189,0.06348,0.51632,0.01227,0.23384,-0.01641,0.45110,0.89024,0.06087,-0.74,-5.95,4.31
10.7567,90,-0.15557,0.00542,-0.17161,0.50240,0.67293,0.47852,-0.25645,1,0.51692,0.01771,0.23035,-0.02083,0.44797,0.89154,0.06355,0.51612,0.01082,0.23463,-0.01542,0.45175,0.88999,0.05999,-0.79,-6.89,4.28
10.7732,91,-0.13146,0.01012,-0.18696,0.51813,0.69004,0.43554,-0.25630,0,0.51678,0.01692,0.23111,-0.02016,0.44864,0.89124,0.06328,0.51612,0.01082,0.23463,-0.01542,0.45175,0.88999,0.05999,-0.65,-6.11,3.52
10.7899,92,-0.11855,0.01136,-0.19433,0.52745,0.69664,0.41282,-0.25703,0,0.51662,0.01587,0.23188,-0.01936,0.44930,0.89096,0.06280,0.51612,0.01082,0.23463,-0.01542,0.45175,0.88999,0.05999,-0.50,-5.05,2.75
10.8201,93,-0.09031,0.01109,-0.20994,0.54364,0.70871,0.36886,-0.25715,0,0.51638,0.01387,0.23310,-0.01794,0.45029,0.89056,0.06187,0.51612,0.01082,0.23463,-0.01542,0.45175,0.88999,0.05999,-0.26,-3.05,1.53
10.8368,94,-0.07544,0.00971,-0.21817,0.54875,0.71576,0.34781,-0.25610,0,0.51628,0.01292,0.23367,-0.01725,0.45070,0.89039,0.06142,0.51612,0.01082,0.23463,-0.01542,0.45175,0.88999,0.05999,-0.16,-2.11,0.96
10.8535,95,-0.05993,0.00784,-0.22627,0.55539,0.72404,0.32382,-0.24988,0,0.51619,0.01219,0.23414,-0.01672,0.45102,0.89027,0.06106,0.51612,0.01082,0.23463,-0.01542,0.45175,0.88999,0.05999,-0.07,-1.37,0.49
10.8703,96,-0.02718,0.00174,-0.24109,0.57459,0.73624,0.26875,-0.23573,0,0.51611,0.01170,0.23447,-0.01638,0.45124,0.89018,0.06079,0.51612,0.01082,0.23463,-0.01542,0.45175,0.88999,0.05999,0.01,-0.89,0.16
10.8870,97,-0.01080,-0.00228,-0.24794,0.58403,0.73992,0.24034,-0.23165,0,0.51602,0.01137,0.23469,-0.01615,0.45137,0.89013,0.06058,0.51612,0.01082,0.23463,-0.01542,0.45175,0.88999,0.05999,0.10,-0.55,-0.06
10.9038,98,0.00455,-0.00662,-0.25426,0.59351,0.74190,0.21246,-0.22845,0,0.51596,0.01118,0.23482,-0.01598,0.45147,0.89010,0.06045,0.51612,0.01082,0.23463,-0.01542,0.45175,0.88999,0.05999,0.17,-0.36,-0.20
10.9206,99,0.01922,-0.01133,-0.25994,0.60418,0.74229,0.18422,-0.22369,0,0.51592,0.01105,0.23491,-0.01582,0.45153,0.89008,0.06033,0.51612,0.01082,0.23463,-0.01542,0.45175,0.88999,0.05999,0.20,-0.23,-0.28
10.9374,100,0.03321,-0.01658,-0.26468,0.61475,0.74193,0.15610,-0.21737,0,0.51592,0.01096,0.23497,-0.01570,0.45158,0.89006,0.06025,0.51612,0.01082,0.23463,-0.01542,0.45175,0.88999,0.05999,0.21,-0.15,-0.34
10.9543,101,0.05895,-0.02826,-0.27267,0.63286,0.73644,0.10972,-0.21237,0,0.51592,0.01091,0.23503,-0.01562,0.45163,0.89004,0.06020,0.51612,0.01082,0.23463,-0.01542,0.45175,0.88999,0.05999,0.20,-0.09,-0.40
10.9710,102,0.06999,-0.03421,-0.27673,0.63931,0.73476,0.08793,-0.20898,0,0.51593,0.01086,0.23505,-0.01557,0.45169,0.89001,0.06016,0.51612,0.01082,0.23463,-0.01542,0.45175,0.88999,0.05999,0.20,-0.04,-0.42
10.9877,103,0.07983,-0.04019,-0.28084,0.64615,0.73291,0.06483,-0.20282,0,0.51593,0.01081,0.23506,-0.01555,0.45173,0.88999,0.06012,0.51612,0.01082,0.23463,-0.01542,0.45175,0.88999,0.05999,0.20,0.01,-0.43
11.0048,104,0.08865,-0.04471,-0.28446,0.65492,0.72964,0.04106,-0.19241,1,0.51592,0.01078,0.23505,-0.01555,0.45173,0.88999,0.06010,0.51592,0.01078,0.23505,-0.01555,0.45173,0.88999,0.06010,0.00,0.00,0.00
11.0215,105,0.09660,-0.04896,-0.28855,0.66278,0.72616,0.02033,-0.18166,1,0.51593,0.01077,0.23505,-0.01555,0.45169,0.89001,0.06011,0.51566,0.00982,0.23497,-0.01533,0.45193,0.88994,0.05941,-0.27,-0.95,-0.07
11.0382,106,0.10886,-0.05443,-0.29778,0.67295,0.72129,-0.00663,-0.16382,1,0.51594,0.01077,0.23509,-0.01553,0.45169,0.89001,0.06014,0.51536,0.00825,0.23448,-0.01490,0.45220,0.88990,0.05801,-0.57,-2.51,-0.62
11.0549,107,0.11386,-0.05610,-0.30295,0.67730,0.71902,-0.01553,-0.15502,1,0.51587,0.01071,0.23518,-0.01553,0.45172,0.89000,0.06007,0.51523,0.00684,0.23362,-0.01456,0.45224,0.88998,0.05655,-0.65,-3.88,-1.56
11.0716,108,0.11829,-0.05676,-0.30844,0.68060,0.71774,-0.02244,-0.14536,1,0.51576,0.01050,0.23527,-0.01552,0.45178,0.88999,0.05983,0.51529,0.00555,0.23256,-0.01413,0.45205,0.89018,0.05514,-0.47,-4.96,-2.71
11.0884,109,0.12273,-0.05691,-0.31426,0.68334,0.71675,-0.02889,-0.13592,1,0.51561,0.01012,0.23533,-0.01548,0.45188,0.88996,0.05944,0.51545,0.00434,0.23143,-0.01365,0.45182,0.89038,0.05375,-0.16,-5.79,-3.90
11.1051,110,0.12677,-0.05605,-0.32072,0.68548,0.71586,-0.03629,-0.12785,1,0.51546,0.00948,0.23529,-0.01536,0.45191,0.88999,0.05882,0.51580,0.00332,0.23015,-0.01309,0.45176,0.89050,0.05237,0.34,-6.17,-5.13
11.1218,111,0.13421,-0.05184,-0.33455,0.68829,0.71366,-0.05261,-0.11903,1,0.51532,0.00863,0.23504,-0.01516,0.45192,0.89004,0.05799,0.51636,0.00249,0.22882,-0.01250,0.45214,0.89040,0.05105,1.03,-6.14,-6.22
11.1385,112,0.13780,-0.04896,-0.34182,0.68851,0.71364,-0.06061,-0.11402,1,0.51522,0.00764,0.23457,-0.01491,0.45186,0.89014,0.05699,0.51703,0.00181,0.22745,-0.01167,0.45243,0.89033,0.04983,1.81,-5.83,-7.12
11.1553,113,0.14146,-0.04496,-0.34957,0.68821,0.71427,-0.06732,-0.10796,1,0.51519,0.00664,0.23391,-0.01465,0.45183,0.89023,0.05599,0.51784,0.00125,0.22611,-0.01075,0.45246,0.89039,0.04865,2.65,-5.38,-7.81
11.1720,114,0.14545,-0.03980,-0.35757,0.68709,0.71560,-0.07342,-0.10219,1,0.51527,0.00557,0.23299,-0.01429,0.45188,0.89027,0.05491,0.51877,0.00076,0.22482,-0.00967,0.45246,0.89046,0.04761,3.50,-4.82,-8.17
11.1887,115,0.14951,-0.03370,-0.36585,0.68478,0.71793,-0.07964,-0.09645,1,0.51552,0.00457,0.23191,-0.01375,0.45192,0.89033,0.05382,0.51977,0.00033,0.22355,-0.00844,0.45245,0.89052,0.04675,4.25,-4.24,-8.36
11.2054,116,0.15844,-0.01869,-0.38266,0.68147,0.72092,-0.09291,-0.08512,1,0.51589,0.00371,0.23081,-0.01314,0.45195,0.89038,0.05278,0.52087,-0.00004,0.22236,-0.00732,0.45250,0.89056,0.04576,4.98,-3.75,-8.45
11.2221,117,0.16329,-0.00976,-0.39086,0.68004,0.72152,-0.10150,-0.08157,1,0.51640,0.00292,0.22959,-0.01239,0.45202,0.89043,0.05163,0.52206,-0.00035,0.22124,-0.00633,0.45297,0.89038,0.04475,5.66,-3.27,-8.35
11.2388,118,0.16811,-0.00029,-0.39871,0.67870,0.72149,-0.10972,-0.08230,1,0.51704,0.00227,0.22836,-0.01153,0.45209,0.89047,0.05046,0.52331,-0.00061,0.22016,-0.00560,0.45396,0.88991,0.04403,6.27,-2.88,-8.19
11.2556,119,0.17304,0.00971,-0.40669,0.67565,0.72353,-0.11589,-0.08106,1,0.51781,0.00166,0.22709,-0.01061,0.45222,0.89048,0.04929,0.52458,-0.00083,0.21910,-0.00434,0.45457,0.88964,0.04355,6.77,-2.50,-7.99
11.2723,120,0.17837,0.01970,-0.41453,0.67199,0.72670,-0.12202,-0.07386,1,0.51864,0.00109,0.22587,-0.00971,0.45246,0.89042,0.04823,0.52584,-0.00108,0.21805,-0.00303,0.45452,0.88970,0.04288,7.21,-2.17,-7.82
11.2890,121,0.19039,0.04065,-0.42962,0.66409,0.73315,-0.13773,-0.05000,1,0.51964,0.00052,0.22457,-0.00872,0.45280,0.89032,0.04723,0.52713,-0.00137,0.21703,-0.00184,0.45422,0.88989,0.04205,7.49,-1.88,-7.53
11.3057,122,0.19698,0.05167,-0.43627,0.66137,0.73395,-0.14894,-0.04166,1,0.52076,0.00004,0.22332,-0.00769,0.45310,0.89022,0.04636,0.52846,-0.00167,0.21607,-0.00079,0.45436,0.88987,0.04099,7.70,-1.71,-7.25
11.3225,123,0.20386,0.06319,-0.44170,0.65887,0.73375,-0.16085,-0.04042,1,0.52191,-0.00033,0.22213,-0.00664,0.45339,0.89012,0.04552,0.52986,-0.00197,0.21522,0.00005,0.45512,0.88953,0.04008,7.95,-1.65,-6.91
11.3392,124,0.21114,0.07506,-0.44646,0.65562,0.73473,-0.16860,-0.04369,1,0.52304,-0.00060,0.22107,-0.00561,0.45360,0.89006,0.04473,0.53130,-0.00228,0.21443,0.00077,0.45625,0.88896,0.03978,8.25,-1.68,-6.64
11.3560,125,0.21866,0.08667,-0.45070,0.65077,0.73780,-0.17451,-0.04126,1,0.52428,-0.00084,0.22000,-0.00450,0.45377,0.89003,0.04387,0.53275,-0.00261,0.21368,0.00196,0.45686,0.88866,0.03947,8.47,-1.77,-6.32
11.3726,126,0.23527,0.10766,-0.45825,0.64097,0.74465,-0.18486,-0.02171,1,0.52557,-0.00107,0.21896,-0.00341,0.45404,0.88993,0.04304,0.53415,-0.00307,0.21292,0.00324,0.45683,0.88869,0.03899,8.59,-2.00,-6.05
11.3894,127,0.24431,0.11734,-0.46095,0.63893,0.74452,-0.19315,-0.01192,1,0.52689,-0.00132,0.21797,-0.00235,0.45442,0.88978,0.04222,0.53553,-0.00368,0.21219,0.00424,0.45665,0.88883,0.03789,8.64,-2.36,-5.78
11.4062,128,0.25315,0.12649,-0.46302,0.63581,0.74405,-0.20517,-0.00656,1,0.52818,-0.00164,0.21706,-0.00136,0.45490,0.88957,0.04149,0.53690,-0.00432,0.21149,0.00520,0.45705,0.88866,0.03683,8.72,-2.68,-5.57
11.4229,129,0.26192,0.13561,-0.46441,0.63282,0.74357,-0.21591,-0.00423,1,0.52959,-0.00208,0.21611,-0.00033,0.45542,0.88934,0.04082,0.53830,-0.00495,0.21085,0.00609,0.45770,0.88836,0.03586,8.71,-2.87,-5.25
11.4396,130,0.27963,0.15301,-0.46562,0.62656,0.74440,-0.23084,0.00207,1,0.53104,-0.00259,0.21520,0.00075,0.45578,0.88918,0.04017,0.53971,-0.00563,0.21028,0.00720,0.45814,0.88816,0.03497,8.68,-3.04,-4.92
11.4564,131,0.28830,0.16123,-0.46481,0.62370,0.74518,-0.23603,0.00178,1,0.53240,-0.00310,0.21440,0.00174,0.45608,0.88906,0.03954,0.54115,-0.00635,0.20984,0.00821,0.45903,0.88771,0.03448,8.75,-3.25,-4.56
11.4730,132,0.29668,0.16915,-0.46349,0.61957,0.74697,-0.24116,0.00064,1,0.53382,-0.00360,0.21362,0.00274,0.45644,0.88891,0.03879,0.54260,-0.00707,0.20946,0.00927,0.45996,0.88722,0.03434,8.79,-3.47,-4.15
11.4899,133,0.30485,0.17677,-0.46202,0.61490,0.74891,-0.24702,0.00176,1,0.53522,-0.00412,0.21289,0.00373,0.45684,0.88873,0.03795,0.54406,-0.00780,0.20910,0.01054,0.46059,0.88690,0.03398,8.84,-3.68,-3.80
11.5072,134,0.31299,0.18411,-0.46037,0.61008,0.75082,-0.25305,0.00614,1,0.53664,-0.00463,0.21223,0.00474,0.45732,0.88851,0.03717,0.54550,-0.00855,0.20874,0.01192,0.46078,0.88680,0.03344,8.86,-3.91,-3.49
11.5233,135,0.32905,0.19739,-0.45578,0.60033,0.75416,-0.26541,0.02009,1,0.53802,-0.00515,0.21167,0.00574,0.45784,0.88827,0.03649,0.54692,-0.00937,0.20845,0.01327,0.46071,0.88685,0.03279,8.91,-4.22,-3.22
11.5402,136,0.33709,0.20289,-0.45310,0.59498,0.75564,-0.27276,0.02479,1,0.53949,-0.00575,0.21115,0.00686,0.45841,0.88799,0.03581,0.54826,-0.01032,0.20815,0.01460,0.46096,0.88672,0.03215,8.77,-4.57,-3.00
11.5568,137,0.34498,0.20809,-0.45035,0.59031,0.75660,-0.27986,0.02775,1,0.54095,-0.00642,0.21068,0.00801,0.45899,0.88771,0.03515,0.54958,-0.01129,0.20785,0.01584,0.46140,0.88649,0.03148,8.63,-4.87,-2.84
11.5737,138,0.35267,0.21309,-0.44743,0.58686,0.75663,-0.28687,0.02855,1,0.54241,-0.00719,0.21025,0.00921,0.45953,0.88744,0.03451,0.55091,-0.01226,0.20756,0.01684,0.46213,0.88612,0.03071,8.50,-5.06,-2.70
11.5905,139,0.36021,0.21785,-0.44409,0.58364,0.75630,-0.29448,0.02555,1,0.54377,-0.00798,0.20986,0.01036,0.45992,0.88725,0.03395,0.55223,-0.01325,0.20733,0.01738,0.46327,0.88553,0.03014,8.46,-5.26,-2.53
11.6071,140,0.37513,0.22629,-0.43632,0.57661,0.75562,-0.31063,0.00848,1,0.54521,-0.00884,0.20946,0.01158,0.46031,0.88706,0.03339,0.55352,-0.01429,0.20719,0.01748,0.46459,0.88485,0.02996,8.31,-5.45,-2.27
11.6238,141,0.38227,0.22961,-0.43253,0.57286,0.75533,-0.31829,0.00108,1,0.54661,-0.00969,0.20908,0.01276,0.46074,0.88684,0.03282,0.55479,-0.01536,0.20707,0.01766,0.46589,0.88416,0.02976,8.18,-5.68,-2.00
11.6406,142,0.38937,0.23267,-0.42888,0.56964,0.75520,-0.32432,-0.00141,1,0.54798,-0.01058,0.20872,0.01382,0.46133,0.88654,0.03224,0.55605,-0.01644,0.20694,0.01828,0.46703,0.88357,0.02931,8.07,-5.86,-1.79
11.6574,143,0.39640,0.23530,-0.42525,0.56602,0.75532,-0.33033,0.00088,1,0.54925,-0.01149,0.20842,0.01469,0.46201,0.88618,0.03173,0.55728,-0.01756,0.20680,0.01935,0.46766,0.88323,0.02866,8.03,-6.07,-1.62
11.6739,144,0.40353,0.23789,-0.42155,0.56251,0.75544,-0.33595,0.00476,1,0.55058,-0.01247,0.20814,0.01547,0.46286,0.88575,0.03126,0.55851,-0.01868,0.20665,0.02064,0.46786,0.88312,0.02791,7.92,-6.21,-1.49
11.6907,145,0.41742,0.24252,-0.41396,0.55518,0.75457,-0.34979,0.00735,1,0.55191,-0.01347,0.20792,0.01618,0.46376,0.88528,0.03083,0.55971,-0.01983,0.20651,0.02169,0.46851,0.88278,0.02713,7.79,-6.35,-1.40
11.7075,146,0.42371,0.24488,-0.40999,0.55222,0.75408,-0.35551,0.00562,1,0.55322,-0.01451,0.20774,0.01687,0.46465,0.88481,0.03039,0.56096,-0.02092,0.20643,0.02235,0.46957,0.88221,0.02654,7.75,-6.41,-1.31
11.7242,147,0.42964,0.24702,-0.40592,0.54939,0.75411,-0.35983,0.00149,1,0.55445,-0.01550,0.20762,0.01760,0.46542,0.88441,0.02991,0.56222,-0.02201,0.20640,0.02263,0.47087,0.88152,0.02638,7.77,-6.51,-1.22
11.7412,148,0.43524,0.24890,-0.40218,0.54710,0.75468,-0.36211,-0.00439,1,0.55573,-0.01657,0.20750,0.01842,0.46621,0.88400,0.02935,0.56347,-0.02312,0.20635,0.02247,0.47215,0.88083,0.02668,7.74,-6.54,-1.15
11.7577,149,0.44095,0.25000,-0.39868,0.54498,0.75487,-0.36484,-0.00770,1,0.55699,-0.01767,0.20740,0.01924,0.46703,0.88356,0.02874,0.56460,-0.02434,0.20626,0.02268,0.47346,0.88012,0.02667,7.61,-6.67,-1.13
11.7745,150,0.45191,0.25146,-0.39243,0.53954,0.75464,-0.37329,-0.00834,1,0.55825,-0.01879,0.20729,0.01999,0.46796,0.88307,0.02820,0.56568,-0.02560,0.20614,0.02343,0.47447,0.87957,0.02627,7.44,-6.81,-1.15
11.7912,151,0.45735,0.25220,-0.38946,0.53754,0.75367,-0.37809,-0.00866,1,0.55943,-0.01987,0.20717,0.02060,0.46891,0.88257,0.02779,0.56678,-0.02684,0.20596,0.02419,0.47533,0.87911,0.02543,7.34,-6.97,-1.21
11.8078,152,0.46226,0.25356,-0.38623,0.53497,0.75263,-0.38377,-0.00872,1,0.56068,-0.02104,0.20704,0.02115,0.46995,0.88201,0.02746,0.56802,-0.02795,0.20587,0.02503,0.47614,0.87867,0.02460,7.34,-6.91,-1.17
11.8248,153,0.46712,0.25511,-0.38260,0.53191,0.75222,-0.38879,-0.00934,1,0.56190,-0.02222,0.20690,0.02166,0.47101,0.88144,0.02716,0.56931,-0.02900,0.20587,0.02591,0.47707,0.87815,0.02400,7.41,-6.78,-1.04
11.8415,154,0.47196,0.25627,-0.37939,0.53004,0.75174,-0.39223,-0.01030,1,0.56312,-0.02344,0.20677,0.02221,0.47208,0.88087,0.02680,0.57055,-0.03012,0.20577,0.02659,0.47811,0.87759,0.02338,7.42,-6.68,-1.00
11.8581,155,0.47712,0.25719,-0.37570,0.52761,0.75134,-0.39624,-0.01036,1,0.56428,-0.02457,0.20666,0.02278,0.47303,0.88036,0.02641,0.57173,-0.03129,0.20573,0.02755,0.47894,0.87712,0.02274,7.45,-6.72,-0.92
11.8748,156,0.47712,0.25719,-0.37570,0.52761,0.75134,-0.39624,-0.01036,1,0.56551,-0.02576,0.20655,0.02343,0.47405,0.87980,0.02592,0.57221,-0.03175,0.20572,0.02803,0.47936,0.87688,0.02241,6.70,-5.99,-0.83
11.8915,157,0.49192,0.25934,-0.36595,0.52297,0.74731,-0.40984,-0.00859,1,0.56675,-0.02693,0.20645,0.02412,0.47505,0.87926,0.02536,0.57337,-0.03295,0.20561,0.02882,0.47998,0.87655,0.02144,6.62,-6.01,-0.84
11.9083,158,0.49671,0.25955,-0.36269,0.52134,0.74544,-0.41530,-0.00707,1,0.56789,-0.02798,0.20638,0.02481,0.47594,0.87878,0.02480,0.57445,-0.03421,0.20552,0.02968,0.48044,0.87629,0.02034,6.56,-6.23,-0.87
11.9251,159,0.50144,0.25947,-0.35960,0.51955,0.74384,-0.42040,-0.00554,1,0.56907,-0.02907,0.20632,0.02556,0.47685,0.87828,0.02418,0.57546,-0.03553,0.20538,0.03060,0.48091,0.87602,0.01928,6.40,-6.45,-0.94
11.9420,160,0.51043,0.25802,-0.35457,0.51635,0.74048,-0.43019,-0.00346,1,0.57019,-0.03015,0.20625,0.02631,0.47767,0.87783,0.02350,0.57630,-0.03695,0.20514,0.03144,0.48145,0.87572,0.01820,6.10,-6.80,-1.12
11.9587,161,0.51420,0.25710,-0.35255,0.51512,0.73962,-0.43313,-0.00360,1,0.57128,-0.03122,0.20618,0.02708,0.47839,0.87743,0.02277,0.57688,-0.03810,0.20491,0.03216,0.48226,0.87527,0.01728,5.60,-6.89,-1.26
11.9753,162,0.51760,0.25615,-0.35070,0.51421,0.73975,-0.43398,-0.00479,1,0.57227,-0.03222,0.20610,0.02781,0.47900,0.87710,0.02202,0.57738,-0.03917,0.20471,0.03256,0.48336,0.87465,0.01695,5.11,-6.95,-1.39
11.9920,163,0.52042,0.25512,-0.34898,0.51400,0.74013,-0.43357,-0.00590,1,0.57327,-0.03333,0.20600,0.02859,0.47962,0.87675,0.02113,0.57778,-0.04012,0.20460,0.03250,0.48425,0.87416,0.01715,4.51,-6.79,-1.40
12.0087,164,0.52293,0.25417,-0.34744,0.51396,0.74078,-0.43251,-0.00447,1,0.57421,-0.03448,0.20589,0.02939,0.48028,0.87639,0.02023,0.57812,-0.04098,0.20450,0.03262,0.48452,0.87400,0.01749,3.91,-6.50,-1.39
12.0255,165,0.52746,0.25091,-0.34503,0.51242,0.73910,-0.43721,-0.00062,1,0.57507,-0.03567,0.20576,0.03011,0.48104,0.87596,0.01939,0.57831,-0.04262,0.20430,0.03317,0.48466,0.87390,0.01723,3.25,-6.95,-1.45
12.0428,166,0.52869,0.25011,-0.34458,0.51128,0.73850,-0.43955,-0.00067,1,0.57583,-0.03685,0.20561,0.03072,0.48184,0.87552,0.01873,0.57839,-0.04328,0.20418,0.03391,0.48530,0.87353,0.01653,2.56,-6.43,-1.43
12.0590,167,0.52946,0.24935,-0.34433,0.51042,0.73798,-0.44142,-0.00200,1,0.57645,-0.03796,0.20545,0.03117,0.48252,0.87514,0.01828,0.57836,-0.04360,0.20410,0.03415,0.48644,0.87290,0.01592,1.91,-5.64,-1.35
12.0757,168,0.52954,0.24877,-0.34390,0.51031,0.73791,-0.44166,-0.00294,1,0.57699,-0.03915,0.20528,0.03160,0.48315,0.87478,0.01785,0.57830,-0.04379,0.20420,0.03389,0.48730,0.87243,0.01577,1.30,-4.64,-1.08
12.0924,169,0.52892,0.24783,-0.34379,0.51043,0.73936,-0.43908,-0.00385,1,0.57744,-0.04032,0.20512,0.03204,0.48379,0.87442,0.01748,0.57802,-0.04387,0.20437,0.03350,0.48775,0.87219,0.01619,0.58,-3.55,-0.75
12.1093,170,0.52593,0.24676,-0.34442,0.51239,0.74251,-0.43141,-0.00384,1,0.57776,-0.04133,0.20499,0.03244,0.48446,0.87404,0.01714,0.57728,-0.04345,0.20484,0.03301,0.48762,0.87227,0.01696,-0.48,-2.12,-0.15
12.1262,171,0.52327,0.24632,-0.34514,0.51312,0.74391,-0.42811,-0.00481,1,0.57795,-0.04222,0.20487,0.03273,0.48524,0.87360,0.01683,0.57672,-0.04294,0.20519,0.03222,0.48722,0.87249,0.01815,-1.23,-0.72,0.32
12.1428,172,0.52022,0.24519,-0.34552,0.51314,0.74513,-0.42589,-0.00870,1,0.57800,-0.04284,0.20482,0.03285,0.48598,0.87319,0.01668,0.57600,-0.04253,0.20572,0.03133,0.48746,0.87237,0.01921,-2.01,0.32,0.90
12.1594,173,0.51667,0.24340,-0.34608,0.51286,0.74642,-0.42385,-0.01368,1,0.57793,-0.04317,0.20486,0.03283,0.48653,0.87289,0.01671,0.57503,-0.04212,0.20632,0.03043,0.48816,0.87199,0.02011,-2.90,1.05,1.46
12.1761,174,0.51149,0.24182,-0.34742,0.51375,0.74851,-0.41884,-0.01936,1,0.57769,-0.04325,0.20498,0.03262,0.48700,0.87263,0.01696,0.57378,-0.04127,0.20702,0.02940,0.48842,0.87186,0.02116,-3.91,1.97,2.04
12.1928,175,0.49998,0.23902,-0.34910,0.51548,0.75589,-0.40301,-0.02229,1,0.57732,-0.04310,0.20521,0.03225,0.48733,0.87245,0.01743,0.57264,-0.04039,0.20786,0.02870,0.48811,0.87202,0.02237,-4.68,2.71,2.64
12.2096,176,0.49432,0.23810,-0.34872,0.51584,0.76133,-0.39212,-0.02298,1,0.57680,-0.04282,0.20554,0.03171,0.48750,0.87236,0.01811,0.57175,-0.03949,0.20894,0.02825,0.48756,0.87231,0.02367,-5.05,3.33,3.40
12.2264,177,0.48831,0.23660,-0.34790,0.51654,0.76736,-0.37909,-0.02500,1,0.57614,-0.04240,0.20597,0.03102,0.48764,0.87229,0.01893,0.57084,-0.03871,0.21010,0.02770,0.48709,0.87255,0.02496,-5.29,3.68,4.13
12.2432,178,0.48217,0.23309,-0.34742,0.51834,0.77178,-0.36724,-0.02849,1,0.57540,-0.04192,0.20647,0.03034,0.48775,0.87223,0.01975,0.56964,-0.03823,0.21115,0.02693,0.48672,0.87275,0.02617,-5.77,3.69,4.68
12.2598,179,0.47491,0.22837,-0.34838,0.52054,0.77460,-0.35776,-0.03229,1,0.57456,-0.04134,0.20710,0.02964,0.48777,0.87223,0.02070,0.56826,-0.03769,0.21191,0.02599,0.48641,0.87291,0.02730,-6.30,3.65,4.82
12.2766,180,0.45777,0.21699,-0.35267,0.53016,0.77601,-0.33907,-0.04209,1,0.57368,-0.04078,0.20783,0.02901,0.48769,0.87226,0.02171,0.56682,-0.03711,0.21252,0.02475,0.48615,0.87307,0.02808,-6.86,3.67,4.69
12.2935,181,0.44764,0.21184,-0.35495,0.53790,0.77573,-0.32682,-0.04575,1,0.57274,-0.04024,0.20862,0.02837,0.48753,0.87235,0.02278,0.56547,-0.03632,0.21310,0.02350,0.48565,0.87337,0.02867,-7.27,3.92,4.48
12.3103,182,0.43659,0.20701,-0.35751,0.54693,0.77578,-0.31099,-0.04808,1,0.57178,-0.03973,0.20939,0.02772,0.48731,0.87246,0.02383,0.56417,-0.03541,0.21362,0.02236,0.48500,0.87373,0.02929,-7.61,4.31,4.23
12.3269,183,0.42509,0.20262,-0.35993,0.55553,0.77667,-0.29277,-0.04957,1,0.57067,-0.03912,0.21021,0.02694,0.48701,0.87262,0.02492,0.56293,-0.03442,0.21412,0.02131,0.48430,0.87413,0.03000,-7.74,4.71,3.90
12.3437,184,0.41329,0.19827,-0.36208,0.56221,0.77863,-0.27447,-0.04827,1,0.56946,-0.03844,0.21103,0.02605,0.48665,0.87283,0.02593,0.56173,-0.03337,0.21460,0.02046,0.48345,0.87459,0.03077,-7.73,5.07,3.57
12.3603,185,0.38835,0.19019,-0.36633,0.57155,0.78300,-0.24062,-0.04845,1,0.56826,-0.03772,0.21176,0.02513,0.48626,0.87304,0.02678,0.56060,-0.03223,0.21505,0.01964,0.48267,0.87501,0.03166,-7.65,5.50,3.29
12.3771,186,0.37597,0.18574,-0.36778,0.57746,0.78364,-0.22391,-0.04806,1,0.56694,-0.03693,0.21245,0.02409,0.48581,0.87330,0.02764,0.55951,-0.03106,0.21552,0.01872,0.48187,0.87544,0.03242,-7.43,5.87,3.06
12.3937,187,0.36402,0.18110,-0.36898,0.58331,0.78400,-0.20704,-0.04711,1,0.56564,-0.03608,0.21311,0.02310,0.48525,0.87360,0.02850,0.55841,-0.02989,0.21597,0.01782,0.48104,0.87589,0.03316,-7.23,6.19,2.86
12.4105,188,0.35256,0.17577,-0.36985,0.58913,0.78395,-0.19024,-0.04646,1,0.56438,-0.03513,0.21373,0.02215,0.48458,0.87397,0.02936,0.55727,-0.02877,0.21643,0.01689,0.48022,0.87633,0.03388,-7.11,6.36,2.71
12.4272,189,0.34208,0.16996,-0.37016,0.59447,0.78378,-0.17373,-0.04592,1,0.56320,-0.03420,0.21427,0.02127,0.48394,0.87432,0.03011,0.55609,-0.02770,0.21694,0.01597,0.47941,0.87676,0.03463,-7.11,6.50,2.67
12.4439,190,0.33231,0.16388,-0.37026,0.59938,0.78348,-0.15785,-0.04457,1,0.56197,-0.03323,0.21479,0.02032,0.48329,0.87468,0.03088,0.55489,-0.02666,0.21744,0.01509,0.47854,0.87722,0.03535,-7.09,6.56,2.65
12.4607,191,0.31432,0.14988,-0.36997,0.60880,0.78228,-0.12642,-0.03762,1,0.56078,-0.03226,0.21527,0.01938,0.48257,0.87507,0.03166,0.55360,-0.02573,0.21795,0.01429,0.47756,0.87775,0.03596,-7.18,6.53,2.68
12.4774,192,0.30644,0.14226,-0.36931,0.61459,0.78073,-0.10859,-0.03098,1,0.55968,-0.03130,0.21571,0.01850,0.48181,0.87548,0.03243,0.55229,-0.02486,0.21849,0.01356,0.47648,0.87833,0.03642,-7.40,6.43,2.78
12.4941,193,0.29921,0.13493,-0.36818,0.61940,0.77947,-0.09059,-0.02370,1,0.55850,-0.03020,0.21619,0.01755,0.48097,0.87593,0.03325,0.55099,-0.02399,0.21908,0.01290,0.47537,0.87892,0.03689,-7.51,6.21,2.89
12.5108,194,0.29274,0.12756,-0.36694,0.62278,0.77867,-0.07424,-0.01743,1,0.55730,-0.02908,0.21672,0.01665,0.48008,0.87641,0.03397,0.54968,-0.02315,0.21967,0.01228,0.47426,0.87950,0.03743,-7.62,5.93,2.95
12.5277,195,0.28014,0.11227,-0.36470,0.62898,0.77583,-0.04797,-0.01323,1,0.55606,-0.02800,0.21726,0.01577,0.47918,0.87689,0.03462,0.54836,-0.02229,0.22023,0.01146,0.47332,0.87999,0.03811,-7.70,5.71,2.96
12.5443,196,0.27403,0.10440,-0.36323,0.63339,0.77284,-0.03563,-0.01627,1,0.55489,-0.02703,0.21779,0.01499,0.47829,0.87737,0.03518,0.54706,-0.02142,0.22079,0.01032,0.47282,0.88024,0.03891,-7.82,5.61,3.00
12.5613,197,0.26841,0.09642,-0.36205,0.63771,0.76975,-0.02128,-0.01894,1,0.55363,-0.02604,0.21835,0.01422,0.47729,0.87790,0.03576,0.54571,-0.02057,0.22128,0.00924,0.47225,0.88052,0.03973,-7.91,5.47,2.93
12.5779,198,0.26309,0.08789,-0.36089,0.64213,0.76623,-0.00711,-0.02266,1,0.55234,-0.02508,0.21890,0.01343,0.47632,0.87842,0.03636,0.54432,-0.01978,0.22174,0.00812,0.47176,0.88076,0.04057,-8.02,5.30,2.84
12.5947,199,0.25822,0.07999,-0.35940,0.64653,0.76239,0.00700,-0.02671,1,0.55104,-0.02413,0.21945,0.01262,0.47541,0.87890,0.03697,0.54295,-0.01896,0.22223,0.00699,0.47130,0.88097,0.04141,-8.09,5.16,2.77
12.6114,200,0.25034,0.06413,-0.35502,0.65435,0.75483,0.03190,-0.03213,1,0.54980,-0.02332,0.21995,0.01181,0.47467,0.87928,0.03755,0.54157,-0.01826,0.22283,0.00584,0.47078,0.88122,0.04219,-8.24,5.06,2.87
12.6282,201,0.24756,0.05641,-0.35255,0.65492,0.75383,0.04271,-0.03144,1,0.54847,-0.02253,0.22044,0.01089,0.47395,0.87965,0.03822,0.54014,-0.01767,0.22346,0.00512,0.46988,0.88167,0.04304,-8.33,4.86,3.03
12.6449,202,0.24557,0.04858,-0.35037,0.65518,0.75289,0.05465,-0.03016,1,0.54714,-0.02173,0.22092,0.00991,0.47326,0.88000,0.03900,0.53866,-0.01719,0.22406,0.00446,0.46893,0.88214,0.04387,-8.48,4.54,3.15
12.6616,203,0.24435,0.04047,-0.34806,0.65649,0.75081,0.06691,-0.02872,1,0.54579,-0.02091,0.22142,0.00890,0.47257,0.88035,0.03983,0.53716,-0.01684,0.22469,0.00365,0.46800,0.88259,0.04460,-8.63,4.07,3.27
12.6784,204,0.24367,0.03203,-0.34587,0.65917,0.74732,0.07822,-0.02989,1,0.54448,-0.02010,0.22195,0.00795,0.47188,0.88069,0.04059,0.53563,-0.01655,0.22530,0.00258,0.46735,0.88291,0.04536,-8.85,3.55,3.35
12.6950,205,0.24336,0.01459,-0.34176,0.66576,0.73948,0.09332,-0.03495,1,0.54306,-0.01932,0.22254,0.00698,0.47115,0.88105,0.04137,0.53408,-0.01634,0.22586,0.00129,0.46701,0.88305,0.04604,-8.98,2.98,3.32
12.7118,206,0.24387,0.00600,-0.33953,0.66931,0.73553,0.09908,-0.03468,1,0.54161,-0.01863,0.22313,0.00601,0.47040,0.88143,0.04215,0.53252,-0.01622,0.22644,-0.00005,0.46646,0.88333,0.04628,-9.09,2.42,3.31
12.7285,207,0.24477,-0.00233,-0.33717,0.67324,0.73115,0.10528,-0.03288,1,0.54016,-0.01804,0.22374,0.00507,0.46962,0.88181,0.04294,0.53097,-0.01614,0.22705,-0.00132,0.46576,0.88370,0.04634,-9.18,1.90,3.31
12.7454,208,0.24619,-0.01022,-0.33464,0.67567,0.72799,0.11252,-0.02919,1,0.53876,-0.01757,0.22432,0.00413,0.46892,0.88215,0.04367,0.52944,-0.01615,0.22771,-0.00228,0.46473,0.88423,0.04643,-9.32,1.42,3.38
12.7621,209,0.24818,-0.01753,-0.33208,0.67703,0.72576,0.11970,-0.02422,1,0.53724,-0.01716,0.22493,0.00307,0.46825,0.88248,0.04434,0.52793,-0.01626,0.22841,-0.00298,0.46356,0.88484,0.04648,-9.31,0.90,3.47
12.7790,210,0.25254,-0.03061,-0.32705,0.68133,0.72114,0.12383,-0.02047,1,0.53569,-0.01691,0.22554,0.00196,0.46759,0.88280,0.04487,0.52645,-0.01642,0.22915,-0.00411,0.46279,0.88526,0.04612,-9.24,0.49,3.61
12.7957,211,0.25435,-0.03685,-0.32437,0.68481,0.71804,0.12232,-0.02208,1,0.53414,-0.01680,0.22615,0.00088,0.46693,0.88313,0.04529,0.52497,-0.01648,0.22992,-0.00524,0.46268,0.88533,0.04569,-9.17,0.31,3.77
12.8128,212,0.25571,-0.04279,-0.32120,0.68806,0.71499,0.12110,-0.02627,1,0.53260,-0.01675,0.22676,-0.00018,0.46615,0.88353,0.04565,0.52355,-0.01644,0.23078,-0.00632,0.46318,0.88507,0.04554,-9.05,0.31,4.02
12.8290,213,0.25718,-0.04855,-0.31814,0.68903,0.71363,0.12330,-0.02753,1,0.53114,-0.01671,0.22737,-0.00118,0.46541,0.88390,0.04589,0.52212,-0.01645,0.23164,-0.00751,0.46326,0.88500,0.04597,-9.02,0.27,4.27
12.8459,214,0.25887,-0.05389,-0.31511,0.68843,0.71350,0.12736,-0.02736,1,0.52960,-0.01665,0.22806,-0.00225,0.46472,0.88426,0.04601,0.52072,-0.01651,0.23254,-0.00834,0.46280,0.88519,0.04666,-8.88,0.14,4.48
12.8629,215,0.26237,-0.06287,-0.30956,0.68716,0.71301,0.13618,-0.02971,1,0.52805,-0.01658,0.22878,-0.00334,0.46422,0.88452,0.04603,0.51936,-0.01665,0.23349,-0.00889,0.46213,0.88547,0.04785,-8.70,-0.06,4.71
12.8791,216,0.26395,-0.06651,-0.30687,0.68633,0.71355,0.13689,-0.03253,1,0.52663,-0.01652,0.22949,-0.00436,0.46388,0.88469,0.04607,0.51825,-0.01675,0.23441,-0.00913,0.46207,0.88544,0.04911,-8.38,-0.23,4.92
12.8960,217,0.26526,-0.06970,-0.30413,0.68596,0.71406,0.13510,-0.03634,1,0.52516,-0.01646,0.23032,-0.00537,0.46355,0.88485,0.04620,0.51730,-0.01679,0.23532,-0.00916,0.46258,0.88511,0.05007,-7.86,-0.34,5.00
12.9132,218,0.26681,-0.07262,-0.30122,0.68529,0.71474,0.13428,-0.03871,1,0.52373,-0.01639,0.23121,-0.00628,0.46323,0.88500,0.04650,0.51642,-0.01691,0.23630,-0.00871,0.46360,0.88454,0.05090,-7.31,-0.52,5.08
12.9296,219,0.27096,-0.07753,-0.29558,0.68201,0.71718,0.13798,-0.03854,1,0.52242,-0.01633,0.23211,-0.00703,0.46297,0.88510,0.04698,0.51543,-0.01729,0.23758,-0.00821,0.46395,0.88431,0.05181,-7.00,-0.96,5.47
12.9463,220,0.27333,-0.07986,-0.29274,0.67949,0.71908,0.14107,-0.03635,1,0.52108,-0.01635,0.23305,-0.00771,0.46283,0.88513,0.04760,0.51470,-0.01766,0.23861,-0.00768,0.46366,0.88442,0.05255,-6.39,-1.31,5.56
12.9630,221,0.27601,-0.08204,-0.28986,0.67761,0.72023,0.14457,-0.03479,1,0.51983,-0.01649,0.23399,-0.00815,0.46291,0.88505,0.04835,0.51401,-0.01812,0.23967,-0.00735,0.46273,0.88487,0.05324,-5.83,-1.64,5.68
12.9797,222,0.27897,-0.08390,-0.28704,0.67547,0.72203,0.14590,-0.03361,1,0.51869,-0.01674,0.23495,-0.00834,0.46308,0.88491,0.04919,0.51339,-0.01867,0.24074,-0.00637,0.46182,0.88532,0.05376,-5.30,-1.93,5.79
12.9964,223,0.28196,-0.08591,-0.28399,0.67330,0.72456,0.14377,-0.03185,1,0.51770,-0.01706,0.23588,-0.00830,0.46319,0.88481,0.05003,0.51274,-0.01920,0.24188,-0.00515,0.46135,0.88558,0.05375,-4.96,-2.15,6.00
13.0131,224,0.28846,-0.08968,-0.27775,0.67127,0.72792,0.13633,-0.03074,1,0.51673,-0.01741,0.23692,-0.00810,0.46313,0.88479,0.05090,0.51204,-0.01990,0.24322,-0.00396,0.46145,0.88555,0.05335,-4.69,-2.49,6.30
13.0298,225,0.29171,-0.09193,-0.27462,0.66989,0.72982,0.13296,-0.03066,1,0.51582,-0.01779,0.23799,-0.00777,0.46288,0.88488,0.05168,0.51133,-0.02052,0.24440,-0.00269,0.46203,0.88528,0.05287,-4.48,-2.73,6.42
13.0467,226,0.29507,-0.09452,-0.27144,0.66827,0.73173,0.13079,-0.02967,1,0.51495,-0.01817,0.23906,-0.00727,0.46253,0.88503,0.05227,0.51053,-0.02116,0.24562,-0.00127,0.46216,0.88525,0.05241,-4.42,-2.99,6.56
13.0633,227,0.29835,-0.09732,-0.26850,0.66598,0.73411,0.12953,-0.02791,1,0.51419,-0.01855,0.24010,-0.00660,0.46225,0.88516,0.05266,0.50966,-0.02179,0.24676,0.00016,0.46182,0.88544,0.05216,-4.53,-3.24,6.66
13.0800,228,0.30173,-0.10022,-0.26552,0.66279,0.73714,0.12900,-0.02625,1,0.51345,-0.01898,0.24129,-0.00566,0.46209,0.88524,0.05285,0.50877,-0.02244,0.24793,0.00157,0.46137,0.88566,0.05227,-4.67,-3.46,6.65
13.0968,229,0.30784,-0.10636,-0.25959,0.65915,0.74103,0.12536,-0.02605,1,0.51270,-0.01949,0.24250,-0.00460,0.46204,0.88527,0.05281,0.50780,-0.02303,0.24915,0.00302,0.46157,0.88556,0.05220,-4.90,-3.54,6.65
13.1136,230,0.31085,-0.10895,-0.25652,0.65823,0.74225,0.12279,-0.02679,1,0.51193,-0.02004,0.24370,-0.00348,0.46198,0.88532,0.05267,0.50704,-0.02360,0.25032,0.00417,0.46235,0.88517,0.05192,-4.88,-3.56,6.61
13.1303,231,0.31369,-0.11144,-0.25352,0.65674,0.74391,0.12066,-0.02706,1,0.51117,-0.02056,0.24480,-0.00238,0.46187,0.88539,0.05255,0.50632,-0.02413,0.25146,0.00554,0.46288,0.88489,0.05176,-4.84,-3.57,6.65
13.1470,232,0.31649,-0.11381,-0.25049,0.65455,0.74597,0.12010,-0.02574,1,0.51033,-0.02110,0.24598,-0.00112,0.46181,0.88543,0.05242,0.50565,-0.02466,0.25259,0.00694,0.46275,0.88495,0.05172,-4.68,-3.56,6.62
13.1637,233,0.31936,-0.11606,-0.24764,0.65153,0.74852,0.12123,-0.02314,1,0.50951,-0.02163,0.24718,0.00020,0.46188,0.88540,0.05229,0.50500,-0.02523,0.25368,0.00809,0.46201,0.88532,0.05188,-4.51,-3.60,6.50
13.1805,234,0.32506,-0.12088,-0.24212,0.64735,0.75160,0.12518,-0.01917,1,0.50873,-0.02218,0.24831,0.00145,0.46205,0.88532,0.05214,0.50417,-0.02590,0.25497,0.00882,0.46090,0.88587,0.05232,-4.56,-3.72,6.66
13.1973,235,0.32759,-0.12397,-0.23933,0.64661,0.75212,0.12616,-0.01718,1,0.50791,-0.02281,0.24948,0.00280,0.46220,0.88525,0.05199,0.50330,-0.02633,0.25606,0.00927,0.45964,0.88652,0.05218,-4.61,-3.52,6.58
13.2139,236,0.32991,-0.12680,-0.23683,0.64499,0.75353,0.12646,-0.01382,1,0.50713,-0.02340,0.25067,0.00418,0.46218,0.88525,0.05193,0.50250,-0.02671,0.25705,0.01014,0.45861,0.88707,0.05178,-4.64,-3.31,6.38
13.2308,237,0.33190,-0.13020,-0.23403,0.64316,0.75519,0.12626,-0.00982,1,0.50634,-0.02398,0.25185,0.00545,0.46196,0.88536,0.05193,0.50156,-0.02696,0.25812,0.01106,0.45768,0.88757,0.05125,-4.78,-2.98,6.27
13.2477,238,0.33389,-0.13352,-0.23133,0.64186,0.75610,0.12760,-0.00716,1,0.50551,-0.02455,0.25298,0.00655,0.46149,0.88560,0.05193,0.50064,-0.02722,0.25917,0.01164,0.45645,0.88820,0.05120,-4.87,-2.67,6.19
13.2646,239,0.33786,-0.13966,-0.22520,0.63855,0.75752,0.13565,-0.00290,1,0.50467,-0.02513,0.25411,0.00758,0.46085,0.88593,0.05189,0.49968,-0.02751,0.26050,0.01178,0.45523,0.88879,0.05177,-4.98,-2.38,6.39
13.2813,240,0.33962,-0.14283,-0.22173,0.63647,0.75823,0.14139,-0.00054,1,0.50389,-0.02563,0.25517,0.00851,0.46012,0.88630,0.05184,0.49886,-0.02764,0.26176,0.01178,0.45406,0.88935,0.05251,-5.03,-2.01,6.59
13.2978,241,0.34144,-0.14555,-0.21857,0.63387,0.75916,0.14792,0.00083,1,0.50305,-0.02617,0.25625,0.00937,0.45926,0.88674,0.05179,0.49816,-0.02782,0.26291,0.01178,0.45301,0.88982,0.05348,-4.89,-1.64,6.66
13.3146,242,0.34306,-0.14808,-0.21556,0.63122,0.76047,0.15246,0.00160,1,0.50217,-0.02664,0.25730,0.01004,0.45828,0.88724,0.05181,0.49751,-0.02794,0.26401,0.01204,0.45204,0.89025,0.05451,-4.66,-1.30,6.70
13.3314,243,0.34459,-0.15028,-0.21257,0.62855,0.76222,0.15474,0.00148,1,0.50135,-0.02695,0.25833,0.01055,0.45728,0.88774,0.05200,0.49697,-0.02805,0.26508,0.01282,0.45139,0.89050,0.05558,-4.37,-1.10,6.74
13.3481,244,0.34672,-0.15441,-0.20633,0.62531,0.76495,0.15414,-0.00885,1,0.50051,-0.02719,0.25951,0.01103,0.45622,0.88826,0.05236,0.49631,-0.02802,0.26661,0.01344,0.45139,0.89043,0.05663,-4.20,-0.84,7.10
13.3649,245,0.34762,-0.15635,-0.20297,0.62475,0.76495,0.15576,-0.01662,1,0.49971,-0.02736,0.26073,0.01140,0.45519,0.88875,0.05286,0.49593,-0.02794,0.26774,0.01356,0.45189,0.89010,0.05774,-3.78,-0.58,7.01
13.3817,246,0.34820,-0.15820,-0.19982,0.62227,0.76615,0.15910,-0.02209,1,0.49894,-0.02751,0.26196,0.01176,0.45424,0.88919,0.05349,0.49557,-0.02778,0.26878,0.01367,0.45219,0.88985,0.05918,-3.37,-0.27,6.81
13.3984,247,0.34881,-0.15962,-0.19739,0.61834,0.76794,0.16522,-0.02510,1,0.49826,-0.02761,0.26314,0.01214,0.45349,0.88953,0.05423,0.49530,-0.02769,0.26959,0.01385,0.45182,0.88994,0.06062,-2.97,-0.08,6.45
13.4152,248,0.34910,-0.16084,-0.19563,0.61507,0.76942,0.17020,-0.02688,1,0.49761,-0.02766,0.26441,0.01255,0.45292,0.88975,0.05519,0.49505,-0.02756,0.27018,0.01406,0.45130,0.89010,0.06200,-2.55,0.09,5.77
13.4319,249,0.34883,-0.16259,-0.19411,0.60860,0.77378,0.17335,-0.02857,1,0.49700,-0.02766,0.26566,0.01290,0.45257,0.88986,0.05626,0.49468,-0.02725,0.27068,0.01496,0.45092,0.89021,0.06311,-2.33,0.41,5.02
13.4486,250,0.34825,-0.16329,-0.19392,0.60663,0.77530,0.17292,-0.03171,1,0.49646,-0.02762,0.26684,0.01320,0.45228,0.88993,0.05743,0.49452,-0.02702,0.27072,0.01580,0.45120,0.88998,0.06412,-1.94,0.59,3.89
13.4654,251,0.34743,-0.16361,-0.19429,0.60407,0.77736,0.17193,-0.03544,1,0.49601,-0.02754,0.26784,0.01348,0.45202,0.88998,0.05860,0.49444,-0.02680,0.27056,0.01673,0.45192,0.88954,0.06495,-1.57,0.74,2.72
13.4824,252,0.34650,-0.16344,-0.19522,0.60092,0.77971,0.17153,-0.03911,1,0.49555,-0.02743,0.26876,0.01380,0.45173,0.89004,0.05980,0.49446,-0.02662,0.27021,0.01769,0.45245,0.88917,0.06590,-1.10,0.81,1.45
13.4993,253,0.34521,-0.16320,-0.19666,0.59704,0.78280,0.17036,-0.04169,1,0.49519,-0.02728,0.26953,0.01427,0.45157,0.89003,0.06099,0.49446,-0.02639,0.26967,0.01894,0.45281,0.88891,0.06659,-0.73,0.89,0.14
13.5160,254,0.34166,-0.16167,-0.20171,0.59362,0.78497,0.17069,-0.04806,1,0.49492,-0.02712,0.27008,0.01487,0.45159,0.88994,0.06216,0.49459,-0.02598,0.26816,0.01963,0.45344,0.88850,0.06765,-0.34,1.14,-1.92
13.5325,255,0.33922,-0.16009,-0.20514,0.59396,0.78484,0.16994,-0.04858,1,0.49471,-0.02697,0.27037,0.01551,0.45175,0.88977,0.06317,0.49483,-0.02568,0.26687,0.01998,0.45417,0.88809,0.06804,0.12,1.30,-3.50
13.5493,256,0.33628,-0.15824,-0.20886,0.59482,0.78489,0.16708,-0.04713,1,0.49454,-0.02683,0.27040,0.01628,0.45202,0.88955,0.06417,0.49514,-0.02528,0.26543,0.02035,0.45471,0.88783,0.06772,0.60,1.55,-4.98
13.5659,257,0.33295,-0.15574,-0.21299,0.59510,0.78587,0.16179,-0.04562,1,0.49444,-0.02665,0.27014,0.01708,0.45237,0.88928,0.06515,0.49560,-0.02485,0.26388,0.02101,0.45517,0.88765,0.06672,1.15,1.80,-6.26
13.5827,258,0.32929,-0.15300,-0.21713,0.59494,0.78710,0.15606,-0.04650,1,0.49442,-0.02641,0.26960,0.01786,0.45272,0.88902,0.06605,0.49610,-0.02437,0.26237,0.02184,0.45603,0.88725,0.06591,1.68,2.04,-7.23
13.5994,259,0.32027,-0.14479,-0.22653,0.59134,0.78986,0.15195,-0.05784,1,0.49445,-0.02611,0.26888,0.01849,0.45322,0.88871,0.06672,0.49676,-0.02387,0.26092,0.02254,0.45699,0.88675,0.06582,2.31,2.23,-7.96
13.6164,260,0.31560,-0.14019,-0.23123,0.58736,0.79221,0.15340,-0.06230,1,0.49452,-0.02582,0.26789,0.01910,0.45370,0.88843,0.06701,0.49746,-0.02339,0.25949,0.02324,0.45764,0.88635,0.06640,2.95,2.43,-8.40
13.6331,261,0.31100,-0.13533,-0.23597,0.58285,0.79481,0.15563,-0.06587,1,0.49469,-0.02551,0.26674,0.01976,0.45424,0.88813,0.06703,0.49819,-0.02294,0.25806,0.02395,0.45783,0.88615,0.06755,3.49,2.58,-8.68
13.6499,262,0.30663,-0.12956,-0.24122,0.57767,0.79787,0.15828,-0.06820,1,0.49502,-0.02515,0.26550,0.02047,0.45485,0.88781,0.06698,0.49896,-0.02263,0.25661,0.02477,0.45762,0.88613,0.06879,3.95,2.52,-8.89
13.6663,263,0.30235,-0.12331,-0.24670,0.57358,0.80106,0.15693,-0.06848,1,0.49542,-0.02475,0.26429,0.02114,0.45544,0.88749,0.06696,0.49976,-0.02240,0.25517,0.02604,0.45751,0.88611,0.06943,4.34,2.35,-9.13
13.6832,264,0.29460,-0.10958,-0.25769,0.56928,0.80447,0.15374,-0.07156,1,0.49591,-0.02430,0.26296,0.02182,0.45605,0.88716,0.06707,0.50061,-0.02224,0.25374,0.02734,0.45803,0.88577,0.06982,4.69,2.05,-9.22
13.6998,265,0.29108,-0.10205,-0.26345,0.56838,0.80534,0.15208,-0.07246,1,0.49648,-0.02388,0.26158,0.02255,0.45652,0.88687,0.06736,0.50148,-0.02218,0.25232,0.02854,0.45881,0.88534,0.06971,5.00,1.70,-9.26
13.7167,266,0.28768,-0.09442,-0.26936,0.56778,0.80604,0.15002,-0.07367,1,0.49715,-0.02357,0.26017,0.02338,0.45692,0.88661,0.06780,0.50235,-0.02214,0.25090,0.02953,0.45978,0.88482,0.06947,5.20,1.43,-9.27
13.7335,267,0.28454,-0.08686,-0.27526,0.56628,0.80736,0.14788,-0.07504,1,0.49783,-0.02333,0.25883,0.02423,0.45723,0.88639,0.06829,0.50321,-0.02213,0.24947,0.03077,0.46051,0.88439,0.06951,5.38,1.20,-9.36
13.7504,268,0.28162,-0.07879,-0.28149,0.56344,0.80991,0.14491,-0.07473,1,0.49857,-0.02308,0.25738,0.02516,0.45759,0.88614,0.06878,0.50408,-0.02217,0.24805,0.03224,0.46065,0.88429,0.06932,5.50,0.91,-9.32
13.7668,269,0.27679,-0.06172,-0.29544,0.55888,0.81527,0.13205,-0.07453,1,0.49936,-0.02288,0.25590,0.02614,0.45804,0.88585,0.06916,0.50490,-0.02232,0.24661,0.03349,0.46110,0.88405,0.06867,5.55,0.56,-9.29
13.7836,270,0.27479,-0.05305,-0.30257,0.56226,0.81432,0.12125,-0.07768,1,0.50018,-0.02272,0.25444,0.02721,0.45855,0.88554,0.06943,0.50571,-0.02249,0.24516,0.03412,0.46191,0.88367,0.06782,5.53,0.24,-9.28
13.8007,271,0.27304,-0.04447,-0.30950,0.56694,0.81249,0.10880,-0.08126,1,0.50106,-0.02259,0.25301,0.02837,0.45901,0.88525,0.06957,0.50654,-0.02265,0.24373,0.03429,0.46291,0.88322,0.06682,5.49,-0.05,-9.28
13.8175,272,0.27150,-0.03630,-0.31641,0.56932,0.81202,0.09720,-0.08392,1,0.50188,-0.02252,0.25169,0.02949,0.45948,0.88497,0.06955,0.50736,-0.02280,0.24228,0.03472,0.46387,0.88277,0.06585,5.48,-0.27,-9.40
13.8341,273,0.27027,-0.02825,-0.32346,0.57270,0.80986,0.09108,-0.08858,1,0.50274,-0.02244,0.25029,0.03062,0.45998,0.88469,0.06931,0.50816,-0.02296,0.24083,0.03454,0.46508,0.88219,0.06520,5.42,-0.52,-9.46
13.8507,274,0.26906,-0.01269,-0.33805,0.57417,0.80948,0.07997,-0.09313,1,0.50355,-0.02250,0.24885,0.03157,0.46066,0.88434,0.06884,0.50893,-0.02321,0.23937,0.03499,0.46617,0.88165,0.06444,5.37,-0.71,-9.48
13.8674,275,0.26936,-0.00497,-0.34573,0.57301,0.81122,0.07238,-0.09133,1,0.50432,-0.02267,0.24745,0.03233,0.46142,0.88396,0.06829,0.50966,-0.02356,0.23792,0.03588,0.46673,0.88138,0.06353,5.35,-0.89,-9.53
13.8841,276,0.26995,0.00257,-0.35336,0.57544,0.81070,0.06087,-0.08908,1,0.50515,-0.02283,0.24594,0.03299,0.46223,0.88356,0.06769,0.51039,-0.02394,0.23647,0.03640,0.46725,0.88118,0.06223,5.24,-1.11,-9.48
13.9009,277,0.27133,0.00980,-0.36060,0.58093,0.80733,0.04811,-0.09180,1,0.50597,-0.02297,0.24444,0.03353,0.46309,0.88314,0.06702,0.51113,-0.02440,0.23505,0.03644,0.46817,0.88077,0.06113,5.16,-1.44,-9.39
13.9178,278,0.27292,0.01742,-0.36740,0.58539,0.80433,0.03460,-0.09580,1,0.50679,-0.02313,0.24297,0.03405,0.46398,0.88271,0.06624,0.51198,-0.02484,0.23368,0.03658,0.46917,0.88030,0.06013,5.19,-1.71,-9.29
13.9344,279,0.27796,0.03243,-0.37932,0.59301,0.79817,0.00850,-0.10582,1,0.50757,-0.02330,0.24162,0.03454,0.46474,0.88235,0.06543,0.51293,-0.02538,0.23242,0.03672,0.47024,0.87978,0.05922,5.36,-2.08,-9.20
13.9512,280,0.28127,0.04028,-0.38460,0.59596,0.79478,-0.00324,-0.11464,1,0.50837,-0.02346,0.24021,0.03497,0.46553,0.88199,0.06447,0.51401,-0.02593,0.23128,0.03674,0.47148,0.87916,0.05865,5.64,-2.47,-8.92
13.9678,281,0.28549,0.04810,-0.38949,0.59961,0.79057,-0.01589,-0.12331,1,0.50917,-0.02376,0.23878,0.03532,0.46644,0.88157,0.06342,0.51514,-0.02657,0.23024,0.03673,0.47269,0.87855,0.05799,5.97,-2.80,-8.54
13.9846,282,0.29057,0.05504,-0.39442,0.60294,0.78712,-0.03189,-0.12604,1,0.51001,-0.02425,0.23733,0.03562,0.46743,0.88111,0.06237,0.51622,-0.02734,0.22923,0.03706,0.47361,0.87811,0.05695,6.21,-3.09,-8.10
14.0013,283,0.30221,0.06707,-0.40337,0.60853,0.78176,-0.06836,-0.11773,1,0.51087,-0.02474,0.23599,0.03585,0.46835,0.88067,0.06151,0.51727,-0.02824,0.22829,0.03764,0.47411,0.87789,0.05568,6.39,-3.50,-7.70
14.0180,284,0.30887,0.07253,-0.40711,0.61345,0.77697,-0.08615,-0.11209,1,0.51185,-0.02525,0.23465,0.03608,0.46933,0.88019,0.06068,0.51833,-0.02920,0.22745,0.03804,0.47452,0.87774,0.05430,6.49,-3.95,-7.19
14.0349,285,0.31580,0.07777,-0.41005,0.61821,0.77145,-0.10268,-0.11012,1,0.51285,-0.02580,0.23340,0.03630,0.47032,0.87972,0.05982,0.51946,-0.03019,0.22672,0.03830,0.47513,0.87748,0.05298,6.61,-4.39,-6.69
14.0515,286,0.32284,0.08251,-0.41214,0.62202,0.76627,-0.11777,-0.10980,1,0.51380,-0.02632,0.23231,0.03649,0.47120,0.87930,0.05896,0.52061,-0.03122,0.22610,0.03855,0.47585,0.87716,0.05173,6.81,-4.90,-6.21
14.0683,287,0.32994,0.08711,-0.41372,0.62209,0.76441,-0.13035,-0.10814,1,0.51482,-0.02693,0.23120,0.03670,0.47203,0.87891,0.05791,0.52181,-0.03225,0.22557,0.03923,0.47649,0.87684,0.05060,6.99,-5.32,-5.64
14.0850,288,0.34446,0.09611,-0.41638,0.61750,0.76651,-0.14757,-0.09685,1,0.51588,-0.02767,0.23019,0.03698,0.47287,0.87852,0.05676,0.52302,-0.03328,0.22506,0.04036,0.47661,0.87678,0.04965,7.13,-5.61,-5.13
14.1017,289,0.35211,0.10060,-0.41688,0.61596,0.76701,-0.15619,-0.08886,1,0.51700,-0.02862,0.22923,0.03730,0.47369,0.87814,0.05555,0.52425,-0.03433,0.22465,0.04142,0.47646,0.87687,0.04861,7.25,-5.71,-4.58
14.1185,290,0.35942,0.10468,-0.41683,0.61450,0.76660,-0.16668,-0.08320,1,0.51813,-0.02959,0.22844,0.03771,0.47435,0.87784,0.05446,0.52547,-0.03541,0.22431,0.04241,0.47665,0.87679,0.04750,7.35,-5.82,-4.13
14.1353,291,0.36653,0.10864,-0.41666,0.61368,0.76550,-0.17632,-0.07950,1,0.51933,-0.03057,0.22771,0.03820,0.47489,0.87760,0.05332,0.52671,-0.03648,0.22397,0.04328,0.47700,0.87662,0.04634,7.37,-5.91,-3.74
14.1522,292,0.37368,0.11235,-0.41564,0.61316,0.76422,-0.18490,-0.07620,1,0.52052,-0.03152,0.22706,0.03876,0.47531,0.87741,0.05216,0.52794,-0.03758,0.22378,0.04410,0.47734,0.87645,0.04514,7.42,-6.05,-3.28
14.1687,293,0.38588,0.11936,-0.41497,0.60797,0.76552,-0.19994,-0.06614,1,0.52171,-0.03247,0.22647,0.03942,0.47565,0.87727,0.05102,0.52921,-0.03860,0.22344,0.04530,0.47742,0.87639,0.04424,7.50,-6.13,-3.03
14.1854,294,0.39169,0.12281,-0.41448,0.60485,0.76674,-0.20685,-0.05890,1,0.52286,-0.03338,0.22597,0.04013,0.47593,0.87715,0.04998,0.53050,-0.03959,0.22307,0.04655,0.47723,0.87647,0.04344,7.64,-6.21,-2.90
14.2023,295,0.39737,0.12701,-0.41356,0.60234,0.76732,-0.21331,-0.05387,1,0.52411,-0.03439,0.22552,0.04099,0.47619,0.87703,0.04886,0.53190,-0.04045,0.22277,0.04776,0.47722,0.87645,0.04256,7.79,-6.06,-2.74
14.2189,296,0.40298,0.13101,-0.41256,0.60079,0.76702,-0.21952,-0.05037,1,0.52537,-0.03543,0.22514,0.04193,0.47646,0.87690,0.04774,0.53328,-0.04133,0.22247,0.04882,0.47739,0.87635,0.04152,7.91,-5.90,-2.67
14.2356,297,0.40781,0.13576,-0.41175,0.59817,0.76758,-0.22535,-0.04724,1,0.52663,-0.03652,0.22479,0.04292,0.47670,0.87678,0.04663,0.53478,-0.04196,0.22212,0.05006,0.47760,0.87621,0.04071,8.15,-5.44,-2.67
14.2525,0,0.41484,0.14701,-0.41087,0.59210,0.76981,-0.23474,-0.04116,1,0.52783,-0.03756,0.22446,0.04388,0.47687,0.87669,0.04565,0.53638,-0.04221,0.22171,0.05142,0.47773,0.87608,0.04011,8.55,-4.65,-2.74
14.2695,1,0.41829,0.15325,-0.40987,0.58961,0.77112,-0.23710,-0.03904,1,0.52913,-0.03856,0.22411,0.04493,0.47697,0.87663,0.04471,0.53801,-0.04237,0.22140,0.05290,0.47772,0.87601,0.03983,8.88,-3.81,-2.70
14.2861,2,0.42138,0.15904,-0.40921,0.58724,0.77233,-0.23917,-0.03801,1,0.53048,-0.03949,0.22375,0.04603,0.47706,0.87657,0.04381,0.53963,-0.04250,0.22103,0.05435,0.47799,0.87578,0.03971,9.15,-3.01,-2.72
14.3030,3,0.42395,0.16498,-0.40879,0.58530,0.77335,-0.24093,-0.03612,1,0.53189,-0.04029,0.22340,0.04721,0.47720,0.87647,0.04295,0.54124,-0.04247,0.22062,0.05582,0.47789,0.87576,0.03943,9.36,-2.18,-2.79
14.3200,4,0.42627,0.17105,-0.40842,0.58449,0.77373,-0.24251,-0.02995,1,0.53336,-0.04098,0.22307,0.04847,0.47735,0.87636,0.04218,0.54285,-0.04237,0.22020,0.05694,0.47727,0.87605,0.03889,9.49,-1.39,-2.87
14.3364,5,0.43112,0.18305,-0.40711,0.58127,0.77350,-0.25227,-0.01362,1,0.53481,-0.04145,0.22274,0.04972,0.47745,0.87627,0.04159,0.54448,-0.04233,0.21983,0.05801,0.47675,0.87630,0.03800,9.67,-0.87,-2.91
14.3531,6,0.43341,0.18939,-0.40581,0.57836,0.77330,-0.25965,-0.00965,1,0.53637,-0.04180,0.22239,0.05106,0.47751,0.87618,0.04104,0.54613,-0.04227,0.21961,0.05914,0.47689,0.87619,0.03706,9.76,-0.48,-2.78
14.3698,7,0.43548,0.19601,-0.40404,0.57471,0.77366,-0.26658,-0.01006,1,0.53795,-0.04198,0.22201,0.05240,0.47743,0.87617,0.04051,0.54779,-0.04217,0.21949,0.06015,0.47762,0.87575,0.03640,9.84,-0.19,-2.52
14.3867,8,0.43759,0.20238,-0.40215,0.57068,0.77466,-0.27198,-0.01560,1,0.53943,-0.04204,0.22166,0.05364,0.47733,0.87618,0.03998,0.54945,-0.04209,0.21939,0.06075,0.47872,0.87511,0.03622,10.02,-0.05,-2.27
14.4034,9,0.43963,0.20892,-0.39968,0.56598,0.77620,-0.27713,-0.01926,1,0.54102,-0.04213,0.22129,0.05492,0.47730,0.87614,0.03932,0.55112,-0.04199,0.21941,0.06151,0.47983,0.87445,0.03623,10.10,0.14,-1.89
14.4201,10,0.44450,0.22044,-0.39397,0.55713,0.77956,-0.28559,-0.01800,1,0.54263,-0.04223,0.22093,0.05613,0.47738,0.87605,0.03866,0.55278,-0.04206,0.21949,0.06277,0.48045,0.87403,0.03610,10.15,0.17,-1.44
14.4369,11,0.44749,0.22570,-0.39074,0.55261,0.78057,-0.29181,-0.01311,1,0.54428,-0.04231,0.22060,0.05726,0.47760,0.87588,0.03811,0.55442,-0.04230,0.21960,0.06413,0.48054,0.87390,0.03554,10.15,0.01,-1.00
14.4535,12,0.45053,0.23084,-0.38733,0.54937,0.78036,-0.29859,-0.00863,1,0.54595,-0.04235,0.22034,0.05833,0.47799,0.87562,0.03768,0.55606,-0.04257,0.21972,0.06535,0.48061,0.87381,0.03468,10.11,-0.22,-0.62
14.4703,13,0.45377,0.23578,-0.38342,0.54819,0.77910,-0.30406,-0.00643,1,0.54755,-0.04236,0.22016,0.05931,0.47843,0.87533,0.03733,0.55768,-0.04293,0.21991,0.06625,0.48086,0.87365,0.03351,10.13,-0.57,-0.25
14.4870,14,0.45693,0.24043,-0.37930,0.54767,0.77793,-0.30798,-0.00489,1,0.54925,-0.04241,0.22007,0.06038,0.47890,0.87501,0.03691,0.55928,-0.04334,0.22017,0.06704,0.48109,0.87351,0.03227,10.03,-0.92,0.10
14.5037,15,0.45993,0.24498,-0.37497,0.54609,0.77813,-0.31030,-0.00331,1,0.55095,-0.04252,0.22008,0.06150,0.47936,0.87471,0.03640,0.56086,-0.04373,0.22048,0.06833,0.48121,0.87337,0.03156,9.91,-1.21,0.40
14.5204,16,0.46570,0.25326,-0.36647,0.54228,0.78116,-0.30939,0.00152,1,0.55256,-0.04266,0.22015,0.06254,0.47974,0.87444,0.03584,0.56244,-0.04417,0.22083,0.06960,0.48094,0.87342,0.03147,9.88,-1.51,0.68
14.5372,17,0.46850,0.25704,-0.36254,0.53924,0.78312,-0.30973,0.00335,1,0.55423,-0.04282,0.22024,0.06362,0.48004,0.87423,0.03516,0.56400,-0.04465,0.22114,0.07100,0.48077,0.87338,0.03198,9.77,-1.83,0.89
14.5539,18,0.47113,0.26055,-0.35868,0.53480,0.78445,-0.31401,0.00433,1,0.55586,-0.04302,0.22038,0.06469,0.48029,0.87404,0.03439,0.56556,-0.04515,0.22147,0.07235,0.48108,0.87310,0.03195,9.70,-2.13,1.09
14.5706,19,0.47316,0.26359,-0.35542,0.53079,0.78456,-0.32049,0.00369,1,0.55749,-0.04324,0.22057,0.06580,0.48047,0.87389,0.03369,0.56694,-0.04553,0.22178,0.07339,0.48181,0.87263,0.03143,9.45,-2.29,1.21
14.5874,20,0.47581,0.26997,-0.34973,0.52793,0.78356,-0.32760,-0.00042,1,0.55903,-0.04349,0.22080,0.06690,0.48061,0.87375,0.03317,0.56856,-0.04569,0.22213,0.07382,0.48293,0.87200,0.03081,9.53,-2.20,1.34
14.6040,21,0.47605,0.27316,-0.34741,0.52784,0.78365,-0.32754,-0.00173,1,0.56065,-0.04382,0.22109,0.06811,0.48074,0.87360,0.03272,0.56968,-0.04550,0.22245,0.07373,0.48397,0.87143,0.03072,9.03,-1.68,1.37
14.6208,22,0.47567,0.27647,-0.34512,0.52719,0.78530,-0.32458,-0.00320,1,0.56226,-0.04421,0.22141,0.06930,0.48099,0.87338,0.03235,0.57077,-0.04513,0.22285,0.07352,0.48462,0.87107,0.03122,8.51,-0.93,1.44
14.6375,23,0.47524,0.27931,-0.34360,0.52533,0.78762,-0.32199,-0.00279,1,0.56374,-0.04458,0.22169,0.07031,0.48139,0.87309,0.03205,0.57163,-0.04475,0.22310,0.07363,0.48480,0.87093,0.03216,7.89,-0.17,1.41
14.6543,24,0.47430,0.28152,-0.34297,0.52214,0.78993,-0.32153,-0.00121,1,0.56528,-0.04494,0.22200,0.07121,0.48193,0.87273,0.03180,0.57217,-0.04425,0.22324,0.07444,0.48475,0.87085,0.03302,6.89,0.69,1.24
14.6710,25,0.47205,0.28447,-0.34409,0.52497,0.78788,-0.32194,0.00221,1,0.56673,-0.04515,0.22229,0.07184,0.48253,0.87235,0.03171,0.57252,-0.04315,0.22308,0.07494,0.48442,0.87098,0.03331,5.79,2.00,0.79
14.6877,26,0.47078,0.28475,-0.34532,0.52916,0.78528,-0.32142,0.00419,1,0.56808,-0.04516,0.22257,0.07230,0.48311,0.87199,0.03184,0.57229,-0.04268,0.22295,0.07490,0.48391,0.87128,0.03313,4.22,2.48,0.38
14.7045,27,0.46933,0.28507,-0.34664,0.53126,0.78391,-0.32127,0.00594,1,0.56923,-0.04497,0.22283,0.07270,0.48351,0.87172,0.03212,0.57206,-0.04215,0.22282,0.07450,0.48308,0.87180,0.03242,2.82,2.82,-0.00
14.7213,28,0.46827,0.28441,-0.34802,0.53209,0.78306,-0.32197,0.00605,1,0.57027,-0.04461,0.22304,0.07311,0.48378,0.87153,0.03245,0.57160,-0.04185,0.22269,0.07402,0.48282,0.87203,0.03131,1.33,2.76,-0.35
14.7382,29,0.46789,0.28272,-0.34990,0.53153,0.78271,-0.32376,0.00429,1,0.57105,-0.04416,0.22318,0.07347,0.48383,0.87146,0.03267,0.57089,-0.04181,0.22239,0.07374,0.48314,0.87190,0.03045,-0.15,2.34,-0.78
14.7550,30,0.46794,0.27826,-0.35579,0.53512,0.77902,-0.32676,0.00095,1,0.57153,-0.04364,0.22322,0.07369,0.48369,0.87152,0.03279,0.56948,-0.04186,0.22151,0.07282,0.48373,0.87169,0.02944,-2.05,1.78,-1.71
14.7716,31,0.47145,0.27791,-0.36130,0.54049,0.77508,-0.32728,-0.00087,1,0.57171,-0.04316,0.22314,0.07374,0.48339,0.87168,0.03267,0.56888,-0.04207,0.22007,0.07159,0.48375,0.87181,0.02858,-2.83,1.09,-3.07
14.7883,32,0.47470,0.27760,-0.36690,0.54648,0.77037,-0.32844,-0.00306,1,0.57160,-0.04282,0.22298,0.07358,0.48315,0.87184,0.03222,0.56851,-0.04226,0.21846,0.07042,0.48383,0.87188,0.02766,-3.09,0.56,-4.53
14.8051,33,0.47499,0.27480,-0.36987,0.55148,0.76568,-0.33100,-0.00633,1,0.57126,-0.04257,0.22271,0.07321,0.48312,0.87192,0.03153,0.56758,-0.04244,0.21767,0.06937,0.48422,0.87178,0.02667,-3.68,0.13,-5.04
14.8219,34,0.47454,0.27149,-0.37191,0.55507,0.76197,-0.33346,-0.01005,1,0.57075,-0.04245,0.22227,0.07266,0.48319,0.87195,0.03074,0.56645,-0.04263,0.21739,0.06835,0.48482,0.87156,0.02577,-4.30,-0.18,-4.88
14.8385,35,0.47254,0.26710,-0.37533,0.56322,0.75660,-0.33203,-0.01017,1,0.57019,-0.04238,0.22171,0.07203,0.48328,0.87198,0.02999,0.56483,-0.04249,0.21705,0.06723,0.48478,0.87169,0.02497,-5.36,-0.11,-4.66
14.8555,36,0.47124,0.26629,-0.37644,0.56956,0.75350,-0.32831,-0.00704,1,0.56950,-0.04237,0.22097,0.07123,0.48347,0.87197,0.02916,0.56416,-0.04222,0.21694,0.06627,0.48413,0.87214,0.02444,-5.34,0.15,-4.02
14.8724,37,0.47027,0.26667,-0.37684,0.57597,0.75030,-0.32444,-0.00588,1,0.56869,-0.04240,0.22013,0.07031,0.48372,0.87194,0.02826,0.56411,-0.04189,0.21697,0.06514,0.48335,0.87267,0.02413,-4.58,0.51,-3.17
14.8888,38,0.46966,0.26832,-0.37597,0.58063,0.74741,-0.32278,-0.00785,1,0.56777,-0.04244,0.21931,0.06933,0.48394,0.87192,0.02739,0.56455,-0.04160,0.21722,0.06372,0.48318,0.87287,0.02375,-3.22,0.84,-2.09
14.9054,39,0.46974,0.27099,-0.37381,0.58374,0.74462,-0.32343,-0.01323,1,0.56691,-0.04246,0.21865,0.06844,0.48403,0.87196,0.02665,0.56546,-0.04146,0.21768,0.06242,0.48366,0.87272,0.02342,-1.45,1.00,-0.97
14.9222,40,0.47021,0.28105,-0.36506,0.58428,0.74350,-0.32471,-0.01980,1,0.56611,-0.04245,0.21813,0.06754,0.48396,0.87209,0.02594,0.56691,-0.04127,0.21847,0.06147,0.48462,0.87225,0.02340,0.81,1.18,0.34
14.9390,41,0.47027,0.28793,-0.35813,0.58251,0.74630,-0.32158,-0.01751,1,0.56549,-0.04231,0.21782,0.06658,0.48381,0.87227,0.02538,0.56830,-0.04110,0.21939,0.06096,0.48511,0.87201,0.02368,2.81,1.21,1.56
14.9561,42,0.47103,0.29664,-0.34844,0.58020,0.75065,-0.31589,-0.01078,1,0.56512,-0.04208,0.21770,0.06550,0.48370,0.87243,0.02492,0.56969,-0.04105,0.22030,0.06088,0.48506,0.87203,0.02413,4.57,1.03,2.60
14.9728,43,0.47238,0.30644,-0.33702,0.57697,0.75546,-0.31045,-0.00234,1,0.56506,-0.04182,0.21777,0.06434,0.48376,0.87249,0.02454,0.57109,-0.04109,0.22120,0.06128,0.48450,0.87229,0.02469,6.03,0.73,3.43
14.9899,44,0.47457,0.31811,-0.32198,0.57078,0.76122,-0.30766,0.01027,1,0.56540,-0.04157,0.21806,0.06331,0.48396,0.87246,0.02430,0.57248,-0.04122,0.22211,0.06235,0.48370,0.87265,0.02504,7.08,0.34,4.05
15.0067,45,0.47877,0.34359,-0.28750,0.55699,0.77087,-0.30768,0.02914,1,0.56613,-0.04137,0.21858,0.06253,0.48419,0.87239,0.02421,0.57386,-0.04140,0.22303,0.06369,0.48312,0.87287,0.02529,7.73,-0.02,4.45
15.0228,46,0.48063,0.35694,-0.26686,0.54943,0.77603,-0.30766,0.03534,1,0.56709,-0.04128,0.21924,0.06207,0.48432,0.87235,0.02421,0.57522,-0.04164,0.22397,0.06508,0.48279,0.87293,0.02576,8.13,-0.36,4.72
15.0395,47,0.48242,0.37061,-0.24435,0.53996,0.78332,-0.30523,0.04116,1,0.56822,-0.04126,0.22002,0.06189,0.48431,0.87237,0.02429,0.57656,-0.04191,0.22491,0.06632,0.48250,0.87298,0.02655,8.35,-0.65,4.89
15.0564,48,0.48397,0.38443,-0.22018,0.52618,0.79301,-0.30303,0.04943,1,0.56953,-0.04129,0.22089,0.06196,0.48416,0.87244,0.02451,0.57791,-0.04220,0.22586,0.06762,0.48224,0.87300,0.02726,8.38,-0.90,4.96
15.0731,49,0.48474,0.39792,-0.19444,0.50927,0.80421,-0.30089,0.05789,1,0.57091,-0.04140,0.22178,0.06230,0.48386,0.87257,0.02482,0.57924,-0.04249,0.22682,0.06892,0.48207,0.87297,0.02797,8.33,-1.08,5.04
15.0896,50,0.48517,0.42280,-0.13746,0.47043,0.82766,-0.29767,0.07119,1,0.57234,-0.04158,0.22267,0.06291,0.48352,0.87270,0.02523,0.58053,-0.04282,0.22781,0.07022,0.48205,0.87285,0.02871,8.19,-1.24,5.14
15.1064,51,0.48403,0.43394,-0.10730,0.44923,0.83930,-0.29738,0.07304,1,0.57371,-0.04180,0.22352,0.06371,0.48321,0.87280,0.02570,0.58185,-0.04315,0.22877,0.07147,0.48231,0.87258,0.02946,8.14,-1.35,5.26
15.1231,52,0.48174,0.44438,-0.07701,0.42989,0.84967,-0.29646,0.07334,1,0.57516,-0.04208,0.22442,0.06472,0.48294,0.87286,0.02624,0.58319,-0.04343,0.22973,0.07266,0.48263,0.87228,0.03027,8.03,-1.35,5.31
15.1398,53,0.47803,0.45394,-0.04434,0.40922,0.86008,-0.29549,0.07408,1,0.57657,-0.04241,0.22533,0.06581,0.48269,0.87291,0.02679,0.58451,-0.04368,0.23071,0.07386,0.48292,0.87199,0.03105,7.94,-1.27,5.38
15.1568,54,0.47357,0.46283,-0.01294,0.38831,0.87050,-0.29258,0.07636,1,0.57795,-0.04270,0.22626,0.06698,0.48255,0.87287,0.02748,0.58586,-0.04389,0.23167,0.07506,0.48310,0.87176,0.03192,7.91,-1.19,5.41
15.1732,55,0.46297,0.47476,0.04902,0.34633,0.88968,-0.28515,0.08495,1,0.57924,-0.04294,0.22715,0.06813,0.48247,0.87281,0.02817,0.58717,-0.04410,0.23268,0.07627,0.48316,0.87159,0.03278,7.92,-1.16,5.53
15.1900,56,0.45783,0.47821,0.07819,0.32550,0.89804,-0.28276,0.08735,1,0.58059,-0.04318,0.22810,0.06936,0.48243,0.87271,0.02891,0.58850,-0.04435,0.23366,0.07750,0.48333,0.87135,0.03358,7.91,-1.17,5.55
15.2067,57,0.45253,0.48022,0.10615,0.30544,0.90517,-0.28226,0.08772,1,0.58191,-0.04339,0.22908,0.07061,0.48253,0.87253,0.02968,0.58983,-0.04460,0.23463,0.07875,0.48364,0.87104,0.03428,7.91,-1.20,5.55
15.2234,58,0.44744,0.48146,0.13203,0.28728,0.91123,-0.28200,0.08718,1,0.58316,-0.04362,0.23002,0.07182,0.48266,0.87233,0.03038,0.59117,-0.04484,0.23558,0.07999,0.48401,0.87070,0.03497,8.01,-1.22,5.57
15.2402,59,0.43697,0.48082,0.18207,0.25222,0.91926,-0.28681,0.09533,1,0.58450,-0.04386,0.23102,0.07312,0.48280,0.87211,0.03116,0.59250,-0.04509,0.23656,0.08141,0.48409,0.87050,0.03540,7.99,-1.23,5.54
15.2569,60,0.43175,0.48009,0.20417,0.23759,0.92175,-0.28952,0.10049,1,0.58583,-0.04411,0.23202,0.07441,0.48299,0.87187,0.03195,0.59387,-0.04532,0.23749,0.08287,0.48404,0.87038,0.03572,8.03,-1.21,5.46
15.2738,61,0.42688,0.47823,0.22546,0.22502,0.92311,-0.29389,0.10421,1,0.58707,-0.04435,0.23295,0.07561,0.48318,0.87164,0.03267,0.59522,-0.04561,0.23842,0.08436,0.48407,0.87022,0.03582,8.15,-1.26,5.46
15.2905,62,0.42194,0.47493,0.24622,0.21315,0.92405,-0.29895,0.10645,1,0.58839,-0.04462,0.23393,0.07691,0.48335,0.87140,0.03339,0.59652,-0.04595,0.23940,0.08583,0.48423,0.86999,0.03581,8.13,-1.33,5.46
15.3073,63,0.41611,0.46962,0.26583,0.20119,0.92506,-0.30334,0.10851,1,0.58973,-0.04489,0.23491,0.07824,0.48351,0.87117,0.03404,0.59773,-0.04630,0.24049,0.08730,0.48440,0.86974,0.03588,8.00,-1.41,5.58
15.3239,64,0.40539,0.45998,0.30050,0.17627,0.92879,-0.30679,0.11024,1,0.59107,-0.04515,0.23588,0.07961,0.48364,0.87095,0.03458,0.59896,-0.04664,0.24156,0.08869,0.48468,0.86943,0.03626,7.89,-1.49,5.68
15.3406,65,0.40058,0.45688,0.31598,0.16572,0.93031,-0.30780,0.11098,1,0.59242,-0.04542,0.23688,0.08101,0.48376,0.87074,0.03501,0.60031,-0.04691,0.24250,0.09006,0.48496,0.86911,0.03670,7.89,-1.49,5.62
15.3574,66,0.39423,0.45484,0.33064,0.15703,0.93151,-0.30799,0.11298,1,0.59367,-0.04568,0.23783,0.08233,0.48389,0.87053,0.03532,0.60170,-0.04697,0.24342,0.09144,0.48503,0.86891,0.03724,8.03,-1.30,5.59
15.3741,67,0.38792,0.45176,0.34473,0.14671,0.93284,-0.30824,0.11522,1,0.59498,-0.04595,0.23884,0.08374,0.48404,0.87030,0.03560,0.60304,-0.04708,0.24441,0.09282,0.48511,0.86869,0.03778,8.06,-1.13,5.56
15.3908,68,0.38136,0.44822,0.35839,0.13474,0.93441,-0.30749,0.11905,1,0.59630,-0.04621,0.23988,0.08516,0.48424,0.87004,0.03593,0.60435,-0.04719,0.24542,0.09416,0.48507,0.86854,0.03842,8.05,-0.98,5.55
15.4077,69,0.37446,0.44690,0.37025,0.12345,0.93601,-0.30516,0.12459,1,0.59764,-0.04646,0.24091,0.08660,0.48441,0.86979,0.03627,0.60576,-0.04706,0.24631,0.09541,0.48483,0.86850,0.03922,8.12,-0.60,5.40
15.4243,70,0.36195,0.44006,0.39492,0.09603,0.94044,-0.29853,0.13126,1,0.59890,-0.04668,0.24188,0.08794,0.48455,0.86956,0.03662,0.60711,-0.04715,0.24729,0.09662,0.48487,0.86831,0.04008,8.20,-0.47,5.41
15.4410,71,0.35680,0.43661,0.40586,0.08306,0.94321,-0.29321,0.13224,1,0.60024,-0.04685,0.24288,0.08933,0.48466,0.86934,0.03707,0.60849,-0.04730,0.24820,0.09765,0.48511,0.86801,0.04110,8.25,-0.44,5.32
15.4577,72,0.35256,0.43279,0.41631,0.07108,0.94580,-0.28806,0.13206,1,0.60160,-0.04698,0.24388,0.09069,0.48472,0.86914,0.03761,0.60988,-0.04754,0.24910,0.09864,0.48545,0.86766,0.04213,8.28,-0.56,5.22
15.4744,73,0.34977,0.42800,0.42659,0.06238,0.94737,-0.28633,0.12891,1,0.60288,-0.04708,0.24479,0.09194,0.48476,0.86896,0.03819,0.61122,-0.04801,0.24997,0.09963,0.48618,0.86711,0.04278,8.34,-0.93,5.17
15.4913,74,0.34546,0.41821,0.44687,0.04846,0.94836,-0.29179,0.11459,1,0.60426,-0.04717,0.24577,0.09323,0.48483,0.86875,0.03890,0.61256,-0.04855,0.25080,0.10046,0.48717,0.86646,0.04276,8.30,-1.38,5.03
15.5079,75,0.34321,0.41121,0.45804,0.03729,0.94892,-0.29507,0.10534,1,0.60564,-0.04729,0.24672,0.09446,0.48497,0.86851,0.03965,0.61382,-0.04914,0.25171,0.10136,0.48817,0.86579,0.04268,8.18,-1.85,4.99
15.5247,76,0.34048,0.40656,0.46773,0.02628,0.94982,-0.29598,0.09772,1,0.60703,-0.04746,0.24767,0.09563,0.48520,0.86822,0.04040,0.61522,-0.04952,0.25253,0.10228,0.48914,0.86513,0.04286,8.19,-2.05,4.86
15.5413,77,0.33765,0.39911,0.47865,0.01206,0.95116,-0.29512,0.08971,1,0.60832,-0.04771,0.24854,0.09666,0.48558,0.86786,0.04101,0.61650,-0.05002,0.25348,0.10321,0.49004,0.86449,0.04325,8.18,-2.31,4.94
15.5581,78,0.33486,0.39186,0.48896,-0.00121,0.95229,-0.29388,0.08237,1,0.60968,-0.04804,0.24944,0.09772,0.48613,0.86741,0.04154,0.61780,-0.05049,0.25441,0.10414,0.49093,0.86385,0.04369,8.12,-2.44,4.97
15.5749,79,0.33077,0.37816,0.50512,-0.02197,0.95344,-0.29213,0.07167,1,0.61105,-0.04844,0.25034,0.09875,0.48678,0.86691,0.04198,0.61903,-0.05102,0.25540,0.10510,0.49179,0.86322,0.04412,7.98,-2.58,5.06
15.5915,80,0.32876,0.37237,0.51177,-0.02835,0.95304,-0.29283,0.07186,1,0.61234,-0.04882,0.25118,0.09970,0.48748,0.86639,0.04239,0.62030,-0.05146,0.25639,0.10646,0.49207,0.86287,0.04453,7.96,-2.64,5.20
15.6083,81,0.32576,0.36775,0.51794,-0.03544,0.95239,-0.29357,0.07431,1,0.61370,-0.04925,0.25208,0.10069,0.48827,0.86581,0.04278,0.62163,-0.05164,0.25737,0.10786,0.49192,0.86276,0.04504,7.93,-2.39,5.30
15.6254,82,0.32094,0.36516,0.52365,-0.04321,0.95254,-0.29108,0.07797,1,0.61504,-0.04968,0.25298,0.10169,0.48907,0.86522,0.04313,0.62300,-0.05127,0.25825,0.10894,0.49173,0.86268,0.04606,7.96,-1.58,5.27
15.6418,83,0.31680,0.35847,0.53086,-0.05489,0.95342,-0.28578,0.07936,1,0.61637,-0.05011,0.25392,0.10272,0.48980,0.86467,0.04348,0.62426,-0.05146,0.25933,0.10989,0.49196,0.86237,0.04715,7.89,-1.35,5.41
15.6584,84,0.30946,0.35006,0.54074,-0.06578,0.95632,-0.27284,0.08182,1,0.61762,-0.05047,0.25481,0.10374,0.49037,0.86421,0.04383,0.62555,-0.05144,0.26038,0.11026,0.49216,0.86213,0.04857,7.93,-0.97,5.57
15.6752,85,0.30750,0.34672,0.54399,-0.06312,0.95607,-0.27344,0.08465,1,0.61896,-0.05078,0.25579,0.10484,0.49084,0.86378,0.04430,0.62669,-0.05160,0.26136,0.11034,0.49196,0.86218,0.04950,7.74,-0.82,5.57
15.6919,86,0.30540,0.34533,0.54589,-0.05626,0.95474,-0.27825,0.08881,1,0.62031,-0.05100,0.25679,0.10592,0.49119,0.86342,0.04494,0.62741,-0.05136,0.26194,0.11021,0.49153,0.86243,0.04977,7.10,-0.37,5.15
15.7086,87,0.30368,0.34477,0.54703,-0.04884,0.95331,-0.28325,0.09269,1,0.62155,-0.05113,0.25772,0.10684,0.49142,0.86314,0.04569,0.62785,-0.05107,0.26229,0.10985,0.49088,0.86286,0.04940,6.30,0.06,4.57
15.7255,88,0.30181,0.34527,0.54761,-0.04128,0.95237,-0.28635,0.09644,1,0.62284,-0.05122,0.25869,0.10766,0.49160,0.86289,0.04654,0.62813,-0.05056,0.26244,0.10907,0.49003,0.86348,0.04865,5.29,0.67,3.75
15.7425,89,0.29941,0.34775,0.54694,-0.02897,0.95161,-0.28789,0.10355,1,0.62407,-0.05124,0.25963,0.10835,0.49162,0.86274,0.04735,0.62807,-0.04952,0.26224,0.10814,0.48914,0.86413,0.04825,3.99,1.72,2.61
15.7588,90,0.29857,0.34909,0.54653,-0.02394,0.95127,-0.28865,0.10577,1,0.62516,-0.05121,0.26043,0.10879,0.49144,0.86276,0.04797,0.62800,-0.04908,0.26205,0.10714,0.48834,0.86473,0.04774,2.84,2.13,1.62
15.7756,91,0.29771,0.35101,0.54541,-0.02115,0.95073,-0.29015,0.10716,1,0.62609,-0.05108,0.26112,0.10895,0.49108,0.86292,0.04832,0.62774,-0.04848,0.26175,0.10647,0.48751,0.86533,0.04688,1.65,2.59,0.63
15.7923,92,0.29718,0.35266,0.54421,-0.01866,0.95077,-0.29007,0.10742,1,0.62674,-0.05084,0.26158,0.10879,0.49066,0.86318,0.04842,0.62743,-0.04801,0.26146,0.10527,0.48702,0.86578,0.04638,0.69,2.83,-0.12
15.8091,93,0.29748,0.35419,0.54279,-0.01695,0.95106,-0.28961,0.10640,1,0.62721,-0.05047,0.26186,0.10835,0.49007,0.86357,0.04833,0.62701,-0.04775,0.26107,0.10393,0.48716,0.86588,0.04604,-0.20,2.73,-0.78
15.8260,94,0.29894,0.35757,0.53898,-0.01222,0.95196,-0.28780,0.10392,1,0.62745,-0.05003,0.26194,0.10772,0.48939,0.86405,0.04805,0.62583,-0.04732,0.26010,0.10248,0.48755,0.86585,0.04592,-1.62,2.71,-1.84
15.8425,95,0.29930,0.35985,0.53687,-0.00594,0.95208,-0.28770,0.10362,1,0.62752,-0.04959,0.26189,0.10699,0.48878,0.86451,0.04769,0.62521,-0.04691,0.25952,0.10112,0.48736,0.86614,0.04544,-2.31,2.68,-2.37
15.8593,96,0.29945,0.36249,0.53453,-0.00106,0.95214,-0.28708,0.10490,1,0.62744,-0.04912,0.26170,0.10605,0.48828,0.86493,0.04726,0.62456,-0.04637,0.25888,0.09985,0.48678,0.86662,0.04520,-2.89,2.75,-2.82
15.8759,97,0.29968,0.36507,0.53172,0.00339,0.95238,-0.28582,0.10615,1,0.62721,-0.04868,0.26140,0.10498,0.48794,0.86527,0.04683,0.62376,-0.04584,0.25825,0.09853,0.48623,0.86708,0.04517,-3.45,2.84,-3.15
15.8927,98,0.30019,0.36791,0.52857,0.00703,0.95292,-0.28370,0.10681,1,0.62682,-0.04824,0.26100,0.10382,0.48771,0.86557,0.04642,0.62286,-0.04531,0.25751,0.09715,0.48587,0.86742,0.04548,-3.96,2.94,-3.49
15.9095,99,0.30151,0.37543,0.52039,0.01620,0.95413,-0.27945,0.10621,1,0.62634,-0.04782,0.26055,0.10266,0.48746,0.86586,0.04609,0.62172,-0.04461,0.25652,0.09567,0.48576,0.86764,0.04559,-4.62,3.21,-4.03
15.9261,100,0.30190,0.37949,0.51572,0.02253,0.95380,-0.28024,0.10592,1,0.62573,-0.04733,0.26000,0.10137,0.48714,0.86621,0.04583,0.62057,-0.04385,0.25558,0.09438,0.48553,0.86795,0.04499,-5.16,3.47,-4.42
15.9432,101,0.30222,0.38440,0.50998,0.03017,0.95263,-0.28267,0.10808,1,0.62503,-0.04680,0.25938,0.10004,0.48679,0.86657,0.04569,0.61943,-0.04307,0.25465,0.09343,0.48489,0.86845,0.04417,-5.60,3.73,-4.73
15.9597,102,0.30234,0.38978,0.50378,0.03836,0.95103,-0.28561,0.11179,1,0.62427,-0.04624,0.25872,0.09870,0.48646,0.86691,0.04558,0.61833,-0.04222,0.25372,0.09261,0.48410,0.86902,0.04337,-5.94,4.02,-4.99
15.9766,103,0.30272,0.39536,0.49588,0.04741,0.94904,-0.28848,0.11775,1,0.62343,-0.04566,0.25801,0.09740,0.48615,0.86724,0.04543,0.61713,-0.04144,0.25287,0.09189,0.48315,0.86965,0.04272,-6.30,4.21,-5.13
15.9931,104,0.30470,0.40792,0.47686,0.06494,0.94780,-0.28639,0.12425,1,0.62258,-0.04510,0.25731,0.09626,0.48584,0.86756,0.04517,0.61590,-0.04072,0.25200,0.09071,0.48243,0.87019,0.04248,-6.68,4.38,-5.30
16.0098,105,0.30637,0.41453,0.46556,0.07474,0.94741,-0.28464,0.12573,1,0.62161,-0.04448,0.25652,0.09513,0.48539,0.86795,0.04479,0.61465,-0.04006,0.25112,0.08937,0.48195,0.87060,0.04226,-6.96,4.42,-5.40
16.0266,106,0.30772,0.42209,0.45138,0.08715,0.94603,-0.28429,0.12885,1,0.62059,-0.04381,0.25570,0.09407,0.48487,0.86838,0.04438,0.61339,-0.03936,0.25030,0.08815,0.48134,0.87108,0.04185,-7.21,4.45,-5.41
16.0433,107,0.30893,0.43041,0.43607,0.10160,0.94360,-0.28527,0.13385,1,0.61956,-0.04313,0.25490,0.09309,0.48432,0.86881,0.04397,0.61216,-0.03861,0.24944,0.08707,0.48063,0.87161,0.04132,-7.40,4.52,-5.46
16.0601,108,0.31005,0.43802,0.42011,0.11584,0.94067,-0.28675,0.13961,1,0.61842,-0.04237,0.25403,0.09204,0.48370,0.86929,0.04355,0.61092,-0.03786,0.24863,0.08605,0.47986,0.87216,0.04076,-7.51,4.51,-5.40
16.0769,109,0.31272,0.45345,0.38232,0.14660,0.93519,-0.28435,0.15191,1,0.61725,-0.04161,0.25316,0.09098,0.48308,0.86977,0.04311,0.60965,-0.03713,0.24784,0.08493,0.47908,0.87271,0.04043,-7.60,4.48,-5.31
16.0936,110,0.31377,0.46172,0.35987,0.16494,0.93222,-0.28151,0.15655,1,0.61612,-0.04091,0.25235,0.08998,0.48249,0.87022,0.04268,0.60842,-0.03633,0.24705,0.08368,0.47845,0.87319,0.04018,-7.71,4.58,-5.30
16.1104,111,0.31497,0.46965,0.33604,0.18471,0.92944,-0.27737,0.15842,1,0.61490,-0.04017,0.25149,0.08890,0.48183,0.87072,0.04222,0.60719,-0.03554,0.24624,0.08232,0.47800,0.87358,0.03999,-7.71,4.63,-5.24
16.1270,112,0.31639,0.47700,0.31084,0.20468,0.92676,-0.27247,0.15809,1,0.61366,-0.03942,0.25065,0.08780,0.48115,0.87123,0.04179,0.60597,-0.03476,0.24542,0.08090,0.47768,0.87389,0.03983,-7.69,4.66,-5.23
16.1437,113,0.31820,0.48225,0.28400,0.22522,0.92411,-0.26703,0.15491,1,0.61248,-0.03868,0.24986,0.08672,0.48051,0.87171,0.04142,0.60468,-0.03405,0.24463,0.07943,0.47753,0.87412,0.03971,-7.79,4.64,-5.23
16.1605,114,0.32142,0.48995,0.22567,0.26977,0.91702,-0.25559,0.14485,1,0.61122,-0.03791,0.24904,0.08555,0.47985,0.87220,0.04106,0.60337,-0.03336,0.24387,0.07795,0.47745,0.87430,0.03956,-7.84,4.55,-5.17
16.1771,115,0.32181,0.49218,0.19338,0.29387,0.91274,-0.24764,0.13863,1,0.60996,-0.03714,0.24821,0.08432,0.47927,0.87265,0.04075,0.60208,-0.03266,0.24307,0.07646,0.47740,0.87446,0.03949,-7.87,4.48,-5.14
16.1939,116,0.32112,0.49312,0.15900,0.31897,0.90797,-0.23762,0.13186,1,0.60869,-0.03638,0.24740,0.08303,0.47878,0.87306,0.04048,0.60080,-0.03195,0.24228,0.07497,0.47733,0.87463,0.03951,-7.89,4.43,-5.12
16.2106,117,0.31953,0.49203,0.12322,0.34335,0.90345,-0.22595,0.12182,1,0.60749,-0.03569,0.24664,0.08176,0.47840,0.87340,0.04026,0.59951,-0.03125,0.24149,0.07348,0.47740,0.87471,0.03963,-7.98,4.43,-5.14
16.2273,118,0.31781,0.48796,0.08737,0.36655,0.89954,-0.21304,0.10532,1,0.60620,-0.03495,0.24582,0.08036,0.47808,0.87372,0.04007,0.59817,-0.03063,0.24072,0.07203,0.47771,0.87465,0.03986,-8.03,4.33,-5.10
16.2443,119,0.31050,0.47458,0.01330,0.41962,0.88669,-0.18323,0.06422,1,0.60491,-0.03423,0.24501,0.07893,0.47784,0.87398,0.03992,0.59681,-0.03001,0.23998,0.07059,0.47806,0.87457,0.04007,-8.10,4.22,-5.03
16.2609,120,0.31038,0.47818,-0.03766,0.44822,0.87675,-0.16783,0.04738,1,0.60361,-0.03352,0.24420,0.07749,0.47767,0.87421,0.03983,0.59584,-0.02953,0.23872,0.06910,0.47826,0.87458,0.04018,-7.78,3.99,-5.48
16.2777,121,0.31181,0.48479,-0.09461,0.47362,0.86639,-0.15386,0.03701,1,0.60239,-0.03288,0.24344,0.07610,0.47763,0.87435,0.03980,0.59501,-0.02913,0.23733,0.06761,0.47828,0.87468,0.04023,-7.38,3.75,-6.11
16.2943,122,0.31146,0.48905,-0.15665,0.49292,0.85777,-0.14129,0.03604,1,0.60108,-0.03223,0.24261,0.07462,0.47767,0.87446,0.03982,0.59419,-0.02875,0.23592,0.06618,0.47793,0.87498,0.04024,-6.89,3.49,-6.68
16.3109,123,0.30570,0.47306,-0.19151,0.50704,0.85172,-0.12756,0.03484,1,0.59981,-0.03163,0.24172,0.07315,0.47775,0.87454,0.03988,0.59282,-0.02835,0.23507,0.06480,0.47752,0.87529,0.04053,-6.99,3.28,-6.66
16.3279,124,0.29388,0.43583,-0.25998,0.54262,0.83327,-0.10335,0.02337,1,0.59861,-0.03107,0.24077,0.07169,0.47784,0.87460,0.03999,0.59142,-0.02798,0.23425,0.06332,0.47741,0.87545,0.04064,-7.20,3.09,-6.52
16.3445,125,0.28769,0.41472,-0.29168,0.56674,0.81805,-0.09677,0.01501,1,0.59751,-0.03058,0.23980,0.07031,0.47783,0.87471,0.04007,0.59001,-0.02765,0.23343,0.06185,0.47752,0.87551,0.04034,-7.50,2.93,-6.37
16.3615,126,0.28148,0.39247,-0.32158,0.58843,0.80308,-0.09337,0.00998,1,0.59634,-0.03009,0.23873,0.06883,0.47779,0.87485,0.04017,0.58860,-0.02734,0.23259,0.06044,0.47759,0.87559,0.03985,-7.75,2.75,-6.14
16.3779,127,0.27550,0.36860,-0.34891,0.60796,0.78876,-0.09058,0.00598,1,0.59514,-0.02962,0.23763,0.06733,0.47773,0.87500,0.04027,0.58717,-0.02707,0.23178,0.05904,0.47764,0.87569,0.03933,-7.97,2.55,-5.85
16.3947,128,0.26904,0.34372,-0.37569,0.62791,0.77350,-0.08619,0.00065,1,0.59397,-0.02922,0.23661,0.06596,0.47767,0.87513,0.04032,0.58575,-0.02679,0.23094,0.05760,0.47770,0.87577,0.03890,-8.22,2.43,-5.67
16.4114,129,0.25537,0.29432,-0.42314,0.66360,0.74423,-0.07572,-0.00532,1,0.59272,-0.02883,0.23560,0.06453,0.47762,0.87527,0.04030,0.58433,-0.02650,0.23012,0.05618,0.47763,0.87592,0.03847,-8.38,2.33,-5.48
16.4281,130,0.24883,0.26902,-0.44387,0.67898,0.73048,-0.07332,-0.00151,1,0.59143,-0.02846,0.23466,0.06312,0.47759,0.87539,0.04016,0.58293,-0.02623,0.22927,0.05496,0.47734,0.87619,0.03769,-8.51,2.22,-5.39
16.4448,131,0.24316,0.24383,-0.46227,0.69483,0.71560,-0.07150,0.00368,1,0.59009,-0.02810,0.23377,0.06166,0.47757,0.87552,0.03991,0.58151,-0.02599,0.22843,0.05380,0.47702,0.87647,0.03684,-8.58,2.11,-5.34
16.4616,132,0.23799,0.21860,-0.47840,0.70974,0.70099,-0.06967,0.00541,1,0.58879,-0.02775,0.23295,0.06028,0.47754,0.87565,0.03960,0.58007,-0.02575,0.22761,0.05253,0.47684,0.87668,0.03609,-8.71,2.00,-5.34
16.4785,133,0.23359,0.19459,-0.49345,0.72479,0.68555,-0.06857,0.00097,1,0.58738,-0.02739,0.23209,0.05884,0.47746,0.87581,0.03917,0.57867,-0.02553,0.22674,0.05114,0.47698,0.87671,0.03555,-8.71,1.86,-5.35
16.4951,134,0.22602,0.14533,-0.51813,0.75106,0.65536,-0.07769,-0.01932,1,0.58596,-0.02705,0.23124,0.05744,0.47737,0.87597,0.03864,0.57722,-0.02537,0.22594,0.04987,0.47757,0.87648,0.03506,-8.74,1.68,-5.30
16.5118,135,0.22279,0.12076,-0.52838,0.76225,0.64126,-0.08418,-0.02579,1,0.58453,-0.02673,0.23040,0.05609,0.47724,0.87616,0.03804,0.57577,-0.02531,0.22511,0.04873,0.47817,0.87624,0.03433,-8.76,1.42,-5.29
16.5285,136,0.22022,0.09654,-0.53722,0.77461,0.62588,-0.08691,-0.02647,1,0.58319,-0.02644,0.22963,0.05484,0.47717,0.87630,0.03747,0.57432,-0.02532,0.22429,0.04754,0.47833,0.87625,0.03343,-8.87,1.12,-5.33
16.5452,137,0.21934,0.07420,-0.54466,0.78683,0.61051,-0.08765,-0.02227,1,0.58175,-0.02617,0.22879,0.05351,0.47720,0.87639,0.03685,0.57289,-0.02544,0.22344,0.04647,0.47818,0.87643,0.03241,-8.86,0.72,-5.35
16.5620,138,0.21914,0.05285,-0.55120,0.79821,0.59551,-0.08879,-0.01847,1,0.58030,-0.02594,0.22795,0.05219,0.47730,0.87644,0.03619,0.57148,-0.02560,0.22257,0.04540,0.47807,0.87659,0.03137,-8.82,0.34,-5.38
16.5788,139,0.21991,0.01432,-0.55956,0.81552,0.56976,-0.09917,-0.02183,1,0.57885,-0.02579,0.22711,0.05090,0.47745,0.87646,0.03551,0.57004,-0.02581,0.22176,0.04431,0.47847,0.87646,0.03043,-8.81,-0.02,-5.35
16.5956,140,0.22020,-0.00377,-0.56284,0.82310,0.55709,-0.10581,-0.03082,1,0.57749,-0.02571,0.22631,0.04972,0.47761,0.87648,0.03481,0.56863,-0.02604,0.22090,0.04316,0.47923,0.87612,0.02995,-8.86,-0.33,-5.40
16.6123,141,0.22028,-0.02064,-0.56597,0.82997,0.54529,-0.11044,-0.04002,1,0.57604,-0.02570,0.22545,0.04851,0.47774,0.87650,0.03399,0.56725,-0.02628,0.22000,0.04193,0.47994,0.87580,0.02958,-8.79,-0.58,-5.44
16.6291,142,0.22025,-0.03667,-0.56853,0.83607,0.53449,-0.11455,-0.04666,1,0.57459,-0.02574,0.22459,0.04732,0.47792,0.87650,0.03316,0.56587,-0.02655,0.21910,0.04071,0.48059,0.87552,0.02909,-8.72,-0.81,-5.49
16.6458,143,0.22043,-0.05169,-0.57054,0.84190,0.52368,-0.11993,-0.05071,1,0.57314,-0.02582,0.22373,0.04614,0.47817,0.87646,0.03237,0.56450,-0.02687,0.21820,0.03962,0.48123,0.87524,0.02833,-8.64,-1.05,-5.53
16.6625,144,0.21931,-0.07864,-0.57294,0.85120,0.50395,-0.13575,-0.05534,1,0.57178,-0.02591,0.22290,0.04503,0.47849,0.87636,0.03168,0.56311,-0.02713,0.21733,0.03882,0.48200,0.87488,0.02739,-8.67,-1.22,-5.57
16.6793,145,0.21834,-0.09121,-0.57406,0.85623,0.49377,-0.14011,-0.05854,1,0.57035,-0.02606,0.22203,0.04386,0.47893,0.87621,0.03098,0.56174,-0.02736,0.21640,0.03771,0.48258,0.87464,0.02659,-8.61,-1.31,-5.63
16.6960,146,0.21732,-0.10325,-0.57430,0.86061,0.48528,-0.14147,-0.06204,1,0.56892,-0.02625,0.22115,0.04270,0.47941,0.87603,0.03029,0.56034,-0.02762,0.21554,0.03640,0.48297,0.87449,0.02599,-8.58,-1.37,-5.61
16.7127,147,0.21640,-0.11440,-0.57500,0.86434,0.47820,-0.14122,-0.06559,1,0.56750,-0.02649,0.22026,0.04157,0.47999,0.87579,0.02960,0.55899,-0.02788,0.21459,0.03499,0.48324,0.87442,0.02558,-8.50,-1.38,-5.67
16.7295,148,0.21566,-0.12491,-0.57538,0.86791,0.47156,-0.14097,-0.06702,1,0.56616,-0.02674,0.21942,0.04052,0.48056,0.87555,0.02893,0.55764,-0.02817,0.21366,0.03366,0.48334,0.87443,0.02488,-8.52,-1.43,-5.76
16.7462,149,0.21477,-0.14492,-0.57579,0.87224,0.46191,-0.14618,-0.06681,1,0.56475,-0.02701,0.21851,0.03939,0.48111,0.87532,0.02824,0.55631,-0.02851,0.21272,0.03280,0.48383,0.87422,0.02379,-8.44,-1.50,-5.79
16.7630,150,0.21498,-0.15481,-0.57556,0.87379,0.45754,-0.15088,-0.06618,1,0.56334,-0.02725,0.21760,0.03822,0.48161,0.87512,0.02758,0.55499,-0.02897,0.21181,0.03238,0.48459,0.87385,0.02263,-8.35,-1.71,-5.79
16.7797,151,0.21591,-0.16523,-0.57504,0.87566,0.45225,-0.15622,-0.06548,1,0.56192,-0.02750,0.21668,0.03702,0.48206,0.87494,0.02689,0.55370,-0.02954,0.21093,0.03193,0.48533,0.87348,0.02146,-8.22,-2.05,-5.75
16.7964,152,0.21735,-0.17519,-0.57442,0.87793,0.44501,-0.16407,-0.06539,1,0.56060,-0.02776,0.21582,0.03593,0.48249,0.87477,0.02617,0.55245,-0.03021,0.21004,0.03145,0.48617,0.87306,0.02038,-8.15,-2.46,-5.78
16.8132,153,0.21887,-0.18411,-0.57389,0.88010,0.43699,-0.17352,-0.06591,1,0.55921,-0.02807,0.21491,0.03487,0.48297,0.87458,0.02533,0.55125,-0.03092,0.20914,0.03100,0.48707,0.87260,0.01938,-7.96,-2.85,-5.77
16.8301,154,0.22193,-0.20021,-0.57234,0.88307,0.42413,-0.19017,-0.06429,1,0.55786,-0.02845,0.21401,0.03395,0.48351,0.87434,0.02444,0.55006,-0.03169,0.20826,0.03071,0.48794,0.87215,0.01828,-7.80,-3.24,-5.75
16.8467,155,0.22424,-0.20680,-0.57140,0.88287,0.42184,-0.19722,-0.06070,1,0.55653,-0.02890,0.21311,0.03313,0.48411,0.87406,0.02348,0.54902,-0.03268,0.20742,0.03116,0.48868,0.87174,0.01713,-7.52,-3.78,-5.69
16.8635,156,0.22678,-0.21181,-0.57060,0.88215,0.42026,-0.20453,-0.05793,1,0.55529,-0.02938,0.21226,0.03245,0.48477,0.87375,0.02256,0.54812,-0.03384,0.20662,0.03169,0.48955,0.87125,0.01615,-7.17,-4.46,-5.64
16.8802,157,0.22960,-0.21516,-0.56983,0.88012,0.41918,-0.21530,-0.05756,1,0.55401,-0.02996,0.21137,0.03183,0.48548,0.87340,0.02154,0.54762,-0.03495,0.20609,0.03211,0.49069,0.87060,0.01556,-6.40,-4.99,-5.28
16.8969,158,0.23239,-0.21720,-0.56882,0.87704,0.41862,-0.22819,-0.05914,1,0.55276,-0.03066,0.21050,0.03138,0.48623,0.87303,0.02042,0.54737,-0.03598,0.20586,0.03247,0.49192,0.86990,0.01519,-5.39,-5.32,-4.63
16.9137,159,0.23901,-0.21750,-0.56729,0.86591,0.42459,-0.25434,-0.07239,1,0.55160,-0.03145,0.20966,0.03116,0.48707,0.87259,0.01936,0.54784,-0.03757,0.20596,0.03277,0.49317,0.86918,0.01545,-3.76,-6.13,-3.70
16.9305,160,0.24289,-0.21594,-0.56682,0.85671,0.43395,-0.26857,-0.07484,1,0.55062,-0.03228,0.20890,0.03113,0.48791,0.87214,0.01845,0.54868,-0.03847,0.20626,0.03365,0.49415,0.86858,0.01582,-1.94,-6.19,-2.65
16.9471,161,0.24730,-0.21342,-0.56644,0.84429,0.44685,-0.28719,-0.07088,1,0.54976,-0.03327,0.20819,0.03128,0.48890,0.87160,0.01761,0.54985,-0.03936,0.20667,0.03481,0.49495,0.86808,0.01597,0.10,-6.09,-1.52
16.9639,162,0.25212,-0.21001,-0.56629,0.82925,0.46085,-0.30988,-0.06267,1,0.54911,-0.03436,0.20760,0.03156,0.48998,0.87100,0.01698,0.55127,-0.04014,0.20709,0.03603,0.49569,0.86761,0.01598,2.16,-5.78,-0.51
16.9807,163,0.25982,-0.20064,-0.56437,0.78692,0.49140,-0.37013,-0.04778,1,0.54875,-0.03543,0.20718,0.03198,0.49101,0.87041,0.01658,0.55269,-0.04060,0.20783,0.03716,0.49652,0.86708,0.01598,3.94,-5.16,0.65
16.9974,164,0.26218,-0.19445,-0.56392,0.76784,0.50166,-0.39291,-0.06617,1,0.54870,-0.03658,0.20693,0.03263,0.49207,0.86979,0.01634,0.55418,-0.04040,0.20854,0.03768,0.49762,0.86642,0.01632,5.48,-3.82,1.61
17.0141,165,0.26312,-0.18721,-0.56412,0.75160,0.50851,-0.40965,-0.09324,1,0.54901,-0.03767,0.20688,0.03343,0.49306,0.86920,0.01623,0.55552,-0.03971,0.20925,0.03751,0.49880,0.86574,0.01692,6.50,-2.03,2.37
17.0309,166,0.26305,-0.17923,-0.56415,0.73934,0.51104,-0.42093,-0.12257,1,0.54965,-0.03863,0.20703,0.03431,0.49399,0.86864,0.01623,0.55665,-0.03876,0.21002,0.03702,0.49991,0.86511,0.01752,7.01,-0.13,3.00
17.0476,167,0.26180,-0.17093,-0.56438,0.72984,0.51078,-0.43066,-0.14476,1,0.55048,-0.03930,0.20732,0.03509,0.49486,0.86811,0.01633,0.55755,-0.03758,0.21078,0.03650,0.50107,0.86445,0.01800,7.07,1.71,3.46
17.0644,168,0.25528,-0.15490,-0.56468,0.71967,0.50571,-0.44696,-0.16292,1,0.55154,-0.03967,0.20777,0.03576,0.49580,0.86754,0.01657,0.55802,-0.03619,0.21158,0.03622,0.50235,0.86372,0.01804,6.48,3.47,3.81
17.0811,169,0.24996,-0.14727,-0.56512,0.71790,0.50384,-0.45095,-0.16559,1,0.55268,-0.03968,0.20831,0.03621,0.49676,0.86697,0.01689,0.55806,-0.03470,0.21231,0.03610,0.50361,0.86300,0.01769,5.37,4.98,4.00
17.0978,170,0.24312,-0.13913,-0.56588,0.71876,0.50365,-0.44853,-0.16892,1,0.55375,-0.03940,0.20891,0.03644,0.49771,0.86641,0.01714,0.55793,-0.03318,0.21299,0.03556,0.50442,0.86255,0.01767,4.17,6.22,4.09
17.1146,171,0.23544,-0.13036,-0.56652,0.72082,0.50662,-0.44014,-0.17331,1,0.55480,-0.03884,0.20959,0.03653,0.49881,0.86577,0.01731,0.55776,-0.03168,0.21369,0.03486,0.50468,0.86242,0.01801,2.96,7.16,4.10
17.1314,172,0.22628,-0.12072,-0.56714,0.72319,0.51279,-0.42653,-0.17923,1,0.55569,-0.03800,0.21030,0.03642,0.49998,0.86509,0.01746,0.55753,-0.03017,0.21436,0.03412,0.50439,0.86260,0.01876,1.84,7.84,4.06
17.1482,173,0.22628,-0.12072,-0.56714,0.72319,0.51279,-0.42653,-0.17923,1,0.55638,-0.03696,0.21102,0.03617,0.50107,0.86447,0.01757,0.55744,-0.02957,0.21463,0.03388,0.50429,0.86266,0.01900,1.06,7.39,3.61
17.1647,174,0.19294,-0.09034,-0.56745,0.73513,0.53860,-0.36824,-0.18409,1,0.55686,-0.03575,0.21173,0.03579,0.50199,0.86395,0.01769,0.55712,-0.02808,0.21530,0.03347,0.50367,0.86303,0.01964,0.26,7.67,3.56
17.1815,175,0.17941,-0.08016,-0.56661,0.73976,0.54991,-0.34660,-0.17382,1,0.55715,-0.03452,0.21239,0.03536,0.50266,0.86358,0.01788,0.55678,-0.02656,0.21589,0.03347,0.50250,0.86369,0.02020,-0.37,7.96,3.51
17.1982,176,0.16559,-0.07011,-0.56557,0.74516,0.56053,-0.32293,-0.16207,1,0.55733,-0.03319,0.21306,0.03488,0.50312,0.86332,0.01813,0.55650,-0.02502,0.21648,0.03348,0.50127,0.86440,0.02069,-0.83,8.17,3.42
17.2149,177,0.15035,-0.06007,-0.56347,0.75044,0.57114,-0.29704,-0.14970,1,0.55738,-0.03185,0.21372,0.03443,0.50333,0.86321,0.01843,0.55621,-0.02351,0.21712,0.03345,0.50004,0.86510,0.02118,-1.17,8.34,3.40
17.2319,178,0.11740,-0.04039,-0.55707,0.75748,0.59101,-0.24206,-0.13540,1,0.55733,-0.03050,0.21436,0.03404,0.50323,0.86327,0.01881,0.55594,-0.02201,0.21780,0.03326,0.49889,0.86575,0.02186,-1.39,8.49,3.44
17.2486,179,0.09970,-0.03140,-0.55280,0.76049,0.59863,-0.21433,-0.13176,1,0.55721,-0.02921,0.21494,0.03375,0.50292,0.86346,0.01923,0.55573,-0.02049,0.21845,0.03289,0.49780,0.86637,0.02261,-1.48,8.72,3.50
17.2655,180,0.08161,-0.02258,-0.54786,0.76341,0.60488,-0.18745,-0.12721,1,0.55703,-0.02780,0.21556,0.03355,0.50235,0.86379,0.01970,0.55555,-0.01896,0.21909,0.03252,0.49669,0.86701,0.02329,-1.48,8.84,3.53
17.2820,181,0.06290,-0.01396,-0.54221,0.76598,0.60991,-0.16218,-0.12241,1,0.55682,-0.02635,0.21617,0.03337,0.50156,0.86425,0.02022,0.55541,-0.01743,0.21972,0.03214,0.49556,0.86765,0.02393,-1.41,8.92,3.55
17.2987,182,0.04368,-0.00512,-0.53586,0.76826,0.61397,-0.13767,-0.11776,1,0.55659,-0.02486,0.21678,0.03317,0.50065,0.86476,0.02080,0.55533,-0.01589,0.22035,0.03174,0.49443,0.86829,0.02457,-1.25,8.97,3.58
17.3155,183,0.00432,0.01135,-0.51966,0.76875,0.62450,-0.08604,-0.10784,1,0.55637,-0.02347,0.21736,0.03297,0.49974,0.86528,0.02138,0.55525,-0.01437,0.22105,0.03143,0.49330,0.86892,0.02527,-1.12,9.09,3.69
17.3325,184,-0.01557,0.01852,-0.51024,0.76492,0.63329,-0.05705,-0.10290,1,0.55614,-0.02198,0.21797,0.03272,0.49872,0.86587,0.02201,0.55521,-0.01285,0.22173,0.03130,0.49222,0.86951,0.02611,-0.93,9.12,3.76
17.3490,185,-0.03535,0.02446,-0.50000,0.75907,0.64344,-0.02697,-0.09520,1,0.55594,-0.02047,0.21859,0.03246,0.49766,0.86647,0.02267,0.55517,-0.01133,0.22241,0.03129,0.49111,0.87012,0.02691,-0.77,9.13,3.82
17.3658,186,-0.05512,0.02961,-0.48934,0.75244,0.65313,0.00376,-0.08509,1,0.55575,-0.01893,0.21922,0.03218,0.49656,0.86709,0.02334,0.55517,-0.00980,0.22306,0.03132,0.48995,0.87075,0.02764,-0.58,9.13,3.84
17.3827,187,-0.07468,0.03427,-0.47724,0.74395,0.66338,0.03637,-0.07167,1,0.55560,-0.01746,0.21984,0.03194,0.49552,0.86768,0.02400,0.55522,-0.00829,0.22377,0.03141,0.48877,0.87139,0.02830,-0.38,9.17,3.93
17.3992,188,-0.11125,0.04274,-0.44957,0.72263,0.68161,0.10470,-0.04744,1,0.55548,-0.01590,0.22051,0.03173,0.49441,0.86830,0.02468,0.55535,-0.00684,0.22457,0.03148,0.48762,0.87201,0.02902,-0.12,9.06,4.06
17.4161,189,-0.12773,0.04643,-0.43436,0.70857,0.69090,0.13710,-0.04224,1,0.55539,-0.01437,0.22120,0.03159,0.49331,0.86891,0.02537,0.55567,-0.00544,0.22542,0.03159,0.48660,0.87254,0.02998,0.28,8.93,4.22
17.4327,190,-0.14355,0.04938,-0.41845,0.69223,0.70072,0.16652,-0.04563,1,0.55534,-0.01289,0.22188,0.03150,0.49222,0.86951,0.02607,0.55604,-0.00405,0.22627,0.03175,0.48582,0.87293,0.03119,0.69,8.83,4.39
17.4494,191,-0.15829,0.05197,-0.40232,0.67646,0.70858,0.19323,-0.05453,1,0.55535,-0.01153,0.22252,0.03144,0.49116,0.87009,0.02677,0.55646,-0.00268,0.22711,0.03186,0.48523,0.87320,0.03254,1.11,8.86,4.59
17.4662,192,-0.17219,0.05355,-0.38575,0.66286,0.71358,0.21718,-0.06518,1,0.55541,-0.01012,0.22321,0.03142,0.49007,0.87068,0.02759,0.55688,-0.00129,0.22793,0.03186,0.48474,0.87342,0.03394,1.46,8.83,4.73
17.4828,193,-0.19739,0.05554,-0.35252,0.63770,0.71897,0.26377,-0.08275,1,0.55555,-0.00869,0.22393,0.03143,0.48899,0.87125,0.02852,0.55730,0.00010,0.22875,0.03177,0.48419,0.87367,0.03531,1.75,8.79,4.82
17.4997,194,-0.20831,0.05525,-0.33579,0.62504,0.72073,0.28687,-0.08706,1,0.55575,-0.00724,0.22469,0.03146,0.48799,0.87178,0.02952,0.55772,0.00152,0.22953,0.03166,0.48347,0.87403,0.03657,1.96,8.75,4.84
17.5167,195,-0.21802,0.05435,-0.31937,0.61104,0.72213,0.31179,-0.08915,1,0.55600,-0.00585,0.22545,0.03150,0.48715,0.87221,0.03054,0.55813,0.00293,0.23031,0.03155,0.48265,0.87443,0.03775,2.13,8.77,4.86
17.5333,196,-0.22637,0.05263,-0.30327,0.59615,0.72314,0.33726,-0.08912,1,0.55630,-0.00436,0.22629,0.03154,0.48636,0.87261,0.03168,0.55852,0.00434,0.23111,0.03144,0.48176,0.87488,0.03887,2.23,8.70,4.82
17.5500,197,-0.23430,0.05096,-0.28760,0.58125,0.72403,0.36038,-0.08970,1,0.55663,-0.00287,0.22714,0.03156,0.48559,0.87300,0.03286,0.55899,0.00575,0.23186,0.03138,0.48089,0.87531,0.04001,2.35,8.62,4.72
17.5666,198,-0.24771,0.04597,-0.25753,0.55132,0.72587,0.40069,-0.09279,1,0.55697,-0.00149,0.22793,0.03155,0.48488,0.87335,0.03400,0.55942,0.00717,0.23263,0.03139,0.48006,0.87571,0.04120,2.45,8.66,4.70
17.5834,199,-0.25349,0.04339,-0.24310,0.53762,0.72620,0.41799,-0.09427,1,0.55734,-0.00005,0.22875,0.03151,0.48409,0.87374,0.03521,0.55994,0.00858,0.23334,0.03142,0.47923,0.87610,0.04238,2.60,8.63,4.59
17.6001,200,-0.25846,0.04096,-0.22900,0.52577,0.72614,0.43328,-0.09248,1,0.55772,0.00139,0.22956,0.03145,0.48329,0.87414,0.03642,0.56051,0.00997,0.23406,0.03139,0.47826,0.87658,0.04342,2.79,8.59,4.50
17.6168,201,-0.26265,0.03926,-0.21458,0.51653,0.72525,0.44625,-0.08989,1,0.55812,0.00284,0.23037,0.03140,0.48246,0.87454,0.03765,0.56118,0.01129,0.23482,0.03124,0.47724,0.87709,0.04439,3.06,8.45,4.45
17.6336,202,-0.26597,0.03838,-0.19985,0.50922,0.72515,0.45495,-0.08874,1,0.55852,0.00421,0.23114,0.03136,0.48167,0.87493,0.03880,0.56195,0.01252,0.23564,0.03125,0.47626,0.87758,0.04541,3.43,8.31,4.50
17.6506,203,-0.27089,0.03779,-0.16889,0.49267,0.72836,0.46308,-0.11101,1,0.55898,0.00564,0.23194,0.03133,0.48081,0.87535,0.03997,0.56278,0.01366,0.23653,0.03157,0.47584,0.87773,0.04659,3.80,8.02,4.59
17.6673,204,-0.27296,0.03723,-0.15382,0.48190,0.72808,0.46927,-0.13209,1,0.55947,0.00706,0.23274,0.03131,0.47992,0.87579,0.04110,0.56361,0.01484,0.23737,0.03199,0.47607,0.87752,0.04790,4.14,7.78,4.63
17.6838,205,-0.27437,0.03603,-0.13920,0.46781,0.72568,0.48080,-0.15291,1,0.55997,0.00835,0.23349,0.03129,0.47909,0.87620,0.04214,0.56436,0.01606,0.23821,0.03227,0.47622,0.87735,0.04936,4.39,7.71,4.72
17.7005,206,-0.27671,0.03526,-0.12667,0.45243,0.72218,0.49535,-0.16851,1,0.56058,0.00968,0.23429,0.03133,0.47828,0.87658,0.04328,0.56519,0.01737,0.23883,0.03241,0.47610,0.87732,0.05085,4.61,7.68,4.54
17.7174,207,-0.27894,0.03432,-0.11513,0.43640,0.72049,0.50836,-0.17892,1,0.56126,0.01095,0.23510,0.03142,0.47764,0.87687,0.04444,0.56602,0.01871,0.23937,0.03263,0.47575,0.87742,0.05229,4.77,7.77,4.27
17.7340,208,-0.27813,0.03138,-0.09262,0.40897,0.71833,0.53029,-0.18852,1,0.56196,0.01216,0.23589,0.03152,0.47719,0.87705,0.04563,0.56675,0.01997,0.24018,0.03280,0.47515,0.87765,0.05363,4.79,7.81,4.29
17.7507,209,-0.27589,0.02993,-0.08197,0.39379,0.71868,0.54001,-0.19186,1,0.56273,0.01337,0.23669,0.03166,0.47684,0.87717,0.04690,0.56748,0.02112,0.24114,0.03311,0.47444,0.87795,0.05488,4.76,7.75,4.46
17.7677,210,-0.27363,0.02863,-0.07211,0.37793,0.71800,0.55037,-0.19681,1,0.56349,0.01452,0.23742,0.03182,0.47652,0.87727,0.04816,0.56826,0.02226,0.24208,0.03341,0.47382,0.87819,0.05619,4.77,7.73,4.67
17.7845,211,-0.27125,0.02697,-0.06381,0.36154,0.71572,0.56254,-0.20142,1,0.56430,0.01576,0.23818,0.03199,0.47616,0.87738,0.04954,0.56896,0.02341,0.24306,0.03355,0.47319,0.87844,0.05752,4.66,7.65,4.87
17.8012,212,-0.26897,0.02490,-0.05682,0.34678,0.71206,0.57491,-0.20538,1,0.56509,0.01700,0.23894,0.03217,0.47574,0.87752,0.05090,0.56957,0.02463,0.24402,0.03356,0.47259,0.87867,0.05888,4.47,7.62,5.08
17.8182,213,-0.26545,0.01975,-0.04743,0.32415,0.70941,0.59221,-0.20238,1,0.56588,0.01825,0.23974,0.03237,0.47529,0.87768,0.05227,0.56989,0.02597,0.24495,0.03352,0.47164,0.87911,0.05996,4.01,7.72,5.22
17.8347,214,-0.26517,0.01712,-0.04414,0.31662,0.71013,0.59716,-0.19713,1,0.56661,0.01943,0.24051,0.03258,0.47480,0.87786,0.05355,0.57003,0.02717,0.24532,0.03342,0.47039,0.87975,0.06047,3.42,7.75,4.81
17.8513,215,-0.26517,0.01448,-0.04228,0.31269,0.71045,0.60073,-0.19134,1,0.56736,0.02068,0.24138,0.03278,0.47423,0.87808,0.05489,0.56989,0.02812,0.24551,0.03301,0.46913,0.88043,0.06062,2.53,7.43,4.13
17.8681,216,-0.26487,0.01168,-0.04194,0.31119,0.70815,0.60508,-0.18861,1,0.56801,0.02196,0.24227,0.03291,0.47358,0.87834,0.05616,0.56939,0.02878,0.24569,0.03212,0.46824,0.88090,0.06117,1.38,6.82,3.42
17.8848,217,-0.26465,0.00933,-0.04355,0.31394,0.70260,0.61069,-0.18670,1,0.56853,0.02318,0.24307,0.03299,0.47285,0.87866,0.05726,0.56856,0.02898,0.24570,0.03090,0.46794,0.88106,0.06167,0.03,5.80,2.64
17.9016,218,-0.26544,0.00617,-0.04990,0.32271,0.69837,0.61301,-0.17989,1,0.56894,0.02445,0.24382,0.03296,0.47194,0.87908,0.05831,0.56703,0.02862,0.24527,0.02960,0.46792,0.88113,0.06149,-1.91,4.17,1.44
17.9182,219,-0.26648,0.00530,-0.05539,0.33097,0.70015,0.60818,-0.17425,1,0.56911,0.02564,0.24445,0.03271,0.47096,0.87956,0.05918,0.56572,0.02782,0.24461,0.02873,0.46805,0.88114,0.06071,-3.39,2.18,0.15
17.9350,220,-0.26762,0.00457,-0.06217,0.34036,0.70364,0.60077,-0.16765,1,0.56903,0.02669,0.24492,0.03220,0.47005,0.88002,0.05990,0.56447,0.02695,0.24394,0.02839,0.46831,0.88111,0.05941,-4.56,0.25,-0.98
17.9518,221,-0.26891,0.00401,-0.07041,0.35115,0.70609,0.59361,-0.16047,1,0.56869,0.02752,0.24521,0.03146,0.46930,0.88041,0.06042,0.56327,0.02603,0.24324,0.02804,0.46864,0.88104,0.05799,-5.42,-1.50,-1.97
17.9691,222,-0.27034,0.00402,-0.07992,0.36198,0.70798,0.58688,-0.15264,1,0.56811,0.02803,0.24532,0.03061,0.46878,0.88070,0.06067,0.56216,0.02502,0.24250,0.02762,0.46893,0.88099,0.05659,-5.96,-3.00,-2.82
17.9853,223,-0.27326,0.00536,-0.10226,0.38550,0.71221,0.57068,-0.13594,1,0.56739,0.02815,0.24526,0.02979,0.46849,0.88088,0.06059,0.56113,0.02395,0.24174,0.02725,0.46925,0.88092,0.05517,-6.25,-4.20,-3.52
18.0019,224,-0.27452,0.00745,-0.11549,0.39940,0.71609,0.55761,-0.12948,1,0.56649,0.02794,0.24502,0.02905,0.46835,0.88101,0.06020,0.56026,0.02278,0.24094,0.02716,0.46976,0.88074,0.05377,-6.23,-5.16,-4.08
18.0187,225,-0.27507,0.01035,-0.12948,0.41456,0.72150,0.54113,-0.12145,1,0.56557,0.02748,0.24465,0.02850,0.46836,0.88107,0.05957,0.55946,0.02154,0.24017,0.02717,0.47023,0.88057,0.05236,-6.11,-5.94,-4.49
18.0355,226,-0.27447,0.01403,-0.14419,0.43113,0.72845,0.51988,-0.11490,1,0.56455,0.02675,0.24413,0.02803,0.46849,0.88107,0.05866,0.55873,0.02023,0.23944,0.02732,0.47079,0.88035,0.05099,-5.83,-6.52,-4.69
18.0525,227,-0.27258,0.01757,-0.15917,0.45012,0.73306,0.49819,-0.10869,1,0.56351,0.02587,0.24348,0.02761,0.46875,0.88102,0.05762,0.55799,0.01890,0.23876,0.02735,0.47141,0.88009,0.04966,-5.52,-6.98,-4.72
18.0691,228,-0.26467,0.02602,-0.19005,0.48788,0.73535,0.46001,-0.09805,1,0.56250,0.02485,0.24277,0.02732,0.46903,0.88095,0.05646,0.55731,0.01749,0.23819,0.02721,0.47210,0.87980,0.04836,-5.20,-7.36,-4.58
18.0856,229,-0.25871,0.03103,-0.20594,0.50250,0.73801,0.44051,-0.09371,1,0.56160,0.02378,0.24207,0.02716,0.46932,0.88088,0.05528,0.55676,0.01601,0.23764,0.02728,0.47277,0.87951,0.04705,-4.84,-7.77,-4.43
18.1024,230,-0.25097,0.03684,-0.22220,0.51436,0.74293,0.41901,-0.08895,1,0.56071,0.02258,0.24132,0.02705,0.46978,0.88072,0.05400,0.55629,0.01449,0.23715,0.02759,0.47338,0.87924,0.04574,-4.41,-8.08,-4.18
18.1192,231,-0.24163,0.04274,-0.23797,0.52825,0.74675,0.39526,-0.08417,1,0.55985,0.02130,0.24060,0.02699,0.47032,0.88051,0.05267,0.55586,0.01294,0.23672,0.02781,0.47402,0.87895,0.04444,-4.00,-8.36,-3.88
18.1363,232,-0.23062,0.04855,-0.25353,0.54234,0.74888,0.37227,-0.08043,1,0.55905,0.01997,0.23990,0.02698,0.47086,0.88030,0.05131,0.55545,0.01137,0.23634,0.02797,0.47472,0.87863,0.04316,-3.60,-8.60,-3.56
18.1529,233,-0.20465,0.05843,-0.28419,0.56544,0.75118,0.33192,-0.07641,1,0.55833,0.01857,0.23925,0.02703,0.47148,0.88005,0.04996,0.55501,0.00979,0.23603,0.02814,0.47548,0.87828,0.04193,-3.32,-8.78,-3.21
18.1695,234,-0.19028,0.06269,-0.29979,0.57497,0.75236,0.31292,-0.07387,1,0.55769,0.01722,0.23867,0.02711,0.47204,0.87982,0.04869,0.55459,0.00822,0.23568,0.02837,0.47620,0.87794,0.04068,-3.10,-9.00,-3.00
18.1861,235,-0.17410,0.06633,-0.31583,0.58469,0.75258,0.29443,-0.07126,1,0.55708,0.01575,0.23811,0.02723,0.47267,0.87955,0.04738,0.55416,0.00664,0.23534,0.02854,0.47691,0.87760,0.03941,-2.91,-9.11,-2.77
18.2028,236,-0.15740,0.07025,-0.33176,0.59453,0.75275,0.27466,-0.06677,1,0.55651,0.01426,0.23761,0.02737,0.47333,0.87925,0.04607,0.55379,0.00506,0.23498,0.02873,0.47754,0.87731,0.03810,-2.72,-9.20,-2.63
18.2198,237,-0.13904,0.07390,-0.34754,0.60557,0.75231,0.25258,-0.05924,1,0.55601,0.01281,0.23718,0.02753,0.47399,0.87896,0.04484,0.55344,0.00347,0.23463,0.02888,0.47806,0.87708,0.03672,-2.58,-9.34,-2.55
18.2364,238,-0.09869,0.08031,-0.37847,0.62757,0.75065,0.20279,-0.03942,1,0.55552,0.01125,0.23676,0.02771,0.47466,0.87866,0.04353,0.55309,0.00187,0.23431,0.02908,0.47852,0.87688,0.03532,-2.43,-9.38,-2.45
18.2533,239,-0.07805,0.08316,-0.39359,0.63848,0.74833,0.17704,-0.03157,1,0.55505,0.00967,0.23637,0.02789,0.47535,0.87834,0.04222,0.55280,0.00030,0.23385,0.02924,0.47907,0.87663,0.03395,-2.25,-9.38,-2.51
18.2700,240,-0.05570,0.08565,-0.40790,0.64987,0.74445,0.15118,-0.02468,1,0.55461,0.00809,0.23599,0.02806,0.47601,0.87804,0.04090,0.55253,-0.00129,0.23342,0.02933,0.47966,0.87636,0.03260,-2.07,-9.38,-2.57
18.2866,241,-0.03254,0.08796,-0.42157,0.66179,0.73907,0.12452,-0.01760,1,0.55421,0.00658,0.23563,0.02822,0.47659,0.87777,0.03966,0.55232,-0.00288,0.23296,0.02936,0.48025,0.87609,0.03125,-1.90,-9.46,-2.68
18.3034,242,0.01613,0.09181,-0.44624,0.68217,0.72820,0.06607,0.00011,1,0.55382,0.00498,0.23526,0.02839,0.47719,0.87751,0.03832,0.55213,-0.00448,0.23252,0.02951,0.48080,0.87583,0.02989,-1.69,-9.46,-2.74
18.3202,243,0.04165,0.09364,-0.45690,0.69025,0.72257,0.03613,0.01225,1,0.55346,0.00341,0.23488,0.02855,0.47776,0.87725,0.03697,0.55206,-0.00607,0.23203,0.02975,0.48124,0.87562,0.02849,-1.40,-9.48,-2.86
18.3372,244,0.06788,0.09534,-0.46621,0.69613,0.71745,0.00572,0.02509,1,0.55313,0.00187,0.23450,0.02868,0.47833,0.87699,0.03561,0.55203,-0.00765,0.23152,0.03008,0.48167,0.87542,0.02711,-1.10,-9.52,-2.98
18.3536,245,0.09467,0.09635,-0.47394,0.70226,0.71063,-0.02488,0.03476,1,0.55284,0.00040,0.23413,0.02881,0.47886,0.87675,0.03430,0.55200,-0.00924,0.23102,0.03032,0.48220,0.87516,0.02575,-0.84,-9.64,-3.12
18.3705,246,0.12179,0.09683,-0.48005,0.70708,0.70385,-0.05414,0.04125,1,0.55258,-0.00117,0.23372,0.02896,0.47941,0.87649,0.03288,0.55200,-0.01083,0.23051,0.03055,0.48284,0.87484,0.02445,-0.58,-9.66,-3.20
18.3871,247,0.17655,0.09497,-0.48917,0.71245,0.69155,-0.10817,0.04979,1,0.55239,-0.00274,0.23329,0.02915,0.47995,0.87625,0.03147,0.55198,-0.01242,0.23002,0.03081,0.48354,0.87447,0.02320,-0.41,-9.69,-3.27
18.4038,248,0.20375,0.09328,-0.49162,0.71287,0.68608,-0.13403,0.05611,1,0.55224,-0.00432,0.23284,0.02935,0.48050,0.87599,0.03007,0.55202,-0.01401,0.22951,0.03121,0.48417,0.87414,0.02194,-0.22,-9.68,-3.34
18.4205,249,0.23076,0.09130,-0.49245,0.71356,0.67891,-0.16050,0.06440,1,0.55214,-0.00582,0.23241,0.02956,0.48102,0.87574,0.02875,0.55209,-0.01560,0.22901,0.03158,0.48472,0.87386,0.02063,-0.05,-9.78,-3.40
18.4373,250,0.25756,0.08977,-0.49174,0.71401,0.67123,-0.18589,0.07128,1,0.55206,-0.00745,0.23193,0.02980,0.48160,0.87546,0.02734,0.55223,-0.01719,0.22853,0.03191,0.48530,0.87355,0.01932,0.17,-9.74,-3.40
18.4540,251,0.28399,0.08815,-0.48955,0.71342,0.66380,-0.21090,0.07692,1,0.55202,-0.00912,0.23141,0.03006,0.48222,0.87515,0.02598,0.55241,-0.01878,0.22807,0.03226,0.48593,0.87321,0.01805,0.39,-9.66,-3.34
18.4707,252,0.33460,0.08504,-0.48139,0.70789,0.65157,-0.25914,0.08485,1,0.55202,-0.01072,0.23092,0.03034,0.48280,0.87486,0.02473,0.55263,-0.02038,0.22766,0.03268,0.48666,0.87282,0.01687,0.61,-9.66,-3.26
18.4875,253,0.35839,0.08342,-0.47592,0.70465,0.64549,-0.28138,0.08730,1,0.55205,-0.01241,0.23038,0.03063,0.48341,0.87454,0.02343,0.55293,-0.02196,0.22723,0.03306,0.48743,0.87239,0.01572,0.88,-9.55,-3.15
18.5042,254,0.38124,0.08176,-0.46949,0.70035,0.63995,-0.30324,0.08959,1,0.55212,-0.01410,0.22986,0.03095,0.48401,0.87423,0.02213,0.55327,-0.02354,0.22682,0.03350,0.48823,0.87195,0.01461,1.15,-9.44,-3.04
18.5210,255,0.40281,0.08000,-0.46244,0.69553,0.63422,-0.32517,0.09096,1,0.55221,-0.01574,0.22935,0.03128,0.48464,0.87390,0.02087,0.55364,-0.02512,0.22642,0.03392,0.48906,0.87149,0.01353,1.43,-9.38,-2.92
18.5380,256,0.42306,0.07815,-0.45487,0.69013,0.62929,-0.34568,0.09073,1,0.55236,-0.01736,0.22886,0.03166,0.48530,0.87355,0.01962,0.55404,-0.02669,0.22604,0.03432,0.48997,0.87097,0.01253,1.68,-9.33,-2.82
18.5548,257,0.46074,0.07440,-0.43902,0.67692,0.62215,-0.38250,0.09171,1,0.55254,-0.01896,0.22840,0.03207,0.48601,0.87317,0.01838,0.55447,-0.02826,0.22567,0.03485,0.49088,0.87045,0.01160,1.93,-9.29,-2.73
18.5712,258,0.47780,0.07286,-0.43104,0.67064,0.61801,-0.39936,0.09393,1,0.55275,-0.02045,0.22799,0.03245,0.48671,0.87279,0.01723,0.55500,-0.02979,0.22528,0.03545,0.49168,0.86999,0.01059,2.26,-9.34,-2.71
18.5879,259,0.49326,0.07110,-0.42263,0.66461,0.61420,-0.41442,0.09649,1,0.55300,-0.02195,0.22759,0.03285,0.48744,0.87239,0.01613,0.55553,-0.03133,0.22494,0.03610,0.49246,0.86953,0.00957,2.53,-9.38,-2.65
18.6046,260,0.50793,0.06946,-0.41428,0.65921,0.60947,-0.42960,0.09717,1,0.55330,-0.02353,0.22719,0.03328,0.48824,0.87195,0.01501,0.55609,-0.03286,0.22459,0.03657,0.49331,0.86904,0.00854,2.78,-9.33,-2.60
18.6214,261,0.52210,0.06770,-0.40593,0.65328,0.60518,-0.44488,0.09522,1,0.55366,-0.02508,0.22680,0.03374,0.48905,0.87149,0.01395,0.55667,-0.03438,0.22422,0.03691,0.49430,0.86847,0.00763,3.01,-9.31,-2.58
18.6383,262,0.54720,0.06405,-0.38954,0.64142,0.59854,-0.47226,0.08549,1,0.55406,-0.02662,0.22644,0.03424,0.48986,0.87103,0.01290,0.55725,-0.03591,0.22389,0.03709,0.49543,0.86783,0.00691,3.19,-9.29,-2.55
18.6551,263,0.55871,0.06210,-0.38145,0.63490,0.59615,-0.48504,0.07902,1,0.55450,-0.02816,0.22608,0.03475,0.49069,0.87056,0.01184,0.55789,-0.03741,0.22357,0.03720,0.49663,0.86714,0.00635,3.39,-9.26,-2.51
18.6716,264,0.56989,0.05983,-0.37306,0.62793,0.59356,-0.49816,0.07230,1,0.55493,-0.02959,0.22575,0.03520,0.49152,0.87009,0.01087,0.55853,-0.03892,0.22328,0.03731,0.49784,0.86645,0.00579,3.60,-9.33,-2.48
18.6883,265,0.58063,0.05677,-0.36513,0.62024,0.59026,-0.51231,0.06656,1,0.55543,-0.03113,0.22541,0.03565,0.49247,0.86954,0.00988,0.55913,-0.04044,0.22293,0.03751,0.49900,0.86577,0.00516,3.70,-9.31,-2.48
18.7051,266,0.59077,0.05367,-0.35741,0.61146,0.58687,-0.52735,0.06001,1,0.55596,-0.03269,0.22505,0.03604,0.49350,0.86895,0.00895,0.55975,-0.04195,0.22258,0.03771,0.50018,0.86509,0.00457,3.78,-9.25,-2.47
18.7220,267,0.60971,0.04729,-0.34152,0.59554,0.57911,-0.55481,0.04633,1,0.55653,-0.03430,0.22468,0.03637,0.49457,0.86834,0.00812,0.56039,-0.04345,0.22228,0.03783,0.50136,0.86440,0.00396,3.86,-9.16,-2.41
18.7389,268,0.61848,0.04366,-0.33385,0.58857,0.57487,-0.56703,0.03977,1,0.55713,-0.03591,0.22432,0.03665,0.49567,0.86771,0.00739,0.56105,-0.04495,0.22195,0.03789,0.50253,0.86372,0.00331,3.92,-9.04,-2.37
18.7553,269,0.62683,0.03970,-0.32597,0.58125,0.57155,-0.57839,0.03088,1,0.55770,-0.03744,0.22396,0.03686,0.49672,0.86710,0.00673,0.56170,-0.04646,0.22165,0.03780,0.50376,0.86301,0.00283,4.00,-9.02,-2.31
18.7721,270,0.63504,0.03467,-0.31779,0.57219,0.56795,-0.59121,0.02250,1,0.55833,-0.03901,0.22360,0.03708,0.49785,0.86645,0.00610,0.56227,-0.04799,0.22134,0.03785,0.50498,0.86230,0.00235,3.94,-8.98,-2.25
18.7892,271,0.64265,0.02968,-0.31067,0.56380,0.56355,-0.60362,0.01341,1,0.55896,-0.04057,0.22324,0.03724,0.49901,0.86578,0.00545,0.56285,-0.04951,0.22096,0.03781,0.50619,0.86159,0.00182,3.89,-8.94,-2.27
18.8058,272,0.65597,0.01863,-0.29679,0.54879,0.55565,-0.62457,-0.00196,1,0.55955,-0.04201,0.22292,0.03735,0.50013,0.86513,0.00485,0.56336,-0.05105,0.22061,0.03778,0.50740,0.86088,0.00129,3.80,-9.05,-2.31
18.8225,273,0.66220,0.01271,-0.28986,0.54224,0.55154,-0.63382,-0.00688,1,0.56019,-0.04353,0.22258,0.03745,0.50132,0.86444,0.00422,0.56388,-0.05260,0.22026,0.03790,0.50856,0.86019,0.00065,3.69,-9.07,-2.32
18.8393,274,0.66794,0.00685,-0.28331,0.53565,0.54748,-0.64282,-0.01136,1,0.56082,-0.04505,0.22224,0.03751,0.50253,0.86374,0.00362,0.56439,-0.05414,0.21989,0.03807,0.50971,0.85950,-0.00000,3.57,-9.09,-2.35
18.8559,275,0.67351,0.00095,-0.27681,0.52850,0.54360,-0.65184,-0.01714,1,0.56144,-0.04657,0.22190,0.03754,0.50374,0.86303,0.00304,0.56492,-0.05568,0.21952,0.03815,0.51091,0.85879,-0.00056,3.48,-9.11,-2.37
18.8728,276,0.67818,-0.00527,-0.27051,0.52042,0.54030,-0.66087,-0.02219,1,0.56205,-0.04808,0.22157,0.03758,0.50493,0.86234,0.00246,0.56536,-0.05725,0.21919,0.03834,0.51211,0.85806,-0.00105,3.30,-9.17,-2.38
18.8893,277,0.68675,-0.01566,-0.25923,0.50881,0.53376,-0.67482,-0.02896,1,0.56261,-0.04950,0.22125,0.03762,0.50605,0.86168,0.00190,0.56590,-0.05879,0.21885,0.03856,0.51327,0.85736,-0.00166,3.29,-9.29,-2.40
18.9061,278,0.69048,-0.02034,-0.25368,0.50455,0.53134,-0.67970,-0.03348,1,0.56317,-0.05102,0.22090,0.03768,0.50724,0.86098,0.00129,0.56651,-0.06032,0.21858,0.03844,0.51447,0.85664,-0.00217,3.34,-9.30,-2.33
18.9229,279,0.69395,-0.02478,-0.24827,-0.49930,-0.52973,0.68445,0.04009,1,0.56373,-0.05254,0.22056,0.03776,0.50843,0.86027,0.00070,0.56714,-0.06184,0.21833,0.03813,0.51572,0.85591,-0.00243,3.42,-9.30,-2.23
18.9397,280,0.69663,-0.02899,-0.24369,-0.49330,-0.52817,0.68955,0.04698,1,0.56424,-0.05399,0.22024,0.03786,0.50956,0.85960,0.00014,0.56769,-0.06339,0.21808,0.03788,0.51697,0.85516,-0.00265,3.45,-9.41,-2.16
18.9564,281,0.69923,-0.03248,-0.23971,-0.48595,-0.52536,0.69641,0.05358,1,0.56478,-0.05553,0.21991,0.03794,0.51078,0.85887,-0.00044,0.56835,-0.06490,0.21781,0.03782,0.51822,0.85441,-0.00302,3.57,-9.36,-2.10
18.9732,282,0.70310,-0.03858,-0.23391,-0.47198,-0.51540,0.71281,0.05919,1,0.56533,-0.05710,0.21958,0.03798,0.51202,0.85814,-0.00096,0.56893,-0.06642,0.21746,0.03817,0.51930,0.85373,-0.00372,3.60,-9.32,-2.12
18.9898,283,0.70377,-0.04149,-0.23237,-0.46836,-0.51348,0.71667,0.05787,1,0.56589,-0.05870,0.21924,0.03796,0.51325,0.85740,-0.00143,0.56898,-0.06739,0.21719,0.03915,0.52012,0.85319,-0.00430,3.08,-8.69,-2.06
19.0065,284,0.70452,-0.04437,-0.23157,-0.46934,-0.51372,0.71615,0.05418,1,0.56644,-0.06021,0.21892,0.03793,0.51441,0.85670,-0.00183,0.56893,-0.06821,0.21677,0.04014,0.52032,0.85302,-0.00467,2.49,-8.00,-2.16
19.0233,285,0.70517,-0.04726,-0.23037,-0.47298,-0.51424,0.71368,0.05002,1,0.56701,-0.06180,0.21860,0.03795,0.51561,0.85598,-0.00227,0.56892,-0.06911,0.21643,0.04086,0.51994,0.85321,-0.00485,1.91,-7.31,-2.17
19.0402,286,0.70566,-0.05022,-0.22910,-0.47461,-0.51407,0.71297,0.04640,1,0.56753,-0.06334,0.21827,0.03809,0.51676,0.85528,-0.00276,0.56887,-0.07004,0.21613,0.04168,0.51893,0.85379,-0.00498,1.33,-6.70,-2.15
19.0568,287,0.70694,-0.05526,-0.22715,-0.46941,-0.50993,0.71953,0.04364,1,0.56796,-0.06482,0.21792,0.03840,0.51771,0.85469,-0.00333,0.56883,-0.07157,0.21548,0.04255,0.51852,0.85399,-0.00534,0.87,-6.75,-2.44
19.0735,288,0.70757,-0.05688,-0.22664,-0.46562,-0.50784,0.72348,0.04316,1,0.56829,-0.06608,0.21760,0.03885,0.51839,0.85426,-0.00379,0.56884,-0.07216,0.21516,0.04338,0.51875,0.85381,-0.00582,0.55,-6.08,-2.44
19.0903,289,0.70815,-0.05780,-0.22645,-0.46328,-0.50709,0.72555,0.04239,1,0.56855,-0.06733,0.21724,0.03943,0.51877,0.85400,-0.00422,0.56888,-0.07240,0.21494,0.04438,0.51959,0.85324,-0.00624,0.33,-5.08,-2.31
19.1073,290,0.70836,-0.05848,-0.22626,-0.46135,-0.50767,0.72641,0.04201,1,0.56875,-0.06846,0.21686,0.04010,0.51884,0.85392,-0.00460,0.56888,-0.07259,0.21482,0.04532,0.52049,0.85264,-0.00591,0.13,-4.13,-2.03
19.1239,291,0.70855,-0.05902,-0.22610,-0.46067,-0.50867,0.72605,0.04344,1,0.56889,-0.06949,0.21648,0.04086,0.51884,0.85388,-0.00499,0.56888,-0.07275,0.21473,0.04556,0.52133,0.85212,-0.00534,-0.01,-3.26,-1.75
19.1405,292,0.70922,-0.05827,-0.22650,-0.46015,-0.51068,0.72460,0.04922,1,0.56897,-0.07036,0.21616,0.04165,0.51896,0.85377,-0.00535,0.56904,-0.07248,0.21463,0.04506,0.52203,0.85172,-0.00476,0.07,-2.12,-1.52
19.1573,293,0.70924,-0.05695,-0.22738,-0.46017,-0.51141,0.72391,0.05151,1,0.56902,-0.07114,0.21582,0.04248,0.51926,0.85354,-0.00563,0.56906,-0.07201,0.21468,0.04387,0.52252,0.85148,-0.00422,0.04,-0.87,-1.14
19.1740,294,0.70910,-0.05564,-0.22844,-0.46022,-0.51219,0.72320,0.05326,1,0.56906,-0.07168,0.21551,0.04325,0.51970,0.85324,-0.00568,0.56900,-0.07151,0.21472,0.04260,0.52289,0.85133,-0.00352,-0.06,0.17,-0.79
19.1907,295,0.70888,-0.05426,-0.22975,-0.46018,-0.51272,0.72295,0.05200,1,0.56908,-0.07194,0.21528,0.04382,0.52027,0.85286,-0.00553,0.56889,-0.07094,0.21474,0.04200,0.52295,0.85132,-0.00286,-0.19,1.00,-0.54
19.2074,296,0.70834,-0.05325,-0.23141,-0.46027,-0.51338,0.72250,0.05090,1,0.56909,-0.07201,0.21510,0.04415,0.52096,0.85242,-0.00523,0.56861,-0.07041,0.21472,0.04203,0.52265,0.85151,-0.00216,-0.48,1.61,-0.37
19.2242,297,0.70622,-0.05130,-0.23414,-0.46172,-0.51431,0.72133,0.04453,1,0.56907,-0.07195,0.21498,0.04416,0.52159,0.85204,-0.00487,0.56792,-0.06948,0.21499,0.04262,0.52199,0.85189,-0.00174,-1.15,2.48,0.01
19.2411,298,0.70370,-0.05058,-0.23470,-0.46191,-0.51337,0.72195,0.04330,1,0.56901,-0.07174,0.21490,0.04381,0.52212,0.85173,-0.00435,0.56737,-0.06924,0.21553,0.04342,0.52145,0.85217,-0.00202,-1.63,2.50,0.63
19.2578,0,0.70100,-0.04964,-0.23543,-0.46251,-0.51326,0.72154,0.04497,1,0.56890,-0.07140,0.21488,0.04332,0.52245,0.85156,-0.00379,0.56679,-0.06892,0.21612,0.04351,0.52114,0.85236,-0.00223,-2.11,2.49,1.24
19.2747,1,0.70015,-0.04853,-0.23662,-0.46278,-0.51530,0.71975,0.04753,1,0.56869,-0.07097,0.21491,0.04279,0.52248,0.85157,-0.00319,0.56654,-0.06845,0.21625,0.04309,0.52102,0.85246,-0.00194,-2.15,2.52,1.34
19.2914,2,0.69880,-0.04693,-0.23844,-0.46266,-0.51921,0.71683,0.05016,1,0.56837,-0.07053,0.21504,0.04239,0.52224,0.85174,-0.00271,0.56614,-0.06775,0.21646,0.04239,0.52101,0.85250,-0.00097,-2.23,2.78,1.42
19.3080,3,0.69471,-0.04272,-0.24466,-0.46608,-0.52991,0.70652,0.05286,1,0.56799,-0.07011,0.21526,0.04223,0.52189,0.85196,-0.00240,0.56522,-0.06638,0.21672,0.04174,0.52054,0.85281,0.00026,-2.77,3.72,1.46
19.3248,4,0.69216,-0.04007,-0.24834,-0.46906,-0.53439,0.70109,0.05368,1,0.56764,-0.06964,0.21556,0.04232,0.52159,0.85214,-0.00216,0.56438,-0.06509,0.21698,0.04104,0.51985,0.85327,0.00130,-3.26,4.55,1.41
19.3414,5,0.68882,-0.03684,-0.25268,-0.47355,-0.53754,0.69557,0.05459,1,0.56731,-0.06914,0.21589,0.04247,0.52131,0.85231,-0.00199,0.56349,-0.06372,0.21729,0.04021,0.51901,0.85382,0.00203,-3.82,5.42,1.40
19.3582,6,0.68460,-0.03323,-0.25761,-0.47859,-0.53959,0.69043,0.05562,1,0.56685,-0.06847,0.21622,0.04248,0.52107,0.85245,-0.00176,0.56255,-0.06238,0.21764,0.03929,0.51811,0.85440,0.00254,-4.30,6.08,1.42
19.3751,7,0.67959,-0.02965,-0.26323,-0.48384,-0.54204,0.68465,0.05786,1,0.56627,-0.06762,0.21650,0.04225,0.52085,0.85260,-0.00138,0.56155,-0.06109,0.21796,0.03824,0.51735,0.85491,0.00310,-4.73,6.53,1.46
19.3917,8,0.66665,-0.01986,-0.27762,-0.49296,-0.55333,0.66842,0.06354,1,0.56564,-0.06668,0.21672,0.04184,0.52044,0.85287,-0.00081,0.56058,-0.05978,0.21828,0.03735,0.51673,0.85532,0.00405,-5.06,6.90,1.56
19.4084,9,0.65843,-0.01437,-0.28586,0.50015,0.56010,-0.65711,-0.06592,1,0.56492,-0.06558,0.21695,0.04123,0.51990,0.85323,-0.00006,0.55959,-0.05847,0.21860,0.03651,0.51598,0.85581,0.00490,-5.33,7.11,1.65
19.4253,10,0.64888,-0.00827,-0.29484,0.50995,0.56698,-0.64341,-0.06715,1,0.56415,-0.06445,0.21721,0.04053,0.51931,0.85362,0.00075,0.55861,-0.05716,0.21892,0.03572,0.51509,0.85637,0.00564,-5.54,7.28,1.71
19.4419,11,0.63807,-0.00241,-0.30414,0.52147,0.57403,-0.62772,-0.06725,1,0.56334,-0.06328,0.21749,0.03975,0.51866,0.85405,0.00158,0.55759,-0.05588,0.21925,0.03499,0.51415,0.85697,0.00632,-5.75,7.40,1.76
19.4587,12,0.62562,0.00282,-0.31413,0.53331,0.58113,-0.61119,-0.06562,1,0.56252,-0.06215,0.21778,0.03896,0.51801,0.85449,0.00234,0.55651,-0.05465,0.21955,0.03435,0.51314,0.85759,0.00698,-6.01,7.50,1.77
19.4755,13,0.59518,0.01136,-0.33675,0.55612,0.59677,-0.57488,-0.06404,1,0.56159,-0.06090,0.21809,0.03809,0.51728,0.85496,0.00314,0.55535,-0.05349,0.21982,0.03369,0.51218,0.85818,0.00771,-6.24,7.42,1.73
19.4924,14,0.57750,0.01466,-0.34867,0.56753,0.60442,-0.55536,-0.06460,1,0.56063,-0.05963,0.21841,0.03724,0.51648,0.85548,0.00391,0.55418,-0.05232,0.22005,0.03295,0.51126,0.85875,0.00846,-6.45,7.30,1.64
19.5089,15,0.55801,0.01757,-0.36079,0.57985,0.61061,-0.53532,-0.06607,1,0.55970,-0.05844,0.21871,0.03648,0.51572,0.85597,0.00462,0.55301,-0.05116,0.22028,0.03214,0.51036,0.85931,0.00913,-6.69,7.28,1.57
19.5266,16,0.53709,0.01995,-0.37319,0.59304,0.61686,-0.51293,-0.06849,1,0.55862,-0.05714,0.21905,0.03565,0.51483,0.85654,0.00538,0.55184,-0.04999,0.22049,0.03128,0.50948,0.85986,0.00980,-6.77,7.15,1.44
19.5439,17,0.49122,0.02363,-0.39788,0.62199,0.62828,-0.46181,-0.07156,1,0.55750,-0.05592,0.21935,0.03484,0.51393,0.85710,0.00614,0.55068,-0.04881,0.22069,0.03044,0.50857,0.86042,0.01043,-6.82,7.11,1.34
19.5594,18,0.46682,0.02480,-0.40981,0.63690,0.63302,-0.43424,-0.07126,1,0.55654,-0.05493,0.21956,0.03415,0.51316,0.85759,0.00679,0.54958,-0.04757,0.22082,0.02966,0.50760,0.86101,0.01101,-6.97,7.36,1.26
19.5762,19,0.44235,0.02549,-0.42117,0.65104,0.63695,-0.40678,-0.07043,1,0.55543,-0.05379,0.21979,0.03336,0.51224,0.85816,0.00753,0.54851,-0.04629,0.22091,0.02888,0.50661,0.86161,0.01158,-6.92,7.51,1.12
19.5929,20,0.41651,0.02571,-0.43204,0.66438,0.63973,-0.37996,-0.07047,1,0.55431,-0.05259,0.22002,0.03256,0.51131,0.85874,0.00828,0.54748,-0.04498,0.22100,0.02806,0.50565,0.86220,0.01213,-6.83,7.61,0.98
19.6096,21,0.38987,0.02559,-0.44231,0.67748,0.64038,-0.35459,-0.07210,1,0.55324,-0.05139,0.22024,0.03182,0.51040,0.85930,0.00897,0.54648,-0.04365,0.22106,0.02714,0.50474,0.86275,0.01264,-6.75,7.74,0.83
19.6264,22,0.33486,0.02511,-0.46042,0.70472,0.63732,-0.30166,-0.07875,1,0.55209,-0.05010,0.22047,0.03105,0.50945,0.85989,0.00962,0.54553,-0.04229,0.22115,0.02613,0.50389,0.86328,0.01311,-6.57,7.82,0.68
19.6432,23,0.30597,0.02491,-0.46755,0.71891,0.63490,-0.27086,-0.08184,1,0.55094,-0.04883,0.22068,0.03025,0.50851,0.86046,0.01021,0.54467,-0.04086,0.22121,0.02513,0.50301,0.86381,0.01358,-6.27,7.97,0.53
19.6598,24,0.27634,0.02412,-0.47285,0.73126,0.63302,-0.23968,-0.08423,1,0.54988,-0.04761,0.22083,0.02947,0.50761,0.86101,0.01077,0.54384,-0.03942,0.22129,0.02419,0.50211,0.86435,0.01410,-6.04,8.19,0.46
19.6765,25,0.24809,0.02341,-0.47751,0.74135,0.63127,-0.21100,-0.08591,1,0.54878,-0.04628,0.22097,0.02862,0.50666,0.86160,0.01138,0.54307,-0.03794,0.22132,0.02329,0.50120,0.86489,0.01464,-5.71,8.34,0.35
19.6933,26,0.21942,0.02290,-0.48068,0.74924,0.62994,-0.18529,-0.08648,1,0.54774,-0.04492,0.22110,0.02774,0.50571,0.86218,0.01197,0.54237,-0.03643,0.22137,0.02243,0.50025,0.86546,0.01519,-5.37,8.50,0.26
19.7100,27,0.16385,0.02266,-0.48283,0.76205,0.62741,-0.13718,-0.08253,1,0.54673,-0.04354,0.22121,0.02684,0.50477,0.86275,0.01252,0.54173,-0.03489,0.22147,0.02168,0.49922,0.86606,0.01568,-5.00,8.65,0.26
19.7268,28,0.13772,0.02266,-0.48128,0.76606,0.62773,-0.11262,-0.08014,1,0.54583,-0.04223,0.22131,0.02599,0.50391,0.86327,0.01302,0.54119,-0.03332,0.22165,0.02105,0.49816,0.86668,0.01628,-4.64,8.90,0.34
19.7435,29,0.11297,0.02322,-0.47821,0.76847,0.62909,-0.08558,-0.07989,1,0.54492,-0.04084,0.22139,0.02509,0.50299,0.86382,0.01353,0.54074,-0.03174,0.22189,0.02045,0.49716,0.86725,0.01704,-4.19,9.10,0.50
19.7603,30,0.08956,0.02416,-0.47357,0.76881,0.63146,-0.05658,-0.08359,1,0.54409,-0.03947,0.22145,0.02420,0.50208,0.86437,0.01408,0.54036,-0.03014,0.22219,0.01985,0.49629,0.86774,0.01798,-3.73,9.32,0.75
19.7774,31,0.06768,0.02561,-0.46733,0.76680,0.63496,-0.02919,-0.08944,1,0.54333,-0.03808,0.22150,0.02334,0.50114,0.86493,0.01468,0.54006,-0.02855,0.22257,0.01931,0.49550,0.86818,0.01905,-3.27,9.54,1.07
19.7945,32,0.02865,0.02972,-0.45242,0.75568,0.64601,0.02030,-0.10586,1,0.54266,-0.03663,0.22158,0.02253,0.50014,0.86552,0.01534,0.53986,-0.02696,0.22302,0.01893,0.49485,0.86854,0.02029,-2.80,9.67,1.44
19.8104,33,0.01149,0.03210,-0.44345,0.74744,0.65367,0.04198,-0.11086,1,0.54209,-0.03520,0.22170,0.02180,0.49923,0.86605,0.01602,0.53978,-0.02537,0.22352,0.01883,0.49412,0.86892,0.02154,-2.31,9.83,1.82
19.8273,34,-0.00362,0.03517,-0.43400,0.73838,0.66166,0.06475,-0.11318,1,0.54155,-0.03361,0.22190,0.02109,0.49826,0.86661,0.01680,0.53982,-0.02380,0.22409,0.01879,0.49328,0.86937,0.02270,-1.74,9.81,2.19
19.8443,35,-0.01630,0.03889,-0.42433,0.72737,0.67080,0.08743,-0.11540,1,0.54111,-0.03197,0.22219,0.02047,0.49735,0.86713,0.01764,0.54001,-0.02228,0.22475,0.01885,0.49246,0.86980,0.02388,-1.10,9.69,2.57
19.8607,36,-0.02695,0.04276,-0.41499,0.71494,0.68050,0.10605,-0.12055,1,0.54076,-0.03041,0.22252,0.01997,0.49654,0.86759,0.01850,0.54032,-0.02081,0.22545,0.01905,0.49181,0.87013,0.02518,-0.44,9.60,2.93
19.8775,37,-0.04397,0.05011,-0.39722,0.69566,0.69191,0.13191,-0.14118,1,0.54047,-0.02878,0.22293,0.01954,0.49572,0.86805,0.01946,0.54073,-0.01938,0.22622,0.01909,0.49156,0.87023,0.02665,0.25,9.40,3.29
19.8942,38,-0.05087,0.05323,-0.38896,0.68820,0.69513,0.14243,-0.15133,1,0.54030,-0.02717,0.22342,0.01922,0.49490,0.86849,0.02050,0.54117,-0.01796,0.22697,0.01899,0.49143,0.87025,0.02814,0.87,9.21,3.55
19.9108,39,-0.05708,0.05611,-0.38103,0.68153,0.69792,0.15210,-0.15902,1,0.54026,-0.02558,0.22396,0.01901,0.49413,0.86891,0.02166,0.54162,-0.01654,0.22771,0.01890,0.49119,0.87034,0.02962,1.37,9.04,3.75
19.9277,40,-0.06132,0.05814,-0.37354,0.67648,0.69973,0.16112,-0.16367,1,0.54031,-0.02408,0.22453,0.01890,0.49346,0.86927,0.02283,0.54202,-0.01521,0.22863,0.01870,0.49075,0.87055,0.03102,1.72,8.87,4.10
19.9447,41,-0.06436,0.06008,-0.36574,0.67321,0.69981,0.16793,-0.16988,1,0.54044,-0.02251,0.22518,0.01883,0.49287,0.86957,0.02412,0.54244,-0.01401,0.22971,0.01828,0.49066,0.87055,0.03246,2.00,8.50,4.53
19.9614,42,-0.06999,0.06229,-0.35098,0.67050,0.69393,0.18151,-0.18961,1,0.54066,-0.02098,0.22587,0.01879,0.49237,0.86981,0.02545,0.54272,-0.01277,0.23079,0.01752,0.49096,0.87035,0.03370,2.06,8.21,4.92
19.9781,43,-0.07298,0.06451,-0.34426,0.66409,0.69585,0.19143,-0.19528,1,0.54093,-0.01951,0.22661,0.01872,0.49194,0.87002,0.02680,0.54323,-0.01147,0.23170,0.01719,0.49074,0.87043,0.03507,2.29,8.04,5.10
19.9947,44,-0.07560,0.06653,-0.33794,0.65663,0.70006,0.20124,-0.19559,1,0.54123,-0.01819,0.22734,0.01860,0.49163,0.87015,0.02810,0.54375,-0.01018,0.23261,0.01725,0.48998,0.87081,0.03624,2.52,8.01,5.28
20.0114,45,-0.07800,0.06789,-0.33130,0.65290,0.70188,0.21054,-0.19172,1,0.54158,-0.01683,0.22816,0.01840,0.49140,0.87024,0.02953,0.54415,-0.00889,0.23359,0.01706,0.48882,0.87144,0.03690,2.57,7.94,5.43
20.0281,46,-0.08093,0.06877,-0.32482,0.64869,0.70359,0.22138,-0.18748,1,0.54197,-0.01554,0.22901,0.01817,0.49117,0.87033,0.03094,0.54447,-0.00751,0.23447,0.01682,0.48765,0.87207,0.03754,2.51,8.03,5.46
20.0448,47,-0.08874,0.06882,-0.31183,0.63944,0.70765,0.24517,-0.17390,1,0.54238,-0.01429,0.22989,0.01794,0.49087,0.87045,0.03227,0.54463,-0.00601,0.23518,0.01662,0.48641,0.87275,0.03800,2.25,8.29,5.29
20.0616,48,-0.09311,0.06853,-0.30552,0.63159,0.71201,0.25875,-0.16487,1,0.54277,-0.01313,0.23073,0.01771,0.49047,0.87064,0.03344,0.54479,-0.00446,0.23576,0.01667,0.48515,0.87343,0.03846,2.02,8.68,5.04
20.0783,49,-0.09756,0.06812,-0.29909,0.62343,0.71610,0.27041,-0.15939,1,0.54317,-0.01184,0.23162,0.01746,0.48984,0.87095,0.03456,0.54500,-0.00290,0.23634,0.01680,0.48397,0.87405,0.03914,1.83,8.94,4.72
20.0950,50,-0.10216,0.06708,-0.29271,0.61783,0.71721,0.28080,-0.15826,1,0.54354,-0.01048,0.23250,0.01722,0.48905,0.87136,0.03554,0.54512,-0.00133,0.23687,0.01661,0.48299,0.87455,0.04013,1.58,9.15,4.37
20.1118,51,-0.10692,0.06606,-0.28556,0.61432,0.71674,0.28927,-0.15879,1,0.54385,-0.00912,0.23331,0.01704,0.48821,0.87180,0.03634,0.54529,0.00023,0.23743,0.01616,0.48218,0.87495,0.04124,1.44,9.35,4.12
20.1285,52,-0.11704,0.06321,-0.27147,0.60413,0.71569,0.31021,-0.16304,1,0.54414,-0.00763,0.23414,0.01690,0.48722,0.87233,0.03708,0.54541,0.00182,0.23792,0.01579,0.48149,0.87528,0.04248,1.27,9.45,3.78
20.1452,53,-0.12199,0.06156,-0.26484,0.59591,0.71649,0.32422,-0.16252,1,0.54440,-0.00606,0.23492,0.01676,0.48620,0.87287,0.03784,0.54552,0.00343,0.23832,0.01558,0.48056,0.87574,0.04354,1.12,9.49,3.40
20.1620,54,-0.12669,0.05974,-0.25860,0.58696,0.71856,0.33719,-0.15954,1,0.54463,-0.00445,0.23563,0.01660,0.48519,0.87339,0.03864,0.54562,0.00506,0.23868,0.01553,0.47948,0.87629,0.04444,0.99,9.51,3.05
20.1786,55,-0.13121,0.05777,-0.25244,0.58039,0.71933,0.34772,-0.15752,1,0.54481,-0.00293,0.23624,0.01641,0.48429,0.87387,0.03945,0.54572,0.00668,0.23903,0.01536,0.47844,0.87681,0.04536,0.90,9.61,2.79
20.1954,56,-0.13583,0.05565,-0.24638,0.57563,0.71889,0.35646,-0.15743,1,0.54500,-0.00132,0.23684,0.01622,0.48333,0.87435,0.04037,0.54582,0.00832,0.23933,0.01503,0.47756,0.87724,0.04645,0.83,9.64,2.49
20.2122,57,-0.14497,0.05008,-0.23348,0.57114,0.71356,0.37206,-0.16187,1,0.54516,0.00029,0.23738,0.01602,0.48238,0.87484,0.04132,0.54584,0.00995,0.23966,0.01429,0.47709,0.87744,0.04765,0.68,9.67,2.28
20.2288,58,-0.14935,0.04713,-0.22682,0.56947,0.70890,0.38205,-0.16495,1,0.54528,0.00180,0.23784,0.01582,0.48146,0.87531,0.04222,0.54585,0.01159,0.24000,0.01337,0.47674,0.87759,0.04877,0.57,9.79,2.15
20.2456,59,-0.15364,0.04417,-0.22013,0.56634,0.70480,0.39306,-0.16737,1,0.54539,0.00344,0.23830,0.01557,0.48052,0.87578,0.04321,0.54587,0.01322,0.24031,0.01258,0.47623,0.87781,0.04992,0.48,9.78,2.01
20.2623,60,-0.15785,0.04136,-0.21350,0.56120,0.70242,0.40390,-0.16888,1,0.54548,0.00510,0.23872,0.01526,0.47964,0.87621,0.04427,0.54592,0.01486,0.24060,0.01206,0.47552,0.87814,0.05109,0.44,9.76,1.88
20.2790,61,-0.16198,0.03847,-0.20699,0.55479,0.70146,0.41405,-0.16946,1,0.54556,0.00677,0.23911,0.01485,0.47885,0.87660,0.04535,0.54597,0.01651,0.24085,0.01175,0.47467,0.87853,0.05222,0.41,9.74,1.74
20.2958,62,-0.16969,0.03200,-0.19454,0.54117,0.69992,0.43529,-0.16665,1,0.54561,0.00834,0.23946,0.01439,0.47819,0.87691,0.04638,0.54596,0.01816,0.24109,0.01144,0.47368,0.87901,0.05319,0.34,9.82,1.63
20.3125,63,-0.17290,0.02870,-0.18862,0.53438,0.69900,0.44596,-0.16420,1,0.54566,0.00998,0.23981,0.01387,0.47749,0.87725,0.04748,0.54593,0.01980,0.24135,0.01110,0.47263,0.87953,0.05407,0.27,9.82,1.55
20.3292,64,-0.17573,0.02517,-0.18305,0.52853,0.69747,0.45553,-0.16335,1,0.54571,0.01161,0.24013,0.01333,0.47678,0.87758,0.04861,0.54585,0.02145,0.24163,0.01070,0.47170,0.87997,0.05508,0.14,9.83,1.50
20.3459,65,-0.17831,0.02149,-0.17778,0.52456,0.69448,0.46418,-0.16456,1,0.54575,0.01323,0.24044,0.01283,0.47604,0.87792,0.04972,0.54571,0.02308,0.24190,0.01010,0.47104,0.88026,0.05625,-0.04,9.86,1.46
20.3627,66,-0.18054,0.01756,-0.17282,0.52111,0.69088,0.47248,-0.16703,1,0.54577,0.01473,0.24071,0.01237,0.47528,0.87828,0.05074,0.54548,0.02471,0.24217,0.00945,0.47057,0.88044,0.05750,-0.29,9.98,1.47
20.3794,67,-0.18347,0.00929,-0.16435,0.51282,0.68515,0.48887,-0.16910,1,0.54578,0.01633,0.24097,0.01189,0.47447,0.87866,0.05183,0.54506,0.02629,0.24251,0.00887,0.46989,0.88073,0.05867,-0.72,9.96,1.53
20.3962,68,-0.18503,0.00538,-0.16152,0.50846,0.68210,0.49781,-0.16849,1,0.54577,0.01793,0.24123,0.01140,0.47365,0.87905,0.05294,0.54452,0.02771,0.24256,0.00822,0.46907,0.88111,0.05967,-1.25,9.78,1.34
20.4130,69,-0.18639,0.00153,-0.15975,0.50451,0.67949,0.50615,-0.16603,1,0.54571,0.01955,0.24148,0.01089,0.47286,0.87941,0.05407,0.54387,0.02887,0.24248,0.00753,0.46809,0.88158,0.06045,-1.84,9.32,1.00
20.4297,70,-0.18713,-0.00217,-0.15848,0.50229,0.67720,0.51252,-0.16254,1,0.54558,0.02108,0.24172,0.01036,0.47214,0.87974,0.05513,0.54315,0.02983,0.24246,0.00668,0.46707,0.88209,0.06092,-2.43,8.75,0.75
20.4464,71,-0.18705,-0.00581,-0.15764,0.50155,0.67532,0.51678,-0.15916,1,0.54536,0.02269,0.24195,0.00978,0.47136,0.88009,0.05625,0.54233,0.03058,0.24258,0.00568,0.46609,0.88261,0.06110,-3.03,7.89,0.63
20.4631,72,-0.18692,-0.01232,-0.15653,0.50628,0.67102,0.51837,-0.15715,1,0.54503,0.02424,0.24215,0.00914,0.47054,0.88047,0.05730,0.54106,0.03166,0.24269,0.00448,0.46571,0.88282,0.06101,-3.97,7.41,0.55
20.4798,73,-0.18695,-0.01537,-0.15642,0.50927,0.66844,0.51895,-0.15658,1,0.54462,0.02566,0.24231,0.00849,0.46969,0.88087,0.05819,0.54031,0.03217,0.24266,0.00317,0.46597,0.88270,0.06075,-4.31,6.52,0.35
20.4965,74,-0.18717,-0.01819,-0.15664,0.51169,0.66510,0.52120,-0.15545,1,0.54407,0.02707,0.24244,0.00772,0.46878,0.88131,0.05902,0.53959,0.03261,0.24252,0.00167,0.46603,0.88268,0.06076,-4.48,5.53,0.08
20.5132,75,-0.18732,-0.02082,-0.15724,0.51433,0.66258,0.52271,-0.15243,1,0.54336,0.02834,0.24251,0.00685,0.46795,0.88171,0.05962,0.53886,0.03291,0.24233,0.00031,0.46584,0.88282,0.06017,-4.50,4.58,-0.18
20.5300,76,-0.18800,-0.02289,-0.15784,0.51775,0.65974,0.52374,-0.14958,1,0.54257,0.02943,0.24254,0.00585,0.46730,0.88204,0.06003,0.53833,0.03320,0.24202,-0.00104,0.46588,0.88284,0.05952,-4.24,3.76,-0.52
20.5468,77,-0.19054,-0.02580,-0.15941,0.52179,0.65953,0.52222,-0.14156,1,0.54178,0.03033,0.24254,0.00480,0.46687,0.88226,0.06026,0.53766,0.03362,0.24105,-0.00186,0.46571,0.88301,0.05840,-4.12,3.30,-1.49
20.5635,78,-0.19198,-0.02716,-0.16014,0.52298,0.66027,0.52126,-0.13721,1,0.54094,0.03113,0.24249,0.00361,0.46652,0.88245,0.06031,0.53739,0.03386,0.24053,-0.00210,0.46524,0.88334,0.05704,-3.56,2.74,-1.96
20.5802,79,-0.19288,-0.02855,-0.16068,0.52500,0.65925,0.52128,-0.13430,1,0.54014,0.03180,0.24238,0.00239,0.46625,0.88260,0.06015,0.53707,0.03408,0.24018,-0.00299,0.46501,0.88353,0.05591,-3.07,2.29,-2.19
20.5970,80,-0.19358,-0.03009,-0.16111,0.52747,0.65729,0.52160,-0.13297,1,0.53938,0.03234,0.24216,0.00123,0.46606,0.88273,0.05974,0.53671,0.03433,0.23989,-0.00425,0.46520,0.88347,0.05521,-2.67,1.99,-2.27
20.6137,81,-0.19377,-0.03155,-0.16085,0.53112,0.65430,0.52168,-0.13285,1,0.53874,0.03276,0.24189,0.00025,0.46581,0.88291,0.05915,0.53640,0.03465,0.23985,-0.00551,0.46588,0.88312,0.05492,-2.34,1.89,-2.04
20.6304,82,-0.19344,-0.03403,-0.15999,0.53436,0.64880,0.52429,-0.13654,1,0.53813,0.03314,0.24153,-0.00073,0.46558,0.88308,0.05842,0.53584,0.03520,0.23999,-0.00665,0.46651,0.88276,0.05536,-2.29,2.06,-1.54
20.6471,83,-0.19285,-0.03507,-0.15958,0.53217,0.64861,0.52668,-0.13679,1,0.53759,0.03349,0.24116,-0.00171,0.46546,0.88319,0.05762,0.53556,0.03539,0.24017,-0.00741,0.46660,0.88266,0.05603,-2.03,1.90,-0.99
20.6639,84,-0.19216,-0.03606,-0.15932,0.52810,0.65011,0.52924,-0.13557,1,0.53712,0.03385,0.24084,-0.00272,0.46548,0.88322,0.05689,0.53527,0.03552,0.24034,-0.00770,0.46618,0.88284,0.05663,-1.85,1.67,-0.49
20.6806,85,-0.19122,-0.03704,-0.15919,0.52400,0.65228,0.53122,-0.13325,1,0.53672,0.03418,0.24063,-0.00369,0.46564,0.88317,0.05636,0.53493,0.03559,0.24057,-0.00751,0.46531,0.88328,0.05698,-1.79,1.42,-0.06
20.6974,86,-0.19029,-0.03824,-0.15918,0.52091,0.65383,0.53296,-0.13083,1,0.53634,0.03452,0.24051,-0.00474,0.46590,0.88305,0.05608,0.53453,0.03568,0.24076,-0.00713,0.46402,0.88396,0.05702,-1.81,1.16,0.25
20.7141,87,-0.18875,-0.04053,-0.15907,0.51964,0.65506,0.53338,-0.12798,1,0.53599,0.03484,0.24050,-0.00569,0.46615,0.88291,0.05607,0.53380,0.03591,0.24109,-0.00690,0.46288,0.88460,0.05633,-2.19,1.07,0.59
20.7308,88,-0.18839,-0.04160,-0.15895,0.52109,0.65369,0.53354,-0.12838,1,0.53568,0.03510,0.24055,-0.00643,0.46614,0.88290,0.05627,0.53351,0.03607,0.24116,-0.00705,0.46227,0.88495,0.05584,-2.17,0.97,0.61
20.7475,89,-0.18798,-0.04251,-0.15870,0.52265,0.65199,0.53392,-0.12912,1,0.53535,0.03534,0.24065,-0.00703,0.46588,0.88301,0.05663,0.53327,0.03623,0.24127,-0.00758,0.46217,0.88501,0.05565,-2.08,0.89,0.63
20.7642,90,-0.18752,-0.04352,-0.15872,0.52477,0.64945,0.53450,-0.13092,1,0.53499,0.03553,0.24077,-0.00740,0.46535,0.88326,0.05695,0.53297,0.03634,0.24135,-0.00838,0.46258,0.88478,0.05583,-2.02,0.82,0.57
20.7811,91,-0.18708,-0.04456,-0.15886,0.52692,0.64722,0.53486,-0.13187,1,0.53462,0.03568,0.24090,-0.00756,0.46461,0.88364,0.05708,0.53264,0.03644,0.24140,-0.00953,0.46338,0.88433,0.05606,-1.98,0.76,0.50
20.7977,92,-0.18676,-0.04604,-0.15932,0.52782,0.64670,0.53531,-0.12896,1,0.53428,0.03581,0.24102,-0.00758,0.46387,0.88403,0.05699,0.53218,0.03654,0.24135,-0.01058,0.46368,0.88418,0.05584,-2.10,0.73,0.33
20.8144,93,-0.18689,-0.04652,-0.15972,0.52726,0.64794,0.53493,-0.12662,1,0.53389,0.03595,0.24114,-0.00762,0.46317,0.88442,0.05670,0.53203,0.03655,0.24123,-0.01112,0.46358,0.88426,0.05532,-1.86,0.60,0.09
20.8312,94,-0.18703,-0.04689,-0.16007,0.52738,0.64806,0.53493,-0.12548,1,0.53347,0.03610,0.24123,-0.00781,0.46265,0.88472,0.05627,0.53191,0.03655,0.24113,-0.01140,0.46301,0.88461,0.05441,-1.56,0.45,-0.10
20.8479,95,-0.18707,-0.04731,-0.16056,0.52794,0.64782,0.53478,-0.12499,1,0.53305,0.03626,0.24128,-0.00819,0.46242,0.88486,0.05584,0.53176,0.03652,0.24102,-0.01187,0.46302,0.88463,0.05377,-1.30,0.26,-0.26
20.8646,96,-0.18706,-0.04759,-0.16092,0.52943,0.64704,0.53435,-0.12453,1,0.53269,0.03640,0.24130,-0.00871,0.46240,0.88489,0.05550,0.53164,0.03649,0.24095,-0.01277,0.46357,0.88438,0.05299,-1.05,0.09,-0.35
20.8813,97,-0.18693,-0.04775,-0.16160,0.53195,0.64676,0.53230,-0.12405,1,0.53235,0.03652,0.24129,-0.00939,0.46253,0.88483,0.05516,0.53150,0.03635,0.24086,-0.01310,0.46448,0.88396,0.05193,-0.85,-0.17,-0.43
20.8980,98,-0.18680,-0.04762,-0.16188,0.53302,0.64645,0.53159,-0.12410,1,0.53205,0.03655,0.24127,-0.01012,0.46272,0.88476,0.05474,0.53148,0.03625,0.24085,-0.01352,0.46542,0.88350,0.05125,-0.57,-0.30,-0.41
20.9148,99,-0.18670,-0.04758,-0.16209,0.53305,0.64653,0.53140,-0.12439,1,0.53181,0.03652,0.24122,-0.01081,0.46292,0.88467,0.05428,0.53146,0.03619,0.24084,-0.01370,0.46582,0.88330,0.05095,-0.36,-0.33,-0.38
20.9315,100,-0.18652,-0.04753,-0.16216,0.53216,0.64728,0.53144,-0.12409,1,0.53162,0.03645,0.24119,-0.01149,0.46331,0.88449,0.05375,0.53144,0.03614,0.24088,-0.01341,0.46572,0.88337,0.05078,-0.18,-0.30,-0.31
20.9483,101,-0.18636,-0.04739,-0.16213,0.53183,0.64729,0.53174,-0.12419,1,0.53147,0.03635,0.24117,-0.01208,0.46384,0.88424,0.05316,0.53146,0.03610,0.24093,-0.01335,0.46547,0.88348,0.05115,-0.01,-0.25,-0.24
20.9650,102,-0.18616,-0.04718,-0.16206,0.53131,0.64757,0.53183,-0.12454,1,0.53136,0.03626,0.24117,-0.01255,0.46435,0.88400,0.05255,0.53149,0.03606,0.24100,-0.01285,0.46532,0.88355,0.05159,0.13,-0.19,-0.17
20.9816,103,-0.18603,-0.04706,-0.16196,0.53110,0.64777,0.53186,-0.12431,1,0.53131,0.03617,0.24119,-0.01284,0.46476,0.88381,0.05207,0.53152,0.03605,0.24105,-0.01285,0.46532,0.88355,0.05159,0.21,-0.13,-0.14
20.9984,104,-0.18612,-0.04682,-0.16198,0.53074,0.64763,0.53235,-0.12448,1,0.53130,0.03613,0.24122,-0.01300,0.46500,0.88370,0.05175,0.53158,0.03601,0.24104,-0.01294,0.46502,0.88367,0.05213,0.28,-0.11,-0.18
21.0152,105,-0.18598,-0.04660,-0.16201,0.52943,0.64880,0.53236,-0.12390,1,0.53133,0.03611,0.24125,-0.01307,0.46511,0.88365,0.05164,0.53162,0.03595,0.24107,-0.01247,0.46442,0.88398,0.05235,0.29,-0.16,-0.18
21.0319,106,-0.18597,-0.04622,-0.16209,0.52834,0.65064,0.53154,-0.12245,1,0.53135,0.03610,0.24126,-0.01309,0.46520,0.88360,0.05163,0.53170,0.03587,0.24108,-0.01165,0.46377,0.88435,0.05191,0.36,-0.22,-0.18
21.0486,107,-0.18651,-0.04600,-0.16220,0.52871,0.65087,0.53092,-0.12232,1,0.53138,0.03607,0.24128,-0.01305,0.46513,0.88364,0.05168,0.53181,0.03588,0.24093,-0.01118,0.46372,0.88442,0.05137,0.43,-0.20,-0.35
21.0653,108,-0.18666,-0.04583,-0.16217,0.52843,0.65076,0.53128,-0.12252,1,0.53144,0.03606,0.24130,-0.01294,0.46490,0.88375,0.05182,0.53187,0.03587,0.24091,-0.01104,0.46358,0.88449,0.05149,0.43,-0.19,-0.40
21.0820,109,-0.18665,-0.04565,-0.16204,0.52819,0.65075,0.53156,-0.12237,1,0.53150,0.03605,0.24130,-0.01273,0.46459,0.88391,0.05192,0.53193,0.03587,0.24094,-0.01110,0.46324,0.88466,0.05163,0.43,-0.18,-0.36
21.0987,110,-0.18658,-0.04549,-0.16192,0.52786,0.65080,0.53187,-0.12220,1,0.53156,0.03601,0.24129,-0.01242,0.46429,0.88408,0.05190,0.53198,0.03586,0.24098,-0.01108,0.46283,0.88486,0.05179,0.42,-0.15,-0.31
21.1156,111,-0.18659,-0.04530,-0.16174,0.52745,0.65099,0.53210,-0.12197,1,0.53163,0.03594,0.24127,-0.01205,0.46403,0.88422,0.05180,0.53204,0.03587,0.24102,-0.01090,0.46237,0.88510,0.05186,0.41,-0.07,-0.26
21.1322,112,-0.18660,-0.04484,-0.16130,0.52597,0.65250,0.53201,-0.12068,1,0.53170,0.03591,0.24124,-0.01177,0.46374,0.88438,0.05175,0.53221,0.03589,0.24110,-0.01021,0.46155,0.88556,0.05157,0.52,-0.02,-0.14
21.1489,113,-0.18658,-0.04475,-0.16104,0.52544,0.65307,0.53190,-0.12041,1,0.53176,0.03590,0.24122,-0.01156,0.46340,0.88456,0.05178,0.53227,0.03592,0.24115,-0.00957,0.46111,0.88580,0.05140,0.51,0.02,-0.06
21.1657,114,-0.18653,-0.04468,-0.16091,0.52524,0.65280,0.53241,-0.12046,1,0.53183,0.03590,0.24121,-0.01134,0.46305,0.88475,0.05178,0.53229,0.03594,0.24119,-0.00955,0.46078,0.88596,0.05163,0.46,0.04,-0.02
21.1824,115,-0.18643,-0.04471,-0.16069,0.52505,0.65283,0.53254,-0.12057,1,0.53192,0.03588,0.24123,-0.01104,0.46261,0.88498,0.05173,0.53230,0.03597,0.24125,-0.00946,0.46068,0.88600,0.05185,0.39,0.10,0.02
21.1995,116,-0.18617,-0.04489,-0.16025,0.52492,0.65242,0.53305,-0.12111,1,0.53200,0.03586,0.24125,-0.01070,0.46217,0.88522,0.05170,0.53228,0.03607,0.24138,-0.00977,0.46072,0.88593,0.05265,0.28,0.21,0.13
21.2158,117,-0.18599,-0.04498,-0.16003,0.52461,0.65229,0.53353,-0.12102,1,0.53207,0.03586,0.24128,-0.01041,0.46174,0.88544,0.05172,0.53227,0.03611,0.24146,-0.00981,0.46073,0.88592,0.05276,0.20,0.24,0.18
21.2325,118,-0.18569,-0.04517,-0.15974,0.52434,0.65219,0.53393,-0.12101,1,0.53211,0.03591,0.24133,-0.01016,0.46138,0.88563,0.05181,0.53222,0.03617,0.24158,-0.00992,0.46041,0.88606,0.05309,0.11,0.26,0.25
21.2493,119,-0.18533,-0.04561,-0.15965,0.52437,0.65152,0.53453,-0.12183,1,0.53214,0.03596,0.24139,-0.00998,0.46112,0.88576,0.05197,0.53208,0.03622,0.24167,-0.01032,0.46050,0.88596,0.05393,-0.06,0.26,0.27
21.2663,120,-0.18545,-0.04636,-0.15986,0.52469,0.65022,0.53567,-0.12235,1,0.53215,0.03604,0.24146,-0.00991,0.46096,0.88583,0.05221,0.53188,0.03632,0.24157,-0.01148,0.46057,0.88585,0.05486,-0.26,0.27,0.11
21.2830,121,-0.18624,-0.04790,-0.16116,0.52527,0.64898,0.53719,-0.11976,1,0.53213,0.03610,0.24153,-0.00993,0.46080,0.88589,0.05251,0.53144,0.03639,0.24110,-0.01262,0.46027,0.88597,0.05517,-0.69,0.29,-0.43
21.2998,122,-0.18599,-0.04838,-0.16154,0.52515,0.64963,0.53704,-0.11741,1,0.53209,0.03615,0.24158,-0.01009,0.46065,0.88594,0.05292,0.53125,0.03636,0.24108,-0.01334,0.45978,0.88623,0.05491,-0.85,0.21,-0.49
21.3165,123,-0.18574,-0.04885,-0.16196,0.52510,0.65017,0.53682,-0.11564,1,0.53198,0.03622,0.24156,-0.01045,0.46057,0.88595,0.05345,0.53105,0.03632,0.24106,-0.01362,0.45912,0.88662,0.05409,-0.94,0.10,-0.51
21.3331,124,-0.18557,-0.04934,-0.16251,0.52596,0.64936,0.53713,-0.11484,1,0.53183,0.03630,0.24153,-0.01097,0.46047,0.88596,0.05398,0.53084,0.03627,0.24099,-0.01451,0.45882,0.88680,0.05342,-0.99,-0.03,-0.54
21.3496,125,-0.18538,-0.04971,-0.16307,0.52672,0.64867,0.53741,-0.11397,1,0.53163,0.03634,0.24144,-0.01157,0.46028,0.88603,0.05433,0.53066,0.03619,0.24093,-0.01573,0.45869,0.88689,0.05281,-0.97,-0.15,-0.51
21.3666,126,-0.18514,-0.05008,-0.16456,0.52460,0.65268,0.53583,-0.10810,1,0.53139,0.03631,0.24132,-0.01224,0.46000,0.88616,0.05442,0.53035,0.03591,0.24072,-0.01628,0.45832,0.88711,0.05204,-1.04,-0.41,-0.60
21.3832,127,-0.18500,-0.05019,-0.16546,0.52156,0.65708,0.53454,-0.10244,1,0.53114,0.03625,0.24121,-0.01292,0.45969,0.88632,0.05428,0.53019,0.03572,0.24060,-0.01614,0.45768,0.88750,0.05121,-0.96,-0.53,-0.61
21.4000,128,-0.18484,-0.05008,-0.16637,0.51911,0.66119,0.53277,-0.09753,1,0.53092,0.03617,0.24111,-0.01359,0.45940,0.88648,0.05398,0.53008,0.03549,0.24048,-0.01539,0.45692,0.88795,0.05026,-0.85,-0.68,-0.63
21.4167,129,-0.18458,-0.04965,-0.16706,0.51886,0.66331,0.53080,-0.09518,1,0.53068,0.03609,0.24103,-0.01429,0.45903,0.88670,0.05349,0.53005,0.03524,0.24044,-0.01467,0.45663,0.88819,0.04900,-0.63,-0.85,-0.59
21.4334,130,-0.18425,-0.04852,-0.16773,0.52192,0.66092,0.53039,-0.09738,1,0.53045,0.03600,0.24096,-0.01490,0.45864,0.88692,0.05288,0.53019,0.03486,0.24043,-0.01438,0.45671,0.88819,0.04816,-0.26,-1.15,-0.53
21.4502,131,-0.18333,-0.04650,-0.16885,0.52636,0.65950,0.52696,-0.10153,1,0.53026,0.03588,0.24093,-0.01526,0.45818,0.88720,0.05216,0.53041,0.03415,0.24053,-0.01429,0.45735,0.88789,0.04767,0.15,-1.73,-0.41
21.4669,132,-0.18367,-0.04543,-0.16982,0.52390,0.66453,0.52376,-0.09803,1,0.53014,0.03568,0.24090,-0.01533,0.45778,0.88745,0.05135,0.53058,0.03380,0.24031,-0.01376,0.45749,0.88786,0.04699,0.45,-1.87,-0.60
21.4836,133,-0.18401,-0.04396,-0.17116,0.51652,0.67455,0.51978,-0.08960,1,0.53009,0.03539,0.24087,-0.01519,0.45742,0.88769,0.05048,0.53081,0.03331,0.24003,-0.01290,0.45703,0.88815,0.04628,0.71,-2.07,-0.84
21.5003,134,-0.18413,-0.04217,-0.17272,0.50307,0.69111,0.51337,-0.07578,1,0.53011,0.03504,0.24082,-0.01495,0.45729,0.88780,0.04967,0.53103,0.03270,0.23976,-0.01188,0.45628,0.88859,0.04560,0.92,-2.35,-1.06
21.5170,135,-0.18398,-0.04022,-0.17458,0.48299,0.71345,0.50464,-0.05515,1,0.53019,0.03468,0.24076,-0.01462,0.45726,0.88787,0.04891,0.53120,0.03196,0.23947,-0.01090,0.45549,0.88904,0.04493,1.01,-2.72,-1.29
21.5338,136,-0.18363,-0.03531,-0.18051,0.42431,0.76959,0.47707,0.01048,1,0.53031,0.03424,0.24066,-0.01418,0.45725,0.88792,0.04811,0.53128,0.03049,0.23869,-0.01000,0.45465,0.88951,0.04421,0.97,-3.76,-1.97
21.5505,137,-0.18339,-0.03235,-0.18456,0.37516,0.80696,0.45188,0.06223,1,0.53045,0.03374,0.24051,-0.01363,0.45707,0.88807,0.04729,0.53105,0.02931,0.23777,-0.00910,0.45382,0.88999,0.04349,0.60,-4.43,-2.74
21.5673,138,-0.18299,-0.02838,-0.18867,0.31667,0.84264,0.41835,0.12109,1,0.53060,0.03318,0.24030,-0.01302,0.45677,0.88827,0.04655,0.53078,0.02806,0.23670,-0.00821,0.45298,0.89046,0.04275,0.18,-5.12,-3.60
21.5840,139,-0.18213,-0.02334,-0.19321,0.25633,0.86972,0.38331,0.17593,1,0.53074,0.03252,0.23998,-0.01230,0.45626,0.88858,0.04584,0.53036,0.02690,0.23558,-0.00731,0.45215,0.89092,0.04203,-0.38,-5.62,-4.40
21.6007,140,-0.18113,-0.01727,-0.19706,0.19517,0.89018,0.34423,0.22580,1,0.53086,0.03181,0.23957,-0.01155,0.45564,0.88894,0.04521,0.52996,0.02580,0.23440,-0.00637,0.45134,0.89137,0.04130,-0.89,-6.01,-5.17
21.6174,141,-0.17836,-0.00441,-0.20283,0.07950,0.91089,0.26569,0.30555,1,0.53090,0.03092,0.23900,-0.01075,0.45497,0.88933,0.04454,0.52953,0.02472,0.23320,-0.00540,0.45058,0.89180,0.04057,-1.37,-6.20,-5.80
21.6341,142,-0.17692,0.00165,-0.20476,0.02980,0.91397,0.23129,0.33209,1,0.53082,0.02995,0.23829,-0.00997,0.45428,0.88972,0.04385,0.52889,0.02390,0.23190,-0.00436,0.44987,0.89219,0.03985,-1.94,-6.05,-6.39
21.6508,143,-0.17543,0.00780,-0.20633,-0.01155,0.91459,0.20245,0.34988,1,0.53067,0.02897,0.23749,-0.00920,0.45358,0.89012,0.04320,0.52818,0.02319,0.23057,-0.00327,0.44923,0.89255,0.03913,-2.49,-5.79,-6.92
21.6676,144,-0.17409,0.01324,-0.20783,-0.04602,0.91414,0.17811,0.36126,1,0.53044,0.02793,0.23652,-0.00836,0.45284,0.89054,0.04254,0.52736,0.02264,0.22923,-0.00213,0.44866,0.89287,0.03841,-3.08,-5.29,-7.29
21.6843,145,-0.17307,0.01834,-0.20909,-0.07269,0.91289,0.15870,0.36900,1,0.53012,0.02690,0.23545,-0.00745,0.45209,0.89096,0.04188,0.52656,0.02224,0.22790,-0.00099,0.44811,0.89318,0.03767,-3.56,-4.66,-7.56
21.7011,146,-0.17040,0.02867,-0.21246,-0.11813,0.90678,0.12449,0.38509,1,0.52971,0.02593,0.23431,-0.00649,0.45138,0.89136,0.04119,0.52555,0.02196,0.22660,0.00011,0.44749,0.89353,0.03693,-4.16,-3.98,-7.72
21.7178,147,-0.16890,0.03326,-0.21296,-0.13176,0.90332,0.11011,0.39311,1,0.52923,0.02511,0.23319,-0.00556,0.45071,0.89173,0.04054,0.52472,0.02158,0.22546,0.00099,0.44673,0.89394,0.03608,-4.51,-3.53,-7.73
21.7345,148,-0.16754,0.03785,-0.21375,-0.15025,0.90075,0.09609,0.39602,1,0.52862,0.02437,0.23196,-0.00454,0.44997,0.89214,0.03984,0.52384,0.02135,0.22432,0.00216,0.44627,0.89420,0.03530,-4.78,-3.02,-7.64
21.7512,149,-0.16615,0.04256,-0.21486,-0.16501,0.89978,0.08496,0.39490,1,0.52792,0.02375,0.23070,-0.00351,0.44925,0.89254,0.03915,0.52285,0.02124,0.22318,0.00339,0.44607,0.89433,0.03448,-5.06,-2.50,-7.51
21.7680,150,-0.16467,0.04722,-0.21571,-0.17569,0.89826,0.07762,0.39526,1,0.52714,0.02320,0.22944,-0.00246,0.44861,0.89290,0.03838,0.52188,0.02110,0.22207,0.00464,0.44572,0.89452,0.03374,-5.26,-2.10,-7.37
21.7847,151,-0.16218,0.05533,-0.21793,-0.18395,0.89635,0.07249,0.39682,1,0.52636,0.02275,0.22827,-0.00142,0.44804,0.89322,0.03765,0.52071,0.02109,0.22088,0.00586,0.44519,0.89480,0.03312,-5.65,-1.66,-7.40
21.8014,152,-0.16078,0.05925,-0.21839,-0.18508,0.89521,0.07276,0.39881,1,0.52548,0.02237,0.22705,-0.00029,0.44748,0.89354,0.03683,0.51988,0.02093,0.21995,0.00673,0.44432,0.89523,0.03304,-5.59,-1.44,-7.10
21.8181,153,-0.15938,0.06285,-0.21881,-0.19125,0.89333,0.07033,0.40055,1,0.52454,0.02206,0.22586,0.00087,0.44696,0.89383,0.03601,0.51910,0.02076,0.21911,0.00800,0.44367,0.89556,0.03270,-5.44,-1.30,-6.76
21.8349,154,-0.15812,0.06631,-0.21910,-0.20346,0.89079,0.06470,0.40115,1,0.52364,0.02182,0.22476,0.00198,0.44648,0.89410,0.03530,0.51837,0.02060,0.21829,0.00935,0.44329,0.89575,0.03220,-5.26,-1.22,-6.47
21.8516,155,-0.15715,0.06975,-0.21972,-0.21904,0.88722,0.06046,0.40151,1,0.52266,0.02161,0.22361,0.00317,0.44592,0.89440,0.03464,0.51763,0.02059,0.21749,0.01077,0.44295,0.89591,0.03193,-5.03,-1.02,-6.13
21.8683,156,-0.15531,0.07735,-0.22061,-0.24617,0.87824,0.05852,0.40580,1,0.52170,0.02142,0.22250,0.00438,0.44533,0.89471,0.03405,0.51655,0.02058,0.21622,0.01217,0.44246,0.89613,0.03200,-5.15,-0.84,-6.28
21.8850,157,-0.15453,0.08060,-0.22104,-0.25570,0.87399,0.05750,0.40921,1,0.52077,0.02121,0.22143,0.00564,0.44480,0.89498,0.03353,0.51585,0.02061,0.21549,0.01344,0.44174,0.89647,0.03209,-4.92,-0.60,-5.94
21.9018,158,-0.15382,0.08333,-0.22120,-0.26296,0.87103,0.05696,0.41100,1,0.51994,0.02100,0.22045,0.00689,0.44430,0.89524,0.03311,0.51528,0.02060,0.21486,0.01479,0.44114,0.89674,0.03218,-4.66,-0.40,-5.58
21.9185,159,-0.15313,0.08566,-0.22166,-0.26989,0.86868,0.05775,0.41137,1,0.51906,0.02081,0.21943,0.00823,0.44377,0.89550,0.03279,0.51471,0.02065,0.21439,0.01622,0.44082,0.89686,0.03246,-4.35,-0.17,-5.03
21.9353,160,-0.15254,0.08807,-0.22187,-0.28092,0.86481,0.05669,0.41229,1,0.51819,0.02068,0.21844,0.00959,0.44320,0.89578,0.03259,0.51418,0.02067,0.21386,0.01765,0.44039,0.89705,0.03247,-4.01,-0.01,-4.58
21.9520,161,-0.15120,0.09341,-0.22256,-0.31108,0.85170,0.05250,0.41843,1,0.51736,0.02059,0.21750,0.01093,0.44267,0.89603,0.03249,0.51295,0.02077,0.21275,0.01900,0.43979,0.89731,0.03248,-4.40,0.19,-4.76
21.9687,162,-0.15057,0.09610,-0.22276,-0.32173,0.84675,0.05162,0.42053,1,0.51660,0.02053,0.21667,0.01221,0.44215,0.89627,0.03245,0.51233,0.02083,0.21219,0.02035,0.43921,0.89756,0.03257,-4.26,0.30,-4.48
21.9854,163,-0.15010,0.09845,-0.22323,-0.32826,0.84416,0.05163,0.42069,1,0.51583,0.02051,0.21584,0.01360,0.44162,0.89651,0.03246,0.51176,0.02098,0.21176,0.02180,0.43886,0.89770,0.03268,-4.07,0.46,-4.08
22.0021,164,-0.14978,0.10035,-0.22385,-0.33525,0.84137,0.05089,0.42085,1,0.51511,0.02051,0.21508,0.01502,0.44111,0.89674,0.03252,0.51127,0.02116,0.21144,0.02324,0.43846,0.89786,0.03265,-3.83,0.65,-3.63
22.0188,165,-0.14926,0.10235,-0.22464,-0.34362,0.83696,0.05126,0.42284,1,0.51443,0.02055,0.21441,0.01638,0.44061,0.89696,0.03258,0.51071,0.02136,0.21116,0.02457,0.43788,0.89810,0.03293,-3.72,0.81,-3.25
22.0356,166,-0.14794,0.10686,-0.22493,-0.36364,0.82559,0.04987,0.42857,1,0.51369,0.02063,0.21375,0.01778,0.44011,0.89717,0.03264,0.50957,0.02144,0.21033,0.02586,0.43719,0.89839,0.03309,-4.12,0.81,-3.41
22.0523,167,-0.14708,0.10944,-0.22516,-0.36966,0.82277,0.04856,0.42900,1,0.51297,0.02075,0.21313,0.01916,0.43963,0.89738,0.03271,0.50887,0.02151,0.20991,0.02725,0.43667,0.89861,0.03296,-4.09,0.76,-3.22
22.0690,168,-0.14602,0.11204,-0.22550,-0.37116,0.82201,0.04825,0.42921,1,0.51227,0.02088,0.21256,0.02054,0.43912,0.89759,0.03280,0.50812,0.02157,0.20953,0.02860,0.43607,0.89885,0.03288,-4.15,0.69,-3.03
22.0858,169,-0.14490,0.11444,-0.22586,-0.37139,0.82098,0.04791,0.43100,1,0.51160,0.02100,0.21205,0.02183,0.43862,0.89781,0.03286,0.50738,0.02161,0.20921,0.02934,0.43514,0.89928,0.03302,-4.22,0.62,-2.85
22.1026,170,-0.14386,0.11657,-0.22632,-0.37293,0.81925,0.04651,0.43312,1,0.51089,0.02113,0.21157,0.02325,0.43808,0.89803,0.03293,0.50671,0.02168,0.20895,0.02995,0.43390,0.89986,0.03292,-4.18,0.55,-2.62
22.1193,171,-0.14143,0.12101,-0.22729,-0.37713,0.81480,0.04352,0.43815,1,0.51013,0.02124,0.21111,0.02461,0.43751,0.89827,0.03295,0.50525,0.02177,0.20845,0.03064,0.43269,0.90042,0.03288,-4.88,0.53,-2.66
22.1359,172,-0.14030,0.12349,-0.22741,-0.38010,0.81221,0.04213,0.44052,1,0.50932,0.02133,0.21065,0.02584,0.43684,0.89856,0.03296,0.50452,0.02178,0.20808,0.03155,0.43160,0.90091,0.03288,-4.80,0.45,-2.57
22.1526,173,-0.13918,0.12563,-0.22773,-0.38231,0.81005,0.04159,0.44263,1,0.50854,0.02141,0.21022,0.02688,0.43608,0.89890,0.03297,0.50384,0.02182,0.20781,0.03242,0.43051,0.90140,0.03312,-4.70,0.41,-2.41
22.1694,174,-0.13819,0.12774,-0.22787,-0.38397,0.80849,0.04172,0.44404,1,0.50769,0.02150,0.20979,0.02789,0.43519,0.89930,0.03297,0.50321,0.02184,0.20751,0.03337,0.42954,0.90181,0.03361,-4.48,0.35,-2.28
22.1861,175,-0.13747,0.12979,-0.22812,-0.38560,0.80749,0.04239,0.44437,1,0.50682,0.02156,0.20939,0.02886,0.43426,0.89972,0.03296,0.50263,0.02194,0.20722,0.03467,0.42914,0.90192,0.03424,-4.19,0.38,-2.17
22.2028,176,-0.13642,0.13334,-0.22888,-0.38545,0.80712,0.04518,0.44491,1,0.50602,0.02159,0.20904,0.02973,0.43331,0.90015,0.03299,0.50164,0.02221,0.20673,0.03540,0.42904,0.90191,0.03524,-4.38,0.63,-2.30
22.2195,177,-0.13593,0.13500,-0.22923,-0.38607,0.80675,0.04566,0.44499,1,0.50522,0.02164,0.20868,0.03066,0.43229,0.90060,0.03315,0.50118,0.02234,0.20651,0.03610,0.42894,0.90190,0.03575,-4.04,0.69,-2.18
22.2364,178,-0.13519,0.13653,-0.22961,-0.38378,0.80756,0.04774,0.44529,1,0.50446,0.02173,0.20834,0.03158,0.43137,0.90100,0.03344,0.50069,0.02241,0.20635,0.03611,0.42908,0.90181,0.03641,-3.77,0.69,-2.00
22.2533,179,-0.13433,0.13806,-0.23008,-0.37748,0.81028,0.05114,0.44536,1,0.50372,0.02183,0.20801,0.03250,0.43065,0.90130,0.03389,0.50016,0.02249,0.20621,0.03541,0.42945,0.90163,0.03702,-3.55,0.66,-1.79
22.2698,180,-0.13359,0.13945,-0.23072,-0.37052,0.81316,0.05200,0.44584,1,0.50304,0.02193,0.20771,0.03335,0.43015,0.90148,0.03443,0.49968,0.02261,0.20612,0.03408,0.42981,0.90151,0.03722,-3.36,0.68,-1.58
22.2866,181,-0.13217,0.14123,-0.23268,-0.36208,0.81504,0.04873,0.44971,1,0.50231,0.02203,0.20739,0.03408,0.42981,0.90160,0.03507,0.49884,0.02293,0.20624,0.03268,0.42959,0.90167,0.03706,-3.47,0.91,-1.16
22.3032,182,-0.13141,0.14231,-0.23337,-0.35746,0.81658,0.05077,0.45039,1,0.50161,0.02212,0.20710,0.03454,0.42960,0.90165,0.03572,0.49841,0.02304,0.20621,0.03133,0.42980,0.90160,0.03745,-3.20,0.92,-0.89
22.3199,183,-0.13090,0.14335,-0.23447,-0.34704,0.82191,0.05464,0.44838,1,0.50097,0.02224,0.20685,0.03464,0.42961,0.90162,0.03631,0.49800,0.02328,0.20622,0.03007,0.43051,0.90129,0.03773,-2.97,1.04,-0.63
22.3367,184,-0.13057,0.14400,-0.23572,-0.32772,0.83151,0.06227,0.44420,1,0.50030,0.02238,0.20663,0.03434,0.42964,0.90159,0.03680,0.49767,0.02355,0.20630,0.02884,0.43124,0.90097,0.03803,-2.63,1.17,-0.33
22.3534,185,-0.13043,0.14419,-0.23723,-0.30801,0.84071,0.06810,0.44012,1,0.49968,0.02253,0.20648,0.03371,0.42971,0.90157,0.03717,0.49743,0.02389,0.20650,0.02755,0.43193,0.90067,0.03823,-2.25,1.36,0.01
22.3702,186,-0.13061,0.14447,-0.24185,-0.28690,0.84739,0.07269,0.44084,1,0.49910,0.02271,0.20639,0.03284,0.42988,0.90151,0.03750,0.49683,0.02502,0.20705,0.02613,0.43231,0.90053,0.03848,-2.27,2.31,0.65
22.3870,187,-0.13066,0.14439,-0.24375,-0.27577,0.84933,0.07701,0.44346,1,0.49858,0.02293,0.20639,0.03184,0.43016,0.90140,0.03776,0.49660,0.02548,0.20730,0.02475,0.43245,0.90047,0.03905,-1.98,2.54,0.91
22.4037,188,-0.13052,0.14399,-0.24596,-0.25908,0.85460,0.08389,0.44216,1,0.49814,0.02320,0.20646,0.03077,0.43055,0.90124,0.03796,0.49634,0.02596,0.20768,0.02345,0.43299,0.90023,0.03950,-1.80,2.77,1.22
22.4205,189,-0.13035,0.14342,-0.24831,-0.23810,0.86218,0.09207,0.43758,1,0.49770,0.02356,0.20662,0.02955,0.43101,0.90105,0.03818,0.49605,0.02648,0.20810,0.02220,0.43367,0.89992,0.03986,-1.64,2.92,1.49
22.4372,190,-0.13016,0.14290,-0.25100,-0.21852,0.86963,0.09749,0.43185,1,0.49731,0.02401,0.20684,0.02824,0.43144,0.90088,0.03848,0.49568,0.02708,0.20853,0.02096,0.43441,0.89958,0.04006,-1.63,3.07,1.69
22.4539,191,-0.12976,0.14183,-0.25732,-0.20098,0.87329,0.09289,0.43399,1,0.49699,0.02451,0.20713,0.02699,0.43179,0.90073,0.03880,0.49487,0.02832,0.20930,0.01955,0.43464,0.89951,0.03981,-2.12,3.81,2.17
22.4706,192,-0.12875,0.14097,-0.26016,-0.19808,0.87195,0.09384,0.43779,1,0.49666,0.02510,0.20750,0.02565,0.43226,0.90053,0.03912,0.49430,0.02881,0.20986,0.01834,0.43431,0.89969,0.03995,-2.36,3.71,2.36
22.4873,193,-0.12714,0.14024,-0.26294,-0.19664,0.87061,0.09936,0.43988,1,0.49631,0.02572,0.20793,0.02432,0.43275,0.90033,0.03936,0.49359,0.02919,0.21044,0.01754,0.43403,0.89981,0.04072,-2.72,3.46,2.51
22.5041,194,-0.12548,0.13916,-0.26554,-0.18772,0.87201,0.10660,0.43931,1,0.49589,0.02637,0.20838,0.02295,0.43325,0.90011,0.03950,0.49295,0.02952,0.21111,0.01648,0.43437,0.89962,0.04159,-2.94,3.15,2.73
22.5209,195,-0.12409,0.13733,-0.26840,-0.16836,0.87742,0.11412,0.43447,1,0.49546,0.02697,0.20884,0.02170,0.43358,0.89998,0.03963,0.49241,0.02997,0.21195,0.01524,0.43504,0.89930,0.04199,-3.05,3.01,3.11
22.5376,196,-0.12159,0.13251,-0.27264,-0.08958,0.89931,0.13294,0.40687,1,0.49498,0.02755,0.20937,0.02044,0.43382,0.89989,0.03988,0.49185,0.03050,0.21343,0.01401,0.43580,0.89895,0.04219,-3.12,2.95,4.06
22.5543,197,-0.12091,0.12922,-0.27422,-0.03347,0.91379,0.14081,0.37952,1,0.49446,0.02808,0.20994,0.01923,0.43403,0.89979,0.04027,0.49167,0.03089,0.21445,0.01285,0.43666,0.89854,0.04226,-2.80,2.82,4.52
22.5710,198,-0.12055,0.12575,-0.27569,0.02580,0.92663,0.15001,0.34379,1,0.49394,0.02858,0.21058,0.01805,0.43430,0.89966,0.04075,0.49146,0.03137,0.21546,0.01176,0.43758,0.89810,0.04235,-2.48,2.79,4.89
22.5876,199,-0.12058,0.12256,-0.27688,0.08677,0.93552,0.16179,0.30184,1,0.49344,0.02901,0.21126,0.01694,0.43469,0.89948,0.04116,0.49124,0.03188,0.21632,0.01071,0.43854,0.89764,0.04250,-2.19,2.87,5.06
22.6043,200,-0.12084,0.11916,-0.27840,0.14533,0.93925,0.17386,0.25779,1,0.49295,0.02949,0.21209,0.01579,0.43516,0.89926,0.04154,0.49086,0.03255,0.21713,0.00967,0.43950,0.89718,0.04269,-2.09,3.06,5.05
22.6210,201,-0.12154,0.11242,-0.28116,0.26074,0.92952,0.19828,0.16942,1,0.49250,0.03002,0.21299,0.01464,0.43575,0.89897,0.04188,0.49014,0.03357,0.21824,0.00861,0.44043,0.89672,0.04290,-2.36,3.55,5.25
22.6378,202,-0.12192,0.10894,-0.28254,0.32361,0.91455,0.21126,0.11931,1,0.49213,0.03052,0.21391,0.01362,0.43643,0.89865,0.04212,0.48942,0.03423,0.21880,0.00753,0.44134,0.89627,0.04312,-2.71,3.71,4.90
22.6546,203,-0.12235,0.10562,-0.28385,0.38991,0.89081,0.22419,0.06461,1,0.49175,0.03111,0.21489,0.01253,0.43721,0.89827,0.04234,0.48863,0.03484,0.21921,0.00643,0.44224,0.89583,0.04334,-3.12,3.72,4.32
22.6714,204,-0.12270,0.10205,-0.28529,0.45300,0.85999,0.23482,0.00794,1,0.49129,0.03176,0.21584,0.01140,0.43805,0.89787,0.04249,0.48765,0.03539,0.21950,0.00535,0.44315,0.89537,0.04356,-3.64,3.63,3.66
22.6881,205,-0.12298,0.09877,-0.28705,0.50977,0.82357,0.24391,-0.04870,1,0.49077,0.03246,0.21673,0.01028,0.43891,0.89746,0.04265,0.48659,0.03576,0.21952,0.00428,0.44406,0.89491,0.04381,-4.17,3.30,2.80
22.7048,206,-0.12295,0.09297,-0.29100,0.59832,0.73925,0.26638,-0.15673,1,0.49020,0.03311,0.21747,0.00922,0.43973,0.89706,0.04280,0.48496,0.03593,0.21926,0.00322,0.44495,0.89446,0.04417,-5.24,2.82,1.78
22.7215,207,-0.12219,0.09045,-0.29351,0.62477,0.69864,0.28313,-0.20347,1,0.48954,0.03372,0.21814,0.00811,0.44066,0.89661,0.04297,0.48403,0.03549,0.21890,0.00214,0.44571,0.89405,0.04475,-5.51,1.77,0.75
22.7383,208,-0.12236,0.08734,-0.29667,0.63955,0.67450,0.28736,-0.23120,1,0.48876,0.03424,0.21865,0.00697,0.44165,0.89612,0.04315,0.48298,0.03506,0.21820,0.00116,0.44662,0.89358,0.04525,-5.78,0.82,-0.45
22.7550,209,-0.12347,0.08365,-0.29877,0.64406,0.67160,0.28472,-0.23037,1,0.48786,0.03462,0.21896,0.00584,0.44267,0.89561,0.04337,0.48185,0.03497,0.21753,0.00032,0.44744,0.89318,0.04502,-6.01,0.35,-1.44
22.7717,210,-0.12384,0.07989,-0.30168,0.64151,0.67645,0.28733,-0.21982,1,0.48694,0.03486,0.21908,0.00479,0.44344,0.89523,0.04366,0.48068,0.03456,0.21682,-0.00017,0.44769,0.89307,0.04470,-6.26,-0.30,-2.26
22.7884,211,-0.12302,0.07198,-0.30829,0.62984,0.69238,0.29030,-0.19906,1,0.48586,0.03503,0.21900,0.00366,0.44428,0.89480,0.04404,0.47931,0.03389,0.21614,-0.00016,0.44742,0.89322,0.04436,-6.55,-1.14,-2.87
22.8051,212,-0.12275,0.06830,-0.31087,0.62891,0.69374,0.28895,-0.19925,1,0.48476,0.03509,0.21878,0.00265,0.44509,0.89438,0.04434,0.47812,0.03350,0.21564,0.00053,0.44738,0.89325,0.04415,-6.65,-1.59,-3.14
22.8219,213,-0.12224,0.06572,-0.31258,0.63360,0.68682,0.28721,-0.21058,1,0.48370,0.03498,0.21843,0.00181,0.44579,0.89403,0.04444,0.47727,0.03317,0.21539,0.00072,0.44778,0.89305,0.04419,-6.43,-1.81,-3.04
22.8386,214,-0.12152,0.06344,-0.31377,0.64143,0.67390,0.28497,-0.23069,1,0.48255,0.03472,0.21798,0.00112,0.44633,0.89377,0.04438,0.47654,0.03286,0.21529,0.00039,0.44859,0.89263,0.04451,-6.01,-1.86,-2.69
22.8554,215,-0.12048,0.06191,-0.31436,0.65191,0.65215,0.28224,-0.26466,1,0.48142,0.03442,0.21748,0.00069,0.44674,0.89356,0.04436,0.47605,0.03255,0.21537,-0.00028,0.44965,0.89206,0.04510,-5.37,-1.86,-2.11
22.8721,216,-0.11836,0.05958,-0.31582,0.66941,0.60280,0.27815,-0.33340,1,0.48034,0.03408,0.21700,0.00048,0.44710,0.89338,0.04438,0.47534,0.03181,0.21552,-0.00099,0.45069,0.89151,0.04571,-5.01,-2.27,-1.49
22.8888,217,-0.11738,0.05854,-0.31640,0.67463,0.58103,0.27420,-0.36343,1,0.47935,0.03375,0.21660,0.00036,0.44750,0.89318,0.04445,0.47506,0.03146,0.21562,-0.00162,0.45175,0.89094,0.04635,-4.30,-2.29,-0.98
22.9055,218,-0.11620,0.05782,-0.31677,0.67658,0.56248,0.27084,-0.39051,1,0.47838,0.03339,0.21626,0.00017,0.44807,0.89289,0.04462,0.47488,0.03113,0.21583,-0.00219,0.45278,0.89038,0.04709,-3.50,-2.26,-0.44
22.9223,219,-0.11507,0.05722,-0.31732,0.67561,0.54674,0.26750,-0.41602,1,0.47749,0.03300,0.21602,-0.00011,0.44875,0.89253,0.04490,0.47477,0.03077,0.21601,-0.00267,0.45377,0.88982,0.04794,-2.73,-2.23,-0.01
22.9392,220,-0.11388,0.05699,-0.31802,0.67369,0.53177,0.26363,-0.44030,1,0.47674,0.03259,0.21588,-0.00047,0.44958,0.89209,0.04528,0.47479,0.03040,0.21620,-0.00311,0.45477,0.88926,0.04880,-1.96,-2.19,0.32
22.9557,221,-0.11109,0.05745,-0.31853,0.66830,0.49676,0.25485,-0.49159,1,0.47618,0.03220,0.21584,-0.00085,0.45039,0.89166,0.04575,0.47506,0.02992,0.21687,-0.00358,0.45577,0.88870,0.04965,-1.12,-2.28,1.02
22.9724,222,-0.10944,0.05821,-0.31811,0.66404,0.47851,0.25217,-0.51623,1,0.47570,0.03181,0.21589,-0.00129,0.45131,0.89116,0.04633,0.47529,0.02992,0.21737,-0.00411,0.45671,0.88817,0.05053,-0.41,-1.89,1.49
22.9892,223,-0.10743,0.05971,-0.31760,0.65746,0.45715,0.25427,-0.54231,1,0.47537,0.03144,0.21602,-0.00174,0.45225,0.89065,0.04700,0.47573,0.03004,0.21800,-0.00482,0.45751,0.88770,0.05148,0.36,-1.40,1.98
23.0059,224,-0.10501,0.06156,-0.31749,0.64502,0.43293,0.26062,-0.57323,1,0.47518,0.03115,0.21623,-0.00216,0.45315,0.89015,0.04772,0.47632,0.03013,0.21869,-0.00557,0.45815,0.88730,0.05254,1.13,-1.01,2.46
23.0227,225,-0.09955,0.06569,-0.31835,0.61083,0.37767,0.26997,-0.64138,1,0.47511,0.03085,0.21651,-0.00262,0.45413,0.88961,0.04852,0.47749,0.03020,0.21988,-0.00624,0.45880,0.88689,0.05364,2.37,-0.64,3.36
23.0395,226,-0.09707,0.06869,-0.31888,0.59826,0.35601,0.26697,-0.66639,1,0.47519,0.03059,0.21690,-0.00311,0.45508,0.88908,0.04935,0.47842,0.03057,0.22049,-0.00673,0.45961,0.88641,0.05470,3.23,-0.02,3.60
23.0563,227,-0.09412,0.07224,-0.31883,0.58929,0.34646,0.26257,-0.68100,1,0.47543,0.03042,0.21739,-0.00364,0.45596,0.88857,0.05026,0.47938,0.03126,0.22122,-0.00694,0.46037,0.88594,0.05589,3.95,0.83,3.83
23.0728,228,-0.09124,0.07611,-0.31854,0.57667,0.34061,0.26266,-0.69458,1,0.47577,0.03035,0.21793,-0.00422,0.45673,0.88812,0.05114,0.48035,0.03210,0.22188,-0.00726,0.46070,0.88567,0.05729,4.59,1.75,3.95
23.0896,229,-0.08851,0.07986,-0.31943,0.56228,0.33652,0.26342,-0.70796,1,0.47631,0.03040,0.21861,-0.00480,0.45750,0.88766,0.05215,0.48152,0.03268,0.22245,-0.00753,0.46088,0.88549,0.05874,5.21,2.28,3.84
23.1063,230,-0.08069,0.09031,-0.31965,0.53598,0.34118,0.26490,-0.72536,1,0.47698,0.03060,0.21935,-0.00536,0.45825,0.88721,0.05319,0.48272,0.03362,0.22312,-0.00752,0.46061,0.88553,0.06022,5.73,3.03,3.77
23.1231,231,-0.07624,0.09589,-0.32005,0.51629,0.33950,0.26759,-0.73931,1,0.47778,0.03093,0.22012,-0.00584,0.45891,0.88680,0.05429,0.48397,0.03453,0.22375,-0.00777,0.46053,0.88546,0.06169,6.19,3.60,3.63
23.1399,232,-0.07128,0.10149,-0.31988,-0.49418,-0.33498,-0.27120,0.75500,1,0.47859,0.03135,0.22083,-0.00626,0.45941,0.88648,0.05537,0.48512,0.03554,0.22438,-0.00811,0.46054,0.88535,0.06315,6.53,4.19,3.55
23.1566,233,-0.06549,0.10747,-0.31990,-0.47200,-0.32926,-0.27628,0.76973,1,0.47953,0.03192,0.22156,-0.00664,0.45980,0.88619,0.05659,0.48629,0.03655,0.22502,-0.00856,0.46055,0.88524,0.06458,6.76,4.63,3.46
23.1733,234,-0.05945,0.11304,-0.31977,-0.45080,-0.32792,-0.27749,0.78246,1,0.48054,0.03257,0.22225,-0.00697,0.46005,0.88598,0.05788,0.48741,0.03760,0.22568,-0.00873,0.46043,0.88519,0.06606,6.87,5.03,3.43
23.1900,235,-0.04664,0.12519,-0.31910,-0.41316,-0.33519,-0.27277,0.80159,1,0.48160,0.03328,0.22292,-0.00727,0.46025,0.88578,0.05921,0.48852,0.03870,0.22624,-0.00854,0.46013,0.88524,0.06752,6.92,5.42,3.32
23.2067,236,-0.03934,0.13223,-0.31837,-0.39471,-0.33875,-0.27043,0.81014,1,0.48264,0.03401,0.22352,-0.00753,0.46033,0.88565,0.06050,0.48964,0.03986,0.22664,-0.00836,0.45980,0.88530,0.06897,7.01,5.86,3.13
23.2235,237,-0.03231,0.13922,-0.31738,-0.37374,-0.34249,-0.26705,0.81958,1,0.48375,0.03485,0.22414,-0.00781,0.46037,0.88553,0.06190,0.49076,0.04106,0.22695,-0.00814,0.45949,0.88535,0.07042,7.01,6.21,2.81
23.2402,238,-0.02487,0.14613,-0.31625,-0.35326,-0.34867,-0.26071,0.82805,1,0.48487,0.03576,0.22474,-0.00804,0.46035,0.88544,0.06331,0.49187,0.04228,0.22723,-0.00769,0.45912,0.88544,0.07180,6.99,6.52,2.49
23.2569,239,-0.01738,0.15243,-0.31479,-0.33125,-0.35282,-0.25489,0.83715,1,0.48593,0.03667,0.22529,-0.00818,0.46024,0.88540,0.06463,0.49293,0.04353,0.22750,-0.00734,0.45883,0.88547,0.07323,7.00,6.86,2.21
23.2737,240,-0.00275,0.16319,-0.31165,-0.28081,-0.35095,-0.25403,0.85641,1,0.48706,0.03771,0.22584,-0.00825,0.46006,0.88539,0.06603,0.49395,0.04482,0.22778,-0.00741,0.45867,0.88543,0.07472,6.89,7.10,1.95
23.2904,241,0.00354,0.16797,-0.30967,-0.25590,-0.35319,-0.25528,0.86290,1,0.48820,0.03881,0.22634,-0.00822,0.45980,0.88542,0.06748,0.49491,0.04618,0.22784,-0.00754,0.45829,0.88550,0.07616,6.70,7.37,1.49
23.3071,242,0.00945,0.17284,-0.30744,-0.23390,-0.35782,-0.26001,0.86582,1,0.48933,0.03997,0.22680,-0.00814,0.45956,0.88543,0.06895,0.49584,0.04756,0.22773,-0.00787,0.45769,0.88569,0.07748,6.51,7.59,0.93
23.3238,243,0.01511,0.17710,-0.30528,-0.21522,-0.36597,-0.26403,0.86604,1,0.49037,0.04111,0.22717,-0.00805,0.45933,0.88544,0.07031,0.49677,0.04894,0.22762,-0.00812,0.45683,0.88603,0.07864,6.41,7.83,0.45
23.3406,244,0.02034,0.18099,-0.30319,-0.19925,-0.37559,-0.26595,0.86516,1,0.49144,0.04236,0.22749,-0.00797,0.45906,0.88547,0.07175,0.49772,0.05030,0.22746,-0.00821,0.45585,0.88645,0.07969,6.28,7.94,-0.02
23.3573,245,0.02954,0.18782,-0.29852,-0.16768,-0.39211,-0.25491,0.86784,1,0.49249,0.04363,0.22772,-0.00792,0.45874,0.88552,0.07318,0.49859,0.05170,0.22723,-0.00772,0.45507,0.88675,0.08083,6.10,8.07,-0.49
23.3740,246,0.03362,0.19076,-0.29572,-0.14972,-0.39588,-0.24641,0.87186,1,0.49344,0.04486,0.22785,-0.00796,0.45834,0.88561,0.07451,0.49932,0.05315,0.22686,-0.00711,0.45465,0.88685,0.08213,5.88,8.29,-0.99
23.3908,247,0.03665,0.19369,-0.29280,-0.13058,-0.39262,-0.24365,0.87717,1,0.49441,0.04619,0.22791,-0.00802,0.45777,0.88579,0.07586,0.49987,0.05446,0.22627,-0.00698,0.45462,0.88672,0.08362,5.46,8.27,-1.64
23.4075,248,0.03946,0.19665,-0.28975,-0.11252,-0.38366,-0.25101,0.88156,1,0.49537,0.04753,0.22790,-0.00801,0.45716,0.88600,0.07716,0.50035,0.05574,0.22557,-0.00752,0.45484,0.88648,0.08496,4.97,8.21,-2.32
23.4243,249,0.04250,0.19907,-0.28653,-0.09801,-0.38112,-0.25815,0.88233,1,0.49630,0.04889,0.22779,-0.00793,0.45657,0.88619,0.07845,0.50073,0.05707,0.22497,-0.00828,0.45468,0.88643,0.08624,4.43,8.18,-2.82
23.4410,250,0.04839,0.20230,-0.28094,-0.07461,-0.40052,-0.25510,0.87689,1,0.49718,0.05026,0.22759,-0.00782,0.45607,0.88633,0.07976,0.50115,0.05860,0.22446,-0.00859,0.45402,0.88666,0.08731,3.97,8.34,-3.13
23.4576,251,0.05008,0.20409,-0.27875,-0.06272,-0.40522,-0.24859,0.87753,1,0.49792,0.05158,0.22731,-0.00777,0.45566,0.88642,0.08101,0.50140,0.05939,0.22391,-0.00816,0.45333,0.88691,0.08842,3.47,7.81,-3.40
23.4744,252,0.05173,0.20525,-0.27577,-0.05036,-0.39998,-0.24565,0.88155,1,0.49860,0.05300,0.22691,-0.00786,0.45534,0.88647,0.08232,0.50141,0.06035,0.22342,-0.00784,0.45326,0.88681,0.08976,2.81,7.36,-3.49
23.4911,253,0.05343,0.20647,-0.27285,-0.03503,-0.38795,-0.24897,0.88673,1,0.49921,0.05437,0.22641,-0.00800,0.45500,0.88652,0.08360,0.50144,0.06129,0.22290,-0.00803,0.45369,0.88646,0.09107,2.23,6.93,-3.50
23.5193,254,0.05656,0.20872,-0.26616,-0.01283,-0.37618,-0.26238,0.88853,1,0.50007,0.05648,0.22548,-0.00814,0.45441,0.88662,0.08577,0.50129,0.06272,0.22205,-0.00882,0.45393,0.88620,0.09230,1.22,6.24,-3.43
23.5361,255,0.05805,0.20927,-0.26297,-0.00536,-0.38037,-0.26579,0.88580,1,0.50045,0.05759,0.22494,-0.00817,0.45417,0.88662,0.08701,0.50111,0.06366,0.22157,-0.00956,0.45354,0.88629,0.09333,0.66,6.07,-3.37
23.5530,256,0.05988,0.21045,-0.25622,0.01074,-0.38460,-0.27043,0.88252,1,0.50074,0.05870,0.22438,-0.00825,0.45400,0.88658,0.08827,0.50063,0.06498,0.22069,-0.01012,0.45281,0.88653,0.09449,-0.11,6.28,-3.69
23.5698,257,0.06071,0.21076,-0.25247,0.01725,-0.38037,-0.27528,0.88275,1,0.50092,0.05975,0.22381,-0.00840,0.45390,0.88651,0.08943,0.50022,0.06589,0.22011,-0.01087,0.45273,0.88643,0.09564,-0.70,6.14,-3.70
23.5864,258,0.06172,0.21077,-0.24856,0.02514,-0.37793,-0.28020,0.88206,1,0.50098,0.06082,0.22324,-0.00868,0.45380,0.88645,0.09052,0.49977,0.06689,0.21957,-0.01175,0.45271,0.88630,0.09685,-1.22,6.07,-3.66
23.6031,259,0.06277,0.21093,-0.24479,0.03419,-0.37787,-0.28605,0.87990,1,0.50094,0.06188,0.22265,-0.00909,0.45364,0.88642,0.09160,0.49937,0.06783,0.21900,-0.01271,0.45234,0.88636,0.09794,-1.57,5.95,-3.64
23.6198,260,0.06325,0.21092,-0.24128,0.04067,-0.38173,-0.28991,0.87669,1,0.50080,0.06288,0.22208,-0.00957,0.45344,0.88641,0.09261,0.49889,0.06862,0.21847,-0.01356,0.45143,0.88673,0.09869,-1.90,5.74,-3.61
23.6366,261,0.06341,0.21112,-0.23472,0.04367,-0.39155,-0.29192,0.87153,1,0.50053,0.06397,0.22147,-0.01019,0.45324,0.88639,0.09371,0.49804,0.06971,0.21754,-0.01414,0.45026,0.88730,0.09882,-2.49,5.74,-3.93
23.6536,262,0.06279,0.21124,-0.23165,0.04299,-0.39025,-0.29308,0.87176,1,0.50021,0.06503,0.22085,-0.01087,0.45300,0.88639,0.09479,0.49745,0.07017,0.21698,-0.01477,0.44975,0.88754,0.09885,-2.76,5.14,-3.87
23.6703,263,0.06171,0.21136,-0.22844,0.04041,-0.38608,-0.29621,0.87268,1,0.49982,0.06606,0.22023,-0.01161,0.45260,0.88647,0.09582,0.49673,0.07057,0.21638,-0.01541,0.44990,0.88747,0.09874,-3.09,4.50,-3.86
23.6869,264,0.06079,0.21135,-0.22472,0.03757,-0.38277,-0.30235,0.87216,1,0.49940,0.06697,0.21965,-0.01231,0.45209,0.88663,0.09664,0.49595,0.07110,0.21572,-0.01646,0.45057,0.88715,0.09838,-3.45,4.13,-3.92
23.7035,265,0.05973,0.21141,-0.22079,0.03717,-0.38370,-0.30959,0.86922,1,0.49887,0.06784,0.21900,-0.01306,0.45153,0.88684,0.09731,0.49512,0.07163,0.21500,-0.01783,0.45064,0.88712,0.09810,-3.75,3.79,-4.00
23.7202,266,0.05637,0.21242,-0.21295,0.03438,-0.40438,-0.31973,0.85619,1,0.49826,0.06863,0.21834,-0.01382,0.45106,0.88701,0.09775,0.49399,0.07209,0.21387,-0.01887,0.45013,0.88741,0.09764,-4.27,3.47,-4.47
23.7369,267,0.05483,0.21314,-0.20944,0.03228,-0.41894,-0.32464,0.84738,1,0.49764,0.06929,0.21771,-0.01458,0.45078,0.88712,0.09801,0.49328,0.07242,0.21300,-0.01948,0.44911,0.88798,0.09700,-4.36,3.13,-4.71
23.7537,268,0.05332,0.21420,-0.20625,0.03055,-0.42891,-0.33198,0.83958,1,0.49691,0.06993,0.21702,-0.01547,0.45058,0.88719,0.09812,0.49270,0.07268,0.21210,-0.02041,0.44822,0.88848,0.09641,-4.22,2.75,-4.92
23.7705,269,0.05181,0.21531,-0.20329,0.02839,-0.43344,-0.33962,0.83425,1,0.49615,0.07051,0.21630,-0.01641,0.45044,0.88725,0.09807,0.49217,0.07291,0.21122,-0.02166,0.44770,0.88877,0.09582,-3.97,2.40,-5.08
23.7876,270,0.05034,0.21641,-0.19997,0.02673,-0.43638,-0.34528,0.83044,1,0.49535,0.07103,0.21554,-0.01734,0.45017,0.88740,0.09784,0.49163,0.07322,0.21027,-0.02293,0.44723,0.88904,0.09523,-3.72,2.19,-5.28
23.8042,271,0.04780,0.21880,-0.19265,0.02107,-0.45501,-0.35098,0.81813,1,0.49457,0.07151,0.21474,-0.01826,0.44975,0.88763,0.09753,0.49094,0.07379,0.20886,-0.02364,0.44638,0.88953,0.09446,-3.63,2.28,-5.88
23.8207,272,0.04599,0.22002,-0.18846,0.01640,-0.47754,-0.35245,0.80465,1,0.49384,0.07193,0.21393,-0.01918,0.44931,0.88787,0.09717,0.49030,0.07426,0.20768,-0.02392,0.44529,0.89015,0.09367,-3.54,2.33,-6.25
23.8376,273,0.04344,0.22099,-0.18412,0.01021,-0.51539,-0.34769,0.78319,1,0.49311,0.07233,0.21303,-0.02017,0.44872,0.88820,0.09667,0.48948,0.07473,0.20647,-0.02396,0.44416,0.89079,0.09292,-3.62,2.40,-6.56
23.8543,274,0.04036,0.22230,-0.18016,0.00461,-0.55772,-0.34004,0.75717,1,0.49241,0.07271,0.21208,-0.02113,0.44806,0.88857,0.09610,0.48867,0.07510,0.20519,-0.02395,0.44302,0.89144,0.09220,-3.74,2.39,-6.88
23.8710,275,0.03693,0.22478,-0.17660,-0.00323,-0.60155,-0.32727,0.72871,1,0.49175,0.07309,0.21108,-0.02198,0.44730,0.88900,0.09548,0.48802,0.07532,0.20368,-0.02384,0.44190,0.89207,0.09143,-3.73,2.23,-7.40
23.8878,276,0.02957,0.23121,-0.16893,0.03260,0.69108,0.28474,-0.66352,1,0.49111,0.07343,0.21010,-0.02266,0.44653,0.88944,0.09483,0.48751,0.07562,0.20213,-0.02361,0.44089,0.89267,0.09052,-3.60,2.18,-7.98
23.9046,277,0.02590,0.23441,-0.16536,0.04988,0.73136,0.26257,-0.62744,1,0.49044,0.07380,0.20901,-0.02323,0.44568,0.88993,0.09414,0.48709,0.07618,0.20062,-0.02342,0.43992,0.89325,0.08956,-3.35,2.39,-8.40
23.9212,278,0.02262,0.23644,-0.16198,0.05785,0.76360,0.25886,-0.58870,1,0.48978,0.07416,0.20786,-0.02359,0.44473,0.89046,0.09344,0.48667,0.07702,0.19940,-0.02363,0.43875,0.89389,0.08890,-3.12,2.86,-8.47
23.9379,279,0.01867,0.23872,-0.15943,0.05542,0.78861,0.27251,-0.54842,1,0.48921,0.07452,0.20672,-0.02377,0.44381,0.89099,0.09279,0.48614,0.07771,0.19810,-0.02421,0.43751,0.89449,0.08875,-3.07,3.19,-8.62
23.9548,280,0.01471,0.24199,-0.15773,0.05407,0.81551,0.28123,-0.50292,1,0.48862,0.07493,0.20544,-0.02386,0.44281,0.89156,0.09205,0.48572,0.07810,0.19657,-0.02467,0.43626,0.89512,0.08848,-2.90,3.17,-8.87
23.9717,281,0.00658,0.24845,-0.15519,0.06463,0.89057,0.24397,-0.37841,1,0.48804,0.07538,0.20410,-0.02393,0.44181,0.89213,0.09129,0.48529,0.07846,0.19500,-0.02470,0.43509,0.89575,0.08778,-2.76,3.08,-9.10
23.9886,282,0.00298,0.25157,-0.15558,0.06958,0.92494,0.21579,-0.30507,1,0.48747,0.07589,0.20270,-0.02405,0.44075,0.89272,0.09062,0.48479,0.07866,0.19367,-0.02466,0.43395,0.89638,0.08705,-2.68,2.77,-9.02
24.0052,283,0.00001,0.25458,-0.15686,0.06395,0.95170,0.19381,-0.22936,1,0.48693,0.07644,0.20126,-0.02419,0.43960,0.89334,0.09004,0.48424,0.07875,0.19247,-0.02459,0.43271,0.89704,0.08652,-2.69,2.31,-8.79
24.0217,284,-0.00195,0.25750,-0.15731,0.05327,0.96930,0.18012,-0.15866,1,0.48645,0.07698,0.19991,-0.02432,0.43851,0.89392,0.08954,0.48407,0.07887,0.19143,-0.02454,0.43141,0.89770,0.08616,-2.39,1.89,-8.48
24.0385,285,-0.00351,0.26016,-0.15801,0.03855,0.97931,0.17360,-0.09659,1,0.48596,0.07746,0.19847,-0.02443,0.43734,0.89455,0.08896,0.48386,0.07895,0.19051,-0.02448,0.43008,0.89836,0.08598,-2.10,1.49,-7.97
24.0552,286,-0.00615,0.26574,-0.15972,0.00785,0.98664,0.16262,-0.00581,1,0.48548,0.07787,0.19705,-0.02453,0.43615,0.89519,0.08837,0.48346,0.07901,0.18889,-0.02431,0.42874,0.89901,0.08587,-2.02,1.15,-8.16
24.0720,287,-0.00767,0.26808,-0.16052,-0.00341,0.98796,0.15178,0.02963,1,0.48505,0.07818,0.19573,-0.02459,0.43495,0.89582,0.08783,0.48323,0.07922,0.18807,-0.02406,0.42746,0.89966,0.08554,-1.82,1.03,-7.66
24.0887,288,-0.00907,0.27028,-0.16133,-0.00942,0.98762,0.14484,0.05958,1,0.48463,0.07846,0.19437,-0.02463,0.43366,0.89650,0.08734,0.48300,0.07943,0.18732,-0.02399,0.42614,0.90031,0.08523,-1.63,0.97,-7.05
24.1053,289,-0.01050,0.27235,-0.16202,-0.01566,0.98655,0.13815,0.08597,1,0.48427,0.07867,0.19305,-0.02461,0.43238,0.89716,0.08689,0.48282,0.07969,0.18660,-0.02387,0.42483,0.90096,0.08492,-1.45,1.02,-6.45
24.1222,290,-0.01210,0.27386,-0.16279,-0.02643,0.98458,0.13012,0.11392,1,0.48394,0.07880,0.19178,-0.02453,0.43108,0.89783,0.08648,0.48265,0.08006,0.18604,-0.02356,0.42354,0.90161,0.08466,-1.29,1.26,-5.74
24.1390,291,-0.01473,0.27667,-0.16530,-0.05348,0.97607,0.12489,0.16978,1,0.48367,0.07891,0.19065,-0.02444,0.42982,0.89846,0.08616,0.48202,0.08077,0.18503,-0.02321,0.42222,0.90223,0.08470,-1.65,1.85,-5.62
24.1557,292,-0.01558,0.27817,-0.16728,-0.06866,0.96994,0.12502,0.19719,1,0.48339,0.07905,0.18955,-0.02435,0.42845,0.89915,0.08586,0.48148,0.08110,0.18457,-0.02283,0.42092,0.90283,0.08489,-1.91,2.05,-4.98
24.1724,293,-0.01632,0.28005,-0.16988,-0.08115,0.96348,0.12441,0.22279,1,0.48310,0.07929,0.18855,-0.02425,0.42707,0.89983,0.08561,0.48075,0.08149,0.18403,-0.02251,0.41959,0.90344,0.08503,-2.36,2.20,-4.52
24.1892,294,-0.01756,0.28212,-0.17252,-0.09148,0.95722,0.12083,0.24652,1,0.48281,0.07961,0.18766,-0.02409,0.42573,0.90049,0.08541,0.48006,0.08204,0.18342,-0.02222,0.41826,0.90407,0.08500,-2.75,2.43,-4.25
24.2060,295,-0.01892,0.28401,-0.17555,-0.10142,0.94998,0.11479,0.27217,1,0.48249,0.07996,0.18693,-0.02386,0.42446,0.90111,0.08527,0.47933,0.08273,0.18287,-0.02198,0.41693,0.90470,0.08486,-3.16,2.77,-4.06
24.2225,296,-0.02167,0.28812,-0.18219,-0.12131,0.93195,0.10413,0.32544,1,0.48204,0.08037,0.18620,-0.02365,0.42311,0.90176,0.08513,0.47828,0.08378,0.18210,-0.02175,0.41559,0.90533,0.08477,-3.76,3.41,-4.09
24.2394,297,-0.02265,0.28988,-0.18597,-0.13376,0.92004,0.10256,0.35372,1,0.48152,0.08084,0.18552,-0.02342,0.42176,0.90240,0.08504,0.47743,0.08466,0.18170,-0.02147,0.41425,0.90594,0.08488,-4.08,3.82,-3.82
24.2561,298,-0.02313,0.29211,-0.18986,-0.14866,0.90663,0.10272,0.38127,1,0.48097,0.08134,0.18491,-0.02317,0.42050,0.90301,0.08500,0.47648,0.08549,0.18123,-0.02108,0.41295,0.90653,0.08508,-4.49,4.15,-3.68
24.2728,0,-0.02334,0.29465,-0.19464,-0.16735,0.89124,0.10142,0.40915,1,0.48032,0.08194,0.18430,-0.02289,0.41915,0.90364,0.08495,0.47530,0.08651,0.18077,-0.02056,0.41167,0.90711,0.08522,-5.02,4.58,-3.52
24.2897,1,-0.02311,0.29762,-0.19878,-0.18759,0.87312,0.09598,0.43962,1,0.47960,0.08261,0.18371,-0.02261,0.41782,0.90427,0.08492,0.47416,0.08738,0.18024,-0.02007,0.41038,0.90770,0.08523,-5.44,4.77,-3.47
24.3064,2,-0.02101,0.30341,-0.20768,-0.23210,0.82999,0.07788,0.50118,1,0.47879,0.08336,0.18314,-0.02232,0.41647,0.90490,0.08494,0.47281,0.08829,0.17987,-0.01954,0.40911,0.90829,0.08513,-5.98,4.93,-3.27
24.3234,3,-0.01901,0.30710,-0.21096,-0.25459,0.80411,0.06600,0.53314,1,0.47792,0.08416,0.18259,-0.02200,0.41514,0.90551,0.08500,0.47144,0.08896,0.17941,-0.01905,0.40784,0.90889,0.08498,-6.49,4.81,-3.17
24.3398,4,-0.01690,0.30954,-0.21488,-0.28059,0.77623,0.05297,0.56207,1,0.47705,0.08493,0.18209,-0.02166,0.41394,0.90606,0.08506,0.47021,0.08987,0.17942,-0.01845,0.40661,0.90947,0.08477,-6.84,4.93,-2.67
24.3566,5,-0.01381,0.31309,-0.21715,-0.30434,0.75090,0.04693,0.58423,1,0.47606,0.08575,0.18159,-0.02123,0.41269,0.90664,0.08509,0.46876,0.09039,0.17915,-0.01771,0.40542,0.91002,0.08471,-7.30,4.64,-2.44
24.3733,6,-0.00714,0.32019,-0.22151,-0.34780,0.70652,0.03815,0.61514,1,0.47498,0.08656,0.18113,-0.02078,0.41143,0.90723,0.08506,0.46721,0.09100,0.17897,-0.01686,0.40431,0.91054,0.08464,-7.77,4.44,-2.16
24.3901,7,-0.00346,0.32430,-0.22258,-0.36234,0.68972,0.03378,0.62598,1,0.47389,0.08731,0.18074,-0.02033,0.41027,0.90776,0.08500,0.46564,0.09148,0.17872,-0.01607,0.40316,0.91108,0.08452,-8.26,4.16,-2.02
24.4068,8,0.00111,0.32840,-0.22360,-0.37614,0.67543,0.02672,0.63371,1,0.47267,0.08810,0.18037,-0.01979,0.40904,0.90834,0.08495,0.46403,0.09191,0.17865,-0.01528,0.40206,0.91161,0.08415,-8.65,3.81,-1.72
24.4236,9,0.00610,0.33251,-0.22450,-0.38375,0.66395,0.02112,0.64145,1,0.47138,0.08883,0.18005,-0.01919,0.40779,0.90892,0.08486,0.46241,0.09232,0.17866,-0.01473,0.40081,0.91219,0.08389,-8.96,3.49,-1.39
24.4403,10,0.01050,0.33650,-0.22467,-0.38534,0.65671,0.01945,0.64796,1,0.47001,0.08954,0.17979,-0.01853,0.40659,0.90948,0.08475,0.46079,0.09266,0.17854,-0.01453,0.39946,0.91277,0.08410,-9.22,3.13,-1.25
24.4570,11,0.02239,0.34489,-0.22420,-0.39627,0.63492,0.02063,0.66289,1,0.46864,0.09014,0.17958,-0.01789,0.40549,0.91000,0.08457,0.45913,0.09286,0.17855,-0.01386,0.39826,0.91328,0.08441,-9.51,2.71,-1.03
24.4737,12,0.02824,0.34879,-0.22359,-0.40294,0.62084,0.01965,0.67216,1,0.46714,0.09072,0.17939,-0.01721,0.40433,0.91055,0.08440,0.45748,0.09302,0.17862,-0.01326,0.39701,0.91381,0.08461,-9.66,2.31,-0.78
24.4905,13,0.03411,0.35313,-0.22142,-0.40710,0.60849,0.02544,0.68071,1,0.46559,0.09124,0.17923,-0.01657,0.40318,0.91108,0.08426,0.45581,0.09299,0.17848,-0.01258,0.39598,0.91420,0.08537,-9.77,1.74,-0.76
24.5072,14,0.03973,0.35805,-0.21815,-0.41040,0.59767,0.02962,0.68811,1,0.46411,0.09170,0.17912,-0.01595,0.40196,0.91164,0.08418,0.45418,0.09286,0.17817,-0.01194,0.39490,0.91461,0.08608,-9.93,1.17,-0.95
24.5239,15,0.04465,0.36268,-0.21433,-0.40929,0.59095,0.02939,0.69455,1,0.46251,0.09210,0.17902,-0.01531,0.40075,0.91218,0.08419,0.45258,0.09264,0.17778,-0.01201,0.39362,0.91510,0.08668,-9.94,0.54,-1.24
24.5406,16,0.05498,0.37090,-0.20661,-0.41564,0.57474,0.02065,0.70462,1,0.46091,0.09242,0.17893,-0.01469,0.39957,0.91270,0.08434,0.45096,0.09237,0.17749,-0.01181,0.39230,0.91568,0.08660,-9.95,-0.05,-1.45
24.5575,17,0.05929,0.37485,-0.20277,-0.42412,0.56334,0.01678,0.70887,1,0.45928,0.09264,0.17884,-0.01409,0.39838,0.91320,0.08460,0.44936,0.09214,0.17709,-0.01106,0.39115,0.91621,0.08629,-9.93,-0.50,-1.75
24.5740,18,0.06321,0.37913,-0.19753,-0.43398,0.55113,0.01343,0.71256,1,0.45773,0.09276,0.17873,-0.01361,0.39724,0.91367,0.08494,0.44784,0.09177,0.17652,-0.01021,0.39006,0.91671,0.08598,-9.89,-1.00,-2.21
24.5909,19,0.06683,0.38337,-0.19211,-0.44326,0.53960,0.01018,0.71571,1,0.45604,0.09281,0.17854,-0.01319,0.39602,0.91418,0.08528,0.44633,0.09140,0.17591,-0.00936,0.38898,0.91721,0.08565,-9.71,-1.41,-2.63
24.6076,20,0.07032,0.38736,-0.18642,-0.45108,0.52906,0.00544,0.71874,1,0.45436,0.09271,0.17829,-0.01275,0.39481,0.91468,0.08554,0.44483,0.09100,0.17531,-0.00866,0.38784,0.91774,0.08521,-9.54,-1.71,-2.98
24.6243,21,0.07600,0.39436,-0.17487,-0.45951,0.51749,-0.00609,0.72182,1,0.45272,0.09252,0.17797,-0.01226,0.39360,0.91520,0.08570,0.44337,0.09053,0.17464,-0.00833,0.38672,0.91828,0.08446,-9.34,-2.00,-3.33
24.6410,22,0.07811,0.39765,-0.16876,-0.46218,0.51559,-0.01138,0.72141,1,0.45119,0.09231,0.17762,-0.01175,0.39251,0.91566,0.08581,0.44200,0.09001,0.17384,-0.00830,0.38597,0.91871,0.08323,-9.19,-2.30,-3.78
24.6578,23,0.08047,0.40107,-0.16210,-0.46665,0.51318,-0.01619,0.72015,1,0.44960,0.09201,0.17721,-0.01116,0.39130,0.91619,0.08574,0.44063,0.08949,0.17306,-0.00785,0.38535,0.91909,0.08199,-8.97,-2.52,-4.15
24.6745,24,0.08253,0.40467,-0.15563,-0.47248,0.51072,-0.02150,0.71796,1,0.44802,0.09163,0.17672,-0.01059,0.39015,0.91671,0.08547,0.43927,0.08903,0.17221,-0.00731,0.38487,0.91941,0.08072,-8.75,-2.60,-4.52
24.6913,25,0.08429,0.40818,-0.14939,-0.47695,0.50777,-0.02738,0.71690,1,0.44646,0.09121,0.17617,-0.01006,0.38907,0.91722,0.08503,0.43794,0.08859,0.17130,-0.00698,0.38415,0.91981,0.07951,-8.52,-2.62,-4.86
24.7080,26,0.08747,0.41401,-0.13760,-0.48286,0.50266,-0.04311,0.71577,1,0.44504,0.09079,0.17559,-0.00958,0.38816,0.91767,0.08446,0.43663,0.08809,0.17041,-0.00709,0.38338,0.92024,0.07830,-8.41,-2.70,-5.18
24.7247,27,0.08918,0.41623,-0.13191,-0.48097,0.50556,-0.04860,0.71464,1,0.44357,0.09032,0.17492,-0.00909,0.38723,0.91813,0.08366,0.43530,0.08752,0.16957,-0.00775,0.38306,0.92046,0.07723,-8.26,-2.80,-5.35
24.7414,28,0.09099,0.41845,-0.12659,-0.47701,0.51354,-0.05213,0.71135,1,0.44212,0.08984,0.17420,-0.00867,0.38636,0.91859,0.08276,0.43395,0.08700,0.16875,-0.00863,0.38333,0.92040,0.07645,-8.16,-2.85,-5.45
24.7581,29,0.09297,0.42085,-0.12163,-0.46887,0.52558,-0.05508,0.70774,1,0.44070,0.08937,0.17346,-0.00836,0.38561,0.91899,0.08178,0.43257,0.08654,0.16794,-0.00973,0.38407,0.92011,0.07616,-8.13,-2.83,-5.52
24.7749,30,0.09502,0.42302,-0.11682,-0.45584,0.54217,-0.05877,0.70342,1,0.43934,0.08892,0.17270,-0.00825,0.38499,0.91934,0.08078,0.43120,0.08603,0.16714,-0.01093,0.38489,0.91976,0.07609,-8.14,-2.89,-5.56
24.7916,31,0.10045,0.42701,-0.10904,-0.43267,0.57167,-0.07299,0.69330,1,0.43794,0.08845,0.17188,-0.00832,0.38451,0.91963,0.07975,0.42971,0.08559,0.16655,-0.01218,0.38560,0.91947,0.07578,-8.23,-2.86,-5.33
24.8083,32,0.10407,0.42888,-0.10623,-0.42348,0.58015,-0.08030,0.69112,1,0.43656,0.08797,0.17105,-0.00860,0.38426,0.91981,0.07883,0.42827,0.08533,0.16626,-0.01356,0.38602,0.91930,0.07540,-8.28,-2.65,-4.79
24.8250,33,0.10797,0.43045,-0.10403,-0.40850,0.59107,-0.08426,0.69041,1,0.43527,0.08752,0.17029,-0.00906,0.38424,0.91988,0.07808,0.42687,0.08512,0.16615,-0.01497,0.38647,0.91908,0.07554,-8.40,-2.40,-4.14
24.8417,34,0.11199,0.43197,-0.10253,-0.38675,0.60740,-0.08544,0.68861,1,0.43387,0.08704,0.16949,-0.00976,0.38446,0.91984,0.07737,0.42550,0.08505,0.16614,-0.01628,0.38705,0.91879,0.07587,-8.36,-1.99,-3.35
24.8585,35,0.11593,0.43315,-0.10247,-0.35726,0.63077,-0.08263,0.68386,1,0.43246,0.08660,0.16874,-0.01062,0.38485,0.91972,0.07681,0.42431,0.08522,0.16639,-0.01749,0.38775,0.91843,0.07630,-8.15,-1.38,-2.35
24.8753,36,0.12493,0.43476,-0.10608,-0.27395,0.68968,-0.06225,0.66740,1,0.43106,0.08624,0.16810,-0.01160,0.38520,0.91959,0.07646,0.42293,0.08579,0.16712,-0.01861,0.38847,0.91806,0.07688,-8.13,-0.44,-0.98
24.8920,37,0.12926,0.43550,-0.11109,-0.22226,0.72042,-0.05380,0.65476,1,0.42971,0.08596,0.16760,-0.01268,0.38564,0.91940,0.07629,0.42189,0.08688,0.16785,-0.01979,0.38915,0.91770,0.07738,-7.82,0.92,0.25
24.9088,38,0.13395,0.43624,-0.11496,-0.15207,0.75104,-0.04674,0.64080,1,0.42829,0.08573,0.16722,-0.01389,0.38617,0.91917,0.07624,0.42056,0.08775,0.16835,-0.02107,0.38970,0.91740,0.07787,-7.73,2.02,1.13
24.9254,39,0.13978,0.43733,-0.12087,-0.07896,0.77581,-0.05069,0.62395,1,0.42690,0.08561,0.16702,-0.01513,0.38679,0.91888,0.07635,0.41923,0.08872,0.16863,-0.02242,0.39021,0.91713,0.07816,-7.67,3.11,1.60
24.9422,40,0.14483,0.43781,-0.12812,0.00014,0.79360,-0.06941,0.60447,1,0.42557,0.08567,0.16702,-0.01637,0.38743,0.91857,0.07660,0.41801,0.08984,0.16881,-0.02384,0.39063,0.91691,0.07820,-7.56,4.16,1.79
24.9591,41,0.15048,0.43737,-0.13668,0.09127,0.80368,-0.08371,0.58204,1,0.42436,0.08597,0.16718,-0.01754,0.38795,0.91829,0.07695,0.41675,0.09093,0.16890,-0.02529,0.39097,0.91672,0.07834,-7.61,4.96,1.71
24.9757,42,0.16395,0.42993,-0.15828,0.32202,0.78663,-0.07998,0.52070,1,0.42307,0.08654,0.16748,-0.01882,0.38849,0.91801,0.07732,0.41545,0.09194,0.16908,-0.02672,0.39115,0.91657,0.07869,-7.63,5.40,1.60
24.9925,43,0.17082,0.42281,-0.17133,0.42422,0.76349,-0.06826,0.48214,1,0.42176,0.08735,0.16785,-0.02014,0.38897,0.91775,0.07762,0.41415,0.09294,0.16876,-0.02814,0.39129,0.91642,0.07914,-7.62,5.59,0.91
25.0092,44,0.17524,0.41286,-0.18691,0.51006,0.73893,-0.04288,0.43816,1,0.42044,0.08822,0.16820,-0.02152,0.38948,0.91749,0.07786,0.41302,0.09409,0.16832,-0.02947,0.39141,0.91628,0.07981,-7.42,5.86,0.11
25.0260,45,0.17867,0.40434,-0.20245,0.56478,0.71485,-0.00505,0.41228,1,0.41921,0.08909,0.16850,-0.02283,0.38989,0.91726,0.07808,0.41207,0.09519,0.16750,-0.03067,0.39119,0.91625,0.08068,-7.14,6.10,-1.00
25.0427,46,0.18650,0.38420,-0.23362,0.60242,0.69802,0.09941,0.37413,1,0.41793,0.09006,0.16875,-0.02419,0.39020,0.91707,0.07835,0.41112,0.09618,0.16656,-0.03128,0.39072,0.91632,0.08193,-6.81,6.12,-2.19
25.0593,47,0.18923,0.37470,-0.25089,0.63710,0.69228,0.12787,0.31385,1,0.41667,0.09103,0.16886,-0.02558,0.39056,0.91685,0.07868,0.41037,0.09707,0.16537,-0.03196,0.39095,0.91609,0.08315,-6.30,6.04,-3.50
25.0760,48,0.18857,0.36277,-0.26974,0.67953,0.67661,0.14168,0.24570,1,0.41554,0.09191,0.16882,-0.02684,0.39080,0.91668,0.07906,0.40970,0.09801,0.16416,-0.03282,0.39159,0.91570,0.08412,-5.84,6.10,-4.65
25.0927,49,0.18686,0.35010,-0.28920,0.71383,0.65043,0.17118,0.19512,1,0.41438,0.09285,0.16857,-0.02811,0.39088,0.91656,0.07963,0.40906,0.09878,0.16283,-0.03384,0.39183,0.91546,0.08517,-5.32,5.93,-5.74
25.1096,50,0.18475,0.33406,-0.30899,0.72962,0.62645,0.20358,0.18374,1,0.41329,0.09380,0.16813,-0.02933,0.39088,0.91646,0.08037,0.40835,0.09944,0.16148,-0.03494,0.39141,0.91552,0.08604,-4.94,5.63,-6.65
25.1263,51,0.18382,0.29859,-0.34874,0.76821,0.54898,0.25635,0.20675,1,0.41228,0.09479,0.16750,-0.03045,0.39093,0.91632,0.08133,0.40760,0.09996,0.16008,-0.03620,0.39075,0.91573,0.08624,-4.68,5.17,-7.42
25.1431,52,0.18292,0.27851,-0.36733,0.79071,0.50018,0.27446,0.22198,1,0.41140,0.09567,0.16676,-0.03145,0.39105,0.91614,0.08229,0.40703,0.10054,0.15863,-0.03759,0.39022,0.91592,0.08608,-4.37,4.87,-8.13
25.1597,53,0.18259,0.25786,-0.38430,0.80558,0.45516,0.29278,0.24116,1,0.41053,0.09656,0.16583,-0.03249,0.39115,0.91597,0.08328,0.40655,0.10114,0.15715,-0.03888,0.38956,0.91617,0.08581,-3.97,4.58,-8.68
25.1765,54,0.18307,0.23502,-0.39946,0.82129,0.40991,0.30826,0.24987,1,0.40968,0.09735,0.16476,-0.03355,0.39108,0.91589,0.08411,0.40609,0.10180,0.15569,-0.04028,0.38903,0.91634,0.08576,-3.59,4.45,-9.07
25.1932,55,0.18416,0.21170,-0.41354,0.83921,0.36106,0.32505,0.24434,1,0.40887,0.09806,0.16357,-0.03465,0.39089,0.91587,0.08477,0.40571,0.10244,0.15420,-0.04169,0.38864,0.91641,0.08607,-3.16,4.38,-9.37
25.2099,56,0.18744,0.16203,-0.43506,0.86691,0.26984,0.35020,0.23024,1,0.40816,0.09871,0.16235,-0.03573,0.39061,0.91591,0.08522,0.40530,0.10311,0.15273,-0.04311,0.38829,0.91646,0.08640,-2.86,4.40,-9.63
25.2266,57,0.18929,0.13740,-0.44214,0.87457,0.22459,0.36121,0.23283,1,0.40749,0.09940,0.16100,-0.03691,0.39026,0.91598,0.08556,0.40501,0.10375,0.15122,-0.04454,0.38785,0.91658,0.08642,-2.49,4.35,-9.78
25.2434,58,0.19137,0.11369,-0.44722,0.87561,0.18091,0.37534,0.24432,1,0.40689,0.10006,0.15959,-0.03815,0.38989,0.91606,0.08581,0.40476,0.10440,0.14970,-0.04586,0.38723,0.91680,0.08617,-2.13,4.34,-9.89
25.2603,59,0.19352,0.09137,-0.44969,0.86525,0.13913,0.39935,0.26927,1,0.40637,0.10074,0.15817,-0.03942,0.38947,0.91617,0.08603,0.40454,0.10513,0.14822,-0.04686,0.38634,0.91718,0.08561,-1.83,4.40,-9.94
25.2774,60,0.19498,0.07146,-0.45200,0.84821,0.09504,0.42788,0.29736,1,0.40588,0.10146,0.15673,-0.04075,0.38900,0.91629,0.08621,0.40453,0.10590,0.14674,-0.04776,0.38538,0.91759,0.08503,-1.35,4.44,-9.98
25.2939,61,0.19626,0.03665,-0.45843,0.81616,0.01533,0.46776,0.33890,1,0.40546,0.10216,0.15536,-0.04204,0.38855,0.91642,0.08628,0.40482,0.10663,0.14527,-0.04875,0.38447,0.91797,0.08449,-0.64,4.47,-10.08
25.3111,62,0.19584,0.01927,-0.46174,0.80602,-0.01256,0.47343,0.35501,1,0.40506,0.10293,0.15388,-0.04337,0.38797,0.91661,0.08621,0.40550,0.10734,0.14393,-0.04990,0.38381,0.91824,0.08383,0.44,4.41,-9.95
25.3275,63,0.19378,0.00171,-0.46541,0.79939,-0.02833,0.47362,0.36860,1,0.40478,0.10361,0.15237,-0.04461,0.38742,0.91680,0.08599,0.40641,0.10804,0.14272,-0.05101,0.38339,0.91844,0.08293,1.63,4.43,-9.65
25.3440,64,0.19077,-0.01655,-0.46864,0.79215,-0.03307,0.47401,0.38304,1,0.40469,0.10419,0.15095,-0.04566,0.38682,0.91703,0.08572,0.40740,0.10881,0.14162,-0.05153,0.38310,0.91865,0.08157,2.72,4.62,-9.33
25.3609,65,0.18787,-0.03446,-0.47077,0.78440,-0.03651,0.47853,0.39293,1,0.40475,0.10482,0.14946,-0.04672,0.38610,0.91731,0.08537,0.40838,0.10966,0.14058,-0.05181,0.38238,0.91904,0.08035,3.63,4.84,-8.88
25.3776,66,0.18393,-0.06859,-0.47266,0.77074,-0.04568,0.49553,0.39791,1,0.40493,0.10557,0.14799,-0.04783,0.38537,0.91760,0.08488,0.40928,0.11060,0.13954,-0.05201,0.38122,0.91957,0.07971,4.36,5.03,-8.46
25.3944,67,0.18268,-0.08360,-0.47183,0.76297,-0.05138,0.50918,0.39495,1,0.40528,0.10634,0.14655,-0.04888,0.38474,0.91787,0.08420,0.41011,0.11164,0.13853,-0.05201,0.37985,0.92013,0.07976,4.83,5.30,-8.02
25.4111,68,0.18185,-0.09740,-0.46980,0.75661,-0.06175,0.52421,0.38591,1,0.40582,0.10706,0.14527,-0.04966,0.38414,0.91815,0.08349,0.41086,0.11276,0.13755,-0.05221,0.37856,0.92061,0.08032,5.03,5.70,-7.72
25.4279,69,0.18200,-0.10884,-0.46804,0.75411,-0.07630,0.53527,0.37281,1,0.40656,0.10790,0.14402,-0.05030,0.38336,0.91851,0.08271,0.41155,0.11383,0.13647,-0.05270,0.37752,0.92092,0.08124,4.99,5.92,-7.55
25.4446,70,0.18225,-0.11940,-0.46623,0.75354,-0.09400,0.54156,0.36062,1,0.40736,0.10884,0.14285,-0.05087,0.38248,0.91891,0.08197,0.41225,0.11485,0.13536,-0.05350,0.37671,0.92113,0.08219,4.89,6.01,-7.50
25.4613,71,0.18316,-0.14012,-0.46310,0.75229,-0.11646,0.55316,0.33838,1,0.40814,0.10974,0.14169,-0.05142,0.38162,0.91930,0.08132,0.41297,0.11579,0.13418,-0.05406,0.37584,0.92135,0.08325,4.83,6.05,-7.51
25.4781,72,0.18310,-0.14938,-0.46249,0.75086,-0.12218,0.55705,0.33313,1,0.40898,0.11063,0.14053,-0.05193,0.38071,0.91967,0.08100,0.41386,0.11652,0.13298,-0.05459,0.37480,0.92166,0.08415,4.88,5.89,-7.55
25.4949,73,0.18342,-0.15648,-0.46248,0.75039,-0.12204,0.56030,0.32876,1,0.40979,0.11158,0.13946,-0.05240,0.37973,0.92004,0.08114,0.41472,0.11712,0.13168,-0.05437,0.37384,0.92198,0.08511,4.93,5.54,-7.78
25.5116,74,0.18357,-0.16216,-0.46236,0.75248,-0.11872,0.56022,0.32533,1,0.41065,0.11263,0.13834,-0.05291,0.37867,0.92041,0.08157,0.41559,0.11774,0.13041,-0.05375,0.37347,0.92208,0.08604,4.95,5.11,-7.94
25.5282,75,0.18427,-0.16628,-0.46272,0.75972,-0.11287,0.55569,0.31827,1,0.41144,0.11362,0.13718,-0.05348,0.37768,0.92074,0.08207,0.41614,0.11804,0.12932,-0.05306,0.37379,0.92190,0.08698,4.70,4.43,-7.87
25.5448,76,0.18545,-0.17276,-0.46415,0.77056,-0.08671,0.55073,0.30890,1,0.41217,0.11450,0.13605,-0.05395,0.37674,0.92104,0.08269,0.41688,0.11824,0.12784,-0.05190,0.37441,0.92167,0.08743,4.71,3.74,-8.21
25.5616,77,0.18525,-0.17485,-0.46504,0.77366,-0.06727,0.54952,0.30815,1,0.41301,0.11533,0.13485,-0.05420,0.37586,0.92131,0.08353,0.41734,0.11826,0.12730,-0.05051,0.37495,0.92155,0.08727,4.33,2.93,-7.55
25.5783,78,0.18341,-0.17570,-0.46588,0.77606,-0.04499,0.54826,0.30841,1,0.41386,0.11608,0.13367,-0.05418,0.37518,0.92151,0.08438,0.41799,0.11825,0.12734,-0.04913,0.37545,0.92144,0.08700,4.13,2.17,-6.33
25.5948,79,0.18089,-0.17635,-0.46730,0.77404,-0.01483,0.55159,0.31045,0,0.41466,0.11662,0.13254,-0.05395,0.37485,0.92160,0.08506,0.41799,0.11825,0.12734,-0.04913,0.37545,0.92144,0.08700,3.33,1.63,-5.20
25.6116,80,0.17535,-0.17561,-0.46820,0.76461,0.03282,0.56069,0.31610,0,0.41547,0.11698,0.13133,-0.05346,0.37479,0.92160,0.08563,0.41799,0.11825,0.12734,-0.04913,0.37545,0.92144,0.08700,2.52,1.27,-3.99
25.6284,81,0.16565,-0.17235,-0.46882,0.76340,0.14032,0.55951,0.29066,0,0.41627,0.11721,0.13027,-0.05267,0.37482,0.92159,0.08611,0.41799,0.11825,0.12734,-0.04913,0.37545,0.92144,0.08700,1.73,1.04,-2.93
25.6451,82,0.16033,-0.17054,-0.46749,0.77320,0.18580,0.54643,0.26276,0,0.41688,0.11741,0.12947,-0.05189,0.37493,0.92155,0.08647,0.41799,0.11825,0.12734,-0.04913,0.37545,0.92144,0.08700,1.11,0.83,-2.13
25.6620,83,0.15600,-0.16789,-0.46512,0.78488,0.23049,0.53084,0.22147,0,0.41733,0.11761,0.12883,-0.05119,0.37506,0.92152,0.08669,0.41799,0.11825,0.12734,-0.04913,0.37545,0.92144,0.08700,0.66,0.64,-1.49
25.6785,84,0.15194,-0.16516,-0.46213,0.79081,0.27586,0.51602,0.17956,0,0.41760,0.11782,0.12839,-0.05066,0.37513,0.92151,0.08684,0.41799,0.11825,0.12734,-0.04913,0.37545,0.92144,0.08700,0.39,0.42,-1.05
25.6953,85,0.14903,-0.16121,-0.45986,0.79403,0.31547,0.50240,0.13259,0,0.41775,0.11803,0.12811,-0.05027,0.37519,0.92149,0.08691,0.41799,0.11825,0.12734,-0.04913,0.37545,0.92144,0.08700,0.25,0.22,-0.77
25.7121,86,0.14593,-0.15030,-0.45521,0.79078,0.39219,0.46737,0.04911,0,0.41782,0.11818,0.12794,-0.05003,0.37524,0.92149,0.08692,0.41799,0.11825,0.12734,-0.04913,0.37545,0.92144,0.08700,0.17,0.07,-0.60
25.7288,87,0.14429,-0.14358,-0.45370,0.78637,0.42736,0.44591,0.01211,0,0.41786,0.11828,0.12783,-0.04985,0.37531,0.92147,0.08691,0.41799,0.11825,0.12734,-0.04913,0.37545,0.92144,0.08700,0.13,-0.04,-0.49
25.7455,88,0.14374,-0.13683,-0.45189,0.78235,0.46070,0.41854,-0.02272,0,0.41789,0.11835,0.12777,-0.04972,0.37534,0.92146,0.08690,0.41799,0.11825,0.12734,-0.04913,0.37545,0.92144,0.08700,0.10,-0.10,-0.44
25.7624,89,0.14353,-0.13117,-0.45070,0.77959,0.48673,0.38972,-0.05875,0,0.41790,0.11838,0.12776,-0.04963,0.37538,0.92145,0.08688,0.41799,0.11825,0.12734,-0.04913,0.37545,0.92144,0.08700,0.09,-0.13,-0.43
25.7792,90,0.14345,-0.12581,-0.45006,0.77646,0.50961,0.35939,-0.09083,0,0.41792,0.11838,0.12777,-0.04957,0.37538,0.92146,0.08686,0.41799,0.11825,0.12734,-0.04913,0.37545,0.92144,0.08700,0.07,-0.13,-0.44
25.7960,91,0.14499,-0.11598,-0.45094,0.76599,0.56043,0.28729,-0.12901,0,0.41795,0.11836,0.12779,-0.04952,0.37540,0.92145,0.08687,0.41799,0.11825,0.12734,-0.04913,0.37545,0.92144,0.08700,0.05,-0.11,-0.46
25.8128,92,0.14657,-0.11060,-0.45301,0.75904,0.58782,0.24492,-0.13542,0,0.41798,0.11833,0.12782,-0.04950,0.37543,0.92144,0.08691,0.41799,0.11825,0.12734,-0.04913,0.37545,0.92144,0.08700,0.01,-0.08,-0.48
25.8295,93,0.14905,-0.10515,-0.45550,0.75307,0.61277,0.19840,-0.13429,0,0.41799,0.11829,0.12782,-0.04951,0.37541,0.92144,0.08693,0.41799,0.11825,0.12734,-0.04913,0.37545,0.92144,0.08700,0.00,-0.04,-0.48
25.8464,94,0.15172,-0.09922,-0.45866,0.74863,0.63204,0.15073,-0.13176,0,0.41799,0.11825,0.12781,-0.04955,0.37540,0.92145,0.08695,0.41799,0.11825,0.12734,-0.04913,0.37545,0.92144,0.08700,0.00,-0.00,-0.47
25.8631,95,0.16080,-0.08964,-0.46541,0.75289,0.64477,0.05631,-0.11939,0,0.41800,0.11822,0.12780,-0.04957,0.37541,0.92144,0.08698,0.41799,0.11825,0.12734,-0.04913,0.37545,0.92144,0.08700,-0.01,0.02,-0.47
25.8798,96,0.16619,-0.08637,-0.46915,0.75965,0.63983,0.01557,-0.11536,0,0.41801,0.11821,0.12780,-0.04960,0.37540,0.92144,0.08701,0.41799,0.11825,0.12734,-0.04913,0.37545,0.92144,0.08700,-0.01,0.04,-0.46
25.8967,97,0.17209,-0.08514,-0.47326,0.76677,0.63145,-0.02366,-0.11303,0,0.41802,0.11820,0.12780,-0.04961,0.37540,0.92144,0.08701,0.41799,0.11825,0.12734,-0.04913,0.37545,0.92144,0.08700,-0.02,0.05,-0.46
25.9134,98,0.17797,-0.08485,-0.47759,0.77403,0.61989,-0.06757,-0.10976,0,0.41802,0.11820,0.12780,-0.04961,0.37539,0.92144,0.08701,0.41799,0.11825,0.12734,-0.04913,0.37545,0.92144,0.08700,-0.03,0.04,-0.46
25.9302,99,0.18303,-0.08528,-0.48045,0.78161,0.60586,-0.11021,-0.09938,0,0.41803,0.11821,0.12781,-0.04961,0.37541,0.92143,0.08699,0.41799,0.11825,0.12734,-0.04913,0.37545,0.92144,0.08700,-0.03,0.04,-0.47
25.9469,100,0.19591,-0.08806,-0.48348,0.78384,0.60036,-0.14615,-0.06165,0,0.41803,0.11822,0.12782,-0.04962,0.37541,0.92143,0.08697,0.41799,0.11825,0.12734,-0.04913,0.37545,0.92144,0.08700,-0.03,0.03,-0.48
25.9637,101,0.20332,-0.09183,-0.48355,0.78353,0.60068,-0.14726,-0.05975,0,0.41803,0.11822,0.12782,-0.04961,0.37541,0.92143,0.08696,0.41799,0.11825,0.12734,-0.04913,0.37545,0.92144,0.08700,-0.04,0.03,-0.48
25.9804,102,0.21120,-0.09493,-0.48441,0.78754,0.59442,-0.14301,-0.07742,0,0.41804,0.11821,0.12782,-0.04961,0.37542,0.92143,0.08696,0.41799,0.11825,0.12734,-0.04913,0.37545,0.92144,0.08700,-0.05,0.03,-0.48
25.9971,103,0.21792,-0.09578,-0.48528,0.79451,0.58069,-0.14756,-0.09890,0,0.41805,0.11820,0.12782,-0.04962,0.37542,0.92143,0.08696,0.41799,0.11825,0.12734,-0.04913,0.37545,0.92144,0.08700,-0.06,0.04,-0.48
26.0139,104,0.22295,-0.09461,-0.48610,0.80228,0.56468,-0.15930,-0.11004,0,0.41806,0.11819,0.12781,-0.04963,0.37542,0.92143,0.08696,0.41799,0.11825,0.12734,-0.04913,0.37545,0.92144,0.08700,-0.06,0.06,-0.48
26.0307,105,0.23091,-0.08695,-0.48846,0.80931,0.55068,-0.17994,-0.09685,0,0.41806,0.11818,0.12781,-0.04963,0.37541,0.92143,0.08697,0.41799,0.11825,0.12734,-0.04913,0.37545,0.92144,0.08700,-0.07,0.07,-0.47
26.0474,106,0.23457,-0.08072,-0.49006,0.80696,0.55588,-0.18453,-0.07592,0,0.41807,0.11816,0.12780,-0.04964,0.37541,0.92143,0.08698,0.41799,0.11825,0.12734,-0.04913,0.37545,0.92144,0.08700,-0.08,0.08,-0.46
26.0642,107,0.23794,-0.07297,-0.49198,0.80255,0.56494,-0.18556,-0.04827,0,0.41807,0.11815,0.12779,-0.04964,0.37542,0.92143,0.08698,0.41799,0.11825,0.12734,-0.04913,0.37545,0.92144,0.08700,-0.08,0.10,-0.46
26.0809,108,0.24149,-0.06396,-0.49385,0.79897,0.57182,-0.18534,-0.01799,0,0.41807,0.11814,0.12778,-0.04964,0.37541,0.92143,0.08698,0.41799,0.11825,0.12734,-0.04913,0.37545,0.92144,0.08700,-0.08,0.11,-0.45
26.0978,109,0.24534,-0.05276,-0.49562,0.79455,0.57813,-0.18493,0.01559,0,0.41808,0.11814,0.12778,-0.04964,0.37541,0.92143,0.08700,0.41799,0.11825,0.12734,-0.04913,0.37545,0.92144,0.08700,-0.09,0.11,-0.44
26.1145,110,0.25238,-0.02859,-0.49821,0.78325,0.58576,-0.19438,0.07498,0,0.41808,0.11813,0.12778,-0.04965,0.37543,0.92142,0.08701,0.41799,0.11825,0.12734,-0.04913,0.37545,0.92144,0.08700,-0.08,0.11,-0.44
26.1310,111,0.25495,-0.01578,-0.50064,0.78269,0.58290,-0.19812,0.09151,0,0.41808,0.11813,0.12777,-0.04964,0.37543,0.92142,0.08700,0.41799,0.11825,0.12734,-0.04913,0.37545,0.92144,0.08700,-0.08,0.12,-0.44
26.1479,112,0.25872,-0.00322,-0.50212,0.78868,0.57330,-0.19926,0.09804,0,0.41808,0.11812,0.12777,-0.04963,0.37541,0.92143,0.08700,0.41799,0.11825,0.12734,-0.04913,0.37545,0.92144,0.08700,-0.08,0.13,-0.44
26.1647,113,0.26137,0.00971,-0.50262,0.79420,0.56223,-0.20346,0.10837,0,0.41807,0.11812,0.12777,-0.04963,0.37543,0.92142,0.08700,0.41799,0.11825,0.12734,-0.04913,0.37545,0.92144,0.08700,-0.08,0.13,-0.44
26.1815,114,0.26437,0.02333,-0.50208,0.79227,0.55723,-0.21483,0.12512,0,0.41807,0.11811,0.12777,-0.04963,0.37543,0.92142,0.08700,0.41799,0.11825,0.12734,-0.04913,0.37545,0.92144,0.08700,-0.08,0.14,-0.44
26.1982,115,0.26846,0.04840,-0.50151,0.77784,0.55848,-0.23756,0.16319,0,0.41807,0.11810,0.12777,-0.04963,0.37543,0.92142,0.08700,0.41799,0.11825,0.12734,-0.04913,0.37545,0.92144,0.08700,-0.08,0.15,-0.44
26.2149,116,0.27094,0.06055,-0.50046,0.76658,0.56466,-0.24577,0.18198,0,0.41807,0.11809,0.12777,-0.04963,0.37543,0.92142,0.08700,0.41799,0.11825,0.12734,-0.04913,0.37545,0.92144,0.08700,-0.08,0.16,-0.44
26.2318,117,0.27212,0.07242,-0.49920,0.74950,0.57491,-0.25848,0.20229,0,0.41807,0.11808,0.12778,-0.04963,0.37543,0.92142,0.08701,0.41799,0.11825,0.12734,-0.04913,0.37545,0.92144,0.08700,-0.08,0.17,-0.44
26.2485,118,0.27282,0.08231,-0.49824,0.73111,0.58411,-0.27325,0.22275,0,0.41807,0.11807,0.12777,-0.04963,0.37543,0.92142,0.08701,0.41799,0.11825,0.12734,-0.04913,0.37545,0.92144,0.08700,-0.08,0.18,-0.44
26.2653,119,0.27235,0.09473,-0.49755,0.70884,0.59551,-0.29040,0.24203,0,0.41807,0.11806,0.12777,-0.04964,0.37544,0.92142,0.08701,0.41799,0.11825,0.12734,-0.04913,0.37545,0.92144,0.08700,-0.07,0.19,-0.44
26.2821,120,0.27111,0.11940,-0.49541,0.67295,0.61139,-0.31816,0.26855,0,0.41806,0.11805,0.12778,-0.04963,0.37543,0.92142,0.08702,0.41799,0.11825,0.12734,-0.04913,0.37545,0.92144,0.08700,-0.07,0.20,-0.44
26.2989,121,0.27027,0.12956,-0.49405,0.66071,0.61686,-0.32986,0.27229,0,0.41806,0.11805,0.12778,-0.04963,0.37543,0.92142,0.08703,0.41799,0.11825,0.12734,-0.04913,0.37545,0.92144,0.08700,-0.07,0.20,-0.44
26.3157,122,0.26812,0.14074,-0.49253,0.64412,0.62107,-0.34652,0.28161,0,0.41806,0.11805,0.12778,-0.04963,0.37543,0.92142,0.08702,0.41799,0.11825,0.12734,-0.04913,0.37545,0.92144,0.08700,-0.07,0.20,-0.45
26.3325,123,0.26424,0.15258,-0.49106,0.62162,0.62869,-0.35842,0.29979,0,0.41806,0.11804,0.12779,-0.04963,0.37545,0.92141,0.08702,0.41799,0.11825,0.12734,-0.04913,0.37545,0.92144,0.08700,-0.07,0.21,-0.45
26.3493,124,0.25914,0.16362,-0.49018,0.59889,0.63778,-0.36201,0.32173,0,0.41806,0.11803,0.12779,-0.04962,0.37544,0.92142,0.08701,0.41799,0.11825,0.12734,-0.04913,0.37545,0.92144,0.08700,-0.06,0.22,-0.45
26.3661,125,0.24901,0.18531,-0.48638,0.57656,0.65577,-0.35362,0.33540,0,0.41806,0.11804,0.12779,-0.04961,0.37543,0.92142,0.08702,0.41799,0.11825,0.12734,-0.04913,0.37545,0.92144,0.08700,-0.06,0.21,-0.46
26.3829,126,0.24261,0.19569,-0.48420,0.57140,0.66054,-0.35211,0.33647,0,0.41805,0.11804,0.12780,-0.04962,0.37544,0.92142,0.08702,0.41799,0.11825,0.12734,-0.04913,0.37545,0.92144,0.08700,-0.06,0.21,-0.46
26.3996,127,0.23534,0.20662,-0.48160,0.56479,0.66166,-0.35469,0.34265,0,0.41804,0.11804,0.12780,-0.04962,0.37542,0.92143,0.08703,0.41799,0.11825,0.12734,-0.04913,0.37545,0.92144,0.08700,-0.05,0.21,-0.46
26.4164,128,0.22705,0.21682,-0.47917,0.55154,0.66212,-0.36149,0.35600,0,0.41804,0.11804,0.12781,-0.04963,0.37543,0.92142,0.08703,0.41799,0.11825,0.12734,-0.04913,0.37545,0.92144,0.08700,-0.05,0.21,-0.47
26.4333,129,0.21812,0.22565,-0.47727,0.53655,0.66579,-0.36642,0.36685,0,0.41804,0.11804,0.12781,-0.04962,0.37543,0.92142,0.08703,0.41799,0.11825,0.12734,-0.04913,0.37545,0.92144,0.08700,-0.05,0.21,-0.48
26.4498,130,0.20007,0.24205,-0.47383,0.51314,0.68086,-0.36945,0.36964,0,0.41804,0.11805,0.12782,-0.04962,0.37543,0.92142,0.08702,0.41799,0.11825,0.12734,-0.04913,0.37545,0.92144,0.08700,-0.05,0.20,-0.48
26.4667,131,0.19109,0.25049,-0.47154,0.50713,0.68760,-0.36993,0.36493,0,0.41804,0.11805,0.12783,-0.04961,0.37543,0.92142,0.08702,0.41799,0.11825,0.12734,-0.04913,0.37545,0.92144,0.08700,-0.04,0.19,-0.49
26.4835,132,0.18177,0.25917,-0.46865,0.50248,0.69028,-0.37076,0.36546,0,0.41803,0.11806,0.12783,-0.04962,0.37540,0.92143,0.08702,0.41799,0.11825,0.12734,-0.04913,0.37545,0.92144,0.08700,-0.04,0.19,-0.50
26.5003,133,0.17227,0.26694,-0.46569,0.49539,0.69186,-0.37042,0.37244,0,0.41802,0.11807,0.12784,-0.04962,0.37542,0.92143,0.08702,0.41799,0.11825,0.12734,-0.04913,0.37545,0.92144,0.08700,-0.03,0.18,-0.50
26.5171,134,0.15363,0.27718,-0.46099,0.46923,0.68963,-0.37785,0.40183,0,0.41802,0.11807,0.12784,-0.04962,0.37542,0.92143,0.08702,0.41799,0.11825,0.12734,-0.04913,0.37545,0.92144,0.08700,-0.03,0.17,-0.51
26.5339,135,0.14439,0.28047,-0.45979,0.46239,0.69198,-0.37313,0.41004,0,0.41802,0.11808,0.12785,-0.04962,0.37541,0.92143,0.08702,0.41799,0.11825,0.12734,-0.04913,0.37545,0.92144,0.08700,-0.03,0.17,-0.51
26.5507,136,0.13514,0.28359,-0.45772,0.46629,0.69805,-0.36165,0.40560,0,0.41802,0.11808,0.12786,-0.04962,0.37541,0.92143,0.08702,0.41799,0.11825,0.12734,-0.04913,0.37545,0.92144,0.08700,-0.03,0.17,-0.52
26.5675,137,0.12734,0.28713,-0.45413,0.47428,0.70226,-0.35198,0.39749,0,0.41802,0.11809,0.12786,-0.04962,0.37541,0.92143,0.08701,0.41799,0.11825,0.12734,-0.04913,0.37545,0.92144,0.08700,-0.02,0.16,-0.52
26.5841,138,0.12016,0.29011,-0.45069,0.47886,0.70476,-0.34502,0.39366,0,0.41801,0.11809,0.12786,-0.04962,0.37541,0.92143,0.08701,0.41799,0.11825,0.12734,-0.04913,0.37545,0.92144,0.08700,-0.02,0.15,-0.52
26.6009,139,0.10801,0.29115,-0.44691,0.46971,0.70196,-0.34171,0.41213,0,0.41801,0.11810,0.12786,-0.04962,0.37541,0.92143,0.08701,0.41799,0.11825,0.12734,-0.04913,0.37545,0.92144,0.08700,-0.02,0.15,-0.53
26.6175,140,0.10210,0.28854,-0.44649,0.46251,0.69847,-0.34261,0.42526,0,0.41801,0.11811,0.12786,-0.04962,0.37541,0.92143,0.08701,0.41799,0.11825,0.12734,-0.04913,0.37545,0.92144,0.08700,-0.02,0.14,-0.53
26.6344,141,0.09651,0.28651,-0.44647,0.45573,0.70174,-0.34248,0.42729,0,0.41801,0.11811,0.12786,-0.04962,0.37540,0.92144,0.08700,0.41799,0.11825,0.12734,-0.04913,0.37545,0.92144,0.08700,-0.02,0.14,-0.53
26.6512,142,0.09130,0.28594,-0.44559,0.44944,0.70967,-0.34203,0.42117,0,0.41801,0.11811,0.12786,-0.04962,0.37541,0.92143,0.08701,0.41799,0.11825,0.12734,-0.04913,0.37545,0.92144,0.08700,-0.02,0.14,-0.52
26.6678,143,0.08611,0.28483,-0.44499,0.44316,0.72058,-0.33815,0.41234,0,0.41801,0.11811,0.12786,-0.04961,0.37540,0.92144,0.08701,0.41799,0.11825,0.12734,-0.04913,0.37545,0.92144,0.08700,-0.02,0.13,-0.52
26.6845,144,0.07657,0.27872,-0.44619,0.43132,0.73903,-0.32015,0.40658,0,0.41801,0.11812,0.12786,-0.04961,0.37539,0.92144,0.08701,0.41799,0.11825,0.12734,-0.04913,0.37545,0.92144,0.08700,-0.02,0.13,-0.52
26.7014,145,0.07203,0.27400,-0.44583,0.42992,0.74895,-0.29781,0.40689,0,0.41801,0.11812,0.12786,-0.04962,0.37539,0.92144,0.08701,0.41799,0.11825,0.12734,-0.04913,0.37545,0.92144,0.08700,-0.01,0.13,-0.52
26.7180,146,0.06750,0.26981,-0.44562,0.43088,0.75725,-0.27661,0.40547,0,0.41800,0.11812,0.12786,-0.04962,0.37540,0.92143,0.08701,0.41799,0.11825,0.12734,-0.04913,0.37545,0.92144,0.08700,-0.01,0.13,-0.52
26.7348,147,0.06273,0.26666,-0.44609,0.42975,0.76379,-0.26728,0.40063,0,0.41801,0.11812,0.12786,-0.04962,0.37540,0.92144,0.08701,0.41799,0.11825,0.12734,-0.04913,0.37545,0.92144,0.08700,-0.01,0.13,-0.52
26.7517,148,0.05804,0.26456,-0.44644,0.43101,0.77023,-0.26134,0.39073,0,0.41801,0.11812,0.12786,-0.04961,0.37539,0.92144,0.08701,0.41799,0.11825,0.12734,-0.04913,0.37545,0.92144,0.08700,-0.02,0.13,-0.52
26.7684,149,0.05062,0.25643,-0.44758,0.42730,0.80363,-0.25448,0.32685,0,0.41801,0.11813,0.12786,-0.04961,0.37539,0.92144,0.08700,0.41799,0.11825,0.12734,-0.04913,0.37545,0.92144,0.08700,-0.02,0.12,-0.52
26.7852,150,0.04680,0.24714,-0.44524,0.42159,0.80764,-0.26015,0.31985,0,0.41801,0.11813,0.12786,-0.04961,0.37539,0.92144,0.08700,0.41799,0.11825,0.12734,-0.04913,0.37545,0.92144,0.08700,-0.02,0.12,-0.52
26.8021,151,0.03839,0.24827,-0.44039,0.46389,0.77698,-0.25085,0.34378,0,0.41800,0.11813,0.12786,-0.04961,0.37539,0.92144,0.08700,0.41799,0.11825,0.12734,-0.04913,0.37545,0.92144,0.08700,-0.01,0.11,-0.52
26.8188,152,0.03665,0.24269,-0.43793,0.47394,0.77983,-0.23870,0.33206,0,0.41800,0.11814,0.12786,-0.04961,0.37540,0.92144,0.08700,0.41799,0.11825,0.12734,-0.04913,0.37545,0.92144,0.08700,-0.01,0.11,-0.52
26.8356,153,0.03285,0.23799,-0.43680,0.47184,0.78399,-0.23899,0.32499,0,0.41801,0.11813,0.12786,-0.04960,0.37539,0.92144,0.08699,0.41799,0.11825,0.12734,-0.04913,0.37545,0.92144,0.08700,-0.02,0.12,-0.52
26.8522,154,0.02784,0.23206,-0.43278,0.46455,0.78320,-0.24584,0.33220,0,0.41801,0.11813,0.12786,-0.04960,0.37539,0.92144,0.08700,0.41799,0.11825,0.12734,-0.04913,0.37545,0.92144,0.08700,-0.02,0.12,-0.52
26.8689,155,0.02360,0.22915,-0.43091,0.46007,0.77940,-0.24862,0.34506,0,0.41801,0.11813,0.12786,-0.04959,0.37539,0.92144,0.08699,0.41799,0.11825,0.12734,-0.04913,0.37545,0.92144,0.08700,-0.02,0.12,-0.52
26.8858,156,0.01907,0.22454,-0.42966,0.44579,0.78148,-0.24541,0.36102,0,0.41801,0.11814,0.12785,-0.04960,0.37540,0.92144,0.08699,0.41799,0.11825,0.12734,-0.04913,0.37545,0.92144,0.08700,-0.01,0.11,-0.52
26.9026,157,0.01444,0.22121,-0.42873,0.43516,0.78682,-0.23141,0.37148,0,0.41800,0.11814,0.12785,-0.04960,0.37539,0.92144,0.08699,0.41799,0.11825,0.12734,-0.04913,0.37545,0.92144,0.08700,-0.01,0.11,-0.52
26.9193,158,0.01010,0.21884,-0.42717,0.43281,0.78974,-0.21788,0.37618,0,0.41800,0.11814,0.12785,-0.04959,0.37539,0.92144,0.08699,0.41799,0.11825,0.12734,-0.04913,0.37545,0.92144,0.08700,-0.01,0.11,-0.51
26.9362,159,0.00073,0.21548,-0.42250,0.43882,0.79129,-0.21238,0.36905,0,0.41801,0.11814,0.12785,-0.04959,0.37539,0.92144,0.08699,0.41799,0.11825,0.12734,-0.04913,0.37545,0.92144,0.08700,-0.02,0.11,-0.51
26.9530,160,-0.00298,0.21405,-0.42033,0.44229,0.79122,-0.21185,0.36533,0,0.41801,0.11814,0.12785,-0.04959,0.37539,0.92144,0.08699,0.41799,0.11825,0.12734,-0.04913,0.37545,0.92144,0.08700,-0.01,0.10,-0.51
26.9697,161,-0.00745,0.21265,-0.41812,0.44723,0.78999,-0.21082,0.36256,0,0.41800,0.11815,0.12785,-0.04959,0.37539,0.92144,0.08699,0.41799,0.11825,0.12734,-0.04913,0.37545,0.92144,0.08700,-0.01,0.10,-0.51
26.9865,162,-0.01217,0.21137,-0.41604,0.45415,0.78830,-0.20762,0.35947,0,0.41800,0.11815,0.12785,-0.04959,0.37538,0.92144,0.08699,0.41799,0.11825,0.12734,-0.04913,0.37545,0.92144,0.08700,-0.01,0.10,-0.51
27.0032,163,-0.01662,0.21078,-0.41357,0.45847,0.79086,-0.20018,0.35253,0,0.41800,0.11815,0.12784,-0.04959,0.37539,0.92144,0.08699,0.41799,0.11825,0.12734,-0.04913,0.37545,0.92144,0.08700,-0.01,0.09,-0.51
27.0201,164,-0.02370,0.21031,-0.40910,0.45564,0.79758,-0.19431,0.34423,0,0.41801,0.11815,0.12784,-0.04959,0.37539,0.92144,0.08699,0.41799,0.11825,0.12734,-0.04913,0.37545,0.92144,0.08700,-0.01,0.09,-0.50
27.0368,165,-0.02746,0.21021,-0.40739,0.44855,0.79905,-0.19580,0.34925,0,0.41801,0.11815,0.12783,-0.04959,0.37539,0.92144,0.08699,0.41799,0.11825,0.12734,-0.04913,0.37545,0.92144,0.08700,-0.02,0.10,-0.50
27.0536,166,-0.03002,0.21032,-0.40587,0.44324,0.79903,-0.19765,0.35501,0,0.41801,0.11815,0.12783,-0.04958,0.37539,0.92144,0.08699,0.41799,0.11825,0.12734,-0.04913,0.37545,0.92144,0.08700,-0.02,0.10,-0.49
27.0703,167,-0.03317,0.21101,-0.40445,0.44062,0.79689,-0.19991,0.36174,0,0.41801,0.11815,0.12783,-0.04958,0.37538,0.92144,0.08699,0.41799,0.11825,0.12734,-0.04913,0.37545,0.92144,0.08700,-0.02,0.10,-0.49
27.0872,168,-0.03703,0.21185,-0.40308,0.44090,0.79443,-0.20122,0.36606,0,0.41801,0.11815,0.12782,-0.04958,0.37539,0.92144,0.08699,0.41799,0.11825,0.12734,-0.04913,0.37545,0.92144,0.08700,-0.02,0.10,-0.48
27.1039,169,-0.04437,0.21443,-0.40055,0.43448,0.78880,-0.21176,0.37972,0,0.41802,0.11815,0.12782,-0.04958,0.37540,0.92144,0.08699,0.41799,0.11825,0.12734,-0.04913,0.37545,0.92144,0.08700,-0.02,0.10,-0.48
27.1207,170,-0.04929,0.21481,-0.39657,0.42357,0.79364,-0.21777,0.37855,0,0.41802,0.11815,0.12781,-0.04958,0.37539,0.92144,0.08698,0.41799,0.11825,0.12734,-0.04913,0.37545,0.92144,0.08700,-0.03,0.10,-0.47
27.1375,171,-0.05023,0.21700,-0.39755,0.41992,0.79427,-0.22092,0.37948,0,0.41802,0.11815,0.12781,-0.04958,0.37538,0.92145,0.08698,0.41799,0.11825,0.12734,-0.04913,0.37545,0.92144,0.08700,-0.03,0.10,-0.47
27.1543,172,-0.05171,0.21808,-0.39679,0.41304,0.79333,-0.22701,0.38534,0,0.41802,0.11816,0.12781,-0.04958,0.37538,0.92145,0.08699,0.41799,0.11825,0.12734,-0.04913,0.37545,0.92144,0.08700,-0.03,0.09,-0.47
27.1711,173,-0.05345,0.21953,-0.39640,0.40399,0.79274,-0.23038,0.39406,0,0.41802,0.11816,0.12781,-0.04958,0.37539,0.92144,0.08699,0.41799,0.11825,0.12734,-0.04913,0.37545,0.92144,0.08700,-0.03,0.09,-0.47
27.1879,174,-0.05694,0.22403,-0.39571,0.40256,0.79472,-0.21784,0.39864,0,0.41802,0.11816,0.12780,-0.04958,0.37539,0.92144,0.08698,0.41799,0.11825,0.12734,-0.04913,0.37545,0.92144,0.08700,-0.03,0.09,-0.47
27.2045,175,-0.05766,0.22697,-0.39473,0.40482,0.79682,-0.21523,0.39354,0,0.41802,0.11816,0.12780,-0.04957,0.37540,0.92144,0.08698,0.41799,0.11825,0.12734,-0.04913,0.37545,0.92144,0.08700,-0.03,0.09,-0.46
27.2214,176,-0.05874,0.22957,-0.39431,0.40473,0.79567,-0.22207,0.39215,0,0.41802,0.11816,0.12780,-0.04957,0.37539,0.92144,0.08698,0.41799,0.11825,0.12734,-0.04913,0.37545,0.92144,0.08700,-0.03,0.09,-0.46
27.2381,177,-0.05966,0.23221,-0.39412,0.40347,0.79423,-0.23040,0.39157,0,0.41802,0.11816,0.12780,-0.04957,0.37539,0.92145,0.08698,0.41799,0.11825,0.12734,-0.04913,0.37545,0.92144,0.08700,-0.03,0.09,-0.46
27.2551,178,-0.06015,0.23816,-0.39287,0.38332,0.79325,-0.24335,0.40573,0,0.41802,0.11816,0.12779,-0.04957,0.37539,0.92145,0.08699,0.41799,0.11825,0.12734,-0.04913,0.37545,0.92144,0.08700,-0.03,0.09,-0.46
27.2718,179,-0.05928,0.24135,-0.39227,0.37109,0.79319,-0.24506,0.41604,0,0.41802,0.11816,0.12779,-0.04957,0.37539,0.92144,0.08699,0.41799,0.11825,0.12734,-0.04913,0.37545,0.92144,0.08700,-0.03,0.08,-0.45
27.2886,180,-0.05833,0.24406,-0.39193,0.36447,0.79222,-0.25035,0.42055,0,0.41802,0.11816,0.12779,-0.04957,0.37539,0.92145,0.08699,0.41799,0.11825,0.12734,-0.04913,0.37545,0.92144,0.08700,-0.03,0.09,-0.45
27.3054,181,-0.05696,0.24626,-0.39182,0.36473,0.79148,-0.25638,0.41809,0,0.41802,0.11816,0.12779,-0.04957,0.37538,0.92145,0.08699,0.41799,0.11825,0.12734,-0.04913,0.37545,0.92144,0.08700,-0.03,0.09,-0.45
27.3221,182,-0.05539,0.24801,-0.39149,0.36561,0.79203,-0.25996,0.41406,0,0.41802,0.11816,0.12778,-0.04957,0.37539,0.92144,0.08699,0.41799,0.11825,0.12734,-0.04913,0.37545,0.92144,0.08700,-0.03,0.09,-0.45
27.3389,183,-0.05218,0.25149,-0.38939,0.34966,0.78718,-0.27515,0.42707,0,0.41802,0.11816,0.12778,-0.04957,0.37539,0.92144,0.08699,0.41799,0.11825,0.12734,-0.04913,0.37545,0.92144,0.08700,-0.03,0.09,-0.45
27.3556,184,-0.05182,0.25137,-0.39125,0.33428,0.79001,-0.28193,0.42972,0,0.41802,0.11816,0.12778,-0.04957,0.37538,0.92145,0.08699,0.41799,0.11825,0.12734,-0.04913,0.37545,0.92144,0.08700,-0.03,0.09,-0.44
27.3723,185,-0.05233,0.25123,-0.39459,0.32442,0.80357,-0.27743,0.41480,0,0.41802,0.11816,0.12778,-0.04957,0.37539,0.92145,0.08698,0.41799,0.11825,0.12734,-0.04913,0.37545,0.92144,0.08700,-0.03,0.08,-0.44
27.3889,186,-0.05376,0.25287,-0.39671,0.32365,0.82350,-0.25748,0.38834,0,0.41802,0.11816,0.12778,-0.04957,0.37538,0.92145,0.08698,0.41799,0.11825,0.12734,-0.04913,0.37545,0.92144,0.08700,-0.03,0.08,-0.44
27.4058,187,-0.05632,0.25466,-0.39977,0.31682,0.84786,-0.23825,0.35212,0,0.41802,0.11816,0.12778,-0.04957,0.37539,0.92145,0.08698,0.41799,0.11825,0.12734,-0.04913,0.37545,0.92144,0.08700,-0.03,0.09,-0.44
27.4225,188,-0.06261,0.25916,-0.38897,0.39413,0.84303,-0.16951,0.32441,0,0.41802,0.11816,0.12777,-0.04956,0.37538,0.92145,0.08698,0.41799,0.11825,0.12734,-0.04913,0.37545,0.92144,0.08700,-0.03,0.09,-0.44
27.4392,189,-0.06324,0.26264,-0.38953,0.42168,0.83717,-0.13922,0.31929,0,0.41803,0.11816,0.12778,-0.04956,0.37538,0.92145,0.08699,0.41799,0.11825,0.12734,-0.04913,0.37545,0.92144,0.08700,-0.03,0.09,-0.44
27.4561,190,-0.05997,0.25981,-0.38960,0.40309,0.83926,-0.15426,0.33070,0,0.41803,0.11817,0.12778,-0.04956,0.37539,0.92145,0.08699,0.41799,0.11825,0.12734,-0.04913,0.37545,0.92144,0.08700,-0.04,0.08,-0.44
27.4726,191,-0.06896,0.26267,-0.38881,0.39025,0.83499,-0.16362,0.35174,0,0.41802,0.11817,0.12777,-0.04956,0.37538,0.92145,0.08698,0.41799,0.11825,0.12734,-0.04913,0.37545,0.92144,0.08700,-0.03,0.08,-0.44
27.4894,192,-0.08097,0.26541,-0.36289,0.36700,0.82453,-0.19116,0.38591,0,0.41803,0.11816,0.12777,-0.04956,0.37538,0.92145,0.08698,0.41799,0.11825,0.12734,-0.04913,0.37545,0.92144,0.08700,-0.03,0.08,-0.43
27.5062,193,-0.07433,0.26800,-0.37683,0.35887,0.83276,-0.18047,0.38100,0,0.41803,0.11816,0.12777,-0.04956,0.37538,0.92145,0.08698,0.41799,0.11825,0.12734,-0.04913,0.37545,0.92144,0.08700,-0.03,0.08,-0.43
27.5231,194,-0.07572,0.26992,-0.37139,0.36226,0.83524,-0.17476,0.37498,0,0.41803,0.11816,0.12777,-0.04956,0.37538,0.92145,0.08698,0.41799,0.11825,0.12734,-0.04913,0.37545,0.92144,0.08700,-0.04,0.08,-0.43
27.5397,195,-0.07558,0.27211,-0.36872,0.36573,0.83636,-0.17032,0.37114,0,0.41803,0.11816,0.12777,-0.04956,0.37538,0.92145,0.08698,0.41799,0.11825,0.12734,-0.04913,0.37545,0.92144,0.08700,-0.04,0.08,-0.43
27.5565,196,-0.07491,0.27572,-0.36619,0.37034,0.83860,-0.16443,0.36409,0,0.41803,0.11816,0.12777,-0.04956,0.37539,0.92145,0.08698,0.41799,0.11825,0.12734,-0.04913,0.37545,0.92144,0.08700,-0.04,0.08,-0.43
27.5733,197,-0.07328,0.27824,-0.36310,0.37720,0.84022,-0.16024,0.35506,0,0.41803,0.11816,0.12776,-0.04956,0.37538,0.92145,0.08697,0.41799,0.11825,0.12734,-0.04913,0.37545,0.92144,0.08700,-0.04,0.08,-0.43
27.5901,198,-0.07076,0.28137,-0.35782,0.36898,0.83640,-0.18229,0.36202,0,0.41803,0.11816,0.12776,-0.04956,0.37538,0.92145,0.08697,0.41799,0.11825,0.12734,-0.04913,0.37545,0.92144,0.08700,-0.04,0.08,-0.43
27.6068,199,-0.06797,0.28448,-0.35598,0.37175,0.84010,-0.17648,0.35340,0,0.41803,0.11817,0.12776,-0.04956,0.37538,0.92145,0.08698,0.41799,0.11825,0.12734,-0.04913,0.37545,0.92144,0.08700,-0.04,0.08,-0.42
27.6235,200,-0.06737,0.28674,-0.35427,0.37070,0.84133,-0.17695,0.35132,0,0.41803,0.11817,0.12776,-0.04955,0.37538,0.92145,0.08698,0.41799,0.11825,0.12734,-0.04913,0.37545,0.92144,0.08700,-0.04,0.08,-0.42
27.6404,201,-0.06634,0.28950,-0.35184,0.36899,0.84238,-0.17891,0.34962,0,0.41803,0.11817,0.12776,-0.04955,0.37539,0.92145,0.08698,0.41799,0.11825,0.12734,-0.04913,0.37545,0.92144,0.08700,-0.04,0.08,-0.42
27.6569,202,-0.06544,0.29230,-0.34905,0.36769,0.84324,-0.18057,0.34806,0,0.41803,0.11816,0.12776,-0.04955,0.37538,0.92145,0.08698,0.41799,0.11825,0.12734,-0.04913,0.37545,0.92144,0.08700,-0.04,0.08,-0.42
27.6738,203,-0.06405,0.29527,-0.34513,0.36731,0.84406,-0.18137,0.34604,0,0.41803,0.11816,0.12776,-0.04954,0.37538,0.92145,0.08698,0.41799,0.11825,0.12734,-0.04913,0.37545,0.92144,0.08700,-0.04,0.09,-0.42
27.6906,204,-0.06420,0.29654,-0.34332,0.36676,0.84481,-0.18071,0.34516,0,0.41803,0.11816,0.12776,-0.04954,0.37538,0.92145,0.08698,0.41799,0.11825,0.12734,-0.04913,0.37545,0.92144,0.08700,-0.04,0.09,-0.42
27.7072,205,-0.06488,0.29833,-0.34095,0.36477,0.84611,-0.17965,0.34463,0,0.41803,0.11816,0.12775,-0.04955,0.37538,0.92145,0.08698,0.41799,0.11825,0.12734,-0.04913,0.37545,0.92144,0.08700,-0.04,0.08,-0.42
27.7241,206,-0.06584,0.30003,-0.33852,0.36231,0.84753,-0.17817,0.34449,0,0.41803,0.11816,0.12775,-0.04955,0.37538,0.92145,0.08698,0.41799,0.11825,0.12734,-0.04913,0.37545,0.92144,0.08700,-0.04,0.08,-0.42
27.7409,207,-0.06720,0.30114,-0.33623,0.36048,0.84881,-0.17608,0.34433,0,0.41803,0.11816,0.12775,-0.04954,0.37538,0.92145,0.08698,0.41799,0.11825,0.12734,-0.04913,0.37545,0.92144,0.08700,-0.04,0.09,-0.42
27.7575,208,-0.06961,0.30025,-0.33202,0.35731,0.85077,-0.17088,0.34544,0,0.41803,0.11816,0.12775,-0.04954,0.37538,0.92145,0.08699,0.41799,0.11825,0.12734,-0.04913,0.37545,0.92144,0.08700,-0.04,0.09,-0.42
27.7742,209,-0.07149,0.30062,-0.33012,0.35540,0.85179,-0.16792,0.34633,0,0.41803,0.11816,0.12775,-0.04955,0.37538,0.92145,0.08699,0.41799,0.11825,0.12734,-0.04913,0.37545,0.92144,0.08700,-0.03,0.09,-0.41
27.7911,210,-0.07355,0.30113,-0.32811,0.35299,0.85299,-0.16493,0.34728,0,0.41802,0.11816,0.12775,-0.04955,0.37538,0.92145,0.08699,0.41799,0.11825,0.12734,-0.04913,0.37545,0.92144,0.08700,-0.03,0.09,-0.41
27.8078,211,-0.07575,0.30201,-0.32562,0.34975,0.85448,-0.16226,0.34815,0,0.41803,0.11815,0.12775,-0.04955,0.37538,0.92145,0.08699,0.41799,0.11825,0.12734,-0.04913,0.37545,0.92144,0.08700,-0.04,0.09,-0.41
27.8246,212,-0.07792,0.30288,-0.32315,0.34648,0.85586,-0.15978,0.34917,0,0.41803,0.11816,0.12775,-0.04955,0.37538,0.92145,0.08699,0.41799,0.11825,0.12734,-0.04913,0.37545,0.92144,0.08700,-0.04,0.09,-0.41
27.8412,213,-0.08151,0.30356,-0.31972,0.34295,0.85732,-0.15649,0.35058,0,0.41803,0.11816,0.12775,-0.04955,0.37538,0.92145,0.08699,0.41799,0.11825,0.12734,-0.04913,0.37545,0.92144,0.08700,-0.04,0.09,-0.42
27.8581,214,-0.08284,0.30359,-0.31850,0.34231,0.85761,-0.15610,0.35065,0,0.41803,0.11816,0.12775,-0.04955,0.37538,0.92145,0.08698,0.41799,0.11825,0.12734,-0.04913,0.37545,0.92144,0.08700,-0.04,0.09,-0.41
27.8747,215,-0.08389,0.30385,-0.31729,0.34198,0.85781,-0.15683,0.35016,0,0.41803,0.11816,0.12775,-0.04955,0.37538,0.92145,0.08698,0.41799,0.11825,0.12734,-0.04913,0.37545,0.92144,0.08700,-0.04,0.09,-0.41
27.8915,216,-0.08511,0.30453,-0.31565,0.34126,0.85829,-0.15825,0.34904,0,0.41803,0.11816,0.12775,-0.04955,0.37538,0.92145,0.08698,0.41799,0.11825,0.12734,-0.04913,0.37545,0.92144,0.08700,-0.04,0.09,-0.41
27.9083,217,-0.08642,0.30497,-0.31449,0.34119,0.85846,-0.15995,0.34794,0,0.41803,0.11816,0.12775,-0.04954,0.37538,0.92145,0.08698,0.41799,0.11825,0.12734,-0.04913,0.37545,0.92144,0.08700,-0.04,0.09,-0.41
27.9250,218,-0.09049,0.30483,-0.31324,0.34292,0.85848,-0.16278,0.34486,0,0.41803,0.11816,0.12775,-0.04954,0.37538,0.92145,0.08698,0.41799,0.11825,0.12734,-0.04913,0.37545,0.92144,0.08700,-0.04,0.09,-0.41
27.9417,219,-0.09347,0.30473,-0.31241,0.34337,0.85880,-0.16386,0.34308,0,0.41803,0.11816,0.12775,-0.04955,0.37538,0.92145,0.08697,0.41799,0.11825,0.12734,-0.04913,0.37545,0.92144,0.08700,-0.04,0.09,-0.41
27.9584,220,-0.09765,0.30422,-0.31177,0.34376,0.85939,-0.16365,0.34132,0,0.41803,0.11816,0.12774,-0.04955,0.37538,0.92145,0.08697,0.41799,0.11825,0.12734,-0.04913,0.37545,0.92144,0.08700,-0.04,0.09,-0.40
27.9751,221,-0.10333,0.30292,-0.31141,0.34425,0.86019,-0.16153,0.33982,0,0.41803,0.11816,0.12774,-0.04955,0.37538,0.92145,0.08697,0.41799,0.11825,0.12734,-0.04913,0.37545,0.92144,0.08700,-0.04,0.08,-0.40
27.9919,222,-0.11013,0.30119,-0.31081,0.34429,0.86137,-0.15809,0.33840,0,0.41804,0.11816,0.12774,-0.04954,0.37538,0.92145,0.08697,0.41799,0.11825,0.12734,-0.04913,0.37545,0.92144,0.08700,-0.04,0.08,-0.40
28.0086,223,-0.12380,0.29668,-0.31023,0.34461,0.86309,-0.15037,0.33719,0,0.41804,0.11817,0.12774,-0.04954,0.37538,0.92145,0.08698,0.41799,0.11825,0.12734,-0.04913,0.37545,0.92144,0.08700,-0.04,0.08,-0.40
28.0253,224,-0.13094,0.29307,-0.31098,0.34605,0.86340,-0.14523,0.33718,0,0.41804,0.11817,0.12774,-0.04954,0.37538,0.92145,0.08698,0.41799,0.11825,0.12734,-0.04913,0.37545,0.92144,0.08700,-0.04,0.08,-0.40
28.0421,225,-0.13816,0.28912,-0.31172,0.34720,0.86378,-0.13980,0.33734,0,0.41804,0.11816,0.12773,-0.04955,0.37538,0.92145,0.08698,0.41799,0.11825,0.12734,-0.04913,0.37545,0.92144,0.08700,-0.04,0.08,-0.40
28.0589,226,-0.14532,0.28536,-0.31196,0.34758,0.86444,-0.13447,0.33743,0,0.41804,0.11816,0.12773,-0.04954,0.37538,0.92145,0.08698,0.41799,0.11825,0.12734,-0.04913,0.37545,0.92144,0.08700,-0.04,0.08,-0.39
28.0755,227,-0.15208,0.28197,-0.31174,0.34755,0.86528,-0.12973,0.33715,0,0.41804,0.11816,0.12773,-0.04955,0.37538,0.92145,0.08698,0.41799,0.11825,0.12734,-0.04913,0.37545,0.92144,0.08700,-0.04,0.09,-0.39
28.0924,228,-0.16183,0.27385,-0.31368,0.35147,0.86433,-0.12268,0.33817,0,0.41804,0.11816,0.12773,-0.04954,0.37538,0.92145,0.08698,0.41799,0.11825,0.12734,-0.04913,0.37545,0.92144,0.08700,-0.04,0.09,-0.39
28.1092,229,-0.16517,0.27078,-0.31402,0.35280,0.86396,-0.12109,0.33830,0,0.41804,0.11816,0.12773,-0.04954,0.37538,0.92145,0.08698,0.41799,0.11825,0.12734,-0.04913,0.37545,0.92144,0.08700,-0.05,0.09,-0.39
28.1260,230,-0.16738,0.26700,-0.31587,0.35680,0.86244,-0.11999,0.33836,0,0.41804,0.11816,0.12773,-0.04954,0.37538,0.92145,0.08698,0.41799,0.11825,0.12734,-0.04913,0.37545,0.92144,0.08700,-0.04,0.09,-0.39
28.1427,231,-0.16904,0.26384,-0.31726,0.36021,0.86127,-0.11979,0.33781,0,0.41804,0.11816,0.12773,-0.04954,0.37538,0.92145,0.08698,0.41799,0.11825,0.12734,-0.04913,0.37545,0.92144,0.08700,-0.04,0.08,-0.40
28.1593,232,-0.16985,0.26110,-0.31861,0.36352,0.86001,-0.12044,0.33724,0,0.41803,0.11816,0.12773,-0.04954,0.37538,0.92145,0.08698,0.41799,0.11825,0.12734,-0.04913,0.37545,0.92144,0.08700,-0.04,0.09,-0.39
28.1760,233,-0.16939,0.25637,-0.32095,0.36929,0.85728,-0.12333,0.33687,0,0.41803,0.11816,0.12773,-0.04954,0.37538,0.92145,0.08698,0.41799,0.11825,0.12734,-0.04913,0.37545,0.92144,0.08700,-0.04,0.09,-0.39
28.1928,234,-0.16873,0.25357,-0.32239,0.37271,0.85561,-0.12435,0.33698,0,0.41803,0.11816,0.12773,-0.04953,0.37538,0.92145,0.08698,0.41799,0.11825,0.12734,-0.04913,0.37545,0.92144,0.08700,-0.04,0.09,-0.39
28.2095,235,-0.16774,0.25076,-0.32390,0.37572,0.85388,-0.12527,0.33768,0,0.41803,0.11816,0.12773,-0.04953,0.37538,0.92145,0.08698,0.41799,0.11825,0.12734,-0.04913,0.37545,0.92144,0.08700,-0.04,0.09,-0.39
28.2264,236,-0.16666,0.24769,-0.32560,0.37835,0.85212,-0.12560,0.33906,0,0.41803,0.11816,0.12773,-0.04953,0.37538,0.92145,0.08698,0.41799,0.11825,0.12734,-0.04913,0.37545,0.92144,0.08700,-0.04,0.09,-0.39
28.2433,237,-0.16553,0.24460,-0.32730,0.38029,0.85051,-0.12541,0.34102,0,0.41803,0.11816,0.12773,-0.04953,0.37538,0.92145,0.08698,0.41799,0.11825,0.12734,-0.04913,0.37545,0.92144,0.08700,-0.04,0.09,-0.39
28.2601,238,-0.16310,0.23833,-0.33048,0.38271,0.84746,-0.12359,0.34652,0,0.41803,0.11816,0.12773,-0.04953,0.37538,0.92145,0.08698,0.41799,0.11825,0.12734,-0.04913,0.37545,0.92144,0.08700,-0.04,0.09,-0.39
28.2769,239,-0.16174,0.23514,-0.33199,0.38374,0.84594,-0.12220,0.34958,0,0.41803,0.11816,0.12772,-0.04953,0.37538,0.92145,0.08699,0.41799,0.11825,0.12734,-0.04913,0.37545,0.92144,0.08700,-0.04,0.09,-0.39
28.2936,240,-0.16031,0.23208,-0.33340,0.38440,0.84451,-0.12059,0.35284,0,0.41803,0.11816,0.12773,-0.04953,0.37538,0.92145,0.08699,0.41799,0.11825,0.12734,-0.04913,0.37545,0.92144,0.08700,-0.04,0.09,-0.39
28.3103,241,-0.15795,0.23003,-0.33483,0.38474,0.84299,-0.12047,0.35612,0,0.41803,0.11816,0.12773,-0.04953,0.37538,0.92145,0.08698,0.41799,0.11825,0.12734,-0.04913,0.37545,0.92144,0.08700,-0.04,0.09,-0.39
28.3272,242,-0.15197,0.22778,-0.33710,0.38534,0.84017,-0.12245,0.36143,0,0.41803,0.11816,0.12773,-0.04953,0.37538,0.92145,0.08698,0.41799,0.11825,0.12734,-0.04913,0.37545,0.92144,0.08700,-0.04,0.09,-0.39
28.3440,243,-0.14831,0.22786,-0.33793,0.38543,0.83887,-0.12493,0.36350,0,0.41803,0.11816,0.12772,-0.04953,0.37538,0.92145,0.08698,0.41799,0.11825,0.12734,-0.04913,0.37545,0.92144,0.08700,-0.04,0.09,-0.38
28.3607,244,-0.14485,0.22897,-0.33796,0.38476,0.83826,-0.12805,0.36453,0,0.41803,0.11816,0.12772,-0.04953,0.37538,0.92145,0.08698,0.41799,0.11825,0.12734,-0.04913,0.37545,0.92144,0.08700,-0.04,0.09,-0.38
28.3775,245,-0.14156,0.23040,-0.33791,0.38396,0.83777,-0.13120,0.36538,0,0.41803,0.11816,0.12772,-0.04953,0.37538,0.92145,0.08698,0.41799,0.11825,0.12734,-0.04913,0.37545,0.92144,0.08700,-0.04,0.09,-0.39
28.3943,246,-0.13887,0.23167,-0.33776,0.38353,0.83741,-0.13377,0.36574,0,0.41803,0.11816,0.12772,-0.04953,0.37538,0.92145,0.08698,0.41799,0.11825,0.12734,-0.04913,0.37545,0.92144,0.08700,-0.04,0.08,-0.39
28.4111,247,-0.13404,0.23456,-0.33722,0.38126,0.83675,-0.13831,0.36791,0,0.41803,0.11817,0.12772,-0.04952,0.37539,0.92145,0.08698,0.41799,0.11825,0.12734,-0.04913,0.37545,0.92144,0.08700,-0.04,0.08,-0.39
28.4278,248,-0.13253,0.23652,-0.33637,0.37878,0.83704,-0.13993,0.36920,0,0.41803,0.11816,0.12772,-0.04953,0.37538,0.92145,0.08698,0.41799,0.11825,0.12734,-0.04913,0.37545,0.92144,0.08700,-0.04,0.08,-0.38
28.4445,249,-0.13194,0.23844,-0.33530,0.37580,0.83771,-0.14056,0.37049,0,0.41803,0.11816,0.12772,-0.04953,0.37538,0.92145,0.08698,0.41799,0.11825,0.12734,-0.04913,0.37545,0.92144,0.08700,-0.04,0.09,-0.38
28.4612,250,-0.13255,0.23964,-0.33234,0.37445,0.83798,-0.14473,0.36964,0,0.41803,0.11816,0.12772,-0.04952,0.37538,0.92145,0.08698,0.41799,0.11825,0.12734,-0.04913,0.37545,0.92144,0.08700,-0.04,0.09,-0.38
28.4781,251,-0.13537,0.24083,-0.33146,0.37615,0.83710,-0.15845,0.36424,0,0.41803,0.11816,0.12772,-0.04952,0.37538,0.92145,0.08698,0.41799,0.11825,0.12734,-0.04913,0.37545,0.92144,0.08700,-0.04,0.09,-0.38
28.4948,252,-0.13839,0.24379,-0.32934,0.36973,0.83931,-0.16096,0.36463,0,0.41803,0.11816,0.12772,-0.04952,0.37538,0.92145,0.08698,0.41799,0.11825,0.12734,-0.04913,0.37545,0.92144,0.08700,-0.04,0.08,-0.38
28.5116,253,-0.13962,0.24548,-0.32815,0.36519,0.84094,-0.15693,0.36719,0,0.41803,0.11817,0.12772,-0.04952,0.37538,0.92145,0.08698,0.41799,0.11825,0.12734,-0.04913,0.37545,0.92144,0.08700,-0.04,0.08,-0.38
28.5284,254,-0.14182,0.24753,-0.32653,0.36052,0.84299,-0.15313,0.36871,0,0.41803,0.11817,0.12772,-0.04953,0.37538,0.92145,0.08698,0.41799,0.11825,0.12734,-0.04913,0.37545,0.92144,0.08700,-0.04,0.08,-0.38
28.5452,255,-0.14407,0.24986,-0.32471,0.35678,0.84466,-0.15269,0.36869,0,0.41803,0.11817,0.12771,-0.04953,0.37538,0.92145,0.08698,0.41799,0.11825,0.12734,-0.04913,0.37545,0.92144,0.08700,-0.04,0.08,-0.38
28.5619,256,-0.14589,0.25208,-0.32338,0.35398,0.84582,-0.15289,0.36866,0,0.41803,0.11817,0.12771,-0.04953,0.37538,0.92145,0.08698,0.41799,0.11825,0.12734,-0.04913,0.37545,0.92144,0.08700,-0.04,0.08,-0.37
28.5787,257,-0.14853,0.25672,-0.32107,0.35048,0.84738,-0.15547,0.36734,0,0.41803,0.11817,0.12771,-0.04952,0.37538,0.92145,0.08698,0.41799,0.11825,0.12734,-0.04913,0.37545,0.92144,0.08700,-0.04,0.08,-0.37
28.5955,258,-0.14949,0.25964,-0.31956,0.34888,0.84829,-0.15795,0.36571,0,0.41803,0.11816,0.12771,-0.04952,0.37538,0.92145,0.08698,0.41799,0.11825,0.12734,-0.04913,0.37545,0.92144,0.08700,-0.04,0.08,-0.37
28.6121,259,-0.15044,0.26245,-0.31810,0.34773,0.84914,-0.16052,0.36370,0,0.41803,0.11816,0.12771,-0.04952,0.37538,0.92145,0.08698,0.41799,0.11825,0.12734,-0.04913,0.37545,0.92144,0.08700,-0.04,0.08,-0.37
28.6288,260,-0.15141,0.26488,-0.31689,0.34688,0.84980,-0.16284,0.36194,0,0.41803,0.11816,0.12771,-0.04952,0.37538,0.92145,0.08698,0.41799,0.11825,0.12734,-0.04913,0.37545,0.92144,0.08700,-0.04,0.09,-0.37
28.6458,261,-0.15257,0.26659,-0.31569,0.34618,0.85033,-0.16473,0.36052,0,0.41803,0.11816,0.12771,-0.04952,0.37538,0.92145,0.08698,0.41799,0.11825,0.12734,-0.04913,0.37545,0.92144,0.08700,-0.04,0.09,-0.37
28.6626,262,-0.15598,0.26889,-0.31380,0.34459,0.85157,-0.16617,0.35843,0,0.41804,0.11817,0.12771,-0.04952,0.37538,0.92145,0.08698,0.41799,0.11825,0.12734,-0.04913,0.37545,0.92144,0.08700,-0.04,0.08,-0.37
28.6791,263,-0.15832,0.26924,-0.31304,0.34368,0.85228,-0.16565,0.35787,0,0.41804,0.11817,0.12771,-0.04952,0.37538,0.92145,0.08698,0.41799,0.11825,0.12734,-0.04913,0.37545,0.92144,0.08700,-0.04,0.08,-0.37
28.6959,264,-0.16073,0.26902,-0.31268,0.34294,0.85277,-0.16462,0.35786,0,0.41803,0.11817,0.12771,-0.04952,0.37539,0.92145,0.08698,0.41799,0.11825,0.12734,-0.04913,0.37545,0.92144,0.08700,-0.04,0.08,-0.37
28.7126,265,-0.16334,0.26819,-0.31260,0.34241,0.85318,-0.16292,0.35819,0,0.41803,0.11817,0.12770,-0.04952,0.37539,0.92145,0.08697,0.41799,0.11825,0.12734,-0.04913,0.37545,0.92144,0.08700,-0.04,0.08,-0.37
28.7294,266,-0.16602,0.26695,-0.31269,0.34193,0.85352,-0.16082,0.35877,0,0.41803,0.11817,0.12770,-0.04952,0.37538,0.92145,0.08698,0.41799,0.11825,0.12734,-0.04913,0.37545,0.92144,0.08700,-0.04,0.08,-0.36
28.7461,267,-0.17146,0.26325,-0.31343,0.34196,0.85391,-0.15571,0.36007,0,0.41803,0.11817,0.12770,-0.04952,0.37538,0.92145,0.08698,0.41799,0.11825,0.12734,-0.04913,0.37545,0.92144,0.08700,-0.04,0.08,-0.36
28.7628,268,-0.17396,0.26087,-0.31423,0.34258,0.85379,-0.15305,0.36090,0,0.41803,0.11817,0.12770,-0.04952,0.37538,0.92145,0.08698,0.41799,0.11825,0.12734,-0.04913,0.37545,0.92144,0.08700,-0.04,0.08,-0.36
28.7795,269,-0.17614,0.25835,-0.31517,0.34341,0.85351,-0.15062,0.36181,0,0.41803,0.11817,0.12770,-0.04952,0.37538,0.92145,0.08698,0.41799,0.11825,0.12734,-0.04913,0.37545,0.92144,0.08700,-0.04,0.08,-0.36
28.7962,270,-0.17779,0.25584,-0.31637,0.34441,0.85299,-0.14865,0.36289,0,0.41804,0.11817,0.12770,-0.04952,0.37538,0.92145,0.08698,0.41799,0.11825,0.12734,-0.04913,0.37545,0.92144,0.08700,-0.04,0.08,-0.36
28.8131,271,-0.17915,0.25320,-0.31773,0.34598,0.85229,-0.14691,0.36375,0,0.41803,0.11816,0.12770,-0.04952,0.37538,0.92145,0.08698,0.41799,0.11825,0.12734,-0.04913,0.37545,0.92144,0.08700,-0.04,0.08,-0.36
28.8297,272,-0.18108,0.24772,-0.32098,0.34997,0.85045,-0.14414,0.36535,0,0.41803,0.11816,0.12770,-0.04952,0.37538,0.92145,0.08698,0.41799,0.11825,0.12734,-0.04913,0.37545,0.92144,0.08700,-0.04,0.08,-0.36
