t,frame,hx,hy,hz,hqw,hqx,hqy,hqz,b,rx,ry,rz,rqw,rqx,rqy,rqz,ax,ay,az,aqw,aqx,aqy,aqz,lag_x,lag_y,lag_z
0.0711,0,0.04438,0.00378,-0.27682,0.55556,0.80837,0.12520,-0.14904,0,0.48892,-0.06215,0.22767,-0.00599,0.49006,0.87167,-0.00129,0.48892,-0.06215,0.22768,-0.00599,0.49006,0.87167,-0.00129,0.00,-0.00,0.00
0.0877,1,0.04447,0.00419,-0.27665,0.55429,0.80938,0.12611,-0.14753,0,0.48892,-0.06215,0.22768,-0.00599,0.49006,0.87167,-0.00129,0.48892,-0.06215,0.22768,-0.00599,0.49006,0.87167,-0.00129,0.00,-0.00,0.00
0.1044,2,0.04489,0.00449,-0.27677,0.55284,0.81086,0.12670,-0.14432,0,0.48892,-0.06215,0.22768,-0.00599,0.49006,0.87167,-0.00129,0.48892,-0.06215,0.22768,-0.00599,0.49006,0.87167,-0.00129,0.00,-0.00,-0.00
0.1212,3,0.04513,0.00476,-0.27699,0.55264,0.81144,0.12597,-0.14239,0,0.48892,-0.06215,0.22768,-0.00599,0.49006,0.87167,-0.00129,0.48892,-0.06215,0.22768,-0.00599,0.49006,0.87167,-0.00129,0.00,-0.00,0.00
0.1379,4,0.04538,0.00505,-0.27726,0.55284,0.81179,0.12473,-0.14077,0,0.48892,-0.06215,0.22768,-0.00599,0.49006,0.87167,-0.00129,0.48892,-0.06215,0.22768,-0.00599,0.49006,0.87167,-0.00129,0.00,-0.00,0.00
0.1546,5,0.04558,0.00522,-0.27765,0.55321,0.81190,0.12319,-0.13997,0,0.48893,-0.06215,0.22768,-0.00599,0.49006,0.87167,-0.00128,0.48892,-0.06215,0.22768,-0.00599,0.49006,0.87167,-0.00129,-0.00,-0.00,-0.00
0.1715,6,0.04568,0.00525,-0.27811,0.55409,0.81155,0.12145,-0.14009,0,0.48893,-0.06215,0.22768,-0.00599,0.49006,0.87167,-0.00128,0.48892,-0.06215,0.22768,-0.00599,0.49006,0.87167,-0.00129,-0.00,-0.00,-0.00
0.1881,7,0.04589,0.00555,-0.27890,0.55577,0.81063,0.11812,-0.14157,0,0.48893,-0.06215,0.22768,-0.00599,0.49006,0.87167,-0.00129,0.48892,-0.06215,0.22768,-0.00599,0.49006,0.87167,-0.00129,-0.00,-0.00,-0.00
0.2050,8,0.04589,0.00555,-0.27890,0.55577,0.81063,0.11812,-0.14157,0,0.48893,-0.06215,0.22768,-0.00599,0.49006,0.87167,-0.00128,0.48892,-0.06215,0.22768,-0.00599,0.49006,0.87167,-0.00129,-0.00,-0.00,-0.00
0.2215,9,0.04602,0.00623,-0.27938,0.55730,0.80951,0.11599,-0.14372,0,0.48893,-0.06215,0.22768,-0.00599,0.49005,0.87167,-0.00128,0.48892,-0.06215,0.22768,-0.00599,0.49006,0.87167,-0.00129,-0.00,-0.00,-0.01
0.2382,10,0.04608,0.00665,-0.27948,0.55731,0.80947,0.11549,-0.14433,0,0.48893,-0.06215,0.22768,-0.00599,0.49005,0.87167,-0.00128,0.48892,-0.06215,0.22768,-0.00599,0.49006,0.87167,-0.00129,-0.00,0.00,-0.01
0.2550,11,0.04605,0.00701,-0.27954,0.55716,0.80961,0.11520,-0.14435,0,0.48893,-0.06216,0.22769,-0.00599,0.49006,0.87167,-0.00128,0.48892,-0.06215,0.22768,-0.00599,0.49006,0.87167,-0.00129,-0.01,0.00,-0.01
0.2717,12,0.04597,0.00718,-0.27953,0.55733,0.80953,0.11488,-0.14442,0,0.48893,-0.06216,0.22770,-0.00599,0.49005,0.87167,-0.00128,0.48892,-0.06215,0.22768,-0.00599,0.49006,0.87167,-0.00129,-0.01,0.00,-0.02
0.2886,13,0.04550,0.00824,-0.27981,0.55633,0.80995,0.11737,-0.14388,0,0.48893,-0.06216,0.22770,-0.00599,0.49005,0.87167,-0.00128,0.48892,-0.06215,0.22768,-0.00599,0.49006,0.87167,-0.00129,-0.01,0.01,-0.02
0.3054,14,0.04529,0.00881,-0.27991,0.55644,0.81000,0.11818,-0.14253,0,0.48893,-0.06216,0.22770,-0.00600,0.49005,0.87167,-0.00128,0.48892,-0.06215,0.22768,-0.00599,0.49006,0.87167,-0.00129,-0.01,0.01,-0.03
0.3222,15,0.04514,0.00962,-0.27997,0.55611,0.81057,0.11825,-0.14051,0,0.48893,-0.06216,0.22771,-0.00601,0.49005,0.87167,-0.00128,0.48892,-0.06215,0.22768,-0.00599,0.49006,0.87167,-0.00129,-0.01,0.00,-0.03
0.3389,16,0.04508,0.01030,-0.28014,0.55583,0.81101,0.11825,-0.13906,0,0.48893,-0.06216,0.22771,-0.00601,0.49005,0.87167,-0.00127,0.48892,-0.06215,0.22768,-0.00599,0.49006,0.87167,-0.00129,-0.01,0.01,-0.04
0.3556,17,0.04482,0.01132,-0.28065,0.55595,0.81133,0.11724,-0.13753,0,0.48893,-0.06216,0.22772,-0.00602,0.49005,0.87167,-0.00127,0.48892,-0.06215,0.22768,-0.00599,0.49006,0.87167,-0.00129,-0.01,0.01,-0.05
0.3724,18,0.04478,0.01193,-0.28088,0.55586,0.81152,0.11667,-0.13726,0,0.48894,-0.06216,0.22773,-0.00602,0.49004,0.87168,-0.00127,0.48892,-0.06215,0.22768,-0.00599,0.49006,0.87167,-0.00129,-0.01,0.01,-0.05
0.3892,19,0.04470,0.01262,-0.28103,0.55580,0.81159,0.11667,-0.13714,0,0.48894,-0.06217,0.22774,-0.00603,0.49004,0.87168,-0.00126,0.48892,-0.06215,0.22768,-0.00599,0.49006,0.87167,-0.00129,-0.01,0.01,-0.06
0.4059,20,0.04468,0.01330,-0.28117,0.55557,0.81168,0.11727,-0.13695,0,0.48894,-0.06217,0.22775,-0.00603,0.49004,0.87168,-0.00126,0.48894,-0.06217,0.22775,-0.00603,0.49004,0.87168,-0.00126,0.00,0.00,0.00
0.4226,21,0.04417,0.01442,-0.28131,0.55601,0.81125,0.11962,-0.13573,0,0.48894,-0.06218,0.22776,-0.00604,0.49004,0.87168,-0.00125,0.48894,-0.06217,0.22775,-0.00603,0.49004,0.87168,-0.00126,-0.00,0.01,-0.01
0.4394,22,0.04397,0.01521,-0.28145,0.55592,0.81119,0.12168,-0.13462,0,0.48894,-0.06218,0.22777,-0.00605,0.49004,0.87168,-0.00124,0.48894,-0.06217,0.22775,-0.00603,0.49004,0.87168,-0.00126,-0.00,0.01,-0.03
0.4561,23,0.04364,0.01604,-0.28157,0.55571,0.81153,0.12285,-0.13235,0,0.48894,-0.06218,0.22779,-0.00606,0.49004,0.87168,-0.00124,0.48894,-0.06217,0.22775,-0.00603,0.49004,0.87168,-0.00126,-0.00,0.01,-0.04
0.4727,24,0.04323,0.01699,-0.28163,0.55582,0.81176,0.12380,-0.12953,0,0.48895,-0.06219,0.22781,-0.00607,0.49003,0.87168,-0.00123,0.48894,-0.06217,0.22775,-0.00603,0.49004,0.87168,-0.00126,-0.01,0.02,-0.06
0.4895,25,0.04282,0.01789,-0.28176,0.55549,0.81223,0.12476,-0.12708,0,0.48895,-0.06220,0.22783,-0.00608,0.49003,0.87168,-0.00123,0.48894,-0.06217,0.22775,-0.00603,0.49004,0.87168,-0.00126,-0.01,0.02,-0.08
0.5062,26,0.04239,0.01865,-0.28195,0.55516,0.81273,0.12540,-0.12471,0,0.48895,-0.06220,0.22784,-0.00609,0.49002,0.87169,-0.00122,0.48894,-0.06217,0.22775,-0.00603,0.49004,0.87168,-0.00126,-0.01,0.03,-0.09
0.5229,27,0.04173,0.02008,-0.28241,0.55422,0.81354,0.12760,-0.12127,0,0.48894,-0.06220,0.22785,-0.00610,0.49001,0.87169,-0.00122,0.48894,-0.06217,0.22775,-0.00603,0.49004,0.87168,-0.00126,-0.01,0.03,-0.10
0.5398,28,0.04160,0.02069,-0.28267,0.55398,0.81371,0.12935,-0.11934,0,0.48894,-0.06220,0.22787,-0.00611,0.49001,0.87169,-0.00121,0.48894,-0.06217,0.22775,-0.00603,0.49004,0.87168,-0.00126,-0.01,0.03,-0.12
0.5564,29,0.04152,0.02136,-0.28289,0.55370,0.81400,0.13095,-0.11694,0,0.48894,-0.06221,0.22788,-0.00612,0.49001,0.87169,-0.00120,0.48894,-0.06217,0.22775,-0.00603,0.49004,0.87168,-0.00126,-0.00,0.04,-0.13
0.5732,30,0.04143,0.02198,-0.28304,0.55384,0.81402,0.13211,-0.11481,0,0.48894,-0.06221,0.22790,-0.00613,0.49002,0.87169,-0.00120,0.48894,-0.06217,0.22775,-0.00603,0.49004,0.87168,-0.00126,0.00,0.04,-0.15
0.5900,31,0.04138,0.02254,-0.28323,0.55371,0.81397,0.13382,-0.11380,0,0.48893,-0.06221,0.22791,-0.00613,0.49001,0.87169,-0.00120,0.48894,-0.06217,0.22775,-0.00603,0.49004,0.87168,-0.00126,0.00,0.04,-0.16
0.6067,32,0.04124,0.02332,-0.28369,0.55338,0.81412,0.13529,-0.11258,0,0.48893,-0.06221,0.22793,-0.00614,0.49001,0.87169,-0.00120,0.48894,-0.06217,0.22775,-0.00603,0.49004,0.87168,-0.00126,0.01,0.04,-0.18
0.6235,33,0.04126,0.02354,-0.28392,0.55336,0.81402,0.13619,-0.11234,0,0.48893,-0.06222,0.22794,-0.00614,0.49001,0.87170,-0.00119,0.48894,-0.06217,0.22775,-0.00603,0.49004,0.87168,-0.00126,0.01,0.04,-0.19
0.6401,34,0.04130,0.02363,-0.28403,0.55378,0.81351,0.13739,-0.11248,0,0.48892,-0.06222,0.22795,-0.00615,0.49000,0.87170,-0.00119,0.48894,-0.06217,0.22775,-0.00603,0.49004,0.87168,-0.00126,0.01,0.05,-0.21
0.6570,35,0.04145,0.02371,-0.28412,0.55378,0.81305,0.13960,-0.11311,0,0.48892,-0.06222,0.22797,-0.00616,0.49001,0.87170,-0.00119,0.48894,-0.06217,0.22775,-0.00603,0.49004,0.87168,-0.00126,0.02,0.05,-0.22
0.6737,36,0.04158,0.02309,-0.28466,0.55160,0.81175,0.15029,-0.11921,0,0.48892,-0.06222,0.22798,-0.00616,0.49000,0.87170,-0.00118,0.48894,-0.06217,0.22775,-0.00603,0.49004,0.87168,-0.00126,0.02,0.05,-0.23
0.6907,37,0.04182,0.02302,-0.28395,0.55374,0.80714,0.16205,-0.12507,1,0.48891,-0.06223,0.22799,-0.00617,0.49000,0.87170,-0.00118,0.48891,-0.06223,0.22799,-0.00617,0.49000,0.87170,-0.00118,0.00,0.00,0.00
0.7075,38,0.04176,0.02270,-0.28361,0.55652,0.80249,0.17242,-0.12872,1,0.48891,-0.06223,0.22800,-0.00618,0.48999,0.87170,-0.00117,0.48890,-0.06222,0.22797,-0.00617,0.48987,0.87177,-0.00132,-0.01,0.01,-0.03
0.7241,39,0.04146,0.02193,-0.28342,0.55893,0.79909,0.18039,-0.12851,1,0.48890,-0.06224,0.22804,-0.00621,0.48998,0.87171,-0.00115,0.48887,-0.06221,0.22792,-0.00616,0.48963,0.87191,-0.00163,-0.03,0.03,-0.11
0.7409,40,0.04149,0.02148,-0.28322,0.55986,0.79723,0.18600,-0.12801,1,0.48889,-0.06225,0.22808,-0.00624,0.48996,0.87172,-0.00115,0.48884,-0.06219,0.22786,-0.00612,0.48928,0.87210,-0.00211,-0.05,0.05,-0.22
0.7576,41,0.04092,0.02043,-0.28352,0.56094,0.79606,0.18968,-0.12516,1,0.48887,-0.06226,0.22812,-0.00627,0.48988,0.87176,-0.00122,0.48883,-0.06215,0.22775,-0.00604,0.48885,0.87234,-0.00277,-0.04,0.11,-0.37
0.7745,42,0.04092,0.02043,-0.28352,0.56094,0.79606,0.18968,-0.12516,1,0.48884,-0.06226,0.22816,-0.00630,0.48973,0.87185,-0.00135,0.48882,-0.06212,0.22766,-0.00593,0.48833,0.87263,-0.00360,-0.02,0.14,-0.50
0.7916,43,0.04092,0.02043,-0.28352,0.56094,0.79606,0.18968,-0.12516,1,0.48880,-0.06228,0.22818,-0.00631,0.48947,0.87199,-0.00165,0.48882,-0.06209,0.22759,-0.00577,0.48772,0.87297,-0.00462,0.01,0.18,-0.59
0.8084,44,0.03902,0.01889,-0.28446,0.56247,0.79600,0.19213,-0.11450,1,0.48875,-0.06228,0.22818,-0.00629,0.48914,0.87218,-0.00206,0.48886,-0.06198,0.22745,-0.00555,0.48711,0.87330,-0.00584,0.11,0.31,-0.73
0.8249,45,0.03841,0.01826,-0.28483,0.56211,0.79642,0.19382,-0.11035,1,0.48870,-0.06227,0.22816,-0.00625,0.48877,0.87239,-0.00255,0.48891,-0.06185,0.22730,-0.00524,0.48651,0.87363,-0.00724,0.21,0.42,-0.86
0.8419,46,0.03735,0.01707,-0.28571,0.56105,0.79750,0.19624,-0.10352,1,0.48867,-0.06226,0.22814,-0.00615,0.48832,0.87263,-0.00326,0.48900,-0.06169,0.22712,-0.00483,0.48597,0.87392,-0.00881,0.33,0.57,-1.02
0.8582,47,0.03686,0.01672,-0.28635,0.56098,0.79771,0.19660,-0.10158,1,0.48865,-0.06222,0.22810,-0.00597,0.48783,0.87291,-0.00417,0.48910,-0.06153,0.22695,-0.00430,0.48548,0.87417,-0.01054,0.45,0.69,-1.15
0.8749,48,0.03639,0.01643,-0.28711,0.56105,0.79785,0.19660,-0.10002,1,0.48865,-0.06216,0.22805,-0.00575,0.48735,0.87317,-0.00522,0.48923,-0.06137,0.22679,-0.00365,0.48507,0.87438,-0.01242,0.58,0.78,-1.26
0.8919,49,0.03598,0.01622,-0.28804,0.56113,0.79815,0.19635,-0.09767,1,0.48866,-0.06205,0.22796,-0.00545,0.48684,0.87345,-0.00649,0.48938,-0.06122,0.22665,-0.00289,0.48475,0.87453,-0.01444,0.72,0.83,-1.31
0.9091,50,0.03567,0.01619,-0.28908,0.56177,0.79796,0.19674,-0.09467,1,0.48870,-0.06192,0.22785,-0.00505,0.48629,0.87374,-0.00796,0.48956,-0.06108,0.22653,-0.00203,0.48453,0.87461,-0.01659,0.86,0.83,-1.32
0.9252,51,0.03562,0.01613,-0.29152,0.56375,0.79712,0.19677,-0.08979,1,0.48876,-0.06179,0.22774,-0.00458,0.48585,0.87398,-0.00951,0.48983,-0.06096,0.22643,-0.00107,0.48444,0.87462,-0.01885,1.07,0.83,-1.30
0.9422,52,0.03567,0.01655,-0.29304,0.56352,0.79768,0.19610,-0.08771,1,0.48887,-0.06162,0.22760,-0.00392,0.48541,0.87420,-0.01138,0.49013,-0.06087,0.22637,-0.00002,0.48449,0.87454,-0.02120,1.26,0.76,-1.24
0.9588,53,0.03608,0.01688,-0.29486,0.56373,0.79824,0.19412,-0.08561,1,0.48900,-0.06151,0.22749,-0.00324,0.48510,0.87435,-0.01322,0.49047,-0.06081,0.22633,0.00110,0.48470,0.87436,-0.02362,1.47,0.70,-1.16
0.9759,54,0.03670,0.01770,-0.29697,0.56370,0.79918,0.19113,-0.08384,1,0.48920,-0.06135,0.22739,-0.00242,0.48483,0.87447,-0.01525,0.49087,-0.06079,0.22634,0.00228,0.48507,0.87408,-0.02608,1.67,0.57,-1.05
0.9922,55,0.03763,0.01864,-0.29928,0.56403,0.80001,0.18725,-0.08240,1,0.48942,-0.06123,0.22731,-0.00151,0.48470,0.87451,-0.01744,0.49131,-0.06082,0.22640,0.00350,0.48561,0.87370,-0.02854,1.88,0.41,-0.91
1.0088,56,0.04052,0.02078,-0.30446,0.56608,0.80110,0.17718,-0.08002,1,0.48968,-0.06114,0.22724,-0.00057,0.48469,0.87447,-0.01960,0.49185,-0.06093,0.22651,0.00470,0.48633,0.87321,-0.03094,2.17,0.22,-0.73
1.0256,57,0.04259,0.02197,-0.30717,0.56650,0.80252,0.17021,-0.07786,1,0.48999,-0.06109,0.22721,0.00051,0.48484,0.87432,-0.02197,0.49248,-0.06113,0.22667,0.00586,0.48721,0.87263,-0.03325,2.48,-0.04,-0.53
1.0426,58,0.04532,0.02325,-0.31001,0.56718,0.80404,0.16185,-0.07505,1,0.49036,-0.06109,0.22720,0.00164,0.48519,0.87407,-0.02436,0.49316,-0.06145,0.22689,0.00697,0.48822,0.87197,-0.03544,2.80,-0.36,-0.31
1.0591,59,0.04858,0.02488,-0.31310,0.56760,0.80570,0.15354,-0.07139,1,0.49076,-0.06112,0.22723,0.00273,0.48564,0.87375,-0.02660,0.49390,-0.06189,0.22715,0.00801,0.48937,0.87123,-0.03750,3.15,-0.76,-0.07
1.0765,60,0.05207,0.02648,-0.31611,0.56804,0.80763,0.14351,-0.06691,1,0.49127,-0.06121,0.22731,0.00397,0.48632,0.87329,-0.02908,0.49468,-0.06245,0.22746,0.00899,0.49064,0.87043,-0.03942,3.40,-1.24,0.16
1.0926,61,0.05993,0.02987,-0.32244,0.56932,0.81036,0.12378,-0.06224,1,0.49181,-0.06135,0.22744,0.00507,0.48705,0.87280,-0.03123,0.49552,-0.06312,0.22782,0.00988,0.49200,0.86956,-0.04118,3.71,-1.78,0.38
1.1095,62,0.06408,0.03177,-0.32559,0.57026,0.81122,0.11381,-0.06139,1,0.49243,-0.06159,0.22762,0.00620,0.48796,0.87220,-0.03345,0.49642,-0.06392,0.22822,0.01069,0.49347,0.86865,-0.04280,3.99,-2.33,0.60
1.1264,63,0.06842,0.03370,-0.32843,0.57187,0.81148,0.10346,-0.06134,1,0.49310,-0.06193,0.22785,0.00728,0.48902,0.87152,-0.03555,0.49736,-0.06484,0.22867,0.01141,0.49502,0.86768,-0.04425,4.25,-2.91,0.81
1.1428,64,0.07296,0.03558,-0.33124,0.57350,0.81146,0.09413,-0.06145,1,0.49380,-0.06236,0.22813,0.00825,0.49010,0.87082,-0.03744,0.49831,-0.06589,0.22916,0.01202,0.49664,0.86668,-0.04554,4.51,-3.53,1.03
1.1598,65,0.08212,0.03898,-0.33640,0.57445,0.81300,0.07603,-0.05714,1,0.49459,-0.06293,0.22846,0.00919,0.49135,0.87002,-0.03930,0.49929,-0.06707,0.22969,0.01254,0.49834,0.86563,-0.04667,4.70,-4.13,1.23
1.1766,66,0.08675,0.04057,-0.33890,0.57402,0.81419,0.06830,-0.05425,1,0.49545,-0.06363,0.22883,0.01002,0.49270,0.86918,-0.04099,0.50030,-0.06838,0.23025,0.01296,0.50012,0.86455,-0.04764,4.85,-4.74,1.43
1.1934,67,0.09136,0.04222,-0.34122,0.57335,0.81537,0.06118,-0.05187,1,0.49634,-0.06454,0.22924,0.01075,0.49418,0.86826,-0.04252,0.50126,-0.06982,0.23084,0.01327,0.50196,0.86343,-0.04844,4.93,-5.28,1.60
1.2097,68,0.09599,0.04354,-0.34346,0.57316,0.81600,0.05495,-0.05113,1,0.49723,-0.06555,0.22966,0.01135,0.49564,0.86735,-0.04379,0.50218,-0.07127,0.23139,0.01349,0.50387,0.86228,-0.04907,4.96,-5.71,1.72
1.2265,69,0.10047,0.04506,-0.34553,0.57341,0.81612,0.04996,-0.05160,1,0.49820,-0.06677,0.23015,0.01188,0.49727,0.86635,-0.04498,0.50305,-0.07269,0.23192,0.01361,0.50584,0.86109,-0.04953,4.85,-5.92,1.78
1.2435,70,0.10905,0.04791,-0.34966,0.57518,0.81520,0.04052,-0.05463,1,0.49918,-0.06807,0.23067,0.01230,0.49891,0.86535,-0.04599,0.50396,-0.07425,0.23250,0.01363,0.50787,0.85988,-0.04983,4.78,-6.18,1.83
1.2600,71,0.11290,0.04940,-0.35172,0.57622,0.81464,0.03643,-0.05486,1,0.50008,-0.06935,0.23117,0.01259,0.50060,0.86432,-0.04683,0.50484,-0.07580,0.23306,0.01353,0.50995,0.85865,-0.04995,4.76,-6.44,1.90
1.2768,72,0.11671,0.05085,-0.35385,0.57687,0.81449,0.03224,-0.05290,1,0.50103,-0.07077,0.23172,0.01284,0.50250,0.86317,-0.04758,0.50568,-0.07728,0.23361,0.01333,0.51208,0.85738,-0.04991,4.65,-6.51,1.89
1.2935,73,0.12039,0.05226,-0.35578,0.57731,0.81461,0.02712,-0.04883,1,0.50199,-0.07222,0.23228,0.01301,0.50443,0.86201,-0.04819,0.50648,-0.07870,0.23414,0.01301,0.51426,0.85610,-0.04970,4.49,-6.48,1.85
1.3105,74,0.12409,0.05347,-0.35767,0.57735,0.81493,0.02244,-0.04533,1,0.50294,-0.07369,0.23287,0.01310,0.50636,0.86085,-0.04860,0.50723,-0.08007,0.23463,0.01259,0.51649,0.85478,-0.04932,4.29,-6.38,1.77
1.3270,75,0.13146,0.05624,-0.36137,0.57618,0.81612,0.01516,-0.04158,1,0.50379,-0.07507,0.23341,0.01304,0.50836,0.85966,-0.04888,0.50804,-0.08156,0.23518,0.01207,0.51878,0.85343,-0.04878,4.25,-6.48,1.78
1.3440,76,0.13531,0.05795,-0.36336,0.57557,0.81662,0.01183,-0.04122,1,0.50469,-0.07655,0.23398,0.01292,0.51052,0.85837,-0.04904,0.50883,-0.08301,0.23573,0.01144,0.52112,0.85205,-0.04806,4.14,-6.46,1.75
1.3606,77,0.13926,0.05973,-0.36529,0.57586,0.81643,0.00700,-0.04212,1,0.50554,-0.07802,0.23451,0.01268,0.51277,0.85703,-0.04902,0.50957,-0.08442,0.23627,0.01070,0.52351,0.85065,-0.04717,4.04,-6.40,1.77
1.3772,78,0.14330,0.06156,-0.36707,0.57692,0.81558,0.00066,-0.04467,1,0.50637,-0.07939,0.23502,0.01238,0.51490,0.85577,-0.04876,0.51029,-0.08579,0.23682,0.00986,0.52593,0.84922,-0.04611,3.92,-6.40,1.80
1.3940,79,0.14714,0.06328,-0.36888,0.57792,0.81462,-0.00578,-0.04857,1,0.50721,-0.08083,0.23556,0.01193,0.51718,0.85443,-0.04834,0.51097,-0.08713,0.23736,0.00889,0.52838,0.84777,-0.04488,3.76,-6.30,1.80
1.4107,80,0.15472,0.06679,-0.37251,0.57881,0.81363,-0.01565,-0.05244,1,0.50803,-0.08226,0.23612,0.01136,0.51952,0.85305,-0.04775,0.51170,-0.08858,0.23797,0.00781,0.53085,0.84631,-0.04348,3.68,-6.33,1.85
1.4275,81,0.15868,0.06833,-0.37434,0.57903,0.81340,-0.02084,-0.05169,1,0.50880,-0.08366,0.23668,0.01066,0.52192,0.85163,-0.04697,0.51242,-0.09003,0.23857,0.00661,0.53333,0.84484,-0.04191,3.62,-6.38,1.89
1.4442,82,0.16259,0.06968,-0.37607,0.57996,0.81263,-0.02611,-0.05089,1,0.50953,-0.08500,0.23723,0.00998,0.52405,0.85038,-0.04621,0.51311,-0.09144,0.23914,0.00528,0.53583,0.84335,-0.04018,3.58,-6.43,1.91
1.4612,83,0.16643,0.07097,-0.37784,0.58134,0.81142,-0.03061,-0.05200,1,0.51019,-0.08626,0.23776,0.00939,0.52588,0.84929,-0.04552,0.51377,-0.09280,0.23968,0.00382,0.53834,0.84185,-0.03828,3.58,-6.54,1.92
1.4777,84,0.17030,0.07232,-0.37957,0.58242,0.81039,-0.03459,-0.05357,1,0.51072,-0.08728,0.23818,0.00886,0.52730,0.84845,-0.04491,0.51441,-0.09413,0.24020,0.00223,0.54085,0.84034,-0.03622,3.69,-6.84,2.02
1.4943,85,0.17422,0.07366,-0.38141,0.58261,0.80994,-0.03944,-0.05483,1,0.51118,-0.08818,0.23855,0.00824,0.52873,0.84760,-0.04415,0.51503,-0.09543,0.24069,0.00051,0.54335,0.83882,-0.03400,3.85,-7.25,2.14
1.5111,86,0.18200,0.07555,-0.38526,0.58242,0.80942,-0.05127,-0.05469,1,0.51155,-0.08886,0.23881,0.00743,0.53042,0.84661,-0.04310,0.51572,-0.09686,0.24120,-0.00135,0.54585,0.83729,-0.03163,4.17,-7.99,2.39
1.5278,87,0.18620,0.07620,-0.38742,0.58316,0.80866,-0.05672,-0.05269,1,0.51191,-0.08953,0.23908,0.00635,0.53253,0.84536,-0.04167,0.51643,-0.09830,0.24166,-0.00335,0.54833,0.83575,-0.02910,4.51,-8.78,2.58
1.5447,88,0.19051,0.07667,-0.38958,0.58422,0.80772,-0.06268,-0.04844,1,0.51234,-0.09034,0.23939,0.00517,0.53494,0.84393,-0.04005,0.51712,-0.09973,0.24206,-0.00550,0.55083,0.83418,-0.02641,4.79,-9.39,2.67
1.5619,89,0.19538,0.07720,-0.39210,0.58572,0.80650,-0.06903,-0.04151,1,0.51285,-0.09141,0.23979,0.00387,0.53741,0.84245,-0.03825,0.51783,-0.10115,0.24243,-0.00779,0.55338,0.83256,-0.02360,4.97,-9.74,2.63
1.5784,90,0.20589,0.07717,-0.39688,0.58739,0.80388,-0.09056,-0.02343,1,0.51347,-0.09275,0.24029,0.00239,0.53990,0.84094,-0.03623,0.51859,-0.10271,0.24276,-0.01012,0.55609,0.83080,-0.02080,5.11,-9.96,2.47
1.5951,91,0.20589,0.07717,-0.39688,0.58739,0.80388,-0.09056,-0.02343,1,0.51413,-0.09417,0.24082,0.00078,0.54230,0.83949,-0.03407,0.51929,-0.10417,0.24301,-0.01248,0.55894,0.82892,-0.01801,5.15,-10.00,2.20
1.6120,92,0.21679,0.07704,-0.40105,0.58913,0.80020,-0.11071,-0.01885,1,0.51490,-0.09584,0.24139,-0.00123,0.54505,0.83781,-0.03147,0.52003,-0.10576,0.24324,-0.01488,0.56179,0.82701,-0.01528,5.13,-9.92,1.85
1.6282,93,0.22237,0.07678,-0.40270,0.59050,0.79781,-0.11989,-0.02093,1,0.51571,-0.09761,0.24196,-0.00349,0.54797,0.83600,-0.02862,0.52078,-0.10748,0.24341,-0.01734,0.56458,0.82510,-0.01254,5.07,-9.87,1.45
1.6449,94,0.22799,0.07659,-0.40395,0.59252,0.79481,-0.12895,-0.02411,1,0.51651,-0.09935,0.24246,-0.00584,0.55091,0.83415,-0.02572,0.52147,-0.10925,0.24352,-0.01988,0.56730,0.82321,-0.00979,4.96,-9.90,1.05
1.6619,95,0.24033,0.07492,-0.40516,0.59549,0.78894,-0.14836,-0.03092,1,0.51738,-0.10129,0.24294,-0.00848,0.55415,0.83207,-0.02253,0.52209,-0.11111,0.24356,-0.02257,0.56990,0.82138,-0.00703,4.70,-9.82,0.62
1.6790,96,0.24655,0.07352,-0.40559,0.59454,0.78749,-0.15955,-0.03027,1,0.51827,-0.10330,0.24337,-0.01123,0.55737,0.82996,-0.01929,0.52261,-0.11303,0.24351,-0.02526,0.57247,0.81952,-0.00424,4.34,-9.73,0.14
1.6956,97,0.25340,0.07213,-0.40586,0.59257,0.78679,-0.17042,-0.02790,1,0.51914,-0.10534,0.24371,-0.01409,0.56052,0.82786,-0.01605,0.52305,-0.11498,0.24339,-0.02790,0.57505,0.81764,-0.00145,3.92,-9.64,-0.32
1.7120,98,0.26037,0.07055,-0.40603,0.58992,0.78631,-0.18191,-0.02495,1,0.51988,-0.10725,0.24392,-0.01690,0.56343,0.82589,-0.01303,0.52343,-0.11694,0.24322,-0.03048,0.57764,0.81572,0.00137,3.55,-9.68,-0.70
1.7293,99,0.26748,0.06880,-0.40596,0.58817,0.78490,-0.19343,-0.02373,1,0.52066,-0.10942,0.24402,-0.02004,0.56658,0.82370,-0.00974,0.52375,-0.11890,0.24299,-0.03306,0.58021,0.81378,0.00420,3.09,-9.48,-1.03
1.7460,100,0.28086,0.06554,-0.40523,0.58642,0.78063,-0.21392,-0.03111,1,0.52131,-0.11138,0.24403,-0.02275,0.56933,0.82177,-0.00687,0.52395,-0.12087,0.24270,-0.03569,0.58267,0.81189,0.00711,2.64,-9.49,-1.33
1.7622,101,0.28692,0.06407,-0.40465,0.58561,0.77878,-0.22200,-0.03575,1,0.52195,-0.11348,0.24401,-0.02555,0.57224,0.81968,-0.00384,0.52411,-0.12283,0.24238,-0.03837,0.58505,0.81002,0.01005,2.16,-9.36,-1.63
1.7795,102,0.29270,0.06258,-0.40406,0.58413,0.77777,-0.22908,-0.03724,1,0.52247,-0.11552,0.24394,-0.02842,0.57508,0.81760,-0.00078,0.52422,-0.12480,0.24204,-0.04105,0.58740,0.80815,0.01301,1.74,-9.28,-1.90
1.7962,103,0.29809,0.06100,-0.40342,0.58238,0.77690,-0.23677,-0.03467,1,0.52287,-0.11739,0.24381,-0.03110,0.57766,0.81568,0.00203,0.52429,-0.12677,0.24168,-0.04369,0.58976,0.80624,0.01598,1.42,-9.38,-2.13
1.8133,104,0.30335,0.05954,-0.40266,0.58094,0.77593,-0.24395,-0.03064,1,0.52318,-0.11942,0.24355,-0.03390,0.58033,0.81366,0.00498,0.52432,-0.12873,0.24129,-0.04630,0.59214,0.80428,0.01893,1.14,-9.31,-2.26
1.8293,105,0.31273,0.05671,-0.40119,0.57715,0.77495,-0.25654,-0.02324,1,0.52347,-0.12143,0.24324,-0.03665,0.58295,0.81164,0.00804,0.52429,-0.13068,0.24087,-0.04882,0.59457,0.80226,0.02187,0.83,-9.25,-2.37
1.8464,106,0.31677,0.05548,-0.40052,0.57557,0.77475,-0.26078,-0.02193,1,0.52370,-0.12348,0.24294,-0.03932,0.58550,0.80964,0.01109,0.52424,-0.13264,0.24043,-0.05132,0.59700,0.80021,0.02482,0.53,-9.15,-2.50
1.8629,107,0.32043,0.05418,-0.39983,0.57429,0.77479,-0.26345,-0.02231,1,0.52383,-0.12542,0.24263,-0.04186,0.58788,0.80774,0.01393,0.52415,-0.13458,0.23998,-0.05380,0.59940,0.79815,0.02778,0.32,-9.16,-2.66
1.8798,108,0.32377,0.05328,-0.39919,0.57210,0.77590,-0.26495,-0.02213,1,0.52390,-0.12745,0.24226,-0.04458,0.59042,0.80568,0.01702,0.52405,-0.13652,0.23951,-0.05626,0.60179,0.79607,0.03077,0.14,-9.08,-2.74
1.8968,109,0.32672,0.05243,-0.39872,0.56996,0.77712,-0.26620,-0.01925,1,0.52391,-0.12946,0.24182,-0.04728,0.59293,0.80361,0.02011,0.52393,-0.13839,0.23906,-0.05866,0.60419,0.79396,0.03377,0.02,-8.92,-2.76
1.9134,110,0.33209,0.05098,-0.39809,0.56743,0.77807,-0.26934,-0.00990,1,0.52386,-0.13152,0.24133,-0.04991,0.59542,0.80153,0.02317,0.52380,-0.14021,0.23862,-0.06097,0.60667,0.79176,0.03672,-0.06,-8.68,-2.71
1.9304,111,0.33419,0.05060,-0.39753,0.56599,0.77839,-0.27157,-0.00323,1,0.52384,-0.13345,0.24089,-0.05226,0.59770,0.79959,0.02605,0.52367,-0.14189,0.23821,-0.06320,0.60920,0.78950,0.03964,-0.17,-8.44,-2.68
1.9467,112,0.33616,0.05029,-0.39703,0.56341,0.77993,-0.27249,0.00498,1,0.52377,-0.13547,0.24044,-0.05470,0.60011,0.79752,0.02907,0.52353,-0.14345,0.23784,-0.06533,0.61179,0.78717,0.04253,-0.24,-7.97,-2.61
1.9636,113,0.33816,0.04988,-0.39659,0.56058,0.78173,-0.27287,0.01367,1,0.52367,-0.13734,0.24001,-0.05718,0.60260,0.79534,0.03216,0.52339,-0.14487,0.23750,-0.06735,0.61444,0.78477,0.04538,-0.28,-7.53,-2.51
1.9801,114,0.33996,0.04947,-0.39603,0.55819,0.78327,-0.27297,0.02021,1,0.52356,-0.13899,0.23961,-0.05949,0.60503,0.79321,0.03504,0.52325,-0.14615,0.23720,-0.06928,0.61714,0.78231,0.04820,-0.31,-7.16,-2.41
1.9969,115,0.34147,0.04921,-0.39529,0.55500,0.78575,-0.27188,0.02550,1,0.52343,-0.14076,0.23918,-0.06183,0.60769,0.79085,0.03805,0.52311,-0.14730,0.23693,-0.07110,0.61988,0.77981,0.05101,-0.32,-6.55,-2.25
2.0137,116,0.34369,0.04908,-0.39423,0.54489,0.79383,-0.26729,0.03867,1,0.52330,-0.14246,0.23878,-0.06404,0.61035,0.78847,0.04105,0.52294,-0.14832,0.23671,-0.07273,0.62267,0.77724,0.05383,-0.36,-5.86,-2.06
2.0306,117,0.34422,0.04913,-0.39345,0.53904,0.79807,-0.26512,0.04730,1,0.52315,-0.14407,0.23842,-0.06614,0.61302,0.78607,0.04402,0.52275,-0.14921,0.23653,-0.07416,0.62551,0.77461,0.05664,-0.39,-5.14,-1.89
2.0474,118,0.34458,0.04904,-0.39276,0.53155,0.80354,-0.26145,0.05852,1,0.52300,-0.14541,0.23813,-0.06805,0.61558,0.78374,0.04682,0.52256,-0.14996,0.23638,-0.07541,0.62842,0.77193,0.05943,-0.44,-4.56,-1.75
2.0638,119,0.34449,0.04877,-0.39209,0.52399,0.80891,-0.25682,0.07171,1,0.52284,-0.14669,0.23790,-0.06991,0.61832,0.78123,0.04972,0.52237,-0.15058,0.23625,-0.07646,0.63137,0.76919,0.06219,-0.48,-3.89,-1.65
2.0811,120,0.34395,0.04829,-0.39023,0.51197,0.81821,-0.24447,0.09299,1,0.52266,-0.14780,0.23769,-0.07164,0.62111,0.77867,0.05256,0.52213,-0.15106,0.23613,-0.07731,0.63437,0.76641,0.06489,-0.53,-3.26,-1.55
2.0973,121,0.34259,0.04791,-0.38909,0.50476,0.82431,-0.23528,0.10185,1,0.52247,-0.14876,0.23750,-0.07321,0.62393,0.77608,0.05530,0.52187,-0.15141,0.23602,-0.07797,0.63741,0.76359,0.06756,-0.60,-2.65,-1.48
2.1140,122,0.34112,0.04747,-0.38807,0.49629,0.83155,-0.22292,0.11193,1,0.52232,-0.14953,0.23736,-0.07446,0.62655,0.77366,0.05787,0.52160,-0.15162,0.23590,-0.07843,0.64047,0.76074,0.07017,-0.72,-2.09,-1.46
2.1308,123,0.33944,0.04676,-0.38733,0.48711,0.83925,-0.20740,0.12399,1,0.52215,-0.15020,0.23722,-0.07563,0.62944,0.77098,0.06064,0.52132,-0.15169,0.23578,-0.07868,0.64355,0.75786,0.07274,-0.83,-1.49,-1.44
2.1479,124,0.33820,0.04613,-0.38689,0.47908,0.84453,-0.19595,0.13732,1,0.52198,-0.15070,0.23709,-0.07663,0.63245,0.76819,0.06340,0.52106,-0.15162,0.23564,-0.07874,0.64665,0.75497,0.07524,-0.91,-0.92,-1.45
2.1645,125,0.33536,0.04496,-0.38602,0.46546,0.84995,-0.18305,0.16559,1,0.52178,-0.15107,0.23696,-0.07744,0.63548,0.76538,0.06608,0.52081,-0.15142,0.23546,-0.07861,0.64975,0.75207,0.07767,-0.98,-0.35,-1.49
2.1810,126,0.33387,0.04442,-0.38568,0.45757,0.85303,-0.17607,0.17880,1,0.52158,-0.15133,0.23682,-0.07802,0.63835,0.76271,0.06854,0.52058,-0.15116,0.23529,-0.07828,0.65286,0.74916,0.08000,-1.00,0.18,-1.54
2.1979,127,0.33258,0.04384,-0.38558,0.44942,0.85604,-0.16790,0.19243,1,0.52137,-0.15148,0.23668,-0.07842,0.64146,0.75981,0.07115,0.52038,-0.15087,0.23511,-0.07776,0.65597,0.74625,0.08225,-0.99,0.60,-1.57
2.2151,128,0.33130,0.04332,-0.38585,0.44277,0.85805,-0.16052,0.20481,1,0.52115,-0.15150,0.23653,-0.07863,0.64460,0.75689,0.07371,0.52023,-0.15057,0.23494,-0.07706,0.65908,0.74334,0.08440,-0.92,0.93,-1.59
2.2313,129,0.33051,0.04293,-0.38602,0.43902,0.85849,-0.15521,0.21486,1,0.52092,-0.15143,0.23637,-0.07863,0.64773,0.75396,0.07617,0.52012,-0.15028,0.23478,-0.07618,0.66218,0.74044,0.08644,-0.81,1.15,-1.59
2.2479,130,0.32957,0.04127,-0.38634,0.43805,0.85559,-0.15264,0.22972,1,0.52072,-0.15130,0.23622,-0.07842,0.65071,0.75119,0.07843,0.52003,-0.14999,0.23456,-0.07512,0.66527,0.73754,0.08838,-0.69,1.31,-1.66
2.2653,131,0.32916,0.04105,-0.38647,0.43471,0.85495,-0.15144,0.23908,1,0.52051,-0.15110,0.23606,-0.07802,0.65386,0.74824,0.08074,0.51997,-0.14973,0.23437,-0.07389,0.66837,0.73464,0.09019,-0.54,1.37,-1.69
2.2820,132,0.32931,0.04058,-0.38684,0.43120,0.85484,-0.14951,0.24690,1,0.52035,-0.15086,0.23588,-0.07742,0.65705,0.74525,0.08300,0.51994,-0.14952,0.23418,-0.07249,0.67145,0.73175,0.09187,-0.41,1.34,-1.70
2.2984,133,0.32955,0.04060,-0.38742,0.42798,0.85488,-0.14910,0.25254,1,0.52021,-0.15060,0.23572,-0.07660,0.66020,0.74231,0.08514,0.51994,-0.14936,0.23403,-0.07092,0.67453,0.72887,0.09344,-0.27,1.24,-1.69
2.3155,134,0.32999,0.04045,-0.38799,0.42811,0.85405,-0.15066,0.25421,1,0.52008,-0.15035,0.23553,-0.07564,0.66337,0.73934,0.08715,0.51997,-0.14925,0.23390,-0.06918,0.67761,0.72599,0.09487,-0.11,1.11,-1.63
2.3319,135,0.33190,0.03866,-0.38925,0.43063,0.85051,-0.15875,0.25689,1,0.52000,-0.15010,0.23534,-0.07456,0.66630,0.73659,0.08896,0.52006,-0.14924,0.23370,-0.06729,0.68069,0.72311,0.09617,0.06,0.86,-1.64
2.3490,136,0.33304,0.03783,-0.38995,0.43058,0.84823,-0.16275,0.26194,1,0.51994,-0.14988,0.23515,-0.07321,0.66949,0.73362,0.09074,0.52017,-0.14930,0.23349,-0.06525,0.68377,0.72022,0.09732,0.23,0.58,-1.66
2.3659,137,0.33423,0.03687,-0.39058,0.42895,0.84622,-0.16456,0.26988,1,0.51991,-0.14970,0.23497,-0.07171,0.67260,0.73070,0.09239,0.52029,-0.14941,0.23326,-0.06307,0.68688,0.71733,0.09832,0.38,0.29,-1.70
2.3825,138,0.33555,0.03597,-0.39130,0.42627,0.84371,-0.16219,0.28310,1,0.51992,-0.14961,0.23482,-0.07004,0.67569,0.72782,0.09386,0.52043,-0.14957,0.23303,-0.06076,0.68999,0.71442,0.09915,0.51,0.05,-1.79
2.3995,139,0.33555,0.03597,-0.39130,0.42627,0.84371,-0.16219,0.28310,1,0.51991,-0.14955,0.23466,-0.06831,0.67873,0.72498,0.09520,0.52054,-0.14970,0.23284,-0.05834,0.69311,0.71151,0.09980,0.64,-0.14,-1.83
2.4162,140,0.33823,0.03358,-0.39250,0.41888,0.83567,-0.15259,0.32079,1,0.51994,-0.14957,0.23450,-0.06651,0.68169,0.72221,0.09637,0.52070,-0.14993,0.23256,-0.05584,0.69622,0.70859,0.10026,0.76,-0.36,-1.93
2.4325,141,0.33866,0.03305,-0.39284,0.41910,0.83468,-0.15074,0.32395,1,0.51999,-0.14965,0.23428,-0.06444,0.68483,0.71927,0.09748,0.52084,-0.15016,0.23230,-0.05327,0.69933,0.70568,0.10052,0.85,-0.51,-1.98
2.4493,142,0.33926,0.03272,-0.39308,0.41993,0.83372,-0.15055,0.32544,1,0.52004,-0.14978,0.23403,-0.06225,0.68799,0.71632,0.09842,0.52098,-0.15037,0.23207,-0.05066,0.70244,0.70277,0.10059,0.94,-0.59,-1.96
2.4661,143,0.33954,0.03239,-0.39323,0.42006,0.83273,-0.15280,0.32673,1,0.52019,-0.14990,0.23383,-0.06004,0.69084,0.71365,0.09920,0.52110,-0.15057,0.23186,-0.04807,0.70555,0.69983,0.10067,0.91,-0.66,-1.97
2.4828,144,0.33954,0.03239,-0.39323,0.42006,0.83273,-0.15280,0.32673,1,0.52035,-0.15002,0.23365,-0.05765,0.69382,0.71086,0.09980,0.52120,-0.15073,0.23168,-0.04548,0.70863,0.69687,0.10074,0.85,-0.71,-1.97
2.4995,145,0.33954,0.03239,-0.39323,0.42006,0.83273,-0.15280,0.32673,1,0.52045,-0.15013,0.23348,-0.05520,0.69696,0.70793,0.10016,0.52128,-0.15087,0.23154,-0.04289,0.71170,0.69389,0.10081,0.83,-0.74,-1.94
2.5161,146,0.34220,0.03083,-0.39424,0.40750,0.82461,-0.14703,0.36378,1,0.52052,-0.15026,0.23327,-0.05285,0.70000,0.70507,0.10043,0.52140,-0.15111,0.23134,-0.04024,0.71474,0.69093,0.10069,0.88,-0.86,-1.94
2.5329,147,0.34331,0.03052,-0.39415,0.40656,0.82171,-0.14738,0.37119,1,0.52063,-0.15039,0.23305,-0.05025,0.70316,0.70207,0.10070,0.52150,-0.15137,0.23115,-0.03761,0.71777,0.68796,0.10049,0.87,-0.98,-1.89
2.5496,148,0.34469,0.03046,-0.39385,0.40560,0.81962,-0.15031,0.37567,1,0.52076,-0.15059,0.23284,-0.04755,0.70631,0.69906,0.10090,0.52156,-0.15166,0.23100,-0.03501,0.72080,0.68495,0.10030,0.80,-1.07,-1.84
2.5663,149,0.34577,0.03047,-0.39369,0.40495,0.81822,-0.15531,0.37738,1,0.52089,-0.15085,0.23264,-0.04488,0.70942,0.69606,0.10098,0.52161,-0.15195,0.23087,-0.03246,0.72383,0.68190,0.10014,0.71,-1.10,-1.77
2.5836,150,0.34697,0.03068,-0.39326,0.40579,0.81787,-0.15983,0.37534,1,0.52096,-0.15113,0.23247,-0.04229,0.71251,0.69308,0.10094,0.52162,-0.15225,0.23077,-0.02996,0.72685,0.67881,0.10002,0.66,-1.12,-1.69
2.6002,151,0.34981,0.03084,-0.39257,0.40521,0.81918,-0.16760,0.36967,1,0.52101,-0.15143,0.23231,-0.03984,0.71550,0.69015,0.10085,0.52160,-0.15265,0.23070,-0.02751,0.72988,0.67566,0.10002,0.59,-1.22,-1.61
2.6171,152,0.35178,0.03080,-0.39220,0.40485,0.81801,-0.17238,0.37047,1,0.52102,-0.15178,0.23210,-0.03726,0.71871,0.68697,0.10070,0.52157,-0.15308,0.23064,-0.02512,0.73289,0.67248,0.10006,0.55,-1.30,-1.46
2.6334,153,0.35393,0.03067,-0.39187,0.40378,0.81540,-0.17814,0.37464,1,0.52105,-0.15212,0.23188,-0.03468,0.72185,0.68381,0.10065,0.52152,-0.15354,0.23058,-0.02279,0.73591,0.66925,0.10012,0.47,-1.42,-1.30
2.6506,154,0.35393,0.03067,-0.39187,0.40378,0.81540,-0.17814,0.37464,1,0.52111,-0.15243,0.23174,-0.03211,0.72485,0.68076,0.10066,0.52148,-0.15393,0.23053,-0.02045,0.73891,0.66600,0.10018,0.37,-1.49,-1.21
2.6673,155,0.36195,0.03086,-0.39003,0.40292,0.80657,-0.19628,0.38544,1,0.52115,-0.15276,0.23167,-0.02963,0.72783,0.67768,0.10065,0.52141,-0.15445,0.23049,-0.01830,0.74195,0.66266,0.10029,0.25,-1.69,-1.18
2.6838,156,0.36477,0.03129,-0.38932,0.40311,0.80517,-0.20211,0.38517,1,0.52117,-0.15310,0.23167,-0.02731,0.73075,0.67464,0.10063,0.52130,-0.15510,0.23047,-0.01626,0.74499,0.65927,0.10046,0.12,-2.00,-1.20
2.7003,157,0.36746,0.03155,-0.38868,0.40369,0.80500,-0.20846,0.38152,1,0.52115,-0.15349,0.23165,-0.02492,0.73391,0.67130,0.10061,0.52114,-0.15588,0.23048,-0.01428,0.74803,0.65583,0.10071,-0.00,-2.39,-1.18
2.7171,158,0.37023,0.03168,-0.38815,0.40604,0.80493,-0.21382,0.37617,1,0.52110,-0.15386,0.23161,-0.02274,0.73685,0.66813,0.10067,0.52098,-0.15669,0.23049,-0.01239,0.75106,0.65234,0.10102,-0.12,-2.83,-1.12
2.7338,159,0.37349,0.03193,-0.38765,0.40766,0.80249,-0.22160,0.37513,1,0.52104,-0.15434,0.23154,-0.02049,0.73993,0.66477,0.10079,0.52082,-0.15753,0.23052,-0.01061,0.75409,0.64881,0.10139,-0.22,-3.19,-1.01
2.7505,160,0.37904,0.03266,-0.38617,0.41030,0.79451,-0.24107,0.37721,1,0.52097,-0.15490,0.23148,-0.01831,0.74297,0.66141,0.10095,0.52062,-0.15850,0.23058,-0.00902,0.75714,0.64521,0.10184,-0.35,-3.60,-0.90
2.7672,161,0.38138,0.03281,-0.38528,0.41096,0.79370,-0.24837,0.37345,1,0.52084,-0.15557,0.23145,-0.01625,0.74600,0.65802,0.10113,0.52040,-0.15943,0.23064,-0.00759,0.76018,0.64155,0.10239,-0.45,-3.86,-0.81
2.7841,162,0.38278,0.03357,-0.38450,0.41632,0.79261,-0.25483,0.36539,1,0.52069,-0.15636,0.23145,-0.01439,0.74894,0.65468,0.10137,0.52018,-0.16028,0.23073,-0.00633,0.76322,0.63784,0.10302,-0.51,-3.92,-0.73
2.8008,163,0.38278,0.03357,-0.38450,0.41632,0.79261,-0.25483,0.36539,1,0.52049,-0.15733,0.23145,-0.01255,0.75198,0.65118,0.10167,0.51999,-0.16099,0.23080,-0.00506,0.76624,0.63411,0.10366,-0.50,-3.66,-0.66
2.8174,164,0.38450,0.03461,-0.38203,0.42742,0.79762,-0.26457,0.33334,0,0.52025,-0.15831,0.23144,-0.01092,0.75499,0.64765,0.10208,0.51999,-0.16099,0.23080,-0.00506,0.76624,0.63411,0.10366,-0.25,-2.68,-0.64
2.8341,165,0.38154,0.03643,-0.37835,0.44001,0.80660,-0.26728,0.29044,0,0.52007,-0.15917,0.23145,-0.00949,0.75786,0.64422,0.10263,0.51999,-0.16099,0.23080,-0.00506,0.76624,0.63411,0.10366,-0.08,-1.83,-0.65
2.8509,166,0.37851,0.03757,-0.37632,0.44373,0.81196,-0.26711,0.26923,0,0.51990,-0.15994,0.23147,-0.00809,0.76078,0.64071,0.10319,0.51999,-0.16099,0.23080,-0.00506,0.76624,0.63411,0.10366,0.09,-1.05,-0.67
2.8677,167,0.37371,0.03886,-0.37443,0.44782,0.81888,-0.26224,0.24518,0,0.51977,-0.16051,0.23150,-0.00680,0.76342,0.63749,0.10368,0.51999,-0.16099,0.23080,-0.00506,0.76624,0.63411,0.10366,0.22,-0.48,-0.70
2.8844,168,0.36757,0.04022,-0.37267,0.45487,0.82665,-0.24938,0.21804,0,0.51970,-0.16090,0.23154,-0.00565,0.76571,0.63468,0.10412,0.51999,-0.16099,0.23080,-0.00506,0.76624,0.63411,0.10366,0.29,-0.10,-0.75
2.9012,169,0.35107,0.04393,-0.36967,0.47740,0.84112,-0.20125,0.15525,0,0.51965,-0.16112,0.23157,-0.00477,0.76754,0.63241,0.10444,0.51999,-0.16099,0.23080,-0.00506,0.76624,0.63411,0.10366,0.35,0.12,-0.77
2.9179,170,0.34042,0.04609,-0.36800,0.49043,0.84558,-0.17071,0.12386,0,0.51960,-0.16119,0.23157,-0.00404,0.76907,0.63051,0.10472,0.51999,-0.16099,0.23080,-0.00506,0.76624,0.63411,0.10366,0.40,0.20,-0.78
2.9346,171,0.32861,0.04893,-0.36568,0.50514,0.84787,-0.13377,0.08980,0,0.51958,-0.16118,0.23158,-0.00349,0.77017,0.62913,0.10494,0.51999,-0.16099,0.23080,-0.00506,0.76624,0.63411,0.10366,0.42,0.19,-0.78
2.9513,172,0.31598,0.05210,-0.36282,0.51829,0.84839,-0.09272,0.05500,0,0.51956,-0.16114,0.23159,-0.00314,0.77085,0.62829,0.10504,0.51999,-0.16099,0.23080,-0.00506,0.76624,0.63411,0.10366,0.43,0.15,-0.79
2.9682,173,0.30245,0.05515,-0.35919,0.53201,0.84495,-0.05152,0.01949,0,0.51956,-0.16109,0.23160,-0.00295,0.77114,0.62792,0.10507,0.51999,-0.16099,0.23080,-0.00506,0.76624,0.63411,0.10366,0.44,0.09,-0.80
2.9850,174,0.28798,0.05785,-0.35557,0.54418,0.83877,-0.00512,-0.01746,0,0.51958,-0.16104,0.23162,-0.00293,0.77109,0.62799,0.10505,0.51999,-0.16099,0.23080,-0.00506,0.76624,0.63411,0.10366,0.41,0.04,-0.82
3.0017,175,0.25784,0.06319,-0.34752,0.54942,0.82822,0.09213,-0.06076,0,0.51958,-0.16101,0.23162,-0.00306,0.77059,0.62864,0.10489,0.51999,-0.16099,0.23080,-0.00506,0.76624,0.63411,0.10366,0.42,0.02,-0.82
3.0185,176,0.24234,0.06519,-0.34390,0.54399,0.82524,0.13747,-0.06439,0,0.51955,-0.16099,0.23161,-0.00339,0.76981,0.62962,0.10472,0.51999,-0.16099,0.23080,-0.00506,0.76624,0.63411,0.10366,0.44,-0.00,-0.82
3.0352,177,0.22715,0.06728,-0.34044,0.53903,0.82036,0.18012,-0.06336,0,0.51952,-0.16099,0.23160,-0.00382,0.76901,0.63062,0.10457,0.51999,-0.16099,0.23080,-0.00506,0.76624,0.63411,0.10366,0.48,-0.01,-0.80
3.0518,178,0.19694,0.07271,-0.33452,0.52675,0.80893,0.25276,-0.06536,0,0.51952,-0.16102,0.23161,-0.00426,0.76822,0.63159,0.10445,0.51999,-0.16099,0.23080,-0.00506,0.76624,0.63411,0.10366,0.48,0.03,-0.81
3.0687,179,0.18145,0.07559,-0.33227,0.51901,0.80566,0.27805,-0.06509,0,0.51953,-0.16109,0.23162,-0.00464,0.76758,0.63238,0.10435,0.51999,-0.16099,0.23080,-0.00506,0.76624,0.63411,0.10366,0.47,0.09,-0.83
3.0856,180,0.18145,0.07559,-0.33227,0.51901,0.80566,0.27805,-0.06509,0,0.51955,-0.16117,0.23165,-0.00494,0.76711,0.63297,0.10428,0.51955,-0.16117,0.23165,-0.00494,0.76711,0.63297,0.10428,0.00,0.00,0.00
3.1022,181,0.15152,0.08107,-0.32775,0.51027,0.79588,0.31797,-0.07132,0,0.51957,-0.16123,0.23168,-0.00516,0.76678,0.63337,0.10422,0.51955,-0.16117,0.23165,-0.00494,0.76711,0.63297,0.10428,-0.02,0.06,-0.03
3.1189,182,0.13688,0.08350,-0.32515,0.50542,0.78916,0.33910,-0.08245,0,0.51958,-0.16127,0.23174,-0.00532,0.76657,0.63362,0.10421,0.51955,-0.16117,0.23165,-0.00494,0.76711,0.63297,0.10428,-0.03,0.11,-0.09
3.1356,183,0.12383,0.08713,-0.32364,0.50065,0.78189,0.35951,-0.09357,0,0.51955,-0.16130,0.23185,-0.00545,0.76654,0.63366,0.10424,0.51955,-0.16117,0.23165,-0.00494,0.76711,0.63297,0.10428,-0.00,0.13,-0.20
3.1524,184,0.09985,0.09268,-0.32150,0.49196,0.77823,0.37032,-0.12329,0,0.51949,-0.16132,0.23197,-0.00552,0.76659,0.63359,0.10431,0.51955,-0.16117,0.23165,-0.00494,0.76711,0.63297,0.10428,0.05,0.15,-0.32
3.1691,185,0.09985,0.09268,-0.32150,0.49196,0.77823,0.37032,-0.12329,0,0.51947,-0.16134,0.23211,-0.00549,0.76667,0.63348,0.10440,0.51955,-0.16117,0.23165,-0.00494,0.76711,0.63297,0.10428,0.08,0.17,-0.45
3.1859,186,0.07887,0.09711,-0.32086,0.49171,0.76737,0.38173,-0.15377,0,0.51943,-0.16137,0.23225,-0.00544,0.76675,0.63337,0.10446,0.51955,-0.16117,0.23165,-0.00494,0.76711,0.63297,0.10428,0.12,0.20,-0.60
3.2026,187,0.06954,0.09899,-0.32093,0.49317,0.76063,0.38830,-0.16567,0,0.51938,-0.16139,0.23235,-0.00544,0.76682,0.63327,0.10448,0.51955,-0.16117,0.23165,-0.00494,0.76711,0.63297,0.10428,0.17,0.22,-0.70
3.2193,188,0.06116,0.10081,-0.32102,0.49487,0.75601,0.39190,-0.17311,0,0.51932,-0.16138,0.23240,-0.00547,0.76688,0.63320,0.10451,0.51955,-0.16117,0.23165,-0.00494,0.76711,0.63297,0.10428,0.23,0.21,-0.75
3.2360,189,0.05324,0.10174,-0.32071,0.49727,0.75040,0.39660,-0.17980,0,0.51928,-0.16138,0.23243,-0.00547,0.76690,0.63317,0.10454,0.51955,-0.16117,0.23165,-0.00494,0.76711,0.63297,0.10428,0.27,0.21,-0.77
3.2528,190,0.03933,0.10355,-0.32083,0.49795,0.73897,0.41292,-0.18833,0,0.51925,-0.16138,0.23244,-0.00546,0.76692,0.63315,0.10456,0.51955,-0.16117,0.23165,-0.00494,0.76711,0.63297,0.10428,0.29,0.21,-0.79
3.2695,191,0.03342,0.10326,-0.32061,0.49537,0.73777,0.41955,-0.18516,0,0.51924,-0.16139,0.23246,-0.00544,0.76694,0.63312,0.10458,0.51955,-0.16117,0.23165,-0.00494,0.76711,0.63297,0.10428,0.31,0.22,-0.80
3.2862,192,0.02827,0.10244,-0.32096,0.49212,0.73654,0.42764,-0.18015,0,0.51924,-0.16140,0.23247,-0.00542,0.76695,0.63311,0.10460,0.51955,-0.16117,0.23165,-0.00494,0.76711,0.63297,0.10428,0.31,0.24,-0.82
3.3030,193,0.02367,0.10118,-0.32139,0.48939,0.73528,0.43561,-0.17351,0,0.51924,-0.16141,0.23247,-0.00542,0.76695,0.63310,0.10461,0.51955,-0.16117,0.23165,-0.00494,0.76711,0.63297,0.10428,0.31,0.24,-0.82
3.3198,194,0.01619,0.09800,-0.32237,0.48555,0.73085,0.45346,-0.15645,0,0.51924,-0.16140,0.23247,-0.00542,0.76694,0.63310,0.10462,0.51955,-0.16117,0.23165,-0.00494,0.76711,0.63297,0.10428,0.31,0.23,-0.81
3.3364,195,0.01323,0.09614,-0.32282,0.48286,0.73187,0.45811,-0.14611,0,0.51924,-0.16139,0.23246,-0.00542,0.76694,0.63310,0.10463,0.51955,-0.16117,0.23165,-0.00494,0.76711,0.63297,0.10428,0.31,0.22,-0.81
3.3532,196,0.01066,0.09406,-0.32301,0.48032,0.73223,0.46313,-0.13656,0,0.51924,-0.16138,0.23246,-0.00543,0.76694,0.63310,0.10463,0.51955,-0.16117,0.23165,-0.00494,0.76711,0.63297,0.10428,0.31,0.21,-0.80
3.3699,197,0.00876,0.09216,-0.32344,0.47945,0.73215,0.46646,-0.12843,0,0.51924,-0.16138,0.23245,-0.00542,0.76695,0.63310,0.10463,0.51955,-0.16117,0.23165,-0.00494,0.76711,0.63297,0.10428,0.31,0.21,-0.80
3.3866,198,0.00744,0.08978,-0.32343,0.48017,0.73199,0.46721,-0.12385,0,0.51923,-0.16139,0.23245,-0.00541,0.76696,0.63309,0.10463,0.51955,-0.16117,0.23165,-0.00494,0.76711,0.63297,0.10428,0.31,0.22,-0.80
3.4034,199,0.00557,0.08449,-0.32272,0.48211,0.72764,0.47190,-0.12417,0,0.51923,-0.16139,0.23246,-0.00541,0.76696,0.63308,0.10462,0.51955,-0.16117,0.23165,-0.00494,0.76711,0.63297,0.10428,0.32,0.22,-0.81
3.4201,200,0.00488,0.08202,-0.32247,0.48160,0.72546,0.47591,-0.12365,0,0.51923,-0.16139,0.23246,-0.00540,0.76697,0.63308,0.10462,0.51923,-0.16139,0.23246,-0.00540,0.76697,0.63308,0.10462,0.00,0.00,0.00
3.4369,201,0.00454,0.07953,-0.32247,0.48013,0.72465,0.47913,-0.12167,0,0.51922,-0.16138,0.23247,-0.00540,0.76696,0.63308,0.10462,0.51923,-0.16139,0.23246,-0.00540,0.76697,0.63308,0.10462,0.00,-0.01,-0.00
3.4535,202,0.00425,0.07691,-0.32262,0.47803,0.72546,0.48100,-0.11761,0,0.51923,-0.16138,0.23250,-0.00539,0.76695,0.63309,0.10467,0.51923,-0.16139,0.23246,-0.00540,0.76697,0.63308,0.10462,0.00,-0.01,-0.04
3.4702,203,0.00377,0.07228,-0.32371,0.47572,0.72716,0.48296,-0.10808,0,0.51918,-0.16139,0.23258,-0.00544,0.76692,0.63311,0.10475,0.51923,-0.16139,0.23246,-0.00540,0.76697,0.63308,0.10462,0.05,0.00,-0.12
3.4871,204,0.00351,0.07051,-0.32475,0.47672,0.72790,0.48184,-0.10360,0,0.51910,-0.16141,0.23267,-0.00554,0.76690,0.63313,0.10480,0.51923,-0.16139,0.23246,-0.00540,0.76697,0.63308,0.10462,0.13,0.02,-0.21
3.5037,205,0.00311,0.06903,-0.32590,0.47825,0.73002,0.47812,-0.09871,0,0.51904,-0.16145,0.23280,-0.00558,0.76688,0.63315,0.10485,0.51923,-0.16139,0.23246,-0.00540,0.76697,0.63308,0.10462,0.19,0.06,-0.34
3.5205,206,0.00267,0.06760,-0.32699,0.48038,0.73223,0.47345,-0.09444,0,0.51901,-0.16150,0.23295,-0.00561,0.76687,0.63315,0.10489,0.51923,-0.16139,0.23246,-0.00540,0.76697,0.63308,0.10462,0.22,0.11,-0.48
3.5372,207,0.00236,0.06625,-0.32836,0.48318,0.73305,0.46968,-0.09256,0,0.51897,-0.16153,0.23305,-0.00566,0.76686,0.63316,0.10490,0.51923,-0.16139,0.23246,-0.00540,0.76697,0.63308,0.10462,0.26,0.14,-0.59
3.5540,208,0.00219,0.06435,-0.33164,0.49047,0.73321,0.46165,-0.09333,0,0.51893,-0.16154,0.23313,-0.00572,0.76685,0.63317,0.10491,0.51923,-0.16139,0.23246,-0.00540,0.76697,0.63308,0.10462,0.29,0.15,-0.66
3.5708,209,0.00230,0.06368,-0.33362,0.49503,0.73373,0.45560,-0.09496,0,0.51891,-0.16154,0.23317,-0.00575,0.76685,0.63317,0.10493,0.51923,-0.16139,0.23246,-0.00540,0.76697,0.63308,0.10462,0.31,0.15,-0.71
3.5876,210,0.00230,0.06397,-0.33578,0.50111,0.73510,0.44670,-0.09477,0,0.51891,-0.16155,0.23320,-0.00576,0.76684,0.63318,0.10494,0.51923,-0.16139,0.23246,-0.00540,0.76697,0.63308,0.10462,0.32,0.16,-0.74
3.6043,211,0.00230,0.06480,-0.33815,0.51145,0.73611,0.43343,-0.09329,0,0.51891,-0.16156,0.23321,-0.00577,0.76683,0.63318,0.10495,0.51923,-0.16139,0.23246,-0.00540,0.76697,0.63308,0.10462,0.32,0.17,-0.75
3.6211,212,0.00239,0.06596,-0.34045,0.52494,0.73655,0.41679,-0.09067,0,0.51891,-0.16156,0.23323,-0.00577,0.76683,0.63318,0.10495,0.51923,-0.16139,0.23246,-0.00540,0.76697,0.63308,0.10462,0.32,0.17,-0.76
3.6385,213,0.00352,0.06724,-0.34519,0.55074,0.73510,0.38622,-0.08447,1,0.51890,-0.16156,0.23323,-0.00578,0.76683,0.63318,0.10495,0.51890,-0.16156,0.23323,-0.00578,0.76683,0.63318,0.10495,0.00,-0.00,-0.00
3.6547,214,0.00431,0.06803,-0.34766,0.56131,0.73474,0.37261,-0.07905,1,0.51891,-0.16156,0.23323,-0.00578,0.76683,0.63318,0.10496,0.51903,-0.16160,0.23327,-0.00586,0.76695,0.63304,0.10493,0.12,-0.04,0.03
3.6716,215,0.00541,0.06886,-0.35046,0.56918,0.73596,0.35928,-0.07296,1,0.51891,-0.16155,0.23326,-0.00583,0.76682,0.63319,0.10501,0.51927,-0.16169,0.23334,-0.00602,0.76720,0.63274,0.10491,0.36,-0.14,0.08
3.6883,216,0.00635,0.07019,-0.35353,0.57671,0.73758,0.34488,-0.06662,1,0.51888,-0.16157,0.23335,-0.00591,0.76679,0.63321,0.10506,0.51963,-0.16181,0.23347,-0.00626,0.76756,0.63230,0.10490,0.75,-0.24,0.12
3.7054,217,0.00755,0.07157,-0.35617,0.58414,0.73931,0.32929,-0.06140,1,0.51885,-0.16163,0.23349,-0.00602,0.76684,0.63314,0.10511,0.52005,-0.16197,0.23365,-0.00658,0.76805,0.63171,0.10490,1.21,-0.35,0.16
3.7218,218,0.00980,0.07448,-0.36145,0.59269,0.74284,0.30613,-0.05644,1,0.51889,-0.16171,0.23364,-0.00614,0.76696,0.63299,0.10517,0.52059,-0.16218,0.23389,-0.00699,0.76865,0.63096,0.10493,1.70,-0.47,0.25
3.7384,219,0.01095,0.07625,-0.36409,0.59603,0.74505,0.29453,-0.05378,1,0.51905,-0.16183,0.23386,-0.00626,0.76712,0.63278,0.10525,0.52123,-0.16244,0.23421,-0.00748,0.76937,0.63007,0.10500,2.18,-0.61,0.35
3.7556,220,0.01223,0.07767,-0.36649,0.59878,0.74676,0.28485,-0.05168,1,0.51930,-0.16196,0.23411,-0.00651,0.76744,0.63237,0.10533,0.52191,-0.16273,0.23457,-0.00806,0.77020,0.62904,0.10510,2.61,-0.77,0.46
3.7721,221,0.01378,0.07936,-0.36937,0.60126,0.74801,0.27675,-0.04871,1,0.51958,-0.16209,0.23433,-0.00682,0.76784,0.63189,0.10536,0.52262,-0.16305,0.23495,-0.00872,0.77114,0.62785,0.10525,3.03,-0.95,0.62
3.7888,222,0.01523,0.08132,-0.37224,0.60474,0.74961,0.26531,-0.04465,1,0.52001,-0.16227,0.23460,-0.00718,0.76836,0.63123,0.10542,0.52335,-0.16338,0.23537,-0.00947,0.77218,0.62652,0.10544,3.34,-1.12,0.77
3.8055,223,0.01666,0.08305,-0.37494,0.60899,0.75107,0.25163,-0.04127,1,0.52053,-0.16250,0.23489,-0.00760,0.76902,0.63042,0.10550,0.52410,-0.16374,0.23580,-0.01031,0.77334,0.62504,0.10568,3.56,-1.24,0.91
3.8224,224,0.01935,0.08608,-0.37983,0.61345,0.75331,0.23439,-0.03545,1,0.52114,-0.16276,0.23523,-0.00812,0.76980,0.62944,0.10561,0.52495,-0.16416,0.23630,-0.01124,0.77460,0.62341,0.10597,3.81,-1.40,1.07
3.8391,225,0.02097,0.08778,-0.38225,0.61192,0.75637,0.22924,-0.03021,1,0.52177,-0.16304,0.23560,-0.00867,0.77062,0.62840,0.10573,0.52579,-0.16460,0.23682,-0.01223,0.77597,0.62162,0.10632,4.03,-1.56,1.22
3.8561,226,0.02274,0.08926,-0.38486,0.61086,0.75929,0.22292,-0.02525,1,0.52247,-0.16335,0.23600,-0.00941,0.77162,0.62714,0.10591,0.52663,-0.16505,0.23732,-0.01330,0.77744,0.61969,0.10674,4.16,-1.70,1.32
3.8726,227,0.02459,0.09090,-0.38739,0.61155,0.76097,0.21556,-0.02145,1,0.52322,-0.16371,0.23644,-0.01021,0.77269,0.62576,0.10612,0.52745,-0.16552,0.23782,-0.01443,0.77902,0.61760,0.10724,4.23,-1.82,1.38
3.8899,228,0.02658,0.09275,-0.38978,0.61370,0.76147,0.20787,-0.01813,1,0.52403,-0.16409,0.23690,-0.01110,0.77391,0.62419,0.10641,0.52825,-0.16602,0.23833,-0.01561,0.78069,0.61535,0.10780,4.22,-1.93,1.43
3.9061,229,0.02862,0.09459,-0.39192,0.61550,0.76258,0.19855,-0.01409,1,0.52483,-0.16448,0.23735,-0.01201,0.77514,0.62260,0.10671,0.52903,-0.16653,0.23885,-0.01686,0.78246,0.61295,0.10845,4.20,-2.05,1.50
3.9230,230,0.03296,0.09781,-0.39572,0.61456,0.76659,0.18610,-0.00484,1,0.52568,-0.16492,0.23785,-0.01306,0.77655,0.62076,0.10708,0.52986,-0.16715,0.23943,-0.01814,0.78433,0.61039,0.10917,4.18,-2.23,1.58
3.9396,231,0.03296,0.09781,-0.39572,0.61456,0.76659,0.18610,-0.00484,1,0.52654,-0.16539,0.23837,-0.01417,0.77808,0.61874,0.10752,0.53059,-0.16771,0.23994,-0.01947,0.78630,0.60767,0.10999,4.05,-2.32,1.58
3.9567,232,0.03547,0.09931,-0.39781,0.61229,0.76953,0.18144,0.00114,1,0.52737,-0.16589,0.23888,-0.01535,0.77973,0.61654,0.10804,0.53127,-0.16828,0.24043,-0.02081,0.78835,0.60478,0.11090,3.90,-2.39,1.54
3.9732,233,0.04109,0.10226,-0.40155,0.61175,0.77223,0.17131,0.00941,1,0.52814,-0.16636,0.23937,-0.01654,0.78139,0.61430,0.10861,0.53200,-0.16898,0.24096,-0.02216,0.79050,0.60175,0.11192,3.87,-2.62,1.59
3.9898,234,0.04698,0.10531,-0.40397,0.61241,0.77385,0.16136,0.00893,1,0.52894,-0.16688,0.23987,-0.01781,0.78321,0.61182,0.10928,0.53275,-0.16981,0.24153,-0.02352,0.79272,0.59855,0.11306,3.80,-2.92,1.66
4.0066,235,0.05010,0.10676,-0.40515,0.61313,0.77406,0.15761,0.00819,1,0.52974,-0.16746,0.24039,-0.01908,0.78515,0.60916,0.11004,0.53344,-0.17076,0.24212,-0.02491,0.79501,0.59521,0.11431,3.70,-3.30,1.74
4.0238,236,0.05352,0.10827,-0.40614,0.61342,0.77471,0.15309,0.00987,1,0.53051,-0.16809,0.24091,-0.02039,0.78720,0.60630,0.11092,0.53406,-0.17173,0.24269,-0.02632,0.79737,0.59171,0.11569,3.55,-3.64,1.78
4.0399,237,0.05733,0.10967,-0.40716,0.61277,0.77620,0.14785,0.01329,1,0.53122,-0.16874,0.24141,-0.02164,0.78920,0.60348,0.11183,0.53464,-0.17272,0.24324,-0.02774,0.79980,0.58806,0.11720,3.41,-3.98,1.82
4.0567,238,0.06561,0.11210,-0.40910,0.61164,0.77943,0.13385,0.02192,1,0.53196,-0.16950,0.24196,-0.02296,0.79133,0.60045,0.11287,0.53521,-0.17386,0.24380,-0.02909,0.80226,0.58430,0.11887,3.25,-4.36,1.84
4.0737,239,0.06561,0.11210,-0.40910,0.61164,0.77943,0.13385,0.02192,1,0.53266,-0.17036,0.24251,-0.02428,0.79352,0.59728,0.11400,0.53569,-0.17492,0.24428,-0.03043,0.80470,0.58051,0.12056,3.03,-4.56,1.77
4.0908,240,0.07464,0.11441,-0.41024,0.61042,0.78237,0.12052,0.02772,1,0.53333,-0.17128,0.24306,-0.02567,0.79588,0.59381,0.11537,0.53616,-0.17611,0.24478,-0.03175,0.80711,0.57672,0.12231,2.83,-4.83,1.72
4.1072,241,0.07957,0.11555,-0.41069,0.60947,0.78401,0.11465,0.02702,1,0.53392,-0.17220,0.24358,-0.02697,0.79814,0.59045,0.11673,0.53658,-0.17744,0.24528,-0.03311,0.80948,0.57293,0.12411,2.66,-5.23,1.69
4.1238,242,0.08444,0.11651,-0.41106,0.60811,0.78597,0.10828,0.02693,1,0.53450,-0.17328,0.24412,-0.02834,0.80057,0.58677,0.11828,0.53693,-0.17884,0.24573,-0.03450,0.81179,0.56915,0.12596,2.43,-5.56,1.61
4.1405,243,0.08939,0.11747,-0.41134,0.60741,0.78722,0.10297,0.02692,1,0.53503,-0.17440,0.24463,-0.02977,0.80305,0.58295,0.11998,0.53723,-0.18025,0.24616,-0.03591,0.81407,0.56538,0.12785,2.20,-5.85,1.53
4.1574,244,0.09979,0.11935,-0.41170,0.60468,0.79045,0.09279,0.03071,1,0.53547,-0.17552,0.24508,-0.03110,0.80532,0.57940,0.12162,0.53752,-0.18180,0.24660,-0.03730,0.81631,0.56161,0.12981,2.05,-6.29,1.52
4.1740,245,0.10475,0.12013,-0.41181,0.60117,0.79336,0.08864,0.03638,1,0.53590,-0.17681,0.24556,-0.03247,0.80766,0.57568,0.12337,0.53775,-0.18348,0.24702,-0.03859,0.81852,0.55782,0.13184,1.85,-6.67,1.46
4.1908,246,0.10962,0.12086,-0.41197,0.59603,0.79706,0.08531,0.04645,1,0.53627,-0.17819,0.24601,-0.03387,0.81001,0.57190,0.12520,0.53795,-0.18513,0.24740,-0.03968,0.82071,0.55400,0.13394,1.68,-6.95,1.39
4.2078,247,0.11443,0.12142,-0.41206,0.59189,0.79985,0.08133,0.05729,1,0.53660,-0.17963,0.24646,-0.03525,0.81231,0.56813,0.12708,0.53812,-0.18675,0.24775,-0.04057,0.82290,0.55015,0.13608,1.52,-7.12,1.29
4.2243,248,0.11938,0.12170,-0.41215,0.58923,0.80167,0.07658,0.06528,1,0.53689,-0.18116,0.24689,-0.03655,0.81452,0.56444,0.12896,0.53826,-0.18835,0.24805,-0.04134,0.82508,0.54628,0.13823,1.37,-7.19,1.16
4.2411,249,0.12800,0.12299,-0.41127,0.58518,0.80465,0.06992,0.07221,1,0.53714,-0.18264,0.24729,-0.03771,0.81661,0.56089,0.13084,0.53835,-0.19007,0.24836,-0.04203,0.82723,0.54240,0.14045,1.21,-7.43,1.07
4.2577,0,0.13175,0.12373,-0.41057,0.58108,0.80744,0.06934,0.07465,1,0.53739,-0.18424,0.24771,-0.03886,0.81887,0.55702,0.13291,0.53838,-0.19173,0.24867,-0.04264,0.82934,0.53853,0.14273,0.99,-7.49,0.95
4.2745,1,0.13504,0.12461,-0.40992,0.57594,0.81052,0.06950,0.08074,1,0.53760,-0.18588,0.24811,-0.03991,0.82119,0.55300,0.13509,0.53837,-0.19328,0.24896,-0.04310,0.83141,0.53466,0.14507,0.77,-7.39,0.85
4.2914,2,0.13827,0.12552,-0.40928,0.56998,0.81383,0.06994,0.08890,1,0.53774,-0.18755,0.24848,-0.04086,0.82340,0.54910,0.13722,0.53833,-0.19473,0.24925,-0.04338,0.83345,0.53079,0.14748,0.59,-7.18,0.77
4.3080,3,0.14442,0.12643,-0.40831,0.56232,0.81725,0.06545,0.10778,1,0.53782,-0.18916,0.24880,-0.04163,0.82541,0.54551,0.13923,0.53825,-0.19625,0.24954,-0.04345,0.83547,0.52691,0.14989,0.43,-7.08,0.75
4.3246,4,0.14705,0.12674,-0.40732,0.55807,0.81892,0.06255,0.11835,1,0.53792,-0.19084,0.24914,-0.04234,0.82757,0.54156,0.14158,0.53813,-0.19764,0.24980,-0.04331,0.83748,0.52302,0.15231,0.21,-6.80,0.65
4.3413,5,0.14973,0.12725,-0.40628,0.55275,0.82110,0.06099,0.12862,1,0.53796,-0.19248,0.24947,-0.04292,0.82973,0.53756,0.14397,0.53798,-0.19894,0.25004,-0.04297,0.83946,0.51915,0.15475,0.02,-6.46,0.57
4.3588,6,0.15265,0.12782,-0.40536,0.54891,0.82217,0.05982,0.13840,1,0.53797,-0.19407,0.24978,-0.04330,0.83189,0.53352,0.14643,0.53781,-0.20017,0.25027,-0.04249,0.84142,0.51527,0.15717,-0.16,-6.09,0.48
4.3749,7,0.15582,0.12851,-0.40416,0.54531,0.82307,0.05689,0.14822,1,0.53795,-0.19554,0.25006,-0.04344,0.83385,0.52980,0.14873,0.53761,-0.20135,0.25049,-0.04189,0.84337,0.51138,0.15957,-0.34,-5.81,0.43
4.3916,8,0.16288,0.13003,-0.40126,0.53612,0.82679,0.04616,0.16393,1,0.53787,-0.19703,0.25034,-0.04347,0.83594,0.52581,0.15114,0.53733,-0.20264,0.25074,-0.04117,0.84527,0.50752,0.16202,-0.55,-5.61,0.40
4.4084,9,0.16662,0.13078,-0.39997,0.53106,0.82913,0.04126,0.16975,1,0.53776,-0.19844,0.25058,-0.04331,0.83799,0.52184,0.15357,0.53699,-0.20395,0.25100,-0.04041,0.84712,0.50368,0.16450,-0.77,-5.51,0.42
4.4250,10,0.17041,0.13165,-0.39874,0.52763,0.83054,0.03595,0.17468,1,0.53764,-0.19970,0.25081,-0.04298,0.83992,0.51806,0.15590,0.53666,-0.20523,0.25126,-0.03963,0.84895,0.49983,0.16700,-0.98,-5.53,0.45
4.4418,11,0.17432,0.13237,-0.39755,0.52639,0.83069,0.02918,0.17894,1,0.53746,-0.20097,0.25105,-0.04249,0.84190,0.51412,0.15835,0.53632,-0.20649,0.25151,-0.03888,0.85076,0.49596,0.16949,-1.15,-5.52,0.46
4.4588,12,0.17917,0.13299,-0.39667,0.52737,0.82871,0.02172,0.18615,1,0.53721,-0.20222,0.25127,-0.04192,0.84382,0.51026,0.16075,0.53599,-0.20779,0.25175,-0.03814,0.85258,0.49204,0.17190,-1.22,-5.57,0.48
4.4754,13,0.18890,0.13482,-0.39369,0.52788,0.82338,-0.00979,0.20807,1,0.53695,-0.20347,0.25153,-0.04124,0.84575,0.50631,0.16325,0.53561,-0.20921,0.25202,-0.03751,0.85444,0.48805,0.17418,-1.34,-5.74,0.48
4.4920,14,0.19395,0.13543,-0.39196,0.52286,0.82478,-0.02317,0.21406,1,0.53668,-0.20465,0.25176,-0.04057,0.84757,0.50254,0.16562,0.53518,-0.21076,0.25229,-0.03693,0.85626,0.48405,0.17649,-1.49,-6.10,0.53
4.5088,15,0.19888,0.13651,-0.39034,0.51859,0.82747,-0.03315,0.21276,1,0.53635,-0.20595,0.25201,-0.03982,0.84949,0.49851,0.16812,0.53473,-0.21233,0.25258,-0.03643,0.85803,0.48006,0.17888,-1.62,-6.37,0.57
4.5255,16,0.20310,0.13741,-0.38891,0.51788,0.82970,-0.04097,0.20428,1,0.53599,-0.20733,0.25225,-0.03907,0.85137,0.49452,0.17056,0.53428,-0.21384,0.25286,-0.03609,0.85975,0.47607,0.18133,-1.71,-6.52,0.61
4.5423,17,0.20906,0.13905,-0.38592,0.52354,0.83219,-0.04909,0.17595,1,0.53558,-0.20874,0.25250,-0.03843,0.85321,0.49056,0.17296,0.53375,-0.21541,0.25318,-0.03594,0.86142,0.47208,0.18383,-1.84,-6.67,0.68
4.5590,18,0.21092,0.13970,-0.38469,0.52751,0.83279,-0.04538,0.16168,1,0.53519,-0.21009,0.25274,-0.03789,0.85491,0.48681,0.17523,0.53325,-0.21683,0.25348,-0.03599,0.86304,0.46811,0.18638,-1.95,-6.74,0.74
4.5760,19,0.21198,0.14061,-0.38382,0.53226,0.83243,-0.03614,0.14986,1,0.53475,-0.21158,0.25301,-0.03739,0.85671,0.48278,0.17768,0.53277,-0.21813,0.25378,-0.03625,0.86461,0.46414,0.18896,-1.98,-6.54,0.77
4.5927,20,0.21247,0.14178,-0.38318,0.53618,0.83169,-0.02715,0.14164,1,0.53428,-0.21309,0.25331,-0.03700,0.85845,0.47881,0.18012,0.53233,-0.21928,0.25408,-0.03665,0.86614,0.46017,0.19156,-1.96,-6.19,0.77
4.6095,21,0.21184,0.14267,-0.38282,0.53666,0.83243,-0.01944,0.13665,1,0.53375,-0.21458,0.25359,-0.03680,0.86014,0.47486,0.18250,0.53191,-0.22030,0.25437,-0.03707,0.86763,0.45621,0.19419,-1.84,-5.72,0.79
4.6266,22,0.21084,0.14347,-0.38320,0.53599,0.83337,-0.01114,0.13446,1,0.53330,-0.21593,0.25389,-0.03677,0.86174,0.47102,0.18492,0.53155,-0.22119,0.25467,-0.03742,0.86909,0.45226,0.19686,-1.75,-5.26,0.78
4.6426,23,0.20631,0.14496,-0.38401,0.53768,0.83220,0.00660,0.13527,1,0.53282,-0.21726,0.25420,-0.03691,0.86339,0.46691,0.18759,0.53122,-0.22195,0.25497,-0.03757,0.87054,0.44827,0.19950,-1.60,-4.69,0.77
4.6594,24,0.20352,0.14568,-0.38399,0.53658,0.83236,0.01829,0.13755,1,0.53235,-0.21847,0.25451,-0.03716,0.86499,0.46281,0.19030,0.53092,-0.22257,0.25527,-0.03753,0.87198,0.44427,0.20213,-1.43,-4.10,0.75
4.6764,25,0.20352,0.14568,-0.38399,0.53658,0.83236,0.01829,0.13755,1,0.53191,-0.21958,0.25483,-0.03741,0.86654,0.45875,0.19301,0.53067,-0.22306,0.25556,-0.03748,0.87340,0.44027,0.20476,-1.25,-3.47,0.72
4.6934,26,0.19692,0.14714,-0.38368,0.53079,0.83437,0.04460,0.14179,1,0.53153,-0.22059,0.25517,-0.03761,0.86808,0.45467,0.19572,0.53044,-0.22341,0.25584,-0.03723,0.87479,0.43628,0.20742,-1.08,-2.81,0.67
4.7097,27,0.19294,0.14790,-0.38337,0.52720,0.83611,0.05726,0.14035,1,0.53118,-0.22140,0.25548,-0.03776,0.86945,0.45092,0.19823,0.53024,-0.22362,0.25613,-0.03678,0.87612,0.43233,0.21012,-0.94,-2.22,0.65
4.7268,28,0.18498,0.14904,-0.38333,0.52149,0.83868,0.07735,0.13670,1,0.53086,-0.22213,0.25580,-0.03786,0.87091,0.44691,0.20089,0.53006,-0.22370,0.25641,-0.03614,0.87740,0.42844,0.21286,-0.81,-1.57,0.62
4.7432,29,0.18051,0.14956,-0.38319,0.51960,0.83919,0.08747,0.13461,1,0.53062,-0.22268,0.25610,-0.03784,0.87225,0.44314,0.20340,0.52989,-0.22364,0.25670,-0.03533,0.87861,0.42461,0.21566,-0.72,-0.96,0.60
4.7601,30,0.17580,0.15005,-0.38326,0.51697,0.83975,0.09952,0.13289,1,0.53040,-0.22313,0.25641,-0.03766,0.87366,0.43912,0.20609,0.52975,-0.22345,0.25697,-0.03433,0.87975,0.42085,0.21850,-0.65,-0.32,0.57
4.7771,31,0.17103,0.15059,-0.38334,0.51477,0.83970,0.11254,0.13135,1,0.53023,-0.22341,0.25671,-0.03732,0.87505,0.43507,0.20883,0.52963,-0.22311,0.25724,-0.03315,0.88083,0.41718,0.22136,-0.61,0.30,0.53
4.7934,32,0.16603,0.15086,-0.38334,0.51244,0.83945,0.12637,0.12943,1,0.53008,-0.22357,0.25701,-0.03678,0.87636,0.43113,0.21158,0.52952,-0.22264,0.25751,-0.03180,0.88184,0.41360,0.22424,-0.56,0.93,0.50
4.8103,33,0.15616,0.15105,-0.38372,0.50413,0.84041,0.15727,0.12176,1,0.52994,-0.22359,0.25730,-0.03605,0.87760,0.42728,0.21435,0.52944,-0.22203,0.25776,-0.03029,0.88277,0.41014,0.22711,-0.51,1.55,0.46
4.8275,34,0.15132,0.15094,-0.38415,0.50153,0.83981,0.17297,0.11517,1,0.52983,-0.22347,0.25759,-0.03513,0.87879,0.42347,0.21719,0.52937,-0.22129,0.25799,-0.02866,0.88362,0.40682,0.22997,-0.45,2.18,0.40
4.8436,35,0.14656,0.15096,-0.38451,0.50098,0.83804,0.18770,0.10711,1,0.52971,-0.22322,0.25787,-0.03411,0.87985,0.41995,0.21987,0.52934,-0.22041,0.25820,-0.02690,0.88439,0.40365,0.23280,-0.38,2.82,0.34
4.8607,36,0.14180,0.15087,-0.38468,0.50155,0.83523,0.20321,0.09767,1,0.52959,-0.22282,0.25814,-0.03286,0.88092,0.41629,0.22274,0.52932,-0.21939,0.25839,-0.02505,0.88508,0.40064,0.23559,-0.27,3.43,0.25
4.8775,37,0.13723,0.15066,-0.38481,0.50032,0.83298,0.21855,0.08982,1,0.52948,-0.22230,0.25838,-0.03153,0.88184,0.41296,0.22545,0.52933,-0.21825,0.25855,-0.02313,0.88568,0.39780,0.23832,-0.15,4.06,0.17
4.8939,38,0.12869,0.14899,-0.38519,0.49306,0.82853,0.25425,0.07611,1,0.52940,-0.22165,0.25860,-0.02998,0.88275,0.40952,0.22835,0.52937,-0.21697,0.25867,-0.02116,0.88621,0.39513,0.24097,-0.03,4.68,0.07
4.9106,39,0.12478,0.14833,-0.38556,0.48842,0.82661,0.27097,0.06881,1,0.52935,-0.22088,0.25882,-0.02825,0.88357,0.40624,0.23124,0.52943,-0.21556,0.25875,-0.01915,0.88666,0.39264,0.24354,0.08,5.32,-0.07
4.9273,40,0.12088,0.14785,-0.38589,0.48579,0.82400,0.28555,0.05904,1,0.52932,-0.21994,0.25901,-0.02647,0.88430,0.40312,0.23410,0.52951,-0.21402,0.25878,-0.01712,0.88703,0.39032,0.24603,0.19,5.92,-0.23
4.9444,41,0.11711,0.14712,-0.38614,0.48536,0.82030,0.29882,0.04731,1,0.52930,-0.21881,0.25919,-0.02465,0.88494,0.40021,0.23687,0.52962,-0.21236,0.25875,-0.01507,0.88734,0.38817,0.24844,0.32,6.45,-0.44
4.9612,42,0.10953,0.14556,-0.38617,0.48156,0.81399,0.32340,0.03048,1,0.52927,-0.21761,0.25932,-0.02291,0.88548,0.39761,0.23937,0.52976,-0.21058,0.25866,-0.01301,0.88758,0.38621,0.25075,0.49,7.03,-0.66
4.9779,43,0.10620,0.14416,-0.38622,0.47884,0.80999,0.33756,0.02599,1,0.52927,-0.21622,0.25943,-0.02102,0.88597,0.39507,0.24194,0.52990,-0.20869,0.25848,-0.01095,0.88776,0.38442,0.25297,0.63,7.53,-0.96
4.9943,44,0.10306,0.14278,-0.38636,0.47536,0.80589,0.35215,0.02357,1,0.52926,-0.21481,0.25946,-0.01926,0.88637,0.39286,0.24421,0.53006,-0.20672,0.25818,-0.00889,0.88787,0.38280,0.25509,0.80,8.09,-1.28
5.0112,45,0.10004,0.14127,-0.38640,0.47155,0.80220,0.36551,0.02283,1,0.52934,-0.21327,0.25948,-0.01723,0.88672,0.39062,0.24666,0.53020,-0.20476,0.25785,-0.00683,0.88792,0.38136,0.25712,0.86,8.52,-1.63
5.0286,46,0.09714,0.13981,-0.38652,0.46698,0.79949,0.37712,0.02290,1,0.52942,-0.21151,0.25938,-0.01508,0.88703,0.38841,0.24916,0.53034,-0.20280,0.25748,-0.00477,0.88792,0.38009,0.25905,0.93,8.71,-1.90
5.0447,47,0.09130,0.13700,-0.38646,0.46220,0.79240,0.39756,0.02063,1,0.52951,-0.20985,0.25925,-0.01315,0.88724,0.38663,0.25129,0.53047,-0.20085,0.25705,-0.00271,0.88786,0.37900,0.26087,0.95,9.01,-2.20
5.0614,48,0.08824,0.13541,-0.38622,0.46051,0.78886,0.40655,0.01871,1,0.52961,-0.20798,0.25901,-0.01116,0.88740,0.38493,0.25341,0.53057,-0.19891,0.25657,-0.00064,0.88775,0.37807,0.26260,0.97,9.07,-2.43
5.0781,49,0.08513,0.13378,-0.38594,0.45758,0.78521,0.41682,0.01819,1,0.52976,-0.20619,0.25877,-0.00916,0.88749,0.38345,0.25543,0.53066,-0.19697,0.25607,0.00142,0.88759,0.37733,0.26422,0.90,9.22,-2.70
5.0950,50,0.08211,0.13217,-0.38550,0.45468,0.78064,0.42843,0.01792,1,0.52987,-0.20428,0.25842,-0.00704,0.88756,0.38197,0.25747,0.53071,-0.19505,0.25552,0.00349,0.88737,0.37675,0.26574,0.84,9.23,-2.90
5.1121,51,0.07920,0.13069,-0.38518,0.45098,0.77550,0.44149,0.01727,1,0.52997,-0.20237,0.25802,-0.00491,0.88755,0.38070,0.25942,0.53074,-0.19325,0.25498,0.00555,0.88711,0.37635,0.26714,0.77,9.11,-3.04
5.1288,52,0.07621,0.12953,-0.38492,0.44802,0.77055,0.45304,0.01675,1,0.53002,-0.20039,0.25752,-0.00287,0.88749,0.37965,0.26121,0.53076,-0.19159,0.25446,0.00762,0.88680,0.37612,0.26844,0.74,8.80,-3.06
5.1457,53,0.07024,0.12707,-0.38477,0.44720,0.76178,0.46853,0.01375,1,0.53010,-0.19847,0.25702,-0.00079,0.88736,0.37873,0.26297,0.53076,-0.18992,0.25392,0.00968,0.88644,0.37606,0.26963,0.66,8.55,-3.10
5.1621,54,0.06726,0.12567,-0.38474,0.44785,0.75737,0.47507,0.01173,1,0.53016,-0.19666,0.25651,0.00117,0.88718,0.37808,0.26453,0.53076,-0.18838,0.25339,0.01174,0.88604,0.37617,0.27071,0.60,8.28,-3.12
5.1786,55,0.06422,0.12409,-0.38483,0.44719,0.75342,0.48194,0.01067,1,0.53025,-0.19484,0.25600,0.00334,0.88693,0.37752,0.26613,0.53077,-0.18695,0.25287,0.01380,0.88560,0.37645,0.27167,0.52,7.89,-3.12
5.1959,56,0.06136,0.12256,-0.38494,0.44576,0.74929,0.48964,0.01057,1,0.53028,-0.19308,0.25545,0.00548,0.88665,0.37714,0.26756,0.53078,-0.18561,0.25236,0.01586,0.88512,0.37689,0.27252,0.49,7.47,-3.09
5.2121,57,0.05592,0.11991,-0.38515,0.44225,0.73862,0.50865,0.01139,1,0.53030,-0.19150,0.25493,0.00746,0.88635,0.37696,0.26876,0.53080,-0.18422,0.25181,0.01791,0.88459,0.37751,0.27324,0.50,7.28,-3.12
5.2293,58,0.05295,0.11922,-0.38542,0.44018,0.73499,0.51561,0.01336,1,0.53029,-0.18986,0.25436,0.00948,0.88600,0.37692,0.26991,0.53082,-0.18292,0.25131,0.01996,0.88403,0.37828,0.27385,0.53,6.94,-3.05
5.2456,59,0.04995,0.11857,-0.38594,0.43909,0.73352,0.51858,0.01530,1,0.53036,-0.18834,0.25385,0.01166,0.88556,0.37707,0.27104,0.53088,-0.18168,0.25086,0.02202,0.88343,0.37923,0.27433,0.51,6.66,-2.99
5.2624,60,0.04681,0.11847,-0.38657,0.44111,0.73258,0.51818,0.01531,1,0.53039,-0.18686,0.25331,0.01373,0.88511,0.37736,0.27202,0.53095,-0.18049,0.25049,0.02407,0.88279,0.38033,0.27469,0.56,6.37,-2.82
5.2793,61,0.04359,0.11840,-0.38739,0.44507,0.73262,0.51477,0.01405,1,0.53045,-0.18542,0.25282,0.01583,0.88456,0.37792,0.27290,0.53105,-0.17934,0.25017,0.02611,0.88211,0.38160,0.27493,0.61,6.08,-2.66
5.2960,62,0.04037,0.11830,-0.38816,0.45039,0.73550,0.50603,0.01137,1,0.53044,-0.18411,0.25233,0.01772,0.88405,0.37860,0.27352,0.53117,-0.17822,0.24990,0.02815,0.88139,0.38303,0.27504,0.74,5.89,-2.44
5.3128,63,0.03745,0.11810,-0.38900,0.45733,0.73813,0.49595,0.00733,1,0.53046,-0.18277,0.25186,0.01974,0.88346,0.37946,0.27408,0.53132,-0.17714,0.24966,0.03017,0.88063,0.38462,0.27503,0.86,5.63,-2.19
5.3293,64,0.03296,0.11611,-0.39023,0.47158,0.74054,0.47877,-0.00113,1,0.53055,-0.18161,0.25149,0.02175,0.88285,0.38043,0.27455,0.53150,-0.17602,0.24937,0.03216,0.87984,0.38637,0.27489,0.95,5.59,-2.13
5.3459,65,0.03197,0.11493,-0.39090,0.47587,0.73854,0.47748,-0.01074,0,0.53067,-0.18041,0.25117,0.02388,0.88217,0.38161,0.27492,0.53150,-0.17602,0.24937,0.03216,0.87984,0.38637,0.27489,0.83,4.40,-1.80
5.3628,66,0.03125,0.11332,-0.39170,0.47782,0.73933,0.47416,-0.01604,0,0.53079,-0.17926,0.25088,0.02594,0.88148,0.38293,0.27512,0.53150,-0.17602,0.24937,0.03216,0.87984,0.38637,0.27489,0.71,3.25,-1.51
5.3795,67,0.03072,0.11181,-0.39198,0.47996,0.74493,0.46302,-0.01802,0,0.53090,-0.17820,0.25060,0.02782,0.88084,0.38420,0.27521,0.53150,-0.17602,0.24937,0.03216,0.87984,0.38637,0.27489,0.60,2.19,-1.24
5.3961,68,0.03193,0.10764,-0.39110,0.49161,0.75716,0.42891,-0.03272,0,0.53098,-0.17736,0.25035,0.02931,0.88034,0.38521,0.27525,0.53150,-0.17602,0.24937,0.03216,0.87984,0.38637,0.27489,0.52,1.35,-0.98
5.4129,69,0.03357,0.10515,-0.39014,0.49967,0.76172,0.40943,-0.04978,0,0.53105,-0.17666,0.25013,0.03054,0.87991,0.38607,0.27527,0.53150,-0.17602,0.24937,0.03216,0.87984,0.38637,0.27489,0.45,0.64,-0.76
5.4296,70,0.03550,0.10202,-0.38903,0.50858,0.76635,0.38615,-0.07026,0,0.53111,-0.17622,0.25001,0.03134,0.87966,0.38654,0.27532,0.53150,-0.17602,0.24937,0.03216,0.87984,0.38637,0.27489,0.39,0.20,-0.64
5.4464,71,0.03768,0.09853,-0.38778,0.51938,0.77002,0.35936,-0.09048,0,0.53114,-0.17599,0.24996,0.03174,0.87955,0.38676,0.27530,0.53150,-0.17602,0.24937,0.03216,0.87984,0.38637,0.27489,0.36,-0.03,-0.59
5.4633,72,0.04420,0.08981,-0.38450,0.54487,0.77430,0.29539,-0.12778,0,0.53116,-0.17593,0.24996,0.03190,0.87958,0.38673,0.27525,0.53150,-0.17602,0.24937,0.03216,0.87984,0.38637,0.27489,0.34,-0.08,-0.59
5.4799,73,0.04848,0.08467,-0.38226,0.55074,0.78045,0.25846,-0.14413,0,0.53118,-0.17599,0.24998,0.03198,0.87963,0.38666,0.27519,0.53150,-0.17602,0.24937,0.03216,0.87984,0.38637,0.27489,0.32,-0.02,-0.62
5.4967,74,0.05301,0.07902,-0.37994,0.55276,0.78895,0.21664,-0.15834,0,0.53118,-0.17604,0.24998,0.03192,0.87968,0.38661,0.27510,0.53150,-0.17602,0.24937,0.03216,0.87984,0.38637,0.27489,0.32,0.02,-0.61
5.5134,75,0.05759,0.07327,-0.37751,0.55736,0.79414,0.17008,-0.17250,0,0.53120,-0.17605,0.24999,0.03184,0.87970,0.38660,0.27505,0.53150,-0.17602,0.24937,0.03216,0.87984,0.38637,0.27489,0.30,0.04,-0.62
5.5302,76,0.06302,0.06734,-0.37503,0.56719,0.79332,0.11519,-0.18887,0,0.53124,-0.17606,0.25002,0.03176,0.87970,0.38660,0.27507,0.53150,-0.17602,0.24937,0.03216,0.87984,0.38637,0.27489,0.26,0.05,-0.65
5.5469,77,0.07423,0.05147,-0.36975,0.60484,0.76205,-0.00114,-0.23120,0,0.53128,-0.17608,0.25005,0.03168,0.87970,0.38659,0.27509,0.53150,-0.17602,0.24937,0.03216,0.87984,0.38637,0.27489,0.22,0.07,-0.68
5.5638,78,0.08028,0.04295,-0.36670,0.62387,0.73806,-0.04741,-0.25258,0,0.53129,-0.17613,0.25007,0.03162,0.87970,0.38658,0.27510,0.53150,-0.17602,0.24937,0.03216,0.87984,0.38637,0.27489,0.21,0.12,-0.71
5.5805,79,0.08652,0.03539,-0.36362,0.63389,0.72067,-0.09048,-0.26576,0,0.53128,-0.17620,0.25008,0.03157,0.87971,0.38658,0.27509,0.53150,-0.17602,0.24937,0.03216,0.87984,0.38637,0.27489,0.23,0.18,-0.71
5.5973,80,0.09205,0.02756,-0.36065,0.63134,0.71498,-0.12714,-0.27211,0,0.53126,-0.17624,0.25008,0.03151,0.87970,0.38659,0.27510,0.53150,-0.17602,0.24937,0.03216,0.87984,0.38637,0.27489,0.24,0.22,-0.71
5.6140,81,0.09764,0.01958,-0.35935,0.62504,0.71260,-0.15607,-0.27779,0,0.53126,-0.17624,0.25009,0.03145,0.87969,0.38660,0.27513,0.53150,-0.17602,0.24937,0.03216,0.87984,0.38637,0.27489,0.24,0.22,-0.72
5.6308,82,0.10933,0.00437,-0.35821,0.61928,0.70581,-0.20205,-0.27838,0,0.53127,-0.17621,0.25012,0.03142,0.87967,0.38661,0.27517,0.53150,-0.17602,0.24937,0.03216,0.87984,0.38637,0.27489,0.23,0.20,-0.75
5.6474,83,0.11489,-0.00287,-0.35780,0.61703,0.70239,-0.23054,-0.26977,0,0.53126,-0.17619,0.25014,0.03141,0.87966,0.38662,0.27520,0.53150,-0.17602,0.24937,0.03216,0.87984,0.38637,0.27489,0.24,0.17,-0.78
5.6643,84,0.12079,-0.00850,-0.35834,0.61308,0.69982,-0.25754,-0.26089,0,0.53125,-0.17618,0.25016,0.03139,0.87966,0.38661,0.27522,0.53150,-0.17602,0.24937,0.03216,0.87984,0.38637,0.27489,0.25,0.17,-0.79
5.6810,85,0.12595,-0.01330,-0.35916,0.60832,0.69715,-0.28000,-0.25598,0,0.53122,-0.17621,0.25017,0.03139,0.87967,0.38658,0.27523,0.53150,-0.17602,0.24937,0.03216,0.87984,0.38637,0.27489,0.28,0.19,-0.80
5.6977,86,0.13169,-0.01692,-0.36062,0.60566,0.69415,-0.29590,-0.25253,0,0.53118,-0.17625,0.25017,0.03141,0.87966,0.38660,0.27523,0.53150,-0.17602,0.24937,0.03216,0.87984,0.38637,0.27489,0.32,0.24,-0.80
5.7144,87,0.14162,-0.02231,-0.36367,0.60841,0.68390,-0.31477,-0.25109,0,0.53114,-0.17630,0.25016,0.03141,0.87966,0.38661,0.27522,0.53150,-0.17602,0.24937,0.03216,0.87984,0.38637,0.27489,0.36,0.29,-0.79
5.7311,88,0.14646,-0.02472,-0.36493,0.60950,0.68021,-0.32296,-0.24802,0,0.53112,-0.17633,0.25016,0.03140,0.87966,0.38660,0.27523,0.53150,-0.17602,0.24937,0.03216,0.87984,0.38637,0.27489,0.38,0.31,-0.79
5.7478,89,0.15055,-0.02692,-0.36642,0.60813,0.67949,-0.33000,-0.24407,0,0.53111,-0.17632,0.25016,0.03139,0.87965,0.38661,0.27525,0.53150,-0.17602,0.24937,0.03216,0.87984,0.38637,0.27489,0.39,0.31,-0.79
5.7647,90,0.15469,-0.02826,-0.36809,0.60704,0.68059,-0.33151,-0.24167,0,0.53112,-0.17631,0.25017,0.03137,0.87964,0.38662,0.27526,0.53150,-0.17602,0.24937,0.03216,0.87984,0.38637,0.27489,0.39,0.30,-0.80
5.7816,91,0.15854,-0.02895,-0.37007,0.60468,0.68436,-0.33061,-0.23814,1,0.53112,-0.17630,0.25017,0.03136,0.87963,0.38663,0.27528,0.53112,-0.17630,0.25017,0.03136,0.87963,0.38663,0.27528,-0.00,-0.00,-0.00
5.7989,92,0.16187,-0.02830,-0.37197,0.60563,0.68728,-0.32784,-0.23102,1,0.53112,-0.17630,0.25019,0.03135,0.87963,0.38663,0.27530,0.53119,-0.17642,0.25019,0.03154,0.87967,0.38660,0.27519,0.06,-0.11,0.01
5.8151,93,0.16863,-0.02445,-0.37542,0.60665,0.69478,-0.31959,-0.21709,1,0.53111,-0.17632,0.25020,0.03128,0.87961,0.38669,0.27529,0.53131,-0.17665,0.25028,0.03192,0.87972,0.38656,0.27503,0.20,-0.33,0.07
5.8318,94,0.17159,-0.02162,-0.37710,0.60596,0.69874,-0.31721,-0.20966,1,0.53108,-0.17634,0.25028,0.03115,0.87960,0.38669,0.27534,0.53149,-0.17698,0.25044,0.03249,0.87980,0.38649,0.27480,0.41,-0.64,0.15
5.8488,95,0.17424,-0.01838,-0.37870,0.60423,0.70397,-0.31306,-0.20329,1,0.53105,-0.17642,0.25042,0.03110,0.87958,0.38672,0.27536,0.53172,-0.17740,0.25068,0.03326,0.87990,0.38640,0.27453,0.67,-0.98,0.26
5.8660,96,0.17663,-0.01540,-0.38025,0.60144,0.71155,-0.30452,-0.19808,1,0.53107,-0.17662,0.25061,0.03123,0.87958,0.38669,0.27538,0.53201,-0.17791,0.25103,0.03424,0.88000,0.38630,0.27422,0.94,-1.29,0.42
5.8827,97,0.18129,-0.00885,-0.38413,0.59645,0.72996,-0.28015,-0.18145,1,0.53114,-0.17689,0.25084,0.03151,0.87954,0.38679,0.27534,0.53234,-0.17850,0.25148,0.03542,0.88009,0.38621,0.27390,1.21,-1.61,0.64
5.8993,98,0.18374,-0.00472,-0.38563,0.59647,0.73751,-0.26580,-0.17218,1,0.53124,-0.17719,0.25108,0.03185,0.87957,0.38676,0.27524,0.53273,-0.17914,0.25205,0.03681,0.88017,0.38615,0.27358,1.49,-1.96,0.97
5.9156,99,0.18553,0.00024,-0.38699,0.59445,0.74487,-0.25092,-0.16982,1,0.53136,-0.17760,0.25134,0.03235,0.87964,0.38670,0.27504,0.53316,-0.17984,0.25273,0.03841,0.88021,0.38612,0.27325,1.79,-2.24,1.40
5.9323,100,0.18654,0.00569,-0.38845,0.59339,0.75181,-0.22823,-0.17485,1,0.53156,-0.17807,0.25167,0.03307,0.87969,0.38666,0.27485,0.53362,-0.18056,0.25355,0.04019,0.88020,0.38618,0.27294,2.05,-2.49,1.89
5.9491,101,0.18717,0.01140,-0.39018,0.59429,0.75835,-0.19826,-0.18006,1,0.53188,-0.17866,0.25215,0.03412,0.87974,0.38662,0.27463,0.53410,-0.18128,0.25451,0.04214,0.88014,0.38633,0.27264,2.23,-2.62,2.36
5.9658,102,0.18936,0.02172,-0.39269,0.60432,0.76333,-0.13920,-0.18098,1,0.53223,-0.17929,0.25273,0.03532,0.87978,0.38660,0.27437,0.53461,-0.18200,0.25560,0.04422,0.87999,0.38663,0.27236,2.38,-2.71,2.88
5.9828,103,0.18997,0.02682,-0.39351,0.60200,0.76859,-0.12084,-0.17962,1,0.53261,-0.17994,0.25341,0.03674,0.87980,0.38663,0.27407,0.53514,-0.18269,0.25683,0.04643,0.87977,0.38706,0.27209,2.52,-2.75,3.43
5.9994,104,0.18997,0.03186,-0.39530,0.59827,0.77447,-0.09828,-0.18059,1,0.53300,-0.18061,0.25414,0.03827,0.87980,0.38668,0.27379,0.53567,-0.18334,0.25820,0.04877,0.87946,0.38764,0.27185,2.67,-2.73,4.06
6.0160,105,0.18969,0.03720,-0.39661,0.59654,0.77881,-0.06998,-0.18083,1,0.53344,-0.18135,0.25501,0.04008,0.87974,0.38685,0.27349,0.53620,-0.18393,0.25968,0.05123,0.87907,0.38837,0.27162,2.77,-2.58,4.67
6.0329,106,0.18962,0.04233,-0.39772,0.59528,0.78157,-0.03572,-0.18310,1,0.53391,-0.18211,0.25602,0.04206,0.87962,0.38711,0.27323,0.53673,-0.18443,0.26128,0.05379,0.87859,0.38925,0.27142,2.82,-2.31,5.26
6.0496,107,0.19012,0.05235,-0.39923,0.58838,0.78767,0.02170,-0.18144,1,0.53440,-0.18283,0.25713,0.04410,0.87942,0.38750,0.27297,0.53724,-0.18484,0.26297,0.05645,0.87802,0.39029,0.27124,2.84,-2.01,5.85
6.0665,108,0.18941,0.05701,-0.39979,0.58447,0.79067,0.04146,-0.17754,1,0.53493,-0.18352,0.25840,0.04636,0.87913,0.38805,0.27274,0.53772,-0.18515,0.26476,0.05920,0.87735,0.39149,0.27109,2.79,-1.63,6.36
6.0835,109,0.18911,0.06185,-0.40029,0.58205,0.79180,0.06281,-0.17413,1,0.53547,-0.18410,0.25980,0.04871,0.87876,0.38876,0.27254,0.53815,-0.18535,0.26662,0.06205,0.87659,0.39284,0.27097,2.69,-1.25,6.82
6.1001,110,0.18839,0.06652,-0.40023,0.58103,0.79148,0.08274,-0.17062,1,0.53597,-0.18458,0.26124,0.05106,0.87833,0.38956,0.27236,0.53853,-0.18543,0.26854,0.06499,0.87573,0.39436,0.27086,2.56,-0.85,7.30
6.1165,111,0.18721,0.07066,-0.39959,0.58080,0.78941,0.10541,-0.16850,1,0.53649,-0.18500,0.26292,0.05368,0.87779,0.39053,0.27218,0.53883,-0.18541,0.27046,0.06801,0.87477,0.39603,0.27077,2.33,-0.40,7.54
6.1338,112,0.18540,0.07840,-0.39809,0.57364,0.78541,0.16419,-0.16466,1,0.53698,-0.18531,0.26467,0.05635,0.87718,0.39166,0.27199,0.53902,-0.18530,0.27242,0.07111,0.87371,0.39788,0.27069,2.04,0.01,7.75
6.1505,113,0.18407,0.08149,-0.39711,0.56577,0.78806,0.18497,-0.15703,1,0.53742,-0.18556,0.26649,0.05916,0.87648,0.39295,0.27180,0.53912,-0.18512,0.27429,0.07428,0.87255,0.39988,0.27063,1.70,0.44,7.80
6.1667,114,0.18272,0.08472,-0.39653,0.55890,0.79001,0.20207,-0.15059,1,0.53778,-0.18571,0.26824,0.06186,0.87574,0.39429,0.27165,0.53916,-0.18490,0.27605,0.07755,0.87128,0.40205,0.27058,1.38,0.81,7.81
6.1834,115,0.18095,0.08788,-0.39558,0.55709,0.78783,0.21677,-0.14827,1,0.53810,-0.18575,0.27004,0.06465,0.87490,0.39577,0.27154,0.53915,-0.18463,0.27769,0.08090,0.86991,0.40437,0.27054,1.04,1.12,7.65
6.2002,116,0.17899,0.09090,-0.39403,0.55834,0.78221,0.23220,-0.14995,1,0.53838,-0.18565,0.27201,0.06773,0.87388,0.39757,0.27145,0.53907,-0.18431,0.27922,0.08432,0.86844,0.40686,0.27050,0.69,1.34,7.21
6.2173,117,0.17416,0.09533,-0.38990,0.56058,0.76657,0.27353,-0.15265,1,0.53856,-0.18549,0.27396,0.07093,0.87276,0.39952,0.27137,0.53890,-0.18391,0.28069,0.08775,0.86686,0.40954,0.27044,0.34,1.58,6.73
6.2340,118,0.17158,0.09697,-0.38804,0.55631,0.76000,0.30118,-0.14899,1,0.53864,-0.18527,0.27578,0.07416,0.87155,0.40165,0.27125,0.53865,-0.18343,0.28207,0.09120,0.86518,0.41239,0.27035,0.01,1.83,6.29
6.2510,119,0.16867,0.09792,-0.38594,0.54933,0.75630,0.32672,-0.13966,1,0.53865,-0.18502,0.27752,0.07755,0.87022,0.40395,0.27118,0.53834,-0.18290,0.28334,0.09468,0.86340,0.41542,0.27021,-0.30,2.13,5.82
6.2672,120,0.16570,0.09905,-0.38447,0.54318,0.75073,0.35171,-0.13286,1,0.53859,-0.18474,0.27909,0.08081,0.86886,0.40626,0.27112,0.53798,-0.18230,0.28450,0.09817,0.86158,0.41849,0.27003,-0.61,2.44,5.41
6.2845,121,0.16240,0.10018,-0.38311,0.53895,0.74379,0.37389,-0.12851,1,0.53843,-0.18432,0.28075,0.08443,0.86726,0.40899,0.27102,0.53758,-0.18164,0.28554,0.10164,0.85973,0.42157,0.26982,-0.84,2.68,4.79
6.3011,122,0.15883,0.10157,-0.38199,0.53649,0.73638,0.39280,-0.12504,1,0.53818,-0.18387,0.28207,0.08761,0.86578,0.41156,0.27086,0.53716,-0.18092,0.28646,0.10510,0.85787,0.42466,0.26957,-1.03,2.95,4.39
6.3179,123,0.15050,0.10301,-0.38011,0.53569,0.72792,0.41201,-0.11585,1,0.53788,-0.18334,0.28335,0.09106,0.86410,0.41443,0.27070,0.53672,-0.18009,0.28729,0.10855,0.85601,0.42774,0.26925,-1.17,3.24,3.94
6.3349,124,0.14589,0.10315,-0.37903,0.53731,0.72019,0.42382,-0.11396,1,0.53756,-0.18277,0.28457,0.09462,0.86233,0.41743,0.27055,0.53626,-0.17917,0.28803,0.11198,0.85413,0.43084,0.26889,-1.29,3.61,3.46
6.3513,125,0.14589,0.10315,-0.37903,0.53731,0.72019,0.42382,-0.11396,1,0.53723,-0.18220,0.28567,0.09800,0.86061,0.42030,0.27037,0.53582,-0.17818,0.28864,0.11540,0.85223,0.43393,0.26851,-1.41,4.02,2.97
6.3679,126,0.13717,0.10147,-0.37592,0.53887,0.69549,0.46158,-0.11344,1,0.53682,-0.18149,0.28669,0.10145,0.85879,0.42336,0.27009,0.53537,-0.17712,0.28914,0.11872,0.85029,0.43710,0.26805,-1.45,4.38,2.45
6.3850,127,0.12843,0.10031,-0.37412,0.52796,0.67325,0.50695,-0.10486,1,0.53640,-0.18071,0.28757,0.10488,0.85693,0.42647,0.26979,0.53491,-0.17595,0.28955,0.12200,0.84834,0.44028,0.26755,-1.49,4.76,1.97
6.4015,128,0.12377,0.09949,-0.37395,0.51967,0.67242,0.51836,-0.09541,1,0.53602,-0.17994,0.28833,0.10814,0.85514,0.42941,0.26953,0.53446,-0.17468,0.28985,0.12533,0.84638,0.44342,0.26704,-1.57,5.25,1.52
6.4186,129,0.11924,0.09821,-0.37339,0.51565,0.67107,0.52529,-0.08856,1,0.53556,-0.17895,0.28904,0.11173,0.85309,0.43277,0.26918,0.53401,-0.17334,0.29005,0.12868,0.84441,0.44652,0.26651,-1.55,5.62,1.01
6.4350,130,0.11486,0.09655,-0.37307,0.51721,0.66168,0.53531,-0.09010,1,0.53515,-0.17798,0.28962,0.11493,0.85124,0.43577,0.26885,0.53359,-0.17192,0.29013,0.13198,0.84242,0.44965,0.26595,-1.56,6.07,0.51
6.4518,131,0.10662,0.09237,-0.37177,0.52143,0.63832,0.55860,-0.09283,1,0.53467,-0.17690,0.29011,0.11826,0.84929,0.43896,0.26838,0.53319,-0.17042,0.29009,0.13519,0.84039,0.45285,0.26531,-1.48,6.48,-0.02
6.4684,132,0.10271,0.08985,-0.37116,0.51941,0.62894,0.57128,-0.09107,1,0.53417,-0.17577,0.29047,0.12164,0.84730,0.44220,0.26785,0.53280,-0.16887,0.28993,0.13837,0.83835,0.45605,0.26465,-1.36,6.90,-0.54
6.4856,133,0.09879,0.08784,-0.37097,0.51454,0.62124,0.58455,-0.08722,1,0.53370,-0.17457,0.29074,0.12499,0.84529,0.44542,0.26733,0.53245,-0.16727,0.28964,0.14155,0.83629,0.45924,0.26398,-1.25,7.30,-1.10
6.5020,134,0.09505,0.08567,-0.37111,0.50718,0.61846,0.59463,-0.08181,1,0.53328,-0.17335,0.29090,0.12805,0.84342,0.44837,0.26685,0.53214,-0.16566,0.28922,0.14475,0.83421,0.46240,0.26330,-1.14,7.69,-1.68
6.5193,135,0.09119,0.08345,-0.37146,0.50266,0.61369,0.60381,-0.07823,1,0.53288,-0.17190,0.29095,0.13121,0.84138,0.45159,0.26633,0.53189,-0.16405,0.28867,0.14794,0.83211,0.46555,0.26262,-0.99,7.84,-2.28
6.5356,136,0.08360,0.07894,-0.37233,0.50226,0.59620,0.62125,-0.07952,1,0.53250,-0.17052,0.29092,0.13419,0.83946,0.45458,0.26583,0.53169,-0.16242,0.28800,0.15108,0.82999,0.46873,0.26189,-0.81,8.10,-2.92
6.5521,137,0.08047,0.07622,-0.37212,0.50301,0.58659,0.62974,-0.07950,1,0.53211,-0.16893,0.29074,0.13731,0.83735,0.45789,0.26520,0.53157,-0.16080,0.28721,0.15418,0.82784,0.47193,0.26114,-0.54,8.13,-3.53
6.5689,138,0.07752,0.07323,-0.37224,0.50134,0.57373,0.64262,-0.08080,1,0.53173,-0.16731,0.29043,0.14040,0.83525,0.46115,0.26455,0.53150,-0.15924,0.28631,0.15724,0.82567,0.47514,0.26036,-0.23,8.07,-4.12
6.5861,139,0.07438,0.07050,-0.37252,0.49699,0.56248,0.65598,-0.07945,1,0.53139,-0.16573,0.28998,0.14348,0.83311,0.46447,0.26385,0.53150,-0.15778,0.28534,0.16028,0.82348,0.47836,0.25956,0.11,7.95,-4.65
6.6030,140,0.07118,0.06805,-0.37315,0.49019,0.55539,0.66768,-0.07390,1,0.53116,-0.16419,0.28948,0.14659,0.83091,0.46782,0.26315,0.53156,-0.15644,0.28434,0.16332,0.82127,0.48155,0.25875,0.40,7.75,-5.14
6.6196,141,0.06806,0.06608,-0.37370,0.48361,0.55356,0.67468,-0.06706,1,0.53093,-0.16264,0.28885,0.14956,0.82876,0.47108,0.26243,0.53167,-0.15522,0.28339,0.16639,0.81905,0.48471,0.25794,0.73,7.42,-5.46
6.6360,142,0.06137,0.06221,-0.37470,0.48481,0.54090,0.68436,-0.06357,1,0.53077,-0.16124,0.28818,0.15232,0.82670,0.47418,0.26177,0.53181,-0.15387,0.28241,0.16942,0.81681,0.48788,0.25708,1.03,7.36,-5.77
6.6530,143,0.05830,0.05976,-0.37455,0.48796,0.52931,0.69107,-0.06441,1,0.53061,-0.15988,0.28744,0.15520,0.82454,0.47737,0.26108,0.53191,-0.15260,0.28147,0.17242,0.81456,0.49107,0.25617,1.30,7.28,-5.96
6.6698,144,0.05501,0.05733,-0.37435,0.48846,0.51639,0.70052,-0.06337,1,0.53049,-0.15858,0.28673,0.15780,0.82251,0.48035,0.26046,0.53200,-0.15137,0.28057,0.17537,0.81229,0.49426,0.25522,1.51,7.21,-6.16
6.6866,145,0.05193,0.05499,-0.37416,0.48543,0.50610,0.71049,-0.05858,1,0.53036,-0.15741,0.28603,0.15984,0.82084,0.48278,0.25998,0.53205,-0.15020,0.27970,0.17831,0.81000,0.49745,0.25425,1.69,7.21,-6.33
6.7029,146,0.04864,0.05289,-0.37426,0.48142,0.49714,0.71998,-0.05218,1,0.53026,-0.15656,0.28552,0.16151,0.81949,0.48473,0.25958,0.53211,-0.14905,0.27887,0.18126,0.80771,0.50062,0.25324,1.85,7.51,-6.65
6.7197,147,0.04071,0.05000,-0.37577,0.47618,0.48999,0.72930,-0.03576,1,0.53013,-0.15594,0.28508,0.16317,0.81811,0.48681,0.25899,0.53220,-0.14777,0.27804,0.18424,0.80542,0.50374,0.25218,2.07,8.16,-7.05
6.7368,148,0.03662,0.04882,-0.37646,0.47943,0.49090,0.72685,-0.02936,1,0.53005,-0.15544,0.28485,0.16514,0.81636,0.48950,0.25822,0.53234,-0.14643,0.27728,0.18724,0.80313,0.50683,0.25109,2.29,9.00,-7.57
6.7537,149,0.03258,0.04752,-0.37726,0.48752,0.48532,0.72524,-0.02840,1,0.52999,-0.15484,0.28473,0.16728,0.81428,0.49271,0.25731,0.53250,-0.14511,0.27659,0.19021,0.80083,0.50993,0.24993,2.51,9.73,-8.15
6.7704,150,0.02506,0.04420,-0.37823,0.50095,0.47199,0.72500,-0.02543,1,0.52987,-0.15410,0.28463,0.16921,0.81224,0.49587,0.25641,0.53267,-0.14366,0.27585,0.19312,0.79853,0.51304,0.24868,2.80,10.44,-8.78
6.7867,151,0.02119,0.04284,-0.37924,0.50188,0.47167,0.72476,-0.01920,1,0.52971,-0.15315,0.28452,0.17115,0.81001,0.49933,0.25546,0.53287,-0.14223,0.27516,0.19605,0.79623,0.51612,0.24739,3.16,10.92,-9.36
6.8037,152,0.01724,0.04173,-0.38083,0.50230,0.47590,0.72187,-0.01064,1,0.52948,-0.15219,0.28441,0.17304,0.80776,0.50287,0.25439,0.53312,-0.14084,0.27453,0.19901,0.79393,0.51915,0.24608,3.64,11.35,-9.88
6.8206,153,0.01329,0.04072,-0.38255,0.50626,0.48174,0.71528,-0.00173,1,0.52923,-0.15116,0.28440,0.17493,0.80533,0.50666,0.25328,0.53341,-0.13949,0.27395,0.20200,0.79163,0.52214,0.24472,4.18,11.67,-10.44
6.8375,154,0.00974,0.03942,-0.38419,0.51556,0.48340,0.70746,0.00447,1,0.52897,-0.14998,0.28447,0.17675,0.80276,0.51068,0.25207,0.53373,-0.13818,0.27341,0.20499,0.78934,0.52510,0.24330,4.76,11.80,-11.06
6.8537,155,0.00620,0.03797,-0.38604,0.52706,0.48017,0.70112,0.00846,1,0.52872,-0.14881,0.28463,0.17839,0.80030,0.51458,0.25083,0.53409,-0.13692,0.27288,0.20796,0.78705,0.52805,0.24179,5.37,11.89,-11.75
6.8703,156,-0.00038,0.03519,-0.38944,0.54143,0.48517,0.68622,0.02379,1,0.52852,-0.14757,0.28487,0.17995,0.79779,0.51855,0.24952,0.53455,-0.13556,0.27231,0.21096,0.78481,0.53093,0.24017,6.03,12.01,-12.55
6.8873,157,-0.00306,0.03374,-0.39082,0.54433,0.49236,0.67846,0.03143,1,0.52839,-0.14626,0.28518,0.18154,0.79509,0.52284,0.24801,0.53501,-0.13427,0.27176,0.21400,0.78257,0.53377,0.23852,6.62,11.99,-13.42
6.9041,158,-0.00533,0.03204,-0.39206,0.54732,0.49334,0.67522,0.03350,1,0.52836,-0.14500,0.28558,0.18315,0.79240,0.52713,0.24638,0.53546,-0.13308,0.27121,0.21703,0.78032,0.53658,0.23683,7.11,11.93,-14.37
6.9211,159,-0.00761,0.03011,-0.39369,0.54974,0.48996,0.67584,0.03114,1,0.52842,-0.14386,0.28596,0.18467,0.78982,0.53123,0.24470,0.53592,-0.13197,0.27066,0.22004,0.77804,0.53939,0.23513,7.50,11.89,-15.30
6.9375,160,-0.00978,0.02810,-0.39507,0.55038,0.48829,0.67653,0.03090,1,0.52859,-0.14285,0.28636,0.18615,0.78738,0.53509,0.24302,0.53637,-0.13094,0.27009,0.22303,0.77575,0.54220,0.23343,7.78,11.91,-16.27
6.9542,161,-0.01185,0.02618,-0.39673,0.55034,0.48787,0.67685,0.03119,1,0.52879,-0.14199,0.28674,0.18760,0.78504,0.53880,0.24125,0.53683,-0.12998,0.26953,0.22601,0.77344,0.54499,0.23171,8.04,12.01,-17.21
6.9710,162,-0.01569,0.02270,-0.40072,0.55739,0.49018,0.66919,0.03495,1,0.52903,-0.14111,0.28709,0.18907,0.78263,0.54263,0.23935,0.53740,-0.12899,0.26889,0.22900,0.77114,0.54776,0.22994,8.37,12.12,-18.20
6.9877,163,-0.01771,0.02096,-0.40263,0.56342,0.49388,0.66112,0.03960,1,0.52935,-0.14024,0.28751,0.19053,0.78029,0.54627,0.23758,0.53798,-0.12806,0.26827,0.23199,0.76883,0.55049,0.22812,8.63,12.18,-19.24
7.0046,164,-0.01982,0.01935,-0.40458,0.57338,0.49427,0.65191,0.04419,1,0.52965,-0.13945,0.28789,0.19194,0.77803,0.54977,0.23574,0.53856,-0.12718,0.26767,0.23497,0.76654,0.55319,0.22623,8.91,12.27,-20.22
7.0211,165,-0.02174,0.01730,-0.40626,0.58529,0.49272,0.64218,0.04774,1,0.53000,-0.13865,0.28823,0.19336,0.77576,0.55334,0.23373,0.53913,-0.12636,0.26706,0.23792,0.76427,0.55588,0.22425,9.13,12.30,-21.17
7.0380,166,-0.02543,0.01251,-0.40964,0.60031,0.49103,0.62871,0.05686,1,0.53039,-0.13789,0.28861,0.19478,0.77355,0.55675,0.23174,0.53976,-0.12549,0.26634,0.24085,0.76204,0.55852,0.22214,9.37,12.40,-22.26
7.0546,167,-0.02783,0.01029,-0.41181,0.60157,0.49528,0.62361,0.06263,1,0.53077,-0.13720,0.28897,0.19627,0.77133,0.56020,0.22959,0.54041,-0.12464,0.26561,0.24380,0.75981,0.56112,0.22001,9.64,12.56,-23.36
7.0714,168,-0.03044,0.00833,-0.41422,0.60325,0.50266,0.61554,0.06726,1,0.53118,-0.13653,0.28928,0.19768,0.76924,0.56343,0.22747,0.54107,-0.12380,0.26490,0.24679,0.75758,0.56366,0.21785,9.89,12.73,-24.38
7.0881,169,-0.03044,0.00833,-0.41422,0.60325,0.50266,0.61554,0.06726,1,0.53161,-0.13586,0.28963,0.19900,0.76731,0.56638,0.22550,0.54165,-0.12305,0.26427,0.24977,0.75533,0.56619,0.21569,10.04,12.81,-25.36
7.1048,170,-0.03602,0.00437,-0.41881,0.61605,0.51661,0.59065,0.06883,1,0.53202,-0.13514,0.28996,0.20049,0.76522,0.56965,0.22304,0.54233,-0.12220,0.26359,0.25276,0.75311,0.56866,0.21345,10.30,12.94,-26.38
7.1215,171,-0.04041,-0.00065,-0.42228,0.64366,0.50438,0.57262,0.05842,1,0.53243,-0.13446,0.29021,0.20182,0.76340,0.57254,0.22064,0.54306,-0.12129,0.26280,0.25561,0.75091,0.57118,0.21107,10.63,13.17,-27.42
7.1388,172,-0.04218,-0.00292,-0.42389,0.64954,0.50231,0.56769,0.05926,1,0.53297,-0.13369,0.29062,0.20342,0.76141,0.57563,0.21801,0.54376,-0.12042,0.26200,0.25840,0.74872,0.57370,0.20861,10.78,13.27,-28.62
7.1557,173,-0.04372,-0.00473,-0.42579,0.65010,0.50574,0.56353,0.06360,1,0.53347,-0.13302,0.29095,0.20508,0.75943,0.57876,0.21506,0.54444,-0.11962,0.26124,0.26120,0.74652,0.57618,0.20613,10.97,13.40,-29.71
7.1721,174,-0.04544,-0.00627,-0.42840,0.65017,0.51268,0.55663,0.06790,1,0.53393,-0.13233,0.29113,0.20658,0.75763,0.58168,0.21207,0.54513,-0.11887,0.26053,0.26405,0.74433,0.57860,0.20363,11.20,13.46,-30.61
7.1887,175,-0.04697,-0.00750,-0.43076,0.65337,0.51967,0.54604,0.06988,1,0.53448,-0.13147,0.29133,0.20817,0.75576,0.58468,0.20891,0.54583,-0.11816,0.25987,0.26691,0.74215,0.58098,0.20110,11.35,13.31,-31.45
7.2053,176,-0.04895,-0.01125,-0.43419,0.67076,0.51928,0.52578,0.06310,1,0.53500,-0.13056,0.29142,0.20969,0.75396,0.58762,0.20561,0.54658,-0.11748,0.25914,0.26967,0.73999,0.58336,0.19845,11.58,13.09,-32.28
7.2227,177,-0.04962,-0.01332,-0.43556,0.67797,0.51456,0.52179,0.05766,1,0.53559,-0.12955,0.29142,0.21127,0.75220,0.59059,0.20190,0.54728,-0.11687,0.25843,0.27236,0.73782,0.58577,0.19576,11.69,12.68,-32.99
7.2396,178,-0.05024,-0.01509,-0.43698,0.68096,0.51263,0.52015,0.05434,1,0.53628,-0.12843,0.29140,0.21301,0.75042,0.59360,0.19784,0.54793,-0.11634,0.25774,0.27501,0.73562,0.58819,0.19304,11.65,12.09,-33.65
7.2559,179,-0.05103,-0.01631,-0.43874,0.68157,0.51401,0.51817,0.05254,1,0.53693,-0.12747,0.29132,0.21466,0.74882,0.59630,0.19395,0.54856,-0.11585,0.25711,0.27764,0.73341,0.59059,0.19033,11.63,11.62,-34.20
7.2723,180,-0.05197,-0.01727,-0.44058,0.68352,0.51620,0.51355,0.05098,1,0.53763,-0.12653,0.29120,0.21637,0.74731,0.59885,0.18994,0.54918,-0.11540,0.25654,0.28026,0.73119,0.59298,0.18760,11.55,11.13,-34.66
7.2892,181,-0.05278,-0.01829,-0.44223,0.68872,0.51598,0.50703,0.04842,1,0.53837,-0.12548,0.29098,0.21823,0.74575,0.60150,0.18553,0.54978,-0.11498,0.25601,0.28285,0.72896,0.59537,0.18483,11.41,10.50,-34.97
7.3063,182,-0.05388,-0.02149,-0.44491,0.70005,0.51077,0.49706,0.04446,1,0.53913,-0.12436,0.29070,0.22015,0.74420,0.60410,0.18101,0.55041,-0.11458,0.25541,0.28533,0.72674,0.59776,0.18196,11.28,9.78,-35.29
7.3230,183,-0.05412,-0.02327,-0.44629,0.70274,0.50921,0.49475,0.04560,1,0.53989,-0.12327,0.29032,0.22216,0.74274,0.60653,0.17638,0.55101,-0.11423,0.25482,0.28778,0.72453,0.60014,0.17906,11.11,9.04,-35.50
7.3399,184,-0.05414,-0.02470,-0.44805,0.70348,0.51070,0.49190,0.04841,1,0.54069,-0.12221,0.28986,0.22429,0.74125,0.60889,0.17172,0.55159,-0.11394,0.25426,0.29025,0.72232,0.60248,0.17614,10.90,8.26,-35.61
7.3565,185,-0.05404,-0.02601,-0.44971,0.70532,0.51246,0.48723,0.05019,1,0.54153,-0.12113,0.28931,0.22665,0.73966,0.61127,0.16700,0.55216,-0.11371,0.25372,0.29271,0.72010,0.60479,0.17319,10.63,7.43,-35.59
7.3730,186,-0.05373,-0.02738,-0.45131,0.71040,0.51131,0.48123,0.04821,1,0.54236,-0.12019,0.28866,0.22900,0.73821,0.61334,0.16257,0.55271,-0.11352,0.25321,0.29513,0.71789,0.60709,0.17019,10.35,6.66,-35.45
7.3896,187,-0.05239,-0.02981,-0.45404,0.72075,0.50845,0.46929,0.04204,1,0.54326,-0.11922,0.28779,0.23161,0.73671,0.61537,0.15793,0.55331,-0.11344,0.25266,0.29743,0.71570,0.60941,0.16711,10.06,5.78,-35.13
7.4066,188,-0.05147,-0.03099,-0.45526,0.72363,0.50893,0.46452,0.03974,1,0.54417,-0.11832,0.28675,0.23446,0.73511,0.61737,0.15328,0.55387,-0.11342,0.25214,0.29971,0.71350,0.61172,0.16400,9.71,4.90,-34.60
7.4235,189,-0.05023,-0.03183,-0.45664,0.72566,0.50990,0.46039,0.03821,1,0.54512,-0.11750,0.28556,0.23751,0.73345,0.61931,0.14866,0.55441,-0.11346,0.25167,0.30195,0.71129,0.61402,0.16087,9.29,4.04,-33.88
7.4404,190,-0.04711,-0.03357,-0.45976,0.72882,0.51467,0.45018,0.03578,1,0.54609,-0.11672,0.28435,0.24058,0.73184,0.62102,0.14448,0.55500,-0.11362,0.25119,0.30418,0.70908,0.61629,0.15771,8.91,3.10,-33.16
7.4572,191,-0.04711,-0.03357,-0.45976,0.72882,0.51467,0.45018,0.03578,1,0.54720,-0.11593,0.28301,0.24407,0.73008,0.62271,0.14019,0.55551,-0.11379,0.25079,0.30640,0.70686,0.61854,0.15454,8.30,2.14,-32.22
7.4735,192,-0.04354,-0.03540,-0.46321,0.73827,0.51675,0.43251,0.02939,1,0.54827,-0.11525,0.28165,0.24758,0.72836,0.62421,0.13622,0.55608,-0.11407,0.25037,0.30851,0.70467,0.62079,0.15127,7.81,1.18,-31.28
7.4905,193,-0.04182,-0.03623,-0.46471,0.74535,0.51506,0.42253,0.02498,1,0.54949,-0.11449,0.28001,0.25176,0.72628,0.62589,0.13190,0.55665,-0.11442,0.24997,0.31053,0.70250,0.62305,0.14793,7.16,0.07,-30.04
7.5069,194,-0.04014,-0.03669,-0.46640,0.75165,0.51383,0.41298,0.02099,1,0.55058,-0.11391,0.27843,0.25564,0.72431,0.62736,0.12820,0.55721,-0.11480,0.24962,0.31245,0.70034,0.62530,0.14453,6.63,-0.89,-28.81
7.5238,195,-0.03639,-0.03759,-0.46951,0.75742,0.51829,0.39665,0.01892,1,0.55170,-0.11346,0.27658,0.25981,0.72232,0.62870,0.12447,0.55783,-0.11530,0.24928,0.31432,0.69824,0.62751,0.14104,6.13,-1.84,-27.30
7.5406,196,-0.03442,-0.03761,-0.47120,0.75802,0.52259,0.38974,0.02003,1,0.55290,-0.11318,0.27479,0.26427,0.72006,0.63010,0.12101,0.55844,-0.11582,0.24899,0.31619,0.69615,0.62967,0.13751,5.53,-2.64,-25.79
7.5571,197,-0.03242,-0.03747,-0.47286,0.75671,0.52993,0.38223,0.02151,1,0.55408,-0.11301,0.27311,0.26863,0.71779,0.63142,0.11800,0.55902,-0.11635,0.24876,0.31810,0.69407,0.63177,0.13396,4.95,-3.34,-24.35
7.5738,198,-0.03041,-0.03716,-0.47451,0.75622,0.53672,0.37355,0.02295,1,0.55530,-0.11294,0.27125,0.27329,0.71536,0.63272,0.11507,0.55959,-0.11689,0.24859,0.32004,0.69200,0.63380,0.13037,4.29,-3.96,-22.66
7.5912,199,-0.02826,-0.03671,-0.47619,0.75783,0.54111,0.36387,0.02212,1,0.55647,-0.11290,0.26935,0.27798,0.71282,0.63401,0.11245,0.56015,-0.11745,0.24846,0.32196,0.68997,0.63579,0.12674,3.69,-4.56,-20.89
7.6076,200,-0.02593,-0.03577,-0.47793,0.76146,0.54372,0.35242,0.01849,1,0.55759,-0.11297,0.26750,0.28288,0.71017,0.63526,0.10993,0.56071,-0.11804,0.24841,0.32381,0.68796,0.63775,0.12303,3.12,-5.06,-19.09
7.6242,201,-0.02151,-0.03351,-0.48096,0.76689,0.55190,0.32743,0.00907,1,0.55862,-0.11311,0.26577,0.28761,0.70747,0.63652,0.10773,0.56131,-0.11871,0.24844,0.32553,0.68604,0.63967,0.11920,2.69,-5.61,-17.33
7.6412,202,-0.01931,-0.03213,-0.48237,0.76681,0.55838,0.31653,0.00526,1,0.55967,-0.11338,0.26402,0.29264,0.70458,0.63779,0.10564,0.56189,-0.11942,0.24857,0.32722,0.68413,0.64155,0.11533,2.22,-6.04,-15.45
7.6577,203,-0.01713,-0.03060,-0.48334,0.76457,0.56588,0.30855,0.00218,1,0.56065,-0.11378,0.26243,0.29770,0.70168,0.63895,0.10376,0.56242,-0.12011,0.24876,0.32893,0.68223,0.64339,0.11145,1.77,-6.34,-13.68
7.6748,204,-0.01478,-0.02914,-0.48456,0.76111,0.57316,0.30364,0.00048,1,0.56166,-0.11493,0.26106,0.30295,0.69474,0.64466,0.09989,0.56293,-0.12081,0.24898,0.33070,0.68030,0.64518,0.10759,1.27,-5.88,-12.08
7.6910,205,-0.00989,-0.02663,-0.48677,0.75858,0.58116,0.29463,-0.00170,1,0.56261,-0.11636,0.26000,0.30429,0.69196,0.64726,0.09828,0.56346,-0.12162,0.24929,0.33251,0.67838,0.64690,0.10371,0.85,-5.26,-10.71
7.7079,206,-0.00776,-0.02492,-0.48717,0.75715,0.58559,0.28946,-0.00454,1,0.56380,-0.11791,0.25946,0.30525,0.69108,0.64796,0.09681,0.56392,-0.12242,0.24964,0.33432,0.67645,0.64860,0.09982,0.12,-4.51,-9.83
7.7245,207,-0.00618,-0.02288,-0.48691,0.74996,0.59551,0.28788,-0.00728,1,0.56514,-0.11985,0.25945,0.30769,0.68990,0.64846,0.09416,0.56430,-0.12316,0.25003,0.33628,0.67443,0.65026,0.09603,-0.84,-3.32,-9.42
7.7418,208,-0.00495,-0.02112,-0.48638,0.73483,0.61336,0.28946,-0.00595,1,0.56620,-0.12133,0.25947,0.31047,0.68778,0.64978,0.09141,0.56458,-0.12384,0.25044,0.33839,0.67235,0.65185,0.09234,-1.62,-2.51,-9.03
7.7582,209,-0.00391,-0.02038,-0.48506,0.72027,0.62786,0.29492,-0.00442,1,0.56687,-0.12195,0.25937,0.31306,0.68511,0.65169,0.08900,0.56476,-0.12446,0.25083,0.34066,0.67020,0.65338,0.08878,-2.11,-2.52,-8.54
7.7751,210,-0.00157,-0.01894,-0.47873,0.71044,0.62156,0.32981,-0.01278,1,0.56727,-0.12225,0.25911,0.31611,0.68218,0.65369,0.08597,0.56479,-0.12509,0.25121,0.34300,0.66793,0.65493,0.08536,-2.48,-2.84,-7.90
7.7912,211,-0.00012,-0.01771,-0.47405,0.70340,0.61349,0.35800,-0.02630,0,0.56744,-0.12263,0.25878,0.31910,0.67984,0.65510,0.08273,0.56479,-0.12509,0.25121,0.34300,0.66793,0.65493,0.08536,-2.65,-2.46,-7.57
7.8080,212,0.00081,-0.01679,-0.46870,0.69275,0.60821,0.38542,-0.04035,0,0.56759,-0.12306,0.25861,0.32222,0.67758,0.65632,0.07940,0.56479,-0.12509,0.25121,0.34300,0.66793,0.65493,0.08536,-2.80,-2.03,-7.40
7.8249,213,0.00141,-0.01617,-0.46330,0.67704,0.60700,0.41300,-0.05108,0,0.56775,-0.12366,0.25866,0.32518,0.67558,0.65728,0.07640,0.56479,-0.12509,0.25121,0.34300,0.66793,0.65493,0.08536,-2.96,-1.43,-7.45
7.8417,214,0.00199,-0.01625,-0.45746,0.65870,0.60801,0.43944,-0.05777,0,0.56786,-0.12418,0.25876,0.32775,0.67361,0.65831,0.07388,0.56479,-0.12509,0.25121,0.34300,0.66793,0.65493,0.08536,-3.07,-0.91,-7.55
7.8584,215,0.00361,-0.01721,-0.44627,0.62970,0.59791,0.49187,-0.06370,0,0.56790,-0.12436,0.25875,0.32973,0.67181,0.65937,0.07197,0.56479,-0.12509,0.25121,0.34300,0.66793,0.65493,0.08536,-3.11,-0.73,-7.54
7.8752,216,0.00429,-0.01779,-0.44075,0.61683,0.58970,0.51712,-0.06604,0,0.56785,-0.12444,0.25867,0.33157,0.67013,0.66035,0.07014,0.56479,-0.12509,0.25121,0.34300,0.66793,0.65493,0.08536,-3.06,-0.65,-7.46
7.8920,217,0.00450,-0.01848,-0.43512,0.60568,0.58014,0.54010,-0.06981,0,0.56773,-0.12445,0.25853,0.33309,0.66886,0.66105,0.06855,0.56479,-0.12509,0.25121,0.34300,0.66793,0.65493,0.08536,-2.94,-0.64,-7.32
7.9087,218,0.00458,-0.01844,-0.42932,0.59432,0.56958,0.56297,-0.07364,0,0.56761,-0.12447,0.25839,0.33418,0.66806,0.66142,0.06735,0.56479,-0.12509,0.25121,0.34300,0.66793,0.65493,0.08536,-2.82,-0.62,-7.18
7.9253,219,0.00456,-0.01931,-0.42339,0.58417,0.55494,0.58665,-0.08139,0,0.56754,-0.12460,0.25835,0.33488,0.66764,0.66157,0.06665,0.56479,-0.12509,0.25121,0.34300,0.66793,0.65493,0.08536,-2.75,-0.49,-7.13
7.9420,220,0.00444,-0.02004,-0.41881,0.57147,0.54090,0.61050,-0.09022,0,0.56749,-0.12478,0.25837,0.33516,0.66748,0.66161,0.06646,0.56479,-0.12509,0.25121,0.34300,0.66793,0.65493,0.08536,-2.70,-0.31,-7.15
7.9590,221,0.00314,-0.02017,-0.40814,0.54438,0.53231,0.64155,-0.09336,1,0.56750,-0.12491,0.25839,0.33500,0.66751,0.66162,0.06684,0.56750,-0.12491,0.25839,0.33500,0.66751,0.66162,0.06684,0.00,0.00,0.00
7.9758,222,0.00204,-0.02054,-0.40384,0.53357,0.52532,0.65549,-0.09840,1,0.56754,-0.12495,0.25844,0.33449,0.66773,0.66157,0.06768,0.56736,-0.12488,0.25838,0.33504,0.66735,0.66175,0.06685,-0.18,0.07,-0.06
7.9930,223,0.00095,-0.02052,-0.39976,0.52643,0.51572,0.66804,-0.10312,1,0.56761,-0.12487,0.25854,0.33373,0.66835,0.66123,0.06858,0.56709,-0.12481,0.25836,0.33513,0.66705,0.66202,0.06684,-0.52,0.07,-0.18
8.0094,224,0.00001,-0.02070,-0.39572,0.51949,0.50609,0.68022,-0.10629,1,0.56763,-0.12482,0.25859,0.33287,0.66958,0.66038,0.06895,0.56669,-0.12470,0.25835,0.33526,0.66659,0.66242,0.06680,-0.94,0.12,-0.24
8.0259,225,-0.00333,-0.02000,-0.39016,0.49913,0.50658,0.69557,-0.10211,1,0.56760,-0.12475,0.25859,0.33245,0.67065,0.65956,0.06845,0.56616,-0.12454,0.25834,0.33547,0.66597,0.66293,0.06678,-1.43,0.21,-0.25
8.0428,226,-0.00592,-0.01894,-0.38845,0.49186,0.51665,0.69403,-0.09733,1,0.56753,-0.12432,0.25858,0.33271,0.67083,0.65935,0.06748,0.56554,-0.12428,0.25836,0.33577,0.66521,0.66355,0.06681,-1.99,0.04,-0.21
8.0599,227,-0.00953,-0.01690,-0.38795,0.48930,0.52874,0.68703,-0.09493,1,0.56737,-0.12370,0.25849,0.33336,0.67028,0.65970,0.06634,0.56489,-0.12390,0.25845,0.33616,0.66431,0.66424,0.06694,-2.48,-0.20,-0.04
8.0767,228,-0.01395,-0.01405,-0.38805,0.49005,0.55077,0.66953,-0.09075,1,0.56710,-0.12322,0.25836,0.33395,0.66959,0.66020,0.06524,0.56427,-0.12341,0.25862,0.33662,0.66333,0.66495,0.06724,-2.83,-0.19,0.26
8.0929,229,-0.01855,-0.01077,-0.38863,0.49617,0.57441,0.64535,-0.08597,1,0.56685,-0.12282,0.25832,0.33437,0.66915,0.66049,0.06464,0.56370,-0.12281,0.25886,0.33712,0.66236,0.66561,0.06775,-3.15,0.01,0.55
8.1101,230,-0.02646,-0.00342,-0.39075,0.52196,0.60538,0.59470,-0.08597,1,0.56663,-0.12266,0.25845,0.33500,0.66835,0.66103,0.06417,0.56319,-0.12213,0.25919,0.33758,0.66151,0.66616,0.06838,-3.44,0.53,0.74
8.1264,231,-0.02969,0.00033,-0.39231,0.53565,0.61224,0.57443,-0.09097,1,0.56641,-0.12270,0.25873,0.33569,0.66730,0.66176,0.06403,0.56275,-0.12137,0.25962,0.33796,0.66079,0.66660,0.06911,-3.65,1.34,0.89
8.1432,232,-0.03267,0.00395,-0.39441,0.54546,0.61928,0.55690,-0.09397,1,0.56601,-0.12273,0.25902,0.33623,0.66620,0.66256,0.06438,0.56239,-0.12054,0.26013,0.33827,0.66021,0.66694,0.06992,-3.62,2.19,1.10
8.1598,233,-0.03516,0.00807,-0.39673,0.55079,0.63144,0.53814,-0.09117,1,0.56541,-0.12261,0.25918,0.33664,0.66490,0.66360,0.06494,0.56213,-0.11965,0.26073,0.33850,0.65977,0.66716,0.07080,-3.28,2.96,1.54
8.1766,234,-0.03861,0.01640,-0.40206,0.55520,0.65639,0.50390,-0.08359,1,0.56473,-0.12242,0.25927,0.33689,0.66326,0.66507,0.06536,0.56196,-0.11873,0.26142,0.33867,0.65948,0.66727,0.07175,-2.77,3.68,2.15
8.1935,235,-0.03995,0.02130,-0.40502,0.55908,0.66767,0.48548,-0.07721,1,0.56411,-0.12210,0.25939,0.33683,0.66223,0.66606,0.06598,0.56190,-0.11780,0.26220,0.33876,0.65933,0.66726,0.07277,-2.21,4.30,2.82
8.2103,236,-0.04091,0.02595,-0.40840,0.56627,0.67545,0.46683,-0.07195,1,0.56361,-0.12171,0.25970,0.33676,0.66147,0.66678,0.06672,0.56194,-0.11686,0.26308,0.33879,0.65933,0.66713,0.07383,-1.67,4.85,3.38
8.2272,237,-0.04159,0.03050,-0.41169,0.57519,0.68177,0.44730,-0.06531,1,0.56329,-0.12123,0.26022,0.33665,0.66103,0.66718,0.06758,0.56209,-0.11594,0.26403,0.33875,0.65947,0.66688,0.07495,-1.19,5.29,3.81
8.2440,238,-0.04168,0.03417,-0.41458,0.58241,0.68830,0.42870,-0.05708,1,0.56308,-0.12056,0.26095,0.33657,0.66072,0.66744,0.06854,0.56236,-0.11505,0.26506,0.33865,0.65977,0.66650,0.07610,-0.72,5.51,4.11
8.2607,239,-0.04161,0.03785,-0.41765,0.58454,0.69589,0.41448,-0.04745,1,0.56297,-0.11973,0.26186,0.33663,0.66041,0.66761,0.06954,0.56274,-0.11421,0.26615,0.33850,0.66022,0.66600,0.07728,-0.23,5.52,4.30
8.2770,240,-0.04095,0.04536,-0.42441,0.58162,0.71430,0.38833,-0.02644,1,0.56295,-0.11881,0.26279,0.33670,0.66024,0.66764,0.07056,0.56323,-0.11344,0.26730,0.33829,0.66082,0.66537,0.07851,0.28,5.38,4.52
8.2937,241,-0.04039,0.04937,-0.42791,0.58414,0.72087,0.37237,-0.02139,1,0.56301,-0.11768,0.26380,0.33678,0.66019,0.66752,0.07167,0.56382,-0.11274,0.26850,0.33805,0.66157,0.66460,0.07977,0.81,4.94,4.70
8.3104,242,-0.03985,0.05355,-0.43116,0.59027,0.72536,0.35369,-0.01870,1,0.56317,-0.11655,0.26480,0.33686,0.66037,0.66720,0.07275,0.56452,-0.11212,0.26974,0.33775,0.66246,0.66370,0.08107,1.35,4.42,4.94
8.3278,243,-0.03902,0.05766,-0.43410,0.59976,0.72736,0.33300,-0.01847,1,0.56345,-0.11540,0.26598,0.33692,0.66082,0.66658,0.07396,0.56531,-0.11160,0.27102,0.33741,0.66351,0.66267,0.08238,1.85,3.79,5.04
8.3442,244,-0.03781,0.06176,-0.43678,0.60653,0.73045,0.31352,-0.01621,1,0.56380,-0.11441,0.26707,0.33693,0.66137,0.66590,0.07511,0.56619,-0.11119,0.27233,0.33700,0.66471,0.66150,0.08372,2.39,3.23,5.26
8.3612,245,-0.03397,0.06914,-0.44235,0.61074,0.74066,0.27997,-0.00645,1,0.56426,-0.11343,0.26828,0.33692,0.66205,0.66508,0.07641,0.56714,-0.11088,0.27366,0.33655,0.66606,0.66020,0.08507,2.87,2.54,5.38
8.3777,246,-0.03120,0.07288,-0.44535,0.61025,0.74635,0.26560,-0.00279,1,0.56479,-0.11257,0.26947,0.33693,0.66279,0.66419,0.07769,0.56815,-0.11071,0.27502,0.33604,0.66755,0.65877,0.08643,3.36,1.87,5.54
8.3946,247,-0.02832,0.07659,-0.44809,0.60972,0.75116,0.25300,-0.00020,1,0.56543,-0.11182,0.27074,0.33687,0.66380,0.66304,0.07908,0.56921,-0.11066,0.27638,0.33548,0.66920,0.65720,0.08781,3.78,1.16,5.64
8.4111,248,-0.02502,0.08103,-0.45117,0.60777,0.75703,0.23983,0.00255,1,0.56613,-0.11127,0.27200,0.33673,0.66503,0.66172,0.08050,0.57031,-0.11074,0.27775,0.33486,0.67099,0.65550,0.08920,4.18,0.53,5.76
8.4283,249,-0.01809,0.08899,-0.45708,0.60564,0.76964,0.20166,0.01350,1,0.56692,-0.11095,0.27326,0.33655,0.66638,0.66027,0.08193,0.57144,-0.11096,0.27913,0.33419,0.67293,0.65366,0.09062,4.51,-0.01,5.87
8.4445,250,-0.01809,0.08899,-0.45708,0.60564,0.76964,0.20166,0.01350,1,0.56781,-0.11073,0.27452,0.33630,0.66775,0.65882,0.08346,0.57258,-0.11132,0.28049,0.33346,0.67502,0.65168,0.09205,4.77,-0.59,5.97
8.4619,251,-0.00892,0.09683,-0.46285,0.61296,0.77205,0.16734,0.01480,1,0.56878,-0.11062,0.27578,0.33593,0.66915,0.65738,0.08506,0.57372,-0.11182,0.28185,0.33267,0.67724,0.64956,0.09350,4.94,-1.20,6.06
8.4786,252,-0.00412,0.10054,-0.46587,0.61587,0.77402,0.14625,0.01399,1,0.56983,-0.11064,0.27706,0.33545,0.67080,0.65572,0.08673,0.57485,-0.11245,0.28318,0.33182,0.67962,0.64731,0.09495,5.03,-1.81,6.12
8.4948,253,0.00112,0.10434,-0.46876,0.62068,0.77403,0.12445,0.01189,1,0.57085,-0.11081,0.27826,0.33495,0.67253,0.65400,0.08827,0.57597,-0.11322,0.28449,0.33088,0.68213,0.64492,0.09639,5.11,-2.41,6.23
8.5119,254,0.01222,0.11172,-0.47337,0.62698,0.77412,0.08737,-0.00088,1,0.57197,-0.11116,0.27953,0.33434,0.67453,0.65203,0.08990,0.57704,-0.11412,0.28576,0.32984,0.68478,0.64242,0.09782,5.07,-2.96,6.23
8.5284,255,0.01222,0.11172,-0.47337,0.62698,0.77412,0.08737,-0.00088,1,0.57304,-0.11160,0.28073,0.33368,0.67652,0.65009,0.09143,0.57809,-0.11515,0.28701,0.32870,0.68757,0.63981,0.09924,5.05,-3.55,6.28
8.5451,256,0.02357,0.11789,-0.47776,0.62177,0.78047,0.06449,-0.01071,1,0.57417,-0.11215,0.28199,0.33294,0.67869,0.64798,0.09302,0.57908,-0.11630,0.28821,0.32743,0.69049,0.63709,0.10066,4.91,-4.15,6.22
8.5621,257,0.02965,0.12039,-0.47991,0.61958,0.78298,0.05452,-0.00992,1,0.57530,-0.11281,0.28324,0.33209,0.68110,0.64566,0.09460,0.58002,-0.11758,0.28936,0.32602,0.69354,0.63427,0.10208,4.73,-4.76,6.12
8.5788,258,0.03607,0.12262,-0.48200,0.61869,0.78444,0.04289,-0.00585,1,0.57639,-0.11361,0.28449,0.33115,0.68369,0.64317,0.09614,0.58091,-0.11896,0.29045,0.32450,0.69671,0.63133,0.10351,4.52,-5.35,5.96
8.5956,259,0.04228,0.12438,-0.48374,0.61909,0.78479,0.02904,-0.00039,1,0.57738,-0.11454,0.28563,0.33015,0.68631,0.64068,0.09753,0.58175,-0.12045,0.29147,0.32287,0.70002,0.62827,0.10492,4.37,-5.91,5.84
8.6126,260,0.05369,0.12778,-0.48620,0.62112,0.78369,0.00657,0.00008,1,0.57838,-0.11572,0.28679,0.32898,0.68918,0.63797,0.09894,0.58251,-0.12204,0.29241,0.32120,0.70332,0.62520,0.10630,4.13,-6.32,5.62
8.6289,261,0.05886,0.12937,-0.48726,0.62059,0.78413,-0.00098,-0.00350,1,0.57935,-0.11700,0.28790,0.32766,0.69213,0.63523,0.10037,0.58324,-0.12367,0.29331,0.31950,0.70660,0.62213,0.10767,3.89,-6.67,5.41
8.6460,262,0.06378,0.13080,-0.48826,0.62004,0.78451,-0.00814,-0.00568,1,0.58026,-0.11835,0.28895,0.32612,0.69527,0.63234,0.10189,0.58394,-0.12532,0.29420,0.31776,0.70986,0.61906,0.10905,3.69,-6.97,5.25
8.6628,263,0.06846,0.13208,-0.48909,0.61939,0.78491,-0.01570,-0.00519,1,0.58114,-0.11981,0.28998,0.32455,0.69849,0.62936,0.10338,0.58463,-0.12699,0.29506,0.31601,0.71311,0.61597,0.11043,3.49,-7.18,5.08
8.6793,264,0.07694,0.13412,-0.49061,0.61765,0.78573,-0.03381,-0.00127,1,0.58195,-0.12127,0.29095,0.32306,0.70155,0.62649,0.10475,0.58527,-0.12870,0.29587,0.31426,0.71634,0.61287,0.11179,3.32,-7.43,4.92
8.6957,265,0.08023,0.13489,-0.49114,0.61643,0.78618,-0.04385,0.00243,1,0.58276,-0.12285,0.29195,0.32142,0.70481,0.62342,0.10622,0.58591,-0.13041,0.29668,0.31252,0.71955,0.60974,0.11316,3.15,-7.57,4.73
8.7125,266,0.08357,0.13525,-0.49169,0.61660,0.78554,-0.05217,0.00403,1,0.58347,-0.12434,0.29283,0.31982,0.70787,0.62052,0.10759,0.58653,-0.13215,0.29745,0.31078,0.72274,0.60659,0.11451,3.06,-7.81,4.62
8.7293,267,0.08647,0.13605,-0.49182,0.61777,0.78417,-0.05862,0.00290,1,0.58416,-0.12597,0.29371,0.31810,0.71115,0.61742,0.10899,0.58712,-0.13390,0.29822,0.30900,0.72593,0.60343,0.11584,2.96,-7.93,4.51
8.7459,268,0.08898,0.13643,-0.49187,0.61927,0.78267,-0.06281,-0.00043,1,0.58483,-0.12763,0.29458,0.31639,0.71439,0.61430,0.11035,0.58770,-0.13566,0.29897,0.30720,0.72909,0.60027,0.11715,2.87,-8.02,4.39
8.7627,269,0.09308,0.13727,-0.49155,0.61947,0.78177,-0.07122,-0.00441,1,0.58549,-0.12936,0.29544,0.31466,0.71763,0.61117,0.11171,0.58823,-0.13744,0.29970,0.30534,0.73224,0.59712,0.11845,2.74,-8.09,4.26
8.7800,270,0.09496,0.13789,-0.49137,0.61810,0.78245,-0.07554,-0.00390,1,0.58613,-0.13107,0.29630,0.31284,0.72089,0.60799,0.11312,0.58874,-0.13924,0.30043,0.30348,0.73537,0.59395,0.11976,2.60,-8.17,4.13
8.7962,271,0.09685,0.13790,-0.49124,0.61703,0.78292,-0.07948,-0.00168,1,0.58672,-0.13267,0.29708,0.31108,0.72398,0.60496,0.11445,0.58922,-0.14104,0.30114,0.30163,0.73849,0.59076,0.12107,2.50,-8.37,4.06
8.8130,272,0.09842,0.13769,-0.49115,0.61604,0.78343,-0.08202,0.00161,1,0.58730,-0.13439,0.29789,0.30919,0.72725,0.60174,0.11581,0.58969,-0.14287,0.30181,0.29979,0.74158,0.58755,0.12238,2.38,-8.48,3.92
8.8301,273,0.09983,0.13729,-0.49121,0.61515,0.78400,-0.08310,0.00559,1,0.58786,-0.13617,0.29869,0.30732,0.73050,0.59851,0.11711,0.59014,-0.14471,0.30245,0.29797,0.74465,0.58430,0.12368,2.28,-8.54,3.76
8.8467,274,0.10197,0.13653,-0.49106,0.61657,0.78302,-0.08138,0.00995,1,0.58839,-0.13801,0.29946,0.30546,0.73372,0.59526,0.11839,0.59055,-0.14644,0.30301,0.29617,0.74771,0.58102,0.12497,2.17,-8.44,3.54
8.8638,275,0.10290,0.13666,-0.49075,0.61786,0.78212,-0.08031,0.00974,1,0.58889,-0.13984,0.30019,0.30358,0.73689,0.59203,0.11970,0.59092,-0.14806,0.30351,0.29436,0.75076,0.57773,0.12625,2.03,-8.22,3.32
8.8803,276,0.10353,0.13697,-0.49024,0.61784,0.78211,-0.08066,0.00881,1,0.58935,-0.14157,0.30083,0.30180,0.73988,0.58895,0.12095,0.59124,-0.14955,0.30397,0.29254,0.75378,0.57443,0.12752,1.89,-7.97,3.14
8.8972,277,0.10409,0.13728,-0.48996,0.61700,0.78273,-0.08118,0.00743,1,0.58981,-0.14343,0.30147,0.29993,0.74302,0.58567,0.12225,0.59152,-0.15092,0.30438,0.29070,0.75679,0.57112,0.12880,1.71,-7.48,2.92
8.9134,278,0.10428,0.13770,-0.48967,0.61610,0.78341,-0.08147,0.00688,1,0.59022,-0.14513,0.30204,0.29818,0.74595,0.58258,0.12349,0.59176,-0.15215,0.30476,0.28886,0.75977,0.56780,0.13008,1.53,-7.03,2.73
8.9304,279,0.10449,0.13872,-0.48889,0.61562,0.78396,-0.07962,0.00913,1,0.59064,-0.14684,0.30261,0.29634,0.74899,0.57933,0.12483,0.59195,-0.15326,0.30511,0.28702,0.76273,0.56445,0.13137,1.31,-6.43,2.51
8.9470,280,0.10453,0.13928,-0.48823,0.61562,0.78420,-0.07690,0.01141,1,0.59099,-0.14839,0.30311,0.29443,0.75206,0.57601,0.12619,0.59210,-0.15424,0.30544,0.28520,0.76568,0.56108,0.13265,1.11,-5.85,2.33
8.9642,281,0.10495,0.13997,-0.48740,0.61481,0.78501,-0.07457,0.01416,1,0.59129,-0.14982,0.30356,0.29254,0.75513,0.57267,0.12750,0.59220,-0.15510,0.30573,0.28339,0.76860,0.55768,0.13393,0.91,-5.28,2.17
8.9813,282,0.10566,0.14056,-0.48657,0.61266,0.78676,-0.07352,0.01613,1,0.59155,-0.15113,0.30398,0.29066,0.75816,0.56932,0.12878,0.59225,-0.15582,0.30600,0.28160,0.77150,0.55426,0.13524,0.70,-4.70,2.02
8.9972,283,0.10615,0.14148,-0.48567,0.61044,0.78857,-0.07225,0.01745,1,0.59176,-0.15226,0.30436,0.28892,0.76098,0.56617,0.12997,0.59225,-0.15642,0.30625,0.27981,0.77437,0.55083,0.13656,0.49,-4.16,1.89
9.0144,284,0.10740,0.14350,-0.48367,0.60860,0.79034,-0.06777,0.01956,1,0.59193,-0.15330,0.30474,0.28707,0.76393,0.56282,0.13128,0.59219,-0.15690,0.30649,0.27805,0.77722,0.54737,0.13790,0.25,-3.61,1.76
9.0308,285,0.10783,0.14461,-0.48274,0.60865,0.79055,-0.06446,0.02074,1,0.59206,-0.15416,0.30508,0.28522,0.76689,0.55941,0.13261,0.59205,-0.15726,0.30673,0.27629,0.78004,0.54388,0.13924,-0.01,-3.10,1.65
9.0474,286,0.10817,0.14554,-0.48188,0.60939,0.79029,-0.06015,0.02176,1,0.59212,-0.15481,0.30537,0.28351,0.76964,0.55621,0.13383,0.59185,-0.15749,0.30697,0.27453,0.78285,0.54038,0.14057,-0.27,-2.68,1.60
9.0641,287,0.10866,0.14601,-0.48115,0.60935,0.79047,-0.05699,0.02465,1,0.59213,-0.15538,0.30566,0.28167,0.77262,0.55268,0.13513,0.59159,-0.15761,0.30719,0.27280,0.78564,0.53685,0.14190,-0.55,-2.23,1.54
9.0813,288,0.10893,0.14616,-0.48065,0.60841,0.79121,-0.05471,0.02894,1,0.59208,-0.15588,0.30594,0.27986,0.77555,0.54918,0.13638,0.59126,-0.15759,0.30740,0.27110,0.78841,0.53329,0.14324,-0.82,-1.71,1.46
9.0979,289,0.10935,0.14630,-0.48045,0.60712,0.79210,-0.05250,0.03504,1,0.59198,-0.15629,0.30622,0.27803,0.77849,0.54562,0.13768,0.59092,-0.15746,0.30756,0.26945,0.79115,0.52969,0.14457,-1.06,-1.16,1.34
9.1144,290,0.11023,0.14639,-0.48085,0.60532,0.79280,-0.05009,0.05045,1,0.59184,-0.15660,0.30646,0.27632,0.78119,0.54230,0.13892,0.59065,-0.15739,0.30769,0.26792,0.79387,0.52602,0.14590,-1.19,-0.78,1.23
9.1312,291,0.11054,0.14624,-0.48110,0.60604,0.79185,-0.04840,0.05794,1,0.59163,-0.15687,0.30670,0.27451,0.78410,0.53866,0.14027,0.59044,-0.15734,0.30779,0.26645,0.79658,0.52230,0.14720,-1.20,-0.48,1.09
9.1485,292,0.11090,0.14585,-0.48145,0.60879,0.78945,-0.04588,0.06364,1,0.59139,-0.15704,0.30691,0.27275,0.78696,0.53502,0.14161,0.59028,-0.15733,0.30786,0.26502,0.79927,0.51854,0.14846,-1.11,-0.29,0.95
9.1648,293,0.11138,0.14515,-0.48196,0.61328,0.78586,-0.04323,0.06667,1,0.59114,-0.15712,0.30709,0.27104,0.78977,0.53139,0.14296,0.59017,-0.15734,0.30788,0.26361,0.80196,0.51476,0.14966,-0.97,-0.22,0.79
9.1819,294,0.11219,0.14280,-0.48334,0.62061,0.77968,-0.04302,0.07137,1,0.59091,-0.15712,0.30725,0.26940,0.79253,0.52774,0.14429,0.59015,-0.15738,0.30779,0.26221,0.80465,0.51094,0.15077,-0.76,-0.26,0.54
9.1982,295,0.11249,0.14147,-0.48432,0.62429,0.77680,-0.04258,0.07097,1,0.59072,-0.15710,0.30738,0.26792,0.79516,0.52417,0.14552,0.59018,-0.15744,0.30764,0.26080,0.80733,0.50710,0.15183,-0.54,-0.33,0.26
9.2149,296,0.11249,0.14147,-0.48432,0.62429,0.77680,-0.04258,0.07097,1,0.59054,-0.15707,0.30747,0.26641,0.79794,0.52037,0.14675,0.59021,-0.15748,0.30751,0.25938,0.80999,0.50325,0.15288,-0.33,-0.41,0.05
9.2321,297,0.11269,0.13824,-0.48695,0.62863,0.77339,-0.03943,0.07171,1,0.59041,-0.15704,0.30751,0.26497,0.80068,0.51655,0.14793,0.59033,-0.15753,0.30728,0.25796,0.81264,0.49939,0.15388,-0.08,-0.49,-0.22
9.2484,298,0.11284,0.13611,-0.48878,0.63184,0.77053,-0.03771,0.07505,1,0.59032,-0.15701,0.30749,0.26364,0.80324,0.51293,0.14902,0.59055,-0.15758,0.30696,0.25657,0.81528,0.49549,0.15482,0.23,-0.57,-0.54
9.2655,0,0.11331,0.13165,-0.49252,0.64353,0.76009,-0.03439,0.08337,1,0.59025,-0.15699,0.30742,0.26218,0.80607,0.50888,0.15017,0.59086,-0.15764,0.30652,0.25522,0.81794,0.49155,0.15560,0.62,-0.65,-0.89
9.2818,1,0.11347,0.12939,-0.49430,0.64947,0.75470,-0.03447,0.08621,1,0.59023,-0.15699,0.30728,0.26089,0.80857,0.50527,0.15116,0.59127,-0.15770,0.30599,0.25388,0.82059,0.48759,0.15629,1.04,-0.71,-1.29
9.2990,2,0.11339,0.12707,-0.49615,0.65463,0.75009,-0.03482,0.08732,1,0.59029,-0.15701,0.30709,0.25953,0.81120,0.50144,0.15218,0.59171,-0.15775,0.30542,0.25254,0.82324,0.48361,0.15691,1.41,-0.74,-1.67
9.3154,3,0.11318,0.12442,-0.49814,0.65984,0.74554,-0.03456,0.08709,1,0.59044,-0.15707,0.30683,0.25822,0.81374,0.49770,0.15310,0.59217,-0.15778,0.30481,0.25118,0.82588,0.47963,0.15745,1.73,-0.70,-2.02
9.3322,4,0.11269,0.12160,-0.50016,0.66494,0.74120,-0.03334,0.08589,1,0.59067,-0.15716,0.30645,0.25683,0.81642,0.49375,0.15397,0.59266,-0.15778,0.30416,0.24980,0.82851,0.47564,0.15792,1.99,-0.61,-2.29
9.3488,5,0.11161,0.11540,-0.50396,0.67346,0.73358,-0.02476,0.08772,1,0.59097,-0.15723,0.30599,0.25545,0.81905,0.48985,0.15475,0.59321,-0.15775,0.30339,0.24843,0.83115,0.47163,0.15825,2.24,-0.51,-2.60
9.3654,6,0.11142,0.11289,-0.50587,0.67647,0.73023,-0.02060,0.09338,1,0.59132,-0.15728,0.30549,0.25414,0.82154,0.48615,0.15541,0.59381,-0.15769,0.30255,0.24712,0.83377,0.46758,0.15853,2.50,-0.41,-2.95
9.3822,7,0.11136,0.11051,-0.50761,0.67915,0.72676,-0.02049,0.10076,1,0.59174,-0.15731,0.30489,0.25271,0.82428,0.48204,0.15602,0.59440,-0.15764,0.30172,0.24588,0.83637,0.46350,0.15874,2.66,-0.33,-3.17
9.3992,8,0.11136,0.10824,-0.50904,0.68162,0.72368,-0.02281,0.10564,1,0.59221,-0.15733,0.30423,0.25132,0.82701,0.47791,0.15653,0.59496,-0.15759,0.30092,0.24466,0.83895,0.45940,0.15890,2.75,-0.26,-3.31
9.4161,9,0.11132,0.10600,-0.51039,0.68411,0.72121,-0.02462,0.10597,1,0.59276,-0.15730,0.30351,0.24999,0.82967,0.47384,0.15694,0.59550,-0.15756,0.30014,0.24343,0.84152,0.45529,0.15902,2.74,-0.25,-3.37
9.4327,10,0.11112,0.10150,-0.51305,0.69070,0.71557,-0.02625,0.10099,1,0.59335,-0.15725,0.30277,0.24873,0.83223,0.46989,0.15727,0.59608,-0.15751,0.29926,0.24213,0.84409,0.45121,0.15905,2.72,-0.26,-3.51
9.4496,11,0.11093,0.09920,-0.51443,0.69468,0.71196,-0.02690,0.09903,1,0.59393,-0.15720,0.30196,0.24741,0.83489,0.46576,0.15752,0.59663,-0.15747,0.29842,0.24080,0.84665,0.44712,0.15902,2.69,-0.27,-3.54
9.4659,12,0.11106,0.09717,-0.51593,0.69839,0.70815,-0.02802,0.09990,1,0.59448,-0.15718,0.30117,0.24616,0.83741,0.46182,0.15770,0.59716,-0.15744,0.29762,0.23946,0.84919,0.44303,0.15893,2.68,-0.26,-3.56
9.4832,13,0.11134,0.09506,-0.51731,0.70094,0.70521,-0.03023,0.10222,1,0.59504,-0.15729,0.30034,0.24500,0.83933,0.45904,0.15742,0.59768,-0.15743,0.29684,0.23813,0.85172,0.43893,0.15879,2.63,-0.14,-3.50
9.4997,14,0.11185,0.09313,-0.51856,0.70306,0.70277,-0.03221,0.10383,1,0.59560,-0.15756,0.29958,0.24283,0.84175,0.45571,0.15753,0.59817,-0.15744,0.29610,0.23680,0.85423,0.43482,0.15861,2.57,0.11,-3.48
9.5167,15,0.11327,0.08967,-0.52104,0.70455,0.70078,-0.03803,0.10518,1,0.59615,-0.15789,0.29898,0.24038,0.84454,0.45180,0.15760,0.59870,-0.15753,0.29530,0.23545,0.85672,0.43070,0.15841,2.55,0.36,-3.67
9.5331,16,0.11415,0.08738,-0.52224,0.70620,0.69916,-0.04080,0.10388,1,0.59665,-0.15835,0.29853,0.23825,0.84723,0.44797,0.15735,0.59920,-0.15764,0.29453,0.23408,0.85919,0.42659,0.15819,2.55,0.71,-4.00
9.5498,17,0.11503,0.08559,-0.52346,0.70788,0.69778,-0.04237,0.10106,1,0.59722,-0.15886,0.29818,0.23613,0.85000,0.44394,0.15701,0.59969,-0.15778,0.29379,0.23266,0.86165,0.42248,0.15794,2.46,1.07,-4.38
9.5664,18,0.11633,0.08303,-0.52475,0.71103,0.69490,-0.04504,0.09754,1,0.59778,-0.15919,0.29792,0.23419,0.85248,0.44031,0.15672,0.60015,-0.15796,0.29305,0.23119,0.86409,0.41838,0.15765,2.37,1.22,-4.87
9.5831,19,0.11908,0.07859,-0.52703,0.71704,0.68886,-0.05233,0.09268,1,0.59834,-0.15935,0.29760,0.23218,0.85500,0.43662,0.15628,0.60065,-0.15824,0.29222,0.22963,0.86653,0.41432,0.15729,2.31,1.10,-5.38
9.6004,20,0.12084,0.07659,-0.52829,0.71806,0.68727,-0.05821,0.09307,1,0.59882,-0.15940,0.29723,0.23022,0.85747,0.43303,0.15566,0.60113,-0.15857,0.29142,0.22805,0.86894,0.41025,0.15691,2.31,0.83,-5.81
9.6170,21,0.12242,0.07421,-0.52958,0.71796,0.68627,-0.06641,0.09569,1,0.59922,-0.15952,0.29681,0.22812,0.86008,0.42918,0.15499,0.60160,-0.15893,0.29063,0.22648,0.87134,0.40617,0.15653,2.37,0.60,-6.18
9.6338,22,0.12367,0.07180,-0.53046,0.71795,0.68552,-0.07251,0.09668,1,0.59965,-0.15975,0.29640,0.22599,0.86270,0.42528,0.15433,0.60203,-0.15929,0.28986,0.22489,0.87371,0.40209,0.15615,2.38,0.46,-6.54
9.6503,23,0.12530,0.06957,-0.53105,0.71672,0.68680,-0.07456,0.09524,1,0.60008,-0.16009,0.29606,0.22402,0.86511,0.42162,0.15376,0.60242,-0.15966,0.28910,0.22327,0.87606,0.39799,0.15580,2.34,0.42,-6.96
9.6671,24,0.12706,0.06726,-0.53174,0.71480,0.68892,-0.07480,0.09407,1,0.60054,-0.16055,0.29570,0.22197,0.86762,0.41774,0.15318,0.60278,-0.16007,0.28835,0.22164,0.87838,0.39389,0.15548,2.24,0.48,-7.35
9.6838,25,0.13094,0.06253,-0.53294,0.71486,0.68846,-0.07768,0.09466,1,0.60096,-0.16106,0.29527,0.21987,0.87012,0.41386,0.15257,0.60314,-0.16058,0.28751,0.22000,0.88068,0.38978,0.15515,2.18,0.49,-7.76
9.7003,26,0.13273,0.06078,-0.53324,0.71555,0.68714,-0.08347,0.09417,1,0.60130,-0.16155,0.29478,0.21782,0.87244,0.41024,0.15203,0.60345,-0.16111,0.28671,0.21834,0.88296,0.38566,0.15482,2.15,0.44,-8.07
9.7171,27,0.13480,0.05954,-0.53373,0.71526,0.68650,-0.09100,0.09405,1,0.60163,-0.16209,0.29422,0.21564,0.87484,0.40645,0.15147,0.60374,-0.16166,0.28597,0.21665,0.88522,0.38155,0.15449,2.11,0.42,-8.25
9.7339,28,0.13646,0.05852,-0.53421,0.71269,0.68731,-0.10264,0.09558,1,0.60193,-0.16270,0.29365,0.21344,0.87724,0.40262,0.15095,0.60400,-0.16220,0.28531,0.21494,0.88745,0.37742,0.15421,2.07,0.50,-8.34
9.7509,29,0.14023,0.05604,-0.53499,0.70405,0.69366,-0.12179,0.09113,1,0.60223,-0.16340,0.29309,0.21126,0.87958,0.39882,0.15049,0.60426,-0.16284,0.28463,0.21315,0.88965,0.37330,0.15409,2.03,0.56,-8.46
9.7677,30,0.14224,0.05420,-0.53562,0.70257,0.69457,-0.12855,0.08626,1,0.60254,-0.16412,0.29265,0.20931,0.88169,0.39531,0.15014,0.60451,-0.16348,0.28398,0.21129,0.89182,0.36920,0.15399,1.96,0.65,-8.68
9.7841,31,0.14396,0.05216,-0.53612,0.70289,0.69347,-0.13539,0.08192,1,0.60282,-0.16493,0.29217,0.20715,0.88398,0.39145,0.14978,0.60474,-0.16409,0.28333,0.20936,0.89396,0.36512,0.15390,1.92,0.84,-8.84
9.8010,32,0.14562,0.05034,-0.53621,0.70388,0.69127,-0.14427,0.07668,1,0.60306,-0.16570,0.29166,0.20490,0.88626,0.38757,0.14949,0.60494,-0.16468,0.28270,0.20736,0.89609,0.36106,0.15379,1.88,1.02,-8.96
9.8181,33,0.14642,0.04904,-0.53557,0.70440,0.68964,-0.15363,0.06794,1,0.60327,-0.16642,0.29114,0.20263,0.88847,0.38378,0.14925,0.60507,-0.16522,0.28211,0.20525,0.89820,0.35705,0.15369,1.80,1.20,-9.03
9.8344,34,0.14662,0.04760,-0.53467,0.70418,0.69048,-0.15745,0.05082,1,0.60346,-0.16707,0.29065,0.20050,0.89050,0.38026,0.14904,0.60513,-0.16568,0.28154,0.20297,0.90028,0.35312,0.15362,1.67,1.39,-9.11
9.8512,35,0.14545,0.04506,-0.53271,0.69799,0.70113,-0.14398,0.02227,1,0.60361,-0.16777,0.29014,0.19816,0.89272,0.37636,0.14881,0.60511,-0.16603,0.28095,0.20052,0.90233,0.34927,0.15365,1.50,1.74,-9.19
9.8679,36,0.14456,0.04361,-0.53155,0.69670,0.70486,-0.13191,0.01966,1,0.60374,-0.16846,0.28967,0.19571,0.89496,0.37236,0.14863,0.60502,-0.16626,0.28038,0.19795,0.90433,0.34548,0.15376,1.28,2.20,-9.29
9.8849,37,0.14273,0.04242,-0.52950,0.69536,0.70782,-0.12189,0.02463,1,0.60382,-0.16913,0.28920,0.19321,0.89720,0.36832,0.14849,0.60485,-0.16638,0.27984,0.19544,0.90631,0.34164,0.15389,1.04,2.76,-9.36
9.9017,38,0.14000,0.04157,-0.52706,0.69262,0.71273,-0.10809,0.02463,1,0.60386,-0.16971,0.28874,0.19065,0.89937,0.36434,0.14846,0.60462,-0.16638,0.27933,0.19294,0.90826,0.33778,0.15407,0.76,3.33,-9.41
9.9179,39,0.13632,0.04098,-0.52402,0.69238,0.71588,-0.08853,0.01712,0,0.60383,-0.17013,0.28830,0.18823,0.90134,0.36071,0.14847,0.60462,-0.16638,0.27933,0.19294,0.90826,0.33778,0.15407,0.79,3.75,-8.97
9.9346,40,0.12688,0.03829,-0.51695,0.68966,0.72322,-0.02848,-0.02242,0,0.60373,-0.17044,0.28781,0.18562,0.90337,0.35694,0.14853,0.60462,-0.16638,0.27933,0.19294,0.90826,0.33778,0.15407,0.89,4.06,-8.49
9.9515,41,0.12023,0.03681,-0.51192,0.68813,0.72422,0.00661,-0.04404,0,0.60359,-0.17065,0.28739,0.18320,0.90521,0.35349,0.14860,0.60462,-0.16638,0.27933,0.19294,0.90826,0.33778,0.15407,1.03,4.27,-8.07
9.9682,42,0.11345,0.03532,-0.50652,0.68487,0.72437,0.04701,-0.06356,0,0.60343,-0.17082,0.28704,0.18079,0.90702,0.35003,0.14869,0.60462,-0.16638,0.27933,0.19294,0.90826,0.33778,0.15407,1.19,4.44,-7.72
9.9849,43,0.10597,0.03382,-0.50058,0.67938,0.72446,0.08896,-0.07535,0,0.60333,-0.17096,0.28682,0.17869,0.90862,0.34691,0.14880,0.60462,-0.16638,0.27933,0.19294,0.90826,0.33778,0.15407,1.29,4.58,-7.50
10.0018,44,0.09788,0.03228,-0.49418,0.67259,0.72414,0.13140,-0.07730,0,0.60329,-0.17107,0.28673,0.17704,0.90988,0.34438,0.14892,0.60462,-0.16638,0.27933,0.19294,0.90826,0.33778,0.15407,1.33,4.69,-7.41
10.0184,45,0.08085,0.02712,-0.48051,0.65342,0.72213,0.21937,-0.05866,0,0.60327,-0.17111,0.28669,0.17559,0.91099,0.34213,0.14901,0.60462,-0.16638,0.27933,0.19294,0.90826,0.33778,0.15407,1.35,4.73,-7.37
10.0352,46,0.07210,0.02355,-0.47285,0.64040,0.71919,0.26551,-0.04635,0,0.60324,-0.17106,0.28667,0.17445,0.91186,0.34036,0.14907,0.60462,-0.16638,0.27933,0.19294,0.90826,0.33778,0.15407,1.38,4.68,-7.34
10.0518,47,0.06348,0.01956,-0.46478,0.62558,0.71297,0.31464,-0.03644,0,0.60319,-0.17098,0.28663,0.17364,0.91250,0.33909,0.14905,0.60462,-0.16638,0.27933,0.19294,0.90826,0.33778,0.15407,1.43,4.60,-7.30
10.0686,48,0.05500,0.01588,-0.45633,0.60973,0.70349,0.36389,-0.03028,0,0.60314,-0.17093,0.28657,0.17319,0.91288,0.33831,0.14902,0.60462,-0.16638,0.27933,0.19294,0.90826,0.33778,0.15407,1.48,4.55,-7.25
10.0853,49,0.03814,0.00918,-0.43917,0.58044,0.67836,0.44942,-0.03075,0,0.60312,-0.17091,0.28654,0.17314,0.91299,0.33806,0.14897,0.60462,-0.16638,0.27933,0.19294,0.90826,0.33778,0.15407,1.50,4.53,-7.21
10.1021,50,0.02998,0.00553,-0.43071,0.56735,0.66692,0.48200,-0.03168,0,0.60314,-0.17089,0.28654,0.17341,0.91286,0.33827,0.14897,0.60462,-0.16638,0.27933,0.19294,0.90826,0.33778,0.15407,1.48,4.51,-7.21
10.1188,51,0.02182,0.00223,-0.42242,0.55211,0.65915,0.50977,-0.02865,0,0.60317,-0.17083,0.28655,0.17402,0.91247,0.33900,0.14897,0.60462,-0.16638,0.27933,0.19294,0.90826,0.33778,0.15407,1.45,4.45,-7.22
10.1357,52,0.01380,-0.00115,-0.41466,0.53536,0.65614,0.53122,-0.02593,0,0.60319,-0.17079,0.28653,0.17488,0.91192,0.34007,0.14892,0.60462,-0.16638,0.27933,0.19294,0.90826,0.33778,0.15407,1.43,4.41,-7.21
10.1524,53,0.00619,-0.00432,-0.40810,0.52045,0.65340,0.54914,-0.02528,0,0.60321,-0.17073,0.28648,0.17588,0.91124,0.34137,0.14891,0.60462,-0.16638,0.27933,0.19294,0.90826,0.33778,0.15407,1.41,4.35,-7.15
10.1695,54,-0.00114,-0.00669,-0.40041,0.50891,0.65061,0.56317,-0.02351,1,0.60324,-0.17061,0.28639,0.17681,0.91057,0.34266,0.14894,0.60324,-0.17061,0.28639,0.17681,0.91057,0.34266,0.14894,0.00,0.00,0.00
10.1862,55,-0.01360,-0.01061,-0.38858,0.49255,0.64131,0.58782,-0.02421,1,0.60325,-0.17053,0.28630,0.17760,0.91001,0.34373,0.14899,0.60314,-0.17052,0.28636,0.17693,0.91049,0.34281,0.14896,-0.11,0.01,0.06
10.2029,56,-0.01875,-0.01174,-0.38402,0.48536,0.63986,0.59546,-0.02074,1,0.60328,-0.17045,0.28625,0.17788,0.90974,0.34425,0.14905,0.60296,-0.17032,0.28630,0.17717,0.91032,0.34310,0.14901,-0.32,0.13,0.05
10.2195,57,-0.02325,-0.01215,-0.38063,0.47819,0.64309,0.59794,-0.01560,1,0.60328,-0.17029,0.28621,0.17745,0.90991,0.34406,0.14902,0.60268,-0.17002,0.28622,0.17755,0.91008,0.34351,0.14913,-0.60,0.28,0.01
10.2363,58,-0.02731,-0.01175,-0.37847,0.47287,0.65007,0.59473,-0.00969,1,0.60328,-0.17011,0.28622,0.17675,0.91026,0.34362,0.14871,0.60232,-0.16961,0.28612,0.17806,0.90975,0.34400,0.14936,-0.96,0.50,-0.10
10.2530,59,-0.03337,-0.00879,-0.37672,0.46938,0.67197,0.57284,-0.00054,1,0.60332,-0.16993,0.28633,0.17624,0.91056,0.34330,0.14818,0.60188,-0.16909,0.28602,0.17863,0.90939,0.34448,0.14978,-1.44,0.84,-0.30
10.2697,60,-0.03501,-0.00656,-0.37659,0.47059,0.68156,0.56037,0.00060,1,0.60337,-0.16968,0.28654,0.17599,0.91074,0.34317,0.14767,0.60138,-0.16844,0.28595,0.17921,0.90901,0.34490,0.15040,-2.00,1.24,-0.59
10.2865,61,-0.03567,-0.00397,-0.37711,0.47432,0.68719,0.55027,-0.00230,1,0.60338,-0.16939,0.28674,0.17593,0.91081,0.34321,0.14726,0.60081,-0.16768,0.28592,0.17976,0.90864,0.34524,0.15121,-2.56,1.71,-0.81
10.3033,62,-0.03590,-0.00048,-0.37837,0.47830,0.69314,0.53921,-0.00602,1,0.60330,-0.16911,0.28693,0.17604,0.91077,0.34339,0.14694,0.60022,-0.16682,0.28598,0.18023,0.90830,0.34547,0.15219,-3.08,2.29,-0.95
10.3203,63,-0.03546,0.00326,-0.37998,0.48214,0.70247,0.52346,-0.00808,1,0.60311,-0.16890,0.28708,0.17631,0.91062,0.34370,0.14681,0.59965,-0.16590,0.28617,0.18061,0.90799,0.34559,0.15329,-3.46,3.01,-0.91
10.3370,64,-0.03280,0.01153,-0.38457,0.49231,0.72154,0.48673,-0.01048,1,0.60283,-0.16874,0.28723,0.17673,0.91032,0.34422,0.14699,0.59914,-0.16500,0.28648,0.18085,0.90775,0.34558,0.15448,-3.70,3.75,-0.75
10.3540,65,-0.03054,0.01607,-0.38761,0.49833,0.72983,0.46793,-0.00811,1,0.60246,-0.16861,0.28736,0.17717,0.90990,0.34484,0.14759,0.59870,-0.16414,0.28690,0.18096,0.90756,0.34544,0.15574,-3.76,4.46,-0.47
10.3704,66,-0.02762,0.02129,-0.39019,0.50182,0.73917,0.44921,-0.00253,1,0.60199,-0.16837,0.28747,0.17754,0.90944,0.34549,0.14843,0.59833,-0.16336,0.28741,0.18095,0.90745,0.34515,0.15705,-3.66,5.01,-0.05
10.3872,67,-0.02416,0.02636,-0.39285,0.50264,0.74835,0.43279,0.00347,1,0.60136,-0.16797,0.28753,0.17781,0.90898,0.34615,0.14942,0.59804,-0.16265,0.28802,0.18081,0.90740,0.34472,0.15842,-3.32,5.32,0.48
10.4040,68,-0.02026,0.03197,-0.39538,0.50188,0.75811,0.41629,0.00905,1,0.60064,-0.16741,0.28754,0.17787,0.90859,0.34669,0.15046,0.59782,-0.16203,0.28870,0.18056,0.90742,0.34414,0.15984,-2.82,5.38,1.16
10.4206,69,-0.01112,0.04338,-0.40002,0.50729,0.77136,0.38417,0.00853,1,0.59995,-0.16672,0.28761,0.17776,0.90825,0.34713,0.15164,0.59767,-0.16150,0.28946,0.18018,0.90751,0.34342,0.16130,-2.28,5.22,1.85
10.4371,70,-0.00595,0.04886,-0.40192,0.51233,0.77637,0.36704,0.00638,1,0.59935,-0.16600,0.28780,0.17756,0.90798,0.34738,0.15288,0.59758,-0.16108,0.29029,0.17967,0.90767,0.34255,0.16279,-1.77,4.92,2.49
10.4544,71,-0.00059,0.05449,-0.40359,0.51759,0.78057,0.35042,0.00479,1,0.59878,-0.16523,0.28819,0.17722,0.90780,0.34738,0.15433,0.59755,-0.16078,0.29117,0.17903,0.90791,0.34155,0.16431,-1.23,4.45,2.98
10.4708,72,0.00544,0.06018,-0.40508,0.52168,0.78510,0.33384,0.00393,1,0.59829,-0.16447,0.28884,0.17679,0.90775,0.34703,0.15591,0.59758,-0.16058,0.29209,0.17825,0.90821,0.34040,0.16585,-0.71,3.89,3.25
10.4876,73,0.01153,0.06590,-0.40631,0.52393,0.79055,0.31701,0.00560,1,0.59789,-0.16378,0.28975,0.17635,0.90781,0.34638,0.15750,0.59767,-0.16051,0.29306,0.17735,0.90859,0.33910,0.16740,-0.22,3.27,3.32
10.5042,74,0.02429,0.07705,-0.40829,0.52446,0.80069,0.28930,0.01175,1,0.59760,-0.16318,0.29077,0.17593,0.90793,0.34560,0.15898,0.59779,-0.16057,0.29407,0.17631,0.90904,0.33766,0.16897,0.19,2.62,3.30
10.5209,75,0.03080,0.08267,-0.40938,0.52188,0.80667,0.27696,0.01497,1,0.59740,-0.16260,0.29194,0.17544,0.90815,0.34454,0.16056,0.59797,-0.16075,0.29511,0.17514,0.90955,0.33607,0.17056,0.56,1.85,3.17
10.5379,76,0.03733,0.08819,-0.41016,0.51958,0.81225,0.26451,0.01791,1,0.59730,-0.16207,0.29312,0.17481,0.90846,0.34328,0.16215,0.59818,-0.16107,0.29618,0.17385,0.91014,0.33434,0.17216,0.88,1.01,3.06
10.5551,77,0.04413,0.09376,-0.41086,0.51926,0.81628,0.25236,0.01932,1,0.59726,-0.16164,0.29424,0.17405,0.90887,0.34182,0.16376,0.59842,-0.16151,0.29727,0.17243,0.91079,0.33246,0.17378,1.16,0.13,3.03
10.5716,78,0.05087,0.09918,-0.41139,0.52129,0.81855,0.24064,0.01821,1,0.59727,-0.16141,0.29524,0.17327,0.90933,0.34027,0.16526,0.59870,-0.16209,0.29838,0.17087,0.91151,0.33042,0.17541,1.43,-0.68,3.14
10.5884,79,0.05749,0.10457,-0.41180,0.52387,0.82046,0.22831,0.01643,1,0.59740,-0.16131,0.29632,0.17235,0.90986,0.33847,0.16699,0.59900,-0.16281,0.29951,0.16919,0.91229,0.32825,0.17705,1.61,-1.49,3.19
10.6046,80,0.07079,0.11402,-0.41142,0.52978,0.82233,0.20709,0.01458,1,0.59758,-0.16141,0.29732,0.17147,0.91040,0.33664,0.16864,0.59932,-0.16366,0.30066,0.16736,0.91314,0.32593,0.17869,1.74,-2.25,3.34
10.6213,81,0.07770,0.11860,-0.41100,0.53038,0.82443,0.19688,0.01555,1,0.59785,-0.16166,0.29836,0.17043,0.91105,0.33449,0.17044,0.59965,-0.16465,0.30181,0.16540,0.91406,0.32346,0.18032,1.81,-2.99,3.45
10.6386,82,0.08442,0.12319,-0.41071,0.52840,0.82831,0.18540,0.01796,1,0.59814,-0.16204,0.29934,0.16925,0.91179,0.33216,0.17225,0.59998,-0.16578,0.30297,0.16331,0.91503,0.32085,0.18194,1.84,-3.74,3.63
10.6552,83,0.09090,0.12754,-0.41046,0.52703,0.83138,0.17500,0.02041,1,0.59846,-0.16254,0.30026,0.16799,0.91258,0.32968,0.17404,0.60030,-0.16705,0.30413,0.16108,0.91607,0.31808,0.18356,1.84,-4.50,3.87
10.6718,84,0.10390,0.13634,-0.40959,0.52998,0.83317,0.15624,0.02319,1,0.59883,-0.16318,0.30115,0.16664,0.91343,0.32704,0.17585,0.60060,-0.16845,0.30529,0.15873,0.91716,0.31517,0.18517,1.77,-5.27,4.14
10.6888,85,0.11035,0.14058,-0.40895,0.53127,0.83408,0.14659,0.02391,1,0.59923,-0.16394,0.30205,0.16523,0.91433,0.32423,0.17767,0.60086,-0.16999,0.30644,0.15624,0.91832,0.31210,0.18675,1.63,-6.05,4.40
10.7056,86,0.11682,0.14506,-0.40837,0.53135,0.83583,0.13584,0.02445,1,0.59961,-0.16479,0.30288,0.16389,0.91512,0.32178,0.17931,0.60108,-0.17161,0.30759,0.15363,0.91953,0.30888,0.18832,1.46,-6.82,4.71
10.7218,87,0.12326,0.14938,-0.40771,0.53242,0.83693,0.12445,0.02413,1,0.60000,-0.16585,0.30376,0.16216,0.91604,0.31902,0.18112,0.60127,-0.17324,0.30874,0.15089,0.92079,0.30551,0.18985,1.27,-7.39,4.97
10.7390,88,0.13600,0.15790,-0.40609,0.53532,0.83816,0.10202,0.02254,1,0.60035,-0.16706,0.30465,0.16019,0.91705,0.31609,0.18291,0.60143,-0.17487,0.30988,0.14800,0.92211,0.30201,0.19131,1.08,-7.81,5.23
10.7560,89,0.14250,0.16172,-0.40516,0.53559,0.83925,0.09092,0.02322,1,0.60065,-0.16841,0.30556,0.15800,0.91813,0.31299,0.18466,0.60156,-0.17651,0.31102,0.14507,0.92344,0.29846,0.19273,0.91,-8.10,5.46
10.7725,90,0.14921,0.16532,-0.40428,0.53579,0.84011,0.08082,0.02483,1,0.60091,-0.16981,0.30648,0.15581,0.91920,0.30998,0.18629,0.60168,-0.17815,0.31215,0.14214,0.92474,0.29489,0.19413,0.77,-8.34,5.67
10.7894,91,0.15619,0.16893,-0.40336,0.53652,0.84043,0.07155,0.02661,1,0.60119,-0.17133,0.30752,0.15323,0.92040,0.30660,0.18808,0.60178,-0.17981,0.31327,0.13921,0.92603,0.29130,0.19553,0.59,-8.47,5.76
10.8062,92,0.16334,0.17246,-0.40247,0.53806,0.84021,0.06130,0.02788,1,0.60140,-0.17290,0.30857,0.15054,0.92165,0.30315,0.18971,0.60187,-0.18147,0.31439,0.13629,0.92730,0.28770,0.19689,0.46,-8.57,5.81
10.8225,93,0.17825,0.17943,-0.40059,0.54312,0.83844,0.03586,0.02762,1,0.60156,-0.17443,0.30959,0.14796,0.92286,0.29984,0.19114,0.60192,-0.18315,0.31547,0.13335,0.92857,0.28408,0.19817,0.37,-8.71,5.88
10.8397,94,0.17825,0.17943,-0.40059,0.54312,0.83844,0.03586,0.02762,1,0.60170,-0.17619,0.31076,0.14495,0.92424,0.29604,0.19270,0.60198,-0.18482,0.31656,0.13041,0.92982,0.28045,0.19944,0.28,-8.63,5.80
10.8563,95,0.19333,0.18553,-0.39838,0.54785,0.83616,0.00712,0.02550,1,0.60182,-0.17772,0.31181,0.14222,0.92542,0.29278,0.19404,0.60201,-0.18652,0.31762,0.12743,0.93107,0.27682,0.20062,0.18,-8.81,5.81
10.8726,96,0.20106,0.18833,-0.39730,0.54956,0.83510,-0.00412,0.02396,1,0.60190,-0.17938,0.31290,0.13929,0.92671,0.28922,0.19533,0.60202,-0.18823,0.31866,0.12444,0.93229,0.27319,0.20177,0.12,-8.85,5.76
10.8899,97,0.20914,0.19096,-0.39609,0.55070,0.83426,-0.01491,0.02270,1,0.60197,-0.18118,0.31405,0.13635,0.92802,0.28553,0.19662,0.60201,-0.18995,0.31968,0.12142,0.93351,0.26955,0.20289,0.04,-8.77,5.63
10.9061,98,0.21739,0.19344,-0.39483,0.55156,0.83347,-0.02582,0.02114,1,0.60204,-0.18286,0.31514,0.13351,0.92923,0.28207,0.19785,0.60200,-0.19168,0.32068,0.11839,0.93470,0.26592,0.20398,-0.04,-8.82,5.55
10.9233,99,0.23427,0.19813,-0.39248,0.55358,0.83103,-0.05100,0.01834,1,0.60211,-0.18453,0.31629,0.13039,0.93050,0.27841,0.19916,0.60196,-0.19343,0.32164,0.11533,0.93588,0.26229,0.20502,-0.15,-8.90,5.35
10.9396,100,0.24299,0.20022,-0.39137,0.55539,0.82895,-0.06413,0.01669,1,0.60214,-0.18614,0.31743,0.12724,0.93177,0.27473,0.20035,0.60191,-0.19520,0.32258,0.11225,0.93704,0.25866,0.20602,-0.23,-9.06,5.16
10.9563,101,0.25181,0.20197,-0.39028,0.55722,0.82653,-0.07822,0.01562,1,0.60213,-0.18770,0.31848,0.12436,0.93294,0.27134,0.20134,0.60185,-0.19697,0.32350,0.10916,0.93819,0.25503,0.20698,-0.28,-9.27,5.02
10.9736,102,0.26067,0.20356,-0.38918,0.55852,0.82436,-0.09065,0.01665,1,0.60211,-0.18938,0.31957,0.12125,0.93417,0.26767,0.20240,0.60178,-0.19876,0.32439,0.10607,0.93932,0.25138,0.20791,-0.33,-9.38,4.82
10.9898,103,0.26971,0.20487,-0.38823,0.55888,0.82269,-0.10242,0.01856,1,0.60207,-0.19118,0.32062,0.11814,0.93541,0.26392,0.20345,0.60170,-0.20057,0.32525,0.10299,0.94044,0.24771,0.20883,-0.36,-9.39,4.63
11.0069,104,0.28781,0.20672,-0.38622,0.55666,0.82089,-0.12514,0.02472,1,0.60202,-0.19307,0.32165,0.11501,0.93663,0.26014,0.20450,0.60162,-0.20239,0.32606,0.09995,0.94153,0.24401,0.20975,-0.40,-9.32,4.42
11.0236,105,0.29694,0.20732,-0.38527,0.55557,0.81968,-0.13665,0.02801,1,0.60195,-0.19485,0.32256,0.11207,0.93772,0.25673,0.20545,0.60152,-0.20423,0.32684,0.09692,0.94259,0.24029,0.21067,-0.43,-9.38,4.28
11.0402,106,0.30611,0.20781,-0.38415,0.55536,0.81782,-0.14769,0.03068,1,0.60188,-0.19665,0.32348,0.10887,0.93885,0.25312,0.20647,0.60142,-0.20608,0.32760,0.09391,0.94364,0.23655,0.21157,-0.45,-9.43,4.12
11.0569,107,0.31518,0.20817,-0.38281,0.55572,0.81544,-0.15865,0.03252,1,0.60180,-0.19842,0.32437,0.10568,0.93998,0.24947,0.20746,0.60132,-0.20794,0.32833,0.09090,0.94467,0.23280,0.21246,-0.48,-9.52,3.96
11.0737,108,0.32435,0.20838,-0.38126,0.55558,0.81337,-0.16920,0.03357,1,0.60173,-0.20022,0.32524,0.10253,0.94109,0.24574,0.20844,0.60120,-0.20981,0.32903,0.08789,0.94568,0.22903,0.21333,-0.54,-9.59,3.79
11.0906,109,0.34253,0.20774,-0.37852,0.55375,0.80984,-0.19014,0.03686,1,0.60167,-0.20192,0.32603,0.09959,0.94213,0.24220,0.20931,0.60106,-0.21170,0.32967,0.08490,0.94667,0.22524,0.21420,-0.60,-9.78,3.64
11.1071,110,0.35167,0.20695,-0.37726,0.55296,0.80748,-0.20153,0.03987,1,0.60159,-0.20370,0.32686,0.09649,0.94323,0.23836,0.21021,0.60092,-0.21360,0.33028,0.08192,0.94763,0.22144,0.21505,-0.67,-9.90,3.42
11.1241,111,0.36049,0.20586,-0.37604,0.55223,0.80465,-0.21393,0.04270,1,0.60148,-0.20564,0.32763,0.09346,0.94434,0.23440,0.21104,0.60078,-0.21551,0.33086,0.07896,0.94858,0.21762,0.21589,-0.70,-9.87,3.22
11.1409,112,0.36904,0.20479,-0.37486,0.55184,0.80175,-0.22506,0.04482,1,0.60136,-0.20766,0.32837,0.09051,0.94540,0.23052,0.21188,0.60063,-0.21742,0.33141,0.07600,0.94950,0.21378,0.21672,-0.73,-9.77,3.04
11.1574,113,0.38628,0.20171,-0.37250,0.55144,0.79514,-0.24778,0.04761,1,0.60125,-0.20954,0.32899,0.08764,0.94635,0.22688,0.21275,0.60047,-0.21936,0.33190,0.07305,0.95041,0.20993,0.21751,-0.78,-9.82,2.91
11.1742,114,0.39440,0.20075,-0.37108,0.55136,0.79145,-0.25962,0.04705,1,0.60113,-0.21147,0.32961,0.08456,0.94733,0.22306,0.21370,0.60030,-0.22130,0.33236,0.07009,0.95130,0.20607,0.21828,-0.83,-9.83,2.75
11.1908,115,0.40260,0.19858,-0.36975,0.55129,0.78764,-0.27142,0.04512,1,0.60100,-0.21334,0.33022,0.08150,0.94828,0.21926,0.21460,0.60013,-0.22324,0.33279,0.06712,0.95217,0.20222,0.21902,-0.88,-9.90,2.57
11.2075,116,0.41050,0.19674,-0.36866,0.54985,0.78494,-0.28210,0.04432,1,0.60087,-0.21514,0.33076,0.07866,0.94917,0.21562,0.21539,0.59995,-0.22519,0.33319,0.06414,0.95302,0.19837,0.21975,-0.92,-10.05,2.44
11.2248,117,0.42566,0.19316,-0.36672,0.54715,0.77821,-0.30456,0.04751,1,0.60073,-0.21705,0.33130,0.07565,0.95010,0.21174,0.21624,0.59977,-0.22715,0.33354,0.06116,0.95385,0.19450,0.22047,-0.96,-10.10,2.24
11.2410,118,0.43315,0.19043,-0.36588,0.54676,0.77313,-0.31762,0.04946,1,0.60059,-0.21898,0.33183,0.07266,0.95100,0.20787,0.21705,0.59958,-0.22912,0.33386,0.05820,0.95465,0.19061,0.22117,-1.00,-10.14,2.04
11.2582,119,0.43315,0.19043,-0.36588,0.54676,0.77313,-0.31762,0.04946,1,0.60043,-0.22091,0.33231,0.06967,0.95189,0.20396,0.21782,0.59940,-0.23108,0.33418,0.05523,0.95544,0.18673,0.22185,-1.03,-10.17,1.87
11.2747,120,0.44702,0.18472,-0.36429,0.54601,0.76332,-0.34220,0.04599,1,0.60026,-0.22283,0.33274,0.06667,0.95277,0.20007,0.21855,0.59921,-0.23306,0.33444,0.05224,0.95621,0.18285,0.22249,-1.05,-10.22,1.70
11.2912,121,0.45332,0.18148,-0.36368,0.54525,0.75964,-0.35206,0.04128,1,0.60011,-0.22466,0.33311,0.06389,0.95356,0.19642,0.21922,0.59903,-0.23504,0.33467,0.04922,0.95696,0.17899,0.22311,-1.09,-10.38,1.56
11.3085,122,0.45937,0.17825,-0.36300,0.54410,0.75630,-0.36136,0.03709,1,0.59995,-0.22661,0.33345,0.06087,0.95441,0.19242,0.21994,0.59884,-0.23702,0.33486,0.04617,0.95768,0.17514,0.22371,-1.11,-10.41,1.41
11.3248,123,0.46514,0.17477,-0.36248,0.54352,0.75271,-0.36991,0.03429,1,0.59978,-0.22857,0.33375,0.05783,0.95523,0.18844,0.22064,0.59865,-0.23900,0.33502,0.04310,0.95838,0.17129,0.22428,-1.13,-10.44,1.27
11.3417,124,0.47055,0.17132,-0.36176,0.54323,0.74808,-0.37970,0.03331,1,0.59961,-0.23055,0.33402,0.05481,0.95601,0.18452,0.22132,0.59846,-0.24099,0.33515,0.04002,0.95907,0.16745,0.22483,-1.15,-10.44,1.13
11.3587,125,0.47988,0.16522,-0.35970,0.54290,0.73965,-0.39633,0.03324,1,0.59943,-0.23244,0.33425,0.05196,0.95674,0.18086,0.22191,0.59826,-0.24298,0.33523,0.03695,0.95973,0.16360,0.22535,-1.17,-10.54,0.98
11.3753,126,0.48415,0.16263,-0.35834,0.54252,0.73618,-0.40323,0.03343,1,0.59923,-0.23446,0.33446,0.04894,0.95748,0.17702,0.22251,0.59805,-0.24497,0.33528,0.03387,0.96038,0.15974,0.22585,-1.18,-10.51,0.82
11.3919,127,0.48779,0.16020,-0.35715,0.54160,0.73273,-0.41063,0.03400,1,0.59904,-0.23649,0.33464,0.04588,0.95820,0.17313,0.22309,0.59784,-0.24696,0.33531,0.03080,0.96100,0.15588,0.22633,-1.20,-10.46,0.68
11.4091,128,0.49344,0.15525,-0.35498,0.54112,0.72688,-0.42166,0.03219,1,0.59884,-0.23852,0.33478,0.04277,0.95892,0.16918,0.22367,0.59761,-0.24894,0.33530,0.02771,0.96161,0.15202,0.22679,-1.23,-10.42,0.52
11.4259,129,0.49585,0.15253,-0.35417,0.54198,0.72477,-0.42421,0.03185,1,0.59865,-0.24053,0.33490,0.03962,0.95960,0.16525,0.22423,0.59738,-0.25093,0.33527,0.02463,0.96219,0.14815,0.22723,-1.27,-10.40,0.37
11.4420,130,0.49770,0.15028,-0.35349,0.54255,0.72329,-0.42591,0.03309,1,0.59845,-0.24238,0.33497,0.03662,0.96024,0.16155,0.22473,0.59714,-0.25291,0.33522,0.02155,0.96275,0.14428,0.22766,-1.30,-10.53,0.25
11.4590,131,0.49956,0.14835,-0.35207,0.54343,0.72268,-0.42576,0.03400,1,0.59823,-0.24439,0.33503,0.03347,0.96088,0.15763,0.22524,0.59690,-0.25490,0.33515,0.01847,0.96329,0.14039,0.22808,-1.33,-10.51,0.12
11.4756,132,0.50255,0.14559,-0.34774,0.54113,0.72415,-0.42674,0.02585,1,0.59801,-0.24630,0.33506,0.03051,0.96148,0.15392,0.22570,0.59662,-0.25688,0.33506,0.01535,0.96380,0.13654,0.22849,-1.39,-10.58,-0.00
11.4923,133,0.50323,0.14503,-0.34508,0.53852,0.72592,-0.42763,0.01312,1,0.59777,-0.24836,0.33507,0.02741,0.96208,0.14999,0.22617,0.59632,-0.25885,0.33496,0.01216,0.96428,0.13275,0.22891,-1.45,-10.49,-0.10
11.5090,134,0.50324,0.14430,-0.34250,0.53467,0.72878,-0.42780,-0.00152,1,0.59753,-0.25042,0.33504,0.02429,0.96266,0.14606,0.22664,0.59599,-0.26082,0.33486,0.00888,0.96472,0.12903,0.22932,-1.54,-10.40,-0.18
11.5258,135,0.50313,0.14376,-0.33994,0.53148,0.73325,-0.42391,-0.01278,1,0.59728,-0.25245,0.33497,0.02113,0.96321,0.14217,0.22710,0.59564,-0.26279,0.33475,0.00553,0.96513,0.12536,0.22975,-1.64,-10.33,-0.22
11.5425,136,0.50327,0.14311,-0.33759,0.52881,0.73696,-0.42063,-0.01773,1,0.59704,-0.25432,0.33490,0.01808,0.96370,0.13850,0.22755,0.59527,-0.26475,0.33464,0.00215,0.96550,0.12172,0.23020,-1.78,-10.43,-0.26
11.5592,137,0.50385,0.14166,-0.33285,0.52335,0.73964,-0.42300,-0.01013,1,0.59678,-0.25630,0.33483,0.01482,0.96419,0.13466,0.22799,0.59485,-0.26670,0.33451,-0.00119,0.96584,0.11804,0.23069,-1.93,-10.40,-0.31
11.5759,138,0.50406,0.14116,-0.33101,0.52104,0.73919,-0.42673,-0.00378,1,0.59649,-0.25832,0.33475,0.01160,0.96467,0.13084,0.22840,0.59441,-0.26865,0.33438,-0.00449,0.96615,0.11434,0.23120,-2.08,-10.33,-0.37
11.5932,139,0.50457,0.14057,-0.32927,0.51987,0.73831,-0.42968,0.00267,1,0.59616,-0.26032,0.33466,0.00830,0.96512,0.12702,0.22879,0.59396,-0.27059,0.33424,-0.00776,0.96644,0.11060,0.23171,-2.20,-10.27,-0.41
11.6096,140,0.50550,0.13998,-0.32785,0.51929,0.73566,-0.43478,0.00990,1,0.59583,-0.26220,0.33458,0.00519,0.96551,0.12343,0.22919,0.59349,-0.27253,0.33410,-0.01099,0.96671,0.10683,0.23223,-2.34,-10.33,-0.48
11.6261,141,0.50665,0.13923,-0.32625,0.51889,0.73198,-0.44131,0.01423,1,0.59546,-0.26419,0.33447,0.00183,0.96590,0.11960,0.22965,0.59301,-0.27447,0.33395,-0.01419,0.96696,0.10303,0.23273,-2.45,-10.28,-0.52
11.6431,142,0.50891,0.13665,-0.32411,0.51450,0.72799,-0.45301,0.00998,1,0.59505,-0.26617,0.33434,-0.00153,0.96625,0.11578,0.23012,0.59251,-0.27640,0.33377,-0.01742,0.96719,0.09925,0.23323,-2.54,-10.23,-0.57
11.6595,143,0.51033,0.13509,-0.32341,0.51276,0.72790,-0.45521,0.00459,1,0.59465,-0.26804,0.33422,-0.00465,0.96655,0.11223,0.23058,0.59201,-0.27832,0.33357,-0.02068,0.96738,0.09550,0.23373,-2.64,-10.28,-0.65
11.6768,144,0.51193,0.13335,-0.32287,0.51132,0.72773,-0.45712,0.00068,1,0.59420,-0.27013,0.33408,-0.00814,0.96685,0.10823,0.23114,0.59151,-0.28025,0.33336,-0.02396,0.96755,0.09176,0.23422,-2.69,-10.12,-0.72
11.6932,145,0.51360,0.13154,-0.32242,0.51081,0.72664,-0.45942,0.00015,1,0.59377,-0.27200,0.33394,-0.01122,0.96710,0.10463,0.23162,0.59101,-0.28217,0.33312,-0.02724,0.96769,0.08802,0.23470,-2.76,-10.16,-0.81
11.7098,146,0.51525,0.12934,-0.32188,0.51164,0.72489,-0.46125,0.00381,1,0.59328,-0.27399,0.33374,-0.01455,0.96734,0.10080,0.23214,0.59051,-0.28409,0.33286,-0.03050,0.96782,0.08426,0.23517,-2.77,-10.09,-0.88
11.7266,147,0.51862,0.12445,-0.32105,0.51495,0.71765,-0.46820,0.02448,1,0.59282,-0.27587,0.33355,-0.01768,0.96753,0.09721,0.23265,0.59001,-0.28600,0.33254,-0.03364,0.96793,0.08040,0.23561,-2.81,-10.13,-1.01
11.7433,148,0.52011,0.12159,-0.32062,0.51680,0.71387,-0.47106,0.03760,1,0.59233,-0.27782,0.33333,-0.02102,0.96770,0.09346,0.23320,0.58951,-0.28790,0.33218,-0.03670,0.96803,0.07647,0.23605,-2.81,-10.08,-1.15
11.7606,149,0.52144,0.11864,-0.32023,0.51800,0.71140,-0.47260,0.04733,1,0.59182,-0.27976,0.33310,-0.02429,0.96786,0.08973,0.23369,0.58902,-0.28980,0.33179,-0.03969,0.96811,0.07249,0.23648,-2.80,-10.04,-1.31
11.7771,150,0.52256,0.11578,-0.31959,0.51910,0.71032,-0.47255,0.05178,1,0.59129,-0.28169,0.33285,-0.02750,0.96801,0.08595,0.23412,0.58852,-0.29169,0.33136,-0.04266,0.96818,0.06849,0.23690,-2.77,-10.00,-1.49
11.7941,151,0.52352,0.11283,-0.31897,0.51995,0.71010,-0.47169,0.05400,1,0.59078,-0.28360,0.33257,-0.03067,0.96815,0.08208,0.23455,0.58802,-0.29356,0.33089,-0.04562,0.96822,0.06448,0.23732,-2.76,-9.96,-1.68
11.8107,152,0.52565,0.10659,-0.31744,0.52133,0.71036,-0.46960,0.05557,1,0.59028,-0.28551,0.33225,-0.03378,0.96827,0.07812,0.23497,0.58751,-0.29542,0.33033,-0.04856,0.96823,0.06046,0.23772,-2.77,-9.90,-1.92
11.8277,153,0.52641,0.10344,-0.31673,0.52160,0.70924,-0.47064,0.05837,1,0.58980,-0.28730,0.33191,-0.03671,0.96837,0.07432,0.23536,0.58699,-0.29725,0.32973,-0.05149,0.96823,0.05642,0.23811,-2.81,-9.96,-2.18
11.8440,154,0.52694,0.10026,-0.31622,0.52190,0.70796,-0.47166,0.06276,1,0.58931,-0.28919,0.33151,-0.03978,0.96845,0.07027,0.23577,0.58648,-0.29907,0.32909,-0.05438,0.96820,0.05236,0.23850,-2.83,-9.89,-2.42
11.8606,155,0.52715,0.09680,-0.31596,0.52278,0.70646,-0.47208,0.06893,1,0.58885,-0.29097,0.33110,-0.04259,0.96850,0.06652,0.23615,0.58596,-0.30088,0.32839,-0.05724,0.96816,0.04827,0.23888,-2.89,-9.91,-2.71
11.8778,156,0.52718,0.09317,-0.31586,0.52478,0.70586,-0.46995,0.07421,1,0.58834,-0.29292,0.33056,-0.04583,0.96853,0.06215,0.23660,0.58545,-0.30266,0.32763,-0.06005,0.96809,0.04416,0.23925,-2.89,-9.73,-2.93
11.8943,157,0.52754,0.08913,-0.31559,0.52814,0.70537,-0.46625,0.07832,1,0.58789,-0.29464,0.33005,-0.04866,0.96854,0.05831,0.23699,0.58495,-0.30441,0.32681,-0.06284,0.96801,0.04002,0.23960,-2.94,-9.76,-3.24
11.9108,158,0.52773,0.08100,-0.31531,0.53614,0.70374,-0.45915,0.08050,1,0.58740,-0.29647,0.32944,-0.05159,0.96853,0.05423,0.23737,0.58445,-0.30610,0.32586,-0.06559,0.96792,0.03586,0.23989,-2.94,-9.62,-3.58
11.9279,159,0.52741,0.07689,-0.31556,0.53931,0.70279,-0.45724,0.07858,1,0.58691,-0.29829,0.32877,-0.05449,0.96850,0.05014,0.23776,0.58398,-0.30775,0.32483,-0.06836,0.96781,0.03170,0.24014,-2.93,-9.46,-3.94
11.9442,160,0.52678,0.07274,-0.31613,0.54248,0.70190,-0.45537,0.07545,1,0.58646,-0.29994,0.32808,-0.05721,0.96845,0.04623,0.23811,0.58352,-0.30935,0.32373,-0.07113,0.96768,0.02755,0.24036,-2.94,-9.41,-4.35
11.9610,161,0.52627,0.06859,-0.31659,0.54607,0.70122,-0.45266,0.07206,1,0.58598,-0.30168,0.32726,-0.06009,0.96839,0.04200,0.23843,0.58309,-0.31091,0.32255,-0.07392,0.96754,0.02341,0.24055,-2.89,-9.23,-4.71
11.9778,162,0.52648,0.05974,-0.31719,0.55375,0.69947,-0.44627,0.07031,1,0.58552,-0.30333,0.32641,-0.06278,0.96832,0.03795,0.23871,0.58269,-0.31238,0.32126,-0.07671,0.96738,0.01927,0.24066,-2.83,-9.05,-5.15
11.9950,163,0.52688,0.05563,-0.31721,0.55692,0.69790,-0.44462,0.07131,1,0.58496,-0.30520,0.32530,-0.06577,0.96822,0.03342,0.23896,0.58232,-0.31379,0.31989,-0.07949,0.96721,0.01511,0.24074,-2.65,-8.60,-5.41
12.0116,164,0.52727,0.05143,-0.31739,0.55897,0.69555,-0.44572,0.07136,1,0.58450,-0.30685,0.32424,-0.06836,0.96811,0.02949,0.23920,0.58196,-0.31515,0.31847,-0.08226,0.96702,0.01095,0.24079,-2.53,-8.30,-5.77
12.0281,165,0.52790,0.04810,-0.31738,0.55975,0.69361,-0.44798,0.06999,1,0.58404,-0.30852,0.32302,-0.07118,0.96797,0.02532,0.23943,0.58162,-0.31648,0.31701,-0.08503,0.96681,0.00680,0.24082,-2.41,-7.96,-6.01
12.0449,166,0.52853,0.04463,-0.31706,0.56004,0.69133,-0.45151,0.06752,1,0.58362,-0.31007,0.32174,-0.07404,0.96781,0.02116,0.23961,0.58129,-0.31776,0.31551,-0.08782,0.96658,0.00266,0.24083,-2.33,-7.68,-6.23
12.0615,167,0.53061,0.03647,-0.31675,0.56042,0.68697,-0.45851,0.06142,1,0.58327,-0.31145,0.32050,-0.07674,0.96764,0.01723,0.23977,0.58099,-0.31896,0.31394,-0.09065,0.96633,-0.00146,0.24080,-2.28,-7.51,-6.55
12.0787,168,0.53181,0.03217,-0.31651,0.56099,0.68446,-0.46179,0.05961,1,0.58291,-0.31288,0.31915,-0.07958,0.96745,0.01301,0.23987,0.58069,-0.32012,0.31234,-0.09349,0.96606,-0.00556,0.24075,-2.22,-7.24,-6.80
12.0953,169,0.53327,0.02789,-0.31598,0.56112,0.68212,-0.46529,0.05801,1,0.58257,-0.31423,0.31775,-0.08240,0.96725,0.00883,0.23989,0.58040,-0.32125,0.31072,-0.09634,0.96576,-0.00966,0.24069,-2.17,-7.02,-7.04
12.1117,170,0.53487,0.02376,-0.31537,0.56043,0.67994,-0.46953,0.05599,1,0.58225,-0.31549,0.31631,-0.08525,0.96703,0.00470,0.23991,0.58011,-0.32235,0.30907,-0.09920,0.96544,-0.01375,0.24060,-2.14,-6.86,-7.24
12.1286,171,0.53661,0.01961,-0.31468,0.55914,0.67767,-0.47472,0.05260,1,0.58199,-0.31660,0.31491,-0.08795,0.96681,0.00083,0.23990,0.57982,-0.32343,0.30741,-0.10209,0.96510,-0.01782,0.24051,-2.17,-6.82,-7.49
12.1453,172,0.53841,0.01559,-0.31391,0.55806,0.67510,-0.48000,0.04911,1,0.58172,-0.31776,0.31337,-0.09080,0.96654,-0.00331,0.23987,0.57952,-0.32448,0.30574,-0.10499,0.96473,-0.02187,0.24040,-2.20,-6.73,-7.63
12.1621,173,0.54204,0.00825,-0.31168,0.55618,0.66928,-0.49078,0.04304,1,0.58143,-0.31894,0.31178,-0.09362,0.96627,-0.00749,0.23978,0.57920,-0.32551,0.30406,-0.10794,0.96434,-0.02589,0.24027,-2.23,-6.58,-7.72
12.1788,174,0.54414,0.00443,-0.31016,0.55352,0.66711,-0.49686,0.04138,1,0.58109,-0.32019,0.31011,-0.09643,0.96598,-0.01173,0.23966,0.57884,-0.32653,0.30237,-0.11090,0.96392,-0.02989,0.24014,-2.25,-6.34,-7.74
12.1954,175,0.54607,0.00073,-0.30865,0.55149,0.66473,-0.50241,0.03979,1,0.58076,-0.32135,0.30852,-0.09915,0.96567,-0.01569,0.23958,0.57846,-0.32754,0.30069,-0.11387,0.96347,-0.03389,0.24001,-2.30,-6.19,-7.83
12.2125,176,0.54812,-0.00330,-0.30701,0.54893,0.66217,-0.50862,0.03894,1,0.58040,-0.32255,0.30684,-0.10207,0.96531,-0.01976,0.23950,0.57805,-0.32854,0.29900,-0.11684,0.96300,-0.03788,0.23988,-2.35,-5.99,-7.84
12.2289,177,0.55213,-0.01144,-0.30330,0.54442,0.65681,-0.52052,0.03563,1,0.58006,-0.32361,0.30516,-0.10516,0.96491,-0.02387,0.23941,0.57757,-0.32951,0.29732,-0.11983,0.96250,-0.04185,0.23974,-2.48,-5.89,-7.84
12.2456,178,0.55395,-0.01538,-0.30136,0.54282,0.65413,-0.52571,0.03294,1,0.57973,-0.32455,0.30357,-0.10808,0.96451,-0.02772,0.23930,0.57707,-0.33046,0.29563,-0.12284,0.96198,-0.04581,0.23960,-2.66,-5.90,-7.94
12.2627,179,0.55578,-0.01885,-0.29937,0.54088,0.65211,-0.53031,0.03127,1,0.57937,-0.32555,0.30189,-0.11114,0.96406,-0.03179,0.23921,0.57653,-0.33140,0.29395,-0.12586,0.96143,-0.04975,0.23945,-2.84,-5.84,-7.94
12.2795,180,0.55757,-0.02229,-0.29708,0.53826,0.64997,-0.53561,0.03048,1,0.57898,-0.32656,0.30018,-0.11419,0.96359,-0.03583,0.23909,0.57594,-0.33233,0.29228,-0.12889,0.96085,-0.05369,0.23931,-3.03,-5.78,-7.89
12.2961,181,0.55945,-0.02578,-0.29466,0.53627,0.64791,-0.54015,0.02948,1,0.57854,-0.32756,0.29846,-0.11722,0.96310,-0.03982,0.23897,0.57531,-0.33325,0.29063,-0.13192,0.96025,-0.05762,0.23917,-3.22,-5.69,-7.84
12.3127,182,0.56302,-0.03218,-0.28983,0.53046,0.64379,-0.55078,0.02806,1,0.57810,-0.32847,0.29689,-0.12012,0.96261,-0.04360,0.23885,0.57459,-0.33416,0.28900,-0.13495,0.95962,-0.06154,0.23904,-3.51,-5.69,-7.89
12.3299,183,0.56487,-0.03559,-0.28741,0.52721,0.64214,-0.55586,0.02695,1,0.57758,-0.32945,0.29514,-0.12340,0.96204,-0.04787,0.23867,0.57384,-0.33506,0.28738,-0.13800,0.95895,-0.06544,0.23891,-3.74,-5.61,-7.76
12.3466,184,0.56673,-0.03906,-0.28512,0.52488,0.64048,-0.56005,0.02529,1,0.57705,-0.33036,0.29359,-0.12625,0.96152,-0.05170,0.23847,0.57306,-0.33595,0.28576,-0.14105,0.95827,-0.06934,0.23879,-3.99,-5.59,-7.82
12.3632,185,0.56865,-0.04258,-0.28264,0.52295,0.63830,-0.56435,0.02460,1,0.57639,-0.33137,0.29189,-0.12921,0.96096,-0.05571,0.23824,0.57224,-0.33683,0.28417,-0.14411,0.95755,-0.07323,0.23867,-4.15,-5.46,-7.73
12.3796,186,0.57048,-0.04611,-0.28008,0.52080,0.63598,-0.56893,0.02491,1,0.57568,-0.33241,0.29018,-0.13221,0.96035,-0.05979,0.23805,0.57140,-0.33771,0.28258,-0.14716,0.95681,-0.07712,0.23854,-4.28,-5.30,-7.61
12.3963,187,0.57447,-0.05316,-0.27537,0.51646,0.63064,-0.57864,0.02708,1,0.57498,-0.33335,0.28859,-0.13508,0.95974,-0.06356,0.23792,0.57052,-0.33857,0.28100,-0.15020,0.95605,-0.08102,0.23842,-4.46,-5.22,-7.59
12.4132,188,0.57655,-0.05672,-0.27315,0.51430,0.62749,-0.58395,0.02744,1,0.57423,-0.33429,0.28692,-0.13821,0.95905,-0.06746,0.23782,0.56963,-0.33944,0.27944,-0.15323,0.95526,-0.08491,0.23830,-4.60,-5.16,-7.48
12.4300,189,0.57855,-0.06031,-0.27067,0.51181,0.62378,-0.59007,0.02752,1,0.57348,-0.33516,0.28531,-0.14133,0.95834,-0.07132,0.23774,0.56874,-0.34029,0.27792,-0.15625,0.95445,-0.08881,0.23817,-4.73,-5.13,-7.39
12.4471,190,0.58034,-0.06389,-0.26826,0.50974,0.62043,-0.59541,0.02682,1,0.57270,-0.33602,0.28372,-0.14439,0.95761,-0.07517,0.23765,0.56789,-0.34109,0.27647,-0.15915,0.95365,-0.09254,0.23805,-4.81,-5.07,-7.25
12.4637,191,0.58210,-0.06756,-0.26601,0.50764,0.61754,-0.60022,0.02627,1,0.57194,-0.33682,0.28226,-0.14728,0.95690,-0.07888,0.23753,0.56706,-0.34184,0.27508,-0.16192,0.95286,-0.09610,0.23792,-4.88,-5.02,-7.18
12.4801,192,0.58374,-0.07112,-0.26371,0.50561,0.61494,-0.60455,0.02698,1,0.57110,-0.33765,0.28073,-0.15033,0.95614,-0.08279,0.23738,0.56625,-0.34254,0.27374,-0.16455,0.95209,-0.09951,0.23780,-4.85,-4.90,-6.98
12.4969,193,0.58521,-0.07482,-0.26168,0.50464,0.61215,-0.60814,0.02784,1,0.57026,-0.33846,0.27922,-0.15335,0.95535,-0.08669,0.23722,0.56548,-0.34321,0.27244,-0.16706,0.95134,-0.10274,0.23767,-4.78,-4.75,-6.77
12.5141,194,0.58805,-0.08236,-0.25712,0.50263,0.60528,-0.61651,0.03029,1,0.56942,-0.33923,0.27772,-0.15631,0.95456,-0.09047,0.23708,0.56464,-0.34389,0.27103,-0.16944,0.95061,-0.10582,0.23755,-4.79,-4.66,-6.69
12.5306,195,0.58916,-0.08593,-0.25502,0.50112,0.60171,-0.62120,0.03057,1,0.56865,-0.33993,0.27634,-0.15898,0.95381,-0.09388,0.23698,0.56380,-0.34453,0.26963,-0.17170,0.94991,-0.10873,0.23743,-4.86,-4.60,-6.71
12.5473,196,0.59013,-0.08936,-0.25287,-0.49920,-0.59905,0.62533,-0.03009,1,0.56789,-0.34062,0.27497,-0.16152,0.95308,-0.09710,0.23688,0.56300,-0.34511,0.26829,-0.17383,0.94923,-0.11148,0.23732,-4.90,-4.49,-6.68
12.5638,197,0.59101,-0.09636,-0.24833,-0.49455,-0.59605,0.63196,-0.02775,1,0.56714,-0.34132,0.27369,-0.16352,0.95250,-0.09972,0.23678,0.56211,-0.34564,0.26684,-0.17583,0.94858,-0.11406,0.23721,-5.03,-4.32,-6.85
12.5806,198,0.59149,-0.09990,-0.24596,-0.49322,-0.59513,0.63383,-0.02842,1,0.56649,-0.34195,0.27262,-0.16508,0.95203,-0.10183,0.23669,0.56125,-0.34610,0.26544,-0.17770,0.94797,-0.11648,0.23710,-5.25,-4.15,-7.18
12.5974,199,0.59204,-0.10301,-0.24399,-0.49181,-0.59346,0.63636,-0.03117,1,0.56591,-0.34250,0.27170,-0.16653,0.95159,-0.10372,0.23663,0.56042,-0.34651,0.26412,-0.17945,0.94738,-0.11874,0.23700,-5.48,-4.01,-7.58
12.6146,200,0.59272,-0.10662,-0.24183,-0.49009,-0.59125,0.63959,-0.03406,1,0.56546,-0.34291,0.27098,-0.16790,0.95117,-0.10544,0.23659,0.55963,-0.34689,0.26283,-0.18107,0.94683,-0.12084,0.23690,-5.83,-3.97,-8.14
12.6315,201,0.59375,-0.11044,-0.23973,-0.48726,-0.58768,0.64485,-0.03714,1,0.56509,-0.34322,0.27038,-0.16944,0.95069,-0.10737,0.23655,0.55886,-0.34725,0.26157,-0.18257,0.94632,-0.12277,0.23681,-6.23,-4.03,-8.81
12.6481,202,0.59645,-0.11766,-0.23518,-0.48037,-0.57947,0.65708,-0.04127,1,0.56477,-0.34345,0.26989,-0.17116,0.95015,-0.10954,0.23648,0.55803,-0.34767,0.26020,-0.18394,0.94584,-0.12454,0.23672,-6.75,-4.22,-9.68
12.6647,203,0.59792,-0.12172,-0.23290,-0.47614,-0.57533,0.66374,-0.04157,1,0.56440,-0.34365,0.26930,-0.17293,0.94961,-0.11177,0.23633,0.55719,-0.34812,0.25882,-0.18519,0.94541,-0.12614,0.23664,-7.21,-4.46,-10.49
12.6816,204,0.59962,-0.12591,-0.23066,-0.47198,-0.57187,0.66968,-0.04150,1,0.56393,-0.34390,0.26858,-0.17456,0.94909,-0.11398,0.23613,0.55637,-0.34857,0.25745,-0.18632,0.94501,-0.12759,0.23657,-7.55,-4.67,-11.13
12.6979,205,0.60143,-0.13068,-0.22818,-0.46787,-0.56787,0.67592,-0.04193,1,0.56325,-0.34428,0.26755,-0.17617,0.94858,-0.11627,0.23589,0.55557,-0.34904,0.25608,-0.18732,0.94466,-0.12887,0.23649,-7.68,-4.76,-11.47
12.7146,206,0.60337,-0.13571,-0.22590,-0.46372,-0.56250,0.68311,-0.04371,1,0.56247,-0.34470,0.26630,-0.17769,0.94808,-0.11831,0.23574,0.55479,-0.34953,0.25468,-0.18821,0.94434,-0.12998,0.23643,-7.68,-4.83,-11.63
12.7313,207,0.60788,-0.14536,-0.22080,-0.45749,-0.54687,0.69945,-0.04904,1,0.56153,-0.34518,0.26473,-0.17934,0.94753,-0.12042,0.23564,0.55396,-0.35008,0.25317,-0.18897,0.94408,-0.13094,0.23636,-7.57,-4.90,-11.56
12.7482,208,0.60998,-0.14979,-0.21780,-0.45431,-0.53875,0.70769,-0.05028,1,0.56049,-0.34569,0.26297,-0.18101,0.94696,-0.12247,0.23558,0.55305,-0.35071,0.25157,-0.18961,0.94385,-0.13173,0.23631,-7.44,-5.02,-11.40
12.7654,209,0.61170,-0.15451,-0.21432,-0.45032,-0.53265,0.71498,-0.04790,1,0.55939,-0.34625,0.26107,-0.18262,0.94641,-0.12445,0.23551,0.55211,-0.35134,0.24998,-0.19013,0.94367,-0.13235,0.23626,-7.28,-5.09,-11.09
12.7816,210,0.61360,-0.15819,-0.21118,-0.44478,-0.52978,0.72075,-0.04483,1,0.55834,-0.34686,0.25922,-0.18401,0.94592,-0.12621,0.23548,0.55117,-0.35195,0.24847,-0.19052,0.94354,-0.13282,0.23622,-7.17,-5.09,-10.75
12.7983,211,0.61518,-0.16261,-0.20759,-0.43951,-0.52681,0.72631,-0.04223,1,0.55720,-0.34759,0.25724,-0.18532,0.94545,-0.12791,0.23542,0.55021,-0.35255,0.24700,-0.19080,0.94345,-0.13312,0.23618,-6.99,-4.96,-10.24
12.8152,212,0.61829,-0.17037,-0.20133,-0.43062,-0.52040,0.73639,-0.03844,1,0.55603,-0.34835,0.25525,-0.18648,0.94505,-0.12937,0.23532,0.54914,-0.35317,0.24544,-0.19095,0.94341,-0.13326,0.23615,-6.89,-4.82,-9.81
12.8321,213,0.61960,-0.17467,-0.19807,-0.42593,-0.51717,0.74143,-0.03757,1,0.55484,-0.34918,0.25328,-0.18744,0.94471,-0.13061,0.23523,0.54804,-0.35378,0.24388,-0.19097,0.94341,-0.13324,0.23612,-6.79,-4.60,-9.40
12.8485,214,0.62082,-0.17922,-0.19497,-0.42129,-0.51265,0.74715,-0.03834,1,0.55372,-0.34993,0.25146,-0.18821,0.94445,-0.13149,0.23516,0.54697,-0.35435,0.24234,-0.19088,0.94346,-0.13306,0.23609,-6.75,-4.42,-9.13
12.8653,215,0.62194,-0.18352,-0.19245,-0.41776,-0.50709,0.75290,-0.03838,1,0.55255,-0.35068,0.24958,-0.18887,0.94424,-0.13215,0.23512,0.54595,-0.35488,0.24084,-0.19066,0.94356,-0.13271,0.23607,-6.60,-4.20,-8.75
12.8821,216,0.62385,-0.19131,-0.18751,-0.41338,-0.49685,0.76219,-0.03644,1,0.55142,-0.35137,0.24777,-0.18936,0.94408,-0.13259,0.23509,0.54488,-0.35541,0.23923,-0.19031,0.94370,-0.13221,0.23606,-6.54,-4.04,-8.54
12.8989,217,0.62461,-0.19477,-0.18542,-0.41150,-0.49227,0.76622,-0.03540,1,0.55029,-0.35202,0.24602,-0.18963,0.94401,-0.13278,0.23507,0.54386,-0.35590,0.23769,-0.18984,0.94389,-0.13155,0.23604,-6.43,-3.87,-8.33
12.9162,218,0.62536,-0.19857,-0.18333,-0.40814,-0.48797,0.77074,-0.03548,1,0.54916,-0.35265,0.24431,-0.18972,0.94399,-0.13282,0.23503,0.54290,-0.35634,0.23621,-0.18925,0.94413,-0.13072,0.23604,-6.26,-3.70,-8.10
12.9323,219,0.62639,-0.20203,-0.18168,-0.40378,-0.48211,0.77666,-0.03646,1,0.54808,-0.35322,0.24272,-0.18963,0.94404,-0.13269,0.23498,0.54202,-0.35676,0.23481,-0.18853,0.94441,-0.12974,0.23603,-6.07,-3.55,-7.91
12.9491,220,0.62727,-0.20528,-0.18029,-0.39975,-0.47614,0.78246,-0.03539,1,0.54694,-0.35380,0.24104,-0.18939,0.94414,-0.13240,0.23494,0.54122,-0.35716,0.23348,-0.18769,0.94473,-0.12859,0.23604,-5.72,-3.36,-7.56
12.9658,221,0.62806,-0.20790,-0.17876,-0.39579,-0.47166,0.78733,-0.03170,1,0.54589,-0.35430,0.23950,-0.18907,0.94428,-0.13191,0.23494,0.54047,-0.35753,0.23224,-0.18672,0.94510,-0.12728,0.23604,-5.42,-3.23,-7.26
12.9824,222,0.62862,-0.21063,-0.17595,-0.38931,-0.47094,0.79148,-0.01475,1,0.54485,-0.35477,0.23791,-0.18860,0.94446,-0.13122,0.23495,0.53971,-0.35786,0.23106,-0.18562,0.94551,-0.12582,0.23605,-5.14,-3.10,-6.84
12.9992,223,0.62879,-0.21188,-0.17480,-0.38824,-0.46935,0.79298,-0.01239,1,0.54388,-0.35521,0.23639,-0.18797,0.94471,-0.13033,0.23497,0.53901,-0.35816,0.23001,-0.18439,0.94596,-0.12421,0.23606,-4.87,-2.95,-6.38
13.0160,224,0.62893,-0.21343,-0.17358,-0.38668,-0.46626,0.79554,-0.01394,1,0.54299,-0.35560,0.23496,-0.18721,0.94500,-0.12928,0.23499,0.53837,-0.35840,0.22907,-0.18302,0.94646,-0.12243,0.23608,-4.62,-2.80,-5.89
13.0325,225,0.62926,-0.21515,-0.17251,-0.38355,-0.46260,0.79914,-0.01631,1,0.54219,-0.35597,0.23371,-0.18634,0.94532,-0.12816,0.23500,0.53779,-0.35863,0.22820,-0.18153,0.94699,-0.12050,0.23610,-4.40,-2.65,-5.50
13.0495,226,0.62952,-0.21662,-0.17136,-0.37962,-0.45994,0.80254,-0.01690,1,0.54139,-0.35632,0.23246,-0.18532,0.94570,-0.12686,0.23498,0.53724,-0.35882,0.22740,-0.17990,0.94756,-0.11841,0.23612,-4.14,-2.50,-5.05
13.0665,227,0.62916,-0.21678,-0.16964,-0.36892,-0.46812,0.80296,-0.00279,1,0.54060,-0.35670,0.23128,-0.18410,0.94615,-0.12534,0.23495,0.53670,-0.35897,0.22673,-0.17813,0.94816,-0.11618,0.23613,-3.90,-2.27,-4.55
13.0827,228,0.62867,-0.21659,-0.16931,-0.36769,-0.47825,0.79753,0.00603,1,0.53987,-0.35706,0.23020,-0.18280,0.94662,-0.12366,0.23496,0.53623,-0.35907,0.22617,-0.17622,0.94881,-0.11379,0.23613,-3.64,-2.02,-4.03
13.0996,229,0.62819,-0.21649,-0.16931,-0.37173,-0.48371,0.79232,0.00887,1,0.53924,-0.35735,0.22927,-0.18147,0.94710,-0.12192,0.23497,0.53584,-0.35913,0.22571,-0.17417,0.94949,-0.11126,0.23613,-3.40,-1.78,-3.56
13.1163,230,0.62771,-0.21605,-0.16942,-0.37734,-0.48255,0.79041,0.00468,1,0.53864,-0.35759,0.22843,-0.17993,0.94764,-0.11983,0.23504,0.53553,-0.35915,0.22536,-0.17197,0.95020,-0.10859,0.23612,-3.11,-1.56,-3.07
13.1334,231,0.62731,-0.21539,-0.16936,-0.38114,-0.47937,0.79053,-0.00221,1,0.53810,-0.35774,0.22770,-0.17830,0.94821,-0.11759,0.23513,0.53526,-0.35915,0.22510,-0.16963,0.95094,-0.10575,0.23611,-2.84,-1.41,-2.61
13.1504,232,0.62617,-0.21283,-0.17060,-0.37861,-0.48544,0.78801,-0.00570,1,0.53759,-0.35788,0.22709,-0.17643,0.94884,-0.11519,0.23516,0.53506,-0.35911,0.22495,-0.16716,0.95171,-0.10277,0.23609,-2.53,-1.23,-2.14
13.1669,233,0.62587,-0.21168,-0.17155,-0.37883,-0.49041,0.78484,-0.00329,1,0.53716,-0.35797,0.22659,-0.17445,0.94951,-0.11272,0.23515,0.53495,-0.35905,0.22490,-0.16454,0.95251,-0.09963,0.23605,-2.20,-1.08,-1.68
13.1837,234,0.62534,-0.21030,-0.17272,-0.38156,-0.49071,0.78331,-0.00591,1,0.53682,-0.35802,0.22622,-0.17243,0.95017,-0.11026,0.23514,0.53494,-0.35897,0.22496,-0.16179,0.95333,-0.09633,0.23601,-1.88,-0.95,-1.26
13.2002,235,0.62528,-0.20852,-0.17361,-0.38501,-0.48814,0.78315,-0.01275,1,0.53651,-0.35806,0.22593,-0.17012,0.95092,-0.10748,0.23509,0.53498,-0.35890,0.22511,-0.15892,0.95417,-0.09287,0.23596,-1.53,-0.85,-0.82
13.2167,236,0.62527,-0.20635,-0.17406,-0.38599,-0.48575,0.78408,-0.01673,1,0.53632,-0.35803,0.22575,-0.16782,0.95164,-0.10469,0.23505,0.53504,-0.35884,0.22534,-0.15592,0.95503,-0.08924,0.23590,-1.28,-0.81,-0.41
13.2338,237,0.62482,-0.20151,-0.17502,-0.38073,-0.49423,0.78151,-0.00461,1,0.53622,-0.35796,0.22566,-0.16522,0.95244,-0.10151,0.23506,0.53512,-0.35877,0.22571,-0.15276,0.95590,-0.08549,0.23580,-1.09,-0.82,0.05
13.2502,238,0.62482,-0.20151,-0.17502,-0.38073,-0.49423,0.78151,-0.00461,1,0.53618,-0.35785,0.22565,-0.16254,0.95325,-0.09825,0.23503,0.53521,-0.35871,0.22608,-0.14958,0.95676,-0.08173,0.23570,-0.97,-0.87,0.43
13.2669,239,0.62413,-0.19906,-0.17588,-0.37927,-0.50102,0.77789,0.00556,1,0.53622,-0.35772,0.22575,-0.15972,0.95407,-0.09489,0.23501,0.53532,-0.35862,0.22651,-0.14635,0.95760,-0.07801,0.23557,-0.90,-0.91,0.76
13.2837,240,0.62385,-0.19857,-0.17560,-0.38050,-0.50027,0.77778,0.00217,1,0.53625,-0.35762,0.22590,-0.15689,0.95489,-0.09155,0.23493,0.53540,-0.35854,0.22690,-0.14313,0.95842,-0.07428,0.23544,-0.85,-0.92,1.00
13.3004,241,0.62434,-0.19674,-0.17404,-0.38267,-0.49576,0.77956,-0.00887,1,0.53631,-0.35755,0.22614,-0.15378,0.95575,-0.08797,0.23485,0.53539,-0.35849,0.22731,-0.13996,0.95920,-0.07049,0.23532,-0.92,-0.95,1.17
13.3172,242,0.62447,-0.19485,-0.17326,-0.38009,-0.49841,0.77913,-0.00836,1,0.53633,-0.35750,0.22644,-0.15060,0.95661,-0.08430,0.23476,0.53534,-0.35846,0.22775,-0.13678,0.95997,-0.06671,0.23517,-1.00,-0.96,1.31
13.3339,243,0.62406,-0.19227,-0.17270,-0.37674,-0.50935,0.77371,-0.00246,1,0.53633,-0.35746,0.22675,-0.14739,0.95746,-0.08058,0.23465,0.53527,-0.35841,0.22824,-0.13356,0.96072,-0.06296,0.23497,-1.06,-0.95,1.49
13.3509,244,0.62340,-0.19033,-0.17230,-0.37421,-0.52029,0.76763,0.00279,1,0.53627,-0.35746,0.22708,-0.14415,0.95829,-0.07680,0.23454,0.53519,-0.35834,0.22875,-0.13031,0.96146,-0.05925,0.23472,-1.08,-0.88,1.67
13.3676,245,0.62233,-0.18794,-0.17225,-0.37324,-0.52865,0.76235,0.00658,1,0.53621,-0.35744,0.22741,-0.14113,0.95904,-0.07323,0.23444,0.53512,-0.35823,0.22930,-0.12704,0.96219,-0.05555,0.23444,-1.08,-0.78,1.89
13.3844,246,0.62102,-0.18517,-0.17192,-0.37455,-0.53446,0.75760,0.01011,1,0.53613,-0.35743,0.22777,-0.13792,0.95982,-0.06946,0.23432,0.53505,-0.35807,0.22989,-0.12374,0.96290,-0.05187,0.23414,-1.08,-0.64,2.12
13.4012,247,0.61589,-0.17733,-0.17209,-0.37897,-0.55433,0.74029,0.03282,1,0.53604,-0.35741,0.22816,-0.13473,0.96057,-0.06570,0.23417,0.53499,-0.35782,0.23059,-0.12033,0.96360,-0.04830,0.23382,-1.05,-0.41,2.43
13.4179,248,0.61186,-0.17174,-0.17326,-0.38235,-0.57055,0.72491,0.05291,1,0.53600,-0.35733,0.22865,-0.13151,0.96131,-0.06193,0.23401,0.53495,-0.35748,0.23139,-0.11682,0.96428,-0.04482,0.23347,-1.05,-0.15,2.74
13.4343,249,0.60619,-0.16613,-0.17480,-0.38159,-0.59403,0.70464,0.07074,0,0.53596,-0.35721,0.22919,-0.12844,0.96199,-0.05839,0.23379,0.53495,-0.35748,0.23139,-0.11682,0.96428,-0.04482,0.23347,-1.01,-0.27,2.20
13.4510,250,0.59956,-0.15913,-0.17863,-0.38113,-0.61636,0.68417,0.08213,0,0.53591,-0.35702,0.22983,-0.12513,0.96272,-0.05472,0.23350,0.53495,-0.35748,0.23139,-0.11682,0.96428,-0.04482,0.23347,-0.97,-0.46,1.56
13.4677,251,0.59373,-0.15253,-0.18275,-0.38913,-0.63327,0.66299,0.08939,0,0.53585,-0.35685,0.23040,-0.12209,0.96336,-0.05150,0.23318,0.53495,-0.35748,0.23139,-0.11682,0.96428,-0.04482,0.23347,-0.90,-0.63,0.99
13.4845,252,0.57744,-0.13573,-0.19118,0.41663,0.64657,-0.63314,-0.08657,0,0.53578,-0.35669,0.23090,-0.11909,0.96397,-0.04838,0.23290,0.53495,-0.35748,0.23139,-0.11682,0.96428,-0.04482,0.23347,-0.83,-0.79,0.49
13.5012,253,0.56756,-0.12634,-0.19595,0.42919,0.65675,-0.61337,-0.09085,0,0.53577,-0.35653,0.23130,-0.11644,0.96447,-0.04558,0.23272,0.53495,-0.35748,0.23139,-0.11682,0.96428,-0.04482,0.23347,-0.82,-0.95,0.09
13.5181,254,0.55636,-0.11590,-0.20147,0.43879,0.67205,-0.58784,-0.10126,0,0.53580,-0.35635,0.23158,-0.11424,0.96488,-0.04320,0.23256,0.53495,-0.35748,0.23139,-0.11682,0.96428,-0.04482,0.23347,-0.86,-1.13,-0.19
13.5349,255,0.54365,-0.10461,-0.20812,0.44679,0.69013,-0.55755,-0.11501,0,0.53582,-0.35619,0.23171,-0.11248,0.96521,-0.04134,0.23238,0.53495,-0.35748,0.23139,-0.11682,0.96428,-0.04482,0.23347,-0.87,-1.30,-0.32
13.5515,256,0.51473,-0.08035,-0.22383,0.47087,0.71998,-0.49264,-0.13121,0,0.53580,-0.35608,0.23171,-0.11121,0.96545,-0.04007,0.23224,0.53495,-0.35748,0.23139,-0.11682,0.96428,-0.04482,0.23347,-0.85,-1.40,-0.31
13.5682,257,0.49862,-0.06823,-0.23190,0.48791,0.73092,-0.45917,-0.12986,0,0.53579,-0.35604,0.23165,-0.11025,0.96561,-0.03920,0.23217,0.53495,-0.35748,0.23139,-0.11682,0.96428,-0.04482,0.23347,-0.84,-1.44,-0.26
13.5849,258,0.48142,-0.05637,-0.23963,0.50636,0.73864,-0.42683,-0.12581,0,0.53576,-0.35606,0.23156,-0.10974,0.96570,-0.03886,0.23212,0.53495,-0.35748,0.23139,-0.11682,0.96428,-0.04482,0.23347,-0.81,-1.42,-0.16
13.6016,259,0.46334,-0.04488,-0.24723,0.52159,0.74604,-0.39555,-0.12209,0,0.53576,-0.35611,0.23151,-0.10972,0.96567,-0.03905,0.23219,0.53495,-0.35748,0.23139,-0.11682,0.96428,-0.04482,0.23347,-0.81,-1.38,-0.11
13.6184,260,0.44414,-0.03369,-0.25490,0.53201,0.75405,-0.36561,-0.12125,0,0.53575,-0.35612,0.23145,-0.11021,0.96557,-0.03966,0.23228,0.53495,-0.35748,0.23139,-0.11682,0.96428,-0.04482,0.23347,-0.81,-1.36,-0.06
13.6351,261,0.42381,-0.02164,-0.26262,0.53849,0.76334,-0.33438,-0.12460,0,0.53572,-0.35613,0.23142,-0.11111,0.96541,-0.04059,0.23235,0.53495,-0.35748,0.23139,-0.11682,0.96428,-0.04482,0.23347,-0.77,-1.36,-0.03
13.6518,262,0.38205,0.00080,-0.27773,0.54957,0.78125,-0.26185,-0.13801,0,0.53568,-0.35615,0.23141,-0.11217,0.96523,-0.04165,0.23242,0.53495,-0.35748,0.23139,-0.11682,0.96428,-0.04482,0.23347,-0.74,-1.34,-0.02
13.6686,263,0.36083,0.01210,-0.28453,0.55605,0.78697,-0.22590,-0.14300,0,0.53565,-0.35621,0.23141,-0.11313,0.96506,-0.04257,0.23248,0.53495,-0.35748,0.23139,-0.11682,0.96428,-0.04482,0.23347,-0.71,-1.27,-0.02
13.6854,264,0.33964,0.02289,-0.29092,0.56192,0.79121,-0.19134,-0.14707,0,0.53564,-0.35631,0.23146,-0.11399,0.96491,-0.04340,0.23254,0.53495,-0.35748,0.23139,-0.11682,0.96428,-0.04482,0.23347,-0.69,-1.18,-0.06
13.7021,265,0.31781,0.03350,-0.29686,0.56651,0.79391,-0.16049,-0.15172,0,0.53562,-0.35640,0.23151,-0.11467,0.96479,-0.04401,0.23257,0.53495,-0.35748,0.23139,-0.11682,0.96428,-0.04482,0.23347,-0.68,-1.08,-0.11
13.7188,266,0.29507,0.04421,-0.30237,0.56942,0.79631,-0.12907,-0.15809,0,0.53563,-0.35645,0.23156,-0.11520,0.96471,-0.04442,0.23258,0.53495,-0.35748,0.23139,-0.11682,0.96428,-0.04482,0.23347,-0.68,-1.04,-0.16
13.7357,267,0.24790,0.06442,-0.31243,0.57223,0.80030,-0.06312,-0.16761,0,0.53565,-0.35646,0.23160,-0.11555,0.96465,-0.04468,0.23260,0.53495,-0.35748,0.23139,-0.11682,0.96428,-0.04482,0.23347,-0.70,-1.02,-0.20
13.7524,268,0.22409,0.07322,-0.31657,0.57451,0.80039,-0.02737,-0.16902,0,0.53567,-0.35647,0.23162,-0.11578,0.96461,-0.04487,0.23261,0.53495,-0.35748,0.23139,-0.11682,0.96428,-0.04482,0.23347,-0.73,-1.02,-0.23
13.7691,269,0.20049,0.08088,-0.31963,0.57751,0.79856,0.00950,-0.16939,0,0.53571,-0.35647,0.23163,-0.11591,0.96459,-0.04503,0.23262,0.53495,-0.35748,0.23139,-0.11682,0.96428,-0.04482,0.23347,-0.76,-1.01,-0.23
13.7858,270,0.17705,0.08760,-0.32171,0.58000,0.79554,0.04210,-0.17012,0,0.53572,-0.35648,0.23162,-0.11598,0.96457,-0.04514,0.23261,0.53495,-0.35748,0.23139,-0.11682,0.96428,-0.04482,0.23347,-0.78,-1.01,-0.23
13.8026,271,0.12992,0.09915,-0.32247,0.58258,0.78851,0.09561,-0.17236,0,0.53573,-0.35648,0.23160,-0.11601,0.96457,-0.04522,0.23259,0.53495,-0.35748,0.23139,-0.11682,0.96428,-0.04482,0.23347,-0.78,-1.00,-0.21
13.8194,272,0.10692,0.10383,-0.32055,0.58274,0.78587,0.12277,-0.16658,0,0.53573,-0.35647,0.23157,-0.11603,0.96457,-0.04527,0.23259,0.53495,-0.35748,0.23139,-0.11682,0.96428,-0.04482,0.23347,-0.79,-1.01,-0.18
13.8362,273,0.08521,0.10719,-0.31783,0.57914,0.78511,0.15411,-0.15636,0,0.53575,-0.35645,0.23155,-0.11604,0.96456,-0.04529,0.23260,0.53495,-0.35748,0.23139,-0.11682,0.96428,-0.04482,0.23347,-0.80,-1.03,-0.15
13.8528,274,0.06453,0.10983,-0.31457,0.57249,0.78611,0.18309,-0.14409,0,0.53576,-0.35644,0.23154,-0.11604,0.96455,-0.04532,0.23263,0.53495,-0.35748,0.23139,-0.11682,0.96428,-0.04482,0.23347,-0.81,-1.04,-0.15
13.8696,275,0.04451,0.11212,-0.31050,0.56638,0.78623,0.20751,-0.13416,0,0.53577,-0.35643,0.23154,-0.11603,0.96455,-0.04533,0.23263,0.53495,-0.35748,0.23139,-0.11682,0.96428,-0.04482,0.23347,-0.82,-1.05,-0.14
13.8863,276,0.00571,0.11431,-0.29936,0.55746,0.78190,0.24889,-0.12617,0,0.53576,-0.35644,0.23154,-0.11602,0.96456,-0.04534,0.23262,0.53495,-0.35748,0.23139,-0.11682,0.96428,-0.04482,0.23347,-0.81,-1.05,-0.14
13.9030,277,-0.01215,0.11421,-0.29248,0.55138,0.77904,0.27302,-0.12060,0,0.53574,-0.35644,0.23153,-0.11602,0.96456,-0.04535,0.23262,0.53495,-0.35748,0.23139,-0.11682,0.96428,-0.04482,0.23347,-0.79,-1.04,-0.14
13.9197,278,-0.02830,0.11326,-0.28560,0.54182,0.77767,0.29917,-0.11025,0,0.53572,-0.35644,0.23153,-0.11603,0.96455,-0.04535,0.23263,0.53495,-0.35748,0.23139,-0.11682,0.96428,-0.04482,0.23347,-0.78,-1.05,-0.14
13.9366,279,-0.04258,0.11200,-0.27947,0.52931,0.77790,0.32466,-0.09648,0,0.53572,-0.35642,0.23153,-0.11604,0.96455,-0.04534,0.23265,0.53495,-0.35748,0.23139,-0.11682,0.96428,-0.04482,0.23347,-0.77,-1.06,-0.14
13.9533,280,-0.05554,0.11065,-0.27392,0.51676,0.77854,0.34639,-0.08275,0,0.53572,-0.35641,0.23154,-0.11604,0.96454,-0.04534,0.23267,0.53495,-0.35748,0.23139,-0.11682,0.96428,-0.04482,0.23347,-0.77,-1.07,-0.14
13.9703,281,-0.07943,0.10924,-0.26411,0.50101,0.77543,0.37865,-0.06577,0,0.53572,-0.35641,0.23154,-0.11603,0.96454,-0.04534,0.23267,0.53495,-0.35748,0.23139,-0.11682,0.96428,-0.04482,0.23347,-0.78,-1.08,-0.15
13.9870,282,-0.08978,0.10853,-0.25935,0.49768,0.77236,0.38971,-0.06241,0,0.53572,-0.35640,0.23154,-0.11603,0.96455,-0.04534,0.23266,0.53495,-0.35748,0.23139,-0.11682,0.96428,-0.04482,0.23347,-0.78,-1.08,-0.15
14.0038,283,-0.09887,0.10784,-0.25505,0.49265,0.77047,0.40006,-0.06017,0,0.53572,-0.35640,0.23155,-0.11602,0.96455,-0.04535,0.23266,0.53495,-0.35748,0.23139,-0.11682,0.96428,-0.04482,0.23347,-0.77,-1.08,-0.15
14.0204,284,-0.10666,0.10681,-0.25175,0.48719,0.76928,0.40926,-0.05800,0,0.53572,-0.35640,0.23155,-0.11601,0.96455,-0.04534,0.23265,0.53495,-0.35748,0.23139,-0.11682,0.96428,-0.04482,0.23347,-0.77,-1.09,-0.16
14.0371,285,-0.11305,0.10595,-0.24938,0.48162,0.76860,0.41756,-0.05425,0,0.53572,-0.35640,0.23156,-0.11601,0.96455,-0.04535,0.23266,0.53495,-0.35748,0.23139,-0.11682,0.96428,-0.04482,0.23347,-0.77,-1.09,-0.16
14.0538,286,-0.11844,0.10520,-0.24777,0.47558,0.76851,0.42518,-0.04937,0,0.53571,-0.35639,0.23156,-0.11602,0.96455,-0.04535,0.23266,0.53495,-0.35748,0.23139,-0.11682,0.96428,-0.04482,0.23347,-0.77,-1.09,-0.16
14.0707,287,-0.12177,0.10491,-0.24743,0.46711,0.77326,0.42689,-0.04040,0,0.53571,-0.35639,0.23156,-0.11601,0.96455,-0.04534,0.23266,0.53495,-0.35748,0.23139,-0.11682,0.96428,-0.04482,0.23347,-0.77,-1.09,-0.16
14.0874,288,-0.12583,0.10500,-0.24619,0.44941,0.78782,0.42073,-0.01866,0,0.53572,-0.35639,0.23155,-0.11601,0.96455,-0.04534,0.23266,0.53495,-0.35748,0.23139,-0.11682,0.96428,-0.04482,0.23347,-0.77,-1.09,-0.16
14.1040,289,-0.12645,0.10550,-0.24640,0.44173,0.79436,0.41679,-0.01274,0,0.53572,-0.35640,0.23155,-0.11601,0.96455,-0.04534,0.23266,0.53495,-0.35748,0.23139,-0.11682,0.96428,-0.04482,0.23347,-0.78,-1.09,-0.16
14.1209,290,-0.12405,0.10787,-0.24593,0.43956,0.80032,0.40736,-0.01817,1,0.53572,-0.35640,0.23155,-0.11601,0.96455,-0.04534,0.23266,0.53572,-0.35640,0.23155,-0.11601,0.96455,-0.04534,0.23266,-0.00,-0.00,0.00
14.1379,291,-0.12208,0.10867,-0.24640,0.44278,0.80093,0.40221,-0.02632,1,0.53574,-0.35639,0.23155,-0.11601,0.96455,-0.04533,0.23265,0.53575,-0.35650,0.23159,-0.11618,0.96456,-0.04533,0.23253,0.01,-0.11,0.04
14.1545,292,-0.12208,0.10867,-0.24640,0.44278,0.80093,0.40221,-0.02632,1,0.53577,-0.35634,0.23156,-0.11595,0.96458,-0.04532,0.23257,0.53577,-0.35658,0.23162,-0.11650,0.96458,-0.04532,0.23228,-0.00,-0.24,0.06
14.1711,293,-0.11768,0.10991,-0.24883,0.45370,0.80030,0.38998,-0.03987,1,0.53583,-0.35625,0.23158,-0.11589,0.96461,-0.04546,0.23244,0.53585,-0.35678,0.23169,-0.11698,0.96462,-0.04533,0.23188,0.03,-0.53,0.11
14.1885,294,-0.11498,0.11036,-0.25115,0.45693,0.80175,0.38295,-0.04193,1,0.53592,-0.35616,0.23161,-0.11579,0.96466,-0.04557,0.23226,0.53603,-0.35709,0.23178,-0.11761,0.96467,-0.04541,0.23135,0.10,-0.93,0.17
14.2047,295,-0.11214,0.11097,-0.25417,0.45902,0.80418,0.37553,-0.03964,1,0.53606,-0.35605,0.23164,-0.11577,0.96470,-0.04567,0.23209,0.53630,-0.35749,0.23188,-0.11839,0.96472,-0.04557,0.23071,0.24,-1.44,0.24
14.2213,296,-0.10592,0.11226,-0.26180,0.46428,0.80923,0.35862,-0.03118,1,0.53622,-0.35595,0.23169,-0.11593,0.96475,-0.04574,0.23178,0.53668,-0.35797,0.23200,-0.11931,0.96475,-0.04588,0.23002,0.46,-2.03,0.31
14.2381,297,-0.10265,0.11301,-0.26626,0.46886,0.81034,0.35034,-0.02810,1,0.53639,-0.35590,0.23174,-0.11627,0.96481,-0.04581,0.23137,0.53718,-0.35853,0.23213,-0.12035,0.96478,-0.04635,0.22928,0.79,-2.64,0.39
14.2552,298,-0.09935,0.11357,-0.27097,0.47508,0.81064,0.34128,-0.02640,1,0.53663,-0.35599,0.23183,-0.11673,0.96486,-0.04597,0.23089,0.53780,-0.35917,0.23228,-0.12150,0.96479,-0.04699,0.22850,1.17,-3.18,0.45
14.2717,0,-0.09587,0.11412,-0.27605,0.48252,0.80982,0.33274,-0.02540,1,0.53691,-0.35622,0.23194,-0.11725,0.96491,-0.04621,0.23038,0.53853,-0.35987,0.23243,-0.12274,0.96479,-0.04781,0.22767,1.63,-3.66,0.50
14.2883,1,-0.09172,0.11470,-0.28123,0.48951,0.80909,0.32446,-0.02203,1,0.53725,-0.35659,0.23205,-0.11799,0.96495,-0.04658,0.22973,0.53939,-0.36065,0.23260,-0.12407,0.96478,-0.04882,0.22678,2.14,-4.06,0.54
14.3052,2,-0.08146,0.11686,-0.29185,0.50051,0.81026,0.30473,-0.00990,1,0.53768,-0.35704,0.23220,-0.11892,0.96498,-0.04704,0.22903,0.54035,-0.36151,0.23278,-0.12545,0.96475,-0.05002,0.22586,2.67,-4.46,0.58
14.3218,3,-0.07521,0.11832,-0.29724,0.50361,0.81284,0.29268,-0.00228,1,0.53820,-0.35755,0.23233,-0.11993,0.96500,-0.04760,0.22833,0.54142,-0.36246,0.23297,-0.12688,0.96471,-0.05142,0.22494,3.22,-4.91,0.64
14.3390,4,-0.06815,0.12012,-0.30260,0.50541,0.81657,0.27883,0.00557,1,0.53892,-0.35821,0.23251,-0.12114,0.96500,-0.04837,0.22752,0.54258,-0.36351,0.23319,-0.12836,0.96464,-0.05303,0.22401,3.66,-5.29,0.68
14.3556,5,-0.06048,0.12193,-0.30812,0.50851,0.81936,0.26448,0.01130,1,0.53965,-0.35892,0.23268,-0.12225,0.96499,-0.04916,0.22678,0.54381,-0.36467,0.23344,-0.12989,0.96454,-0.05483,0.22311,4.16,-5.75,0.76
14.3723,6,-0.04390,0.12498,-0.31869,0.51581,0.82352,0.23518,0.02120,1,0.54053,-0.35973,0.23287,-0.12359,0.96496,-0.05022,0.22594,0.54507,-0.36597,0.23371,-0.13146,0.96442,-0.05684,0.22223,4.54,-6.24,0.84
14.3893,7,-0.03483,0.12603,-0.32381,0.52080,0.82418,0.22110,0.02481,1,0.54153,-0.36067,0.23308,-0.12495,0.96492,-0.05142,0.22511,0.54632,-0.36741,0.23399,-0.13307,0.96426,-0.05904,0.22138,4.80,-6.75,0.91
14.4057,8,-0.02460,0.12685,-0.32865,0.52708,0.82348,0.20836,0.02543,1,0.54256,-0.36162,0.23328,-0.12634,0.96486,-0.05278,0.22428,0.54752,-0.36898,0.23427,-0.13473,0.96407,-0.06144,0.22056,4.96,-7.36,0.99
14.4228,9,-0.01417,0.12784,-0.33317,0.53314,0.82272,0.19555,0.02544,1,0.54372,-0.36279,0.23349,-0.12783,0.96477,-0.05442,0.22342,0.54867,-0.37060,0.23453,-0.13644,0.96384,-0.06404,0.21976,4.94,-7.81,1.03
14.4391,10,-0.00328,0.12880,-0.33753,0.53811,0.82244,0.18281,0.02458,1,0.54493,-0.36402,0.23371,-0.12945,0.96465,-0.05628,0.22253,0.54976,-0.37225,0.23477,-0.13821,0.96358,-0.06684,0.21896,4.83,-8.23,1.06
14.4560,11,0.01947,0.12976,-0.34610,0.54874,0.82094,0.15620,0.02330,1,0.54617,-0.36542,0.23399,-0.13106,0.96451,-0.05835,0.22167,0.55077,-0.37397,0.23498,-0.14005,0.96328,-0.06984,0.21816,4.59,-8.54,1.00
14.4727,12,0.01947,0.12976,-0.34610,0.54874,0.82094,0.15620,0.02330,1,0.54733,-0.36679,0.23427,-0.13266,0.96435,-0.06053,0.22082,0.55178,-0.37568,0.23520,-0.14195,0.96295,-0.07302,0.21736,4.44,-8.89,0.93
14.4893,13,0.04394,0.13007,-0.35315,0.55677,0.82062,0.12477,0.03217,1,0.54852,-0.36840,0.23456,-0.13433,0.96416,-0.06302,0.21994,0.55269,-0.37745,0.23537,-0.14391,0.96257,-0.07641,0.21657,4.17,-9.05,0.81
14.5061,14,0.05676,0.12987,-0.35591,0.55922,0.82089,0.10862,0.04024,1,0.54959,-0.37013,0.23475,-0.13614,0.96393,-0.06592,0.21899,0.55356,-0.37925,0.23552,-0.14593,0.96215,-0.07998,0.21580,3.97,-9.12,0.77
14.5228,15,0.06967,0.12990,-0.35804,0.56036,0.82162,0.09279,0.04828,1,0.55061,-0.37194,0.23491,-0.13802,0.96365,-0.06897,0.21811,0.55438,-0.38107,0.23565,-0.14800,0.96168,-0.08375,0.21508,3.76,-9.12,0.75
14.5395,16,0.08277,0.12971,-0.35969,0.56145,0.82209,0.07780,0.05383,1,0.55154,-0.37372,0.23510,-0.13980,0.96336,-0.07191,0.21732,0.55514,-0.38291,0.23577,-0.15011,0.96115,-0.08771,0.21441,3.60,-9.20,0.68
14.5562,17,0.09610,0.12926,-0.36085,0.56351,0.82184,0.06274,0.05563,1,0.55252,-0.37552,0.23529,-0.14189,0.96299,-0.07527,0.21647,0.55585,-0.38478,0.23588,-0.15228,0.96055,-0.09184,0.21381,3.33,-9.26,0.59
14.5730,18,0.12206,0.12840,-0.36202,0.57017,0.81942,0.03547,0.04693,1,0.55349,-0.37732,0.23549,-0.14405,0.96256,-0.07881,0.21566,0.55647,-0.38668,0.23595,-0.15462,0.95990,-0.09608,0.21319,2.98,-9.36,0.47
14.5899,19,0.13468,0.12735,-0.36221,0.57301,0.81823,0.02282,0.04045,1,0.55440,-0.37913,0.23563,-0.14623,0.96210,-0.08253,0.21487,0.55704,-0.38860,0.23601,-0.15712,0.95922,-0.10030,0.21248,2.63,-9.46,0.38
14.6069,20,0.14724,0.12617,-0.36213,0.57608,0.81660,0.01077,0.03449,1,0.55526,-0.38103,0.23575,-0.14835,0.96160,-0.08636,0.21416,0.55757,-0.39052,0.23605,-0.15969,0.95852,-0.10446,0.21170,2.31,-9.49,0.30
14.6233,21,0.17208,0.12300,-0.36140,0.57909,0.81456,-0.01697,0.02952,1,0.55601,-0.38284,0.23586,-0.15043,0.96108,-0.09006,0.21351,0.55802,-0.39247,0.23605,-0.16236,0.95780,-0.10855,0.21089,2.02,-9.63,0.20
14.6404,22,0.18412,0.12090,-0.36097,0.57960,0.81375,-0.03149,0.02988,1,0.55674,-0.38474,0.23598,-0.15278,0.96047,-0.09417,0.21280,0.55845,-0.39443,0.23603,-0.16505,0.95705,-0.11262,0.21008,1.71,-9.69,0.05
14.6569,23,0.19625,0.11881,-0.36007,0.57966,0.81292,-0.04557,0.03290,1,0.55739,-0.38661,0.23605,-0.15524,0.95984,-0.09832,0.21201,0.55884,-0.39639,0.23599,-0.16774,0.95626,-0.11669,0.20931,1.45,-9.77,-0.06
14.6736,24,0.20825,0.11656,-0.35908,0.57905,0.81230,-0.05879,0.03769,1,0.55792,-0.38842,0.23603,-0.15757,0.95922,-0.10218,0.21127,0.55919,-0.39835,0.23593,-0.17042,0.95544,-0.12076,0.20858,1.27,-9.94,-0.10
14.6902,25,0.22057,0.11435,-0.35774,0.57834,0.81149,-0.07191,0.04281,1,0.55845,-0.39038,0.23603,-0.16012,0.95850,-0.10636,0.21053,0.55952,-0.40033,0.23585,-0.17308,0.95459,-0.12485,0.20790,1.06,-9.95,-0.17
14.7070,26,0.24517,0.10915,-0.35460,0.57700,0.80898,-0.10140,0.04838,1,0.55895,-0.39230,0.23606,-0.16277,0.95775,-0.11051,0.20978,0.55978,-0.40231,0.23574,-0.17576,0.95369,-0.12893,0.20728,0.82,-10.00,-0.32
14.7237,27,0.25721,0.10610,-0.35297,0.57683,0.80708,-0.11653,0.04807,1,0.55938,-0.39413,0.23612,-0.16528,0.95702,-0.11440,0.20905,0.56001,-0.40429,0.23560,-0.17846,0.95276,-0.13299,0.20666,0.64,-10.16,-0.51
14.7407,28,0.26915,0.10275,-0.35111,0.57752,0.80420,-0.13212,0.04777,1,0.55976,-0.39611,0.23612,-0.16796,0.95623,-0.11854,0.20826,0.56022,-0.40627,0.23544,-0.18118,0.95181,-0.13702,0.20603,0.46,-10.16,-0.67
14.7577,29,0.28080,0.09917,-0.34893,0.57857,0.80107,-0.14596,0.04732,1,0.56010,-0.39810,0.23605,-0.17068,0.95538,-0.12269,0.20753,0.56039,-0.40825,0.23526,-0.18391,0.95084,-0.14105,0.20537,0.29,-10.15,-0.78
14.7742,30,0.29232,0.09512,-0.34683,0.57895,0.79826,-0.15909,0.04781,1,0.56043,-0.40014,0.23596,-0.17337,0.95450,-0.12680,0.20687,0.56055,-0.41024,0.23506,-0.18665,0.94985,-0.14505,0.20472,0.12,-10.10,-0.90
14.7911,31,0.31543,0.08641,-0.34149,0.57848,0.79235,-0.18644,0.05273,1,0.56070,-0.40212,0.23583,-0.17610,0.95359,-0.13089,0.20619,0.56064,-0.41222,0.23481,-0.18938,0.94882,-0.14906,0.20408,-0.05,-10.10,-1.02
14.8075,32,0.32688,0.08167,-0.33866,0.57754,0.78896,-0.20236,0.05511,1,0.56095,-0.40404,0.23570,-0.17866,0.95271,-0.13477,0.20559,0.56072,-0.41420,0.23453,-0.19212,0.94777,-0.15307,0.20345,-0.23,-10.16,-1.17
14.8247,33,0.33816,0.07641,-0.33526,0.57687,0.78464,-0.22006,0.05602,1,0.56113,-0.40607,0.23546,-0.18147,0.95172,-0.13899,0.20488,0.56076,-0.41618,0.23423,-0.19486,0.94669,-0.15706,0.20283,-0.37,-10.10,-1.23
14.8415,34,0.34883,0.07064,-0.33181,0.57625,0.77999,-0.23784,0.05472,1,0.56125,-0.40815,0.23518,-0.18421,0.95073,-0.14306,0.20422,0.56078,-0.41815,0.23389,-0.19762,0.94559,-0.16102,0.20219,-0.47,-9.99,-1.29
14.8577,35,0.36961,0.05848,-0.32380,0.57510,0.77119,-0.26820,0.05094,1,0.56134,-0.41011,0.23494,-0.18680,0.94977,-0.14687,0.20363,0.56074,-0.42011,0.23350,-0.20043,0.94446,-0.16495,0.20152,-0.60,-10.00,-1.44
14.8749,36,0.36961,0.05848,-0.32380,0.57510,0.77119,-0.26820,0.05094,1,0.56141,-0.41211,0.23470,-0.18967,0.94871,-0.15094,0.20296,0.56070,-0.42207,0.23311,-0.20324,0.94331,-0.16886,0.20084,-0.70,-9.96,-1.59
14.8913,37,0.39018,0.04566,-0.31500,0.57246,0.76338,-0.29543,0.04761,1,0.56145,-0.41411,0.23443,-0.19249,0.94764,-0.15498,0.20227,0.56061,-0.42402,0.23267,-0.20609,0.94214,-0.17274,0.20015,-0.84,-9.91,-1.76
14.9080,38,0.39994,0.03907,-0.31060,0.57019,0.75870,-0.31161,0.04641,1,0.56145,-0.41615,0.23408,-0.19525,0.94655,-0.15893,0.20162,0.56049,-0.42596,0.23220,-0.20895,0.94094,-0.17660,0.19946,-0.96,-9.81,-1.88
14.9248,39,0.40898,0.03236,-0.30632,0.56793,0.75358,-0.32797,0.04484,1,0.56146,-0.41805,0.23378,-0.19795,0.94547,-0.16271,0.20104,0.56035,-0.42789,0.23170,-0.21183,0.93972,-0.18043,0.19876,-1.12,-9.84,-2.08
14.9419,40,0.41743,0.02544,-0.30219,0.56606,0.74832,-0.34309,0.04342,1,0.56145,-0.42013,0.23343,-0.20099,0.94425,-0.16691,0.20032,0.56018,-0.42981,0.23117,-0.21459,0.93852,-0.18410,0.19808,-1.27,-9.68,-2.26
14.9586,41,0.43304,0.01160,-0.29424,0.56405,0.73768,-0.36862,0.04247,1,0.56141,-0.42194,0.23304,-0.20373,0.94315,-0.17063,0.19960,0.55998,-0.43172,0.23060,-0.21722,0.93736,-0.18761,0.19743,-1.43,-9.78,-2.44
14.9751,42,0.44051,0.00453,-0.29014,0.56361,0.73231,-0.37979,0.04269,1,0.56133,-0.42390,0.23253,-0.20659,0.94196,-0.17459,0.19887,0.55976,-0.43361,0.22999,-0.21973,0.93623,-0.19095,0.19681,-1.57,-9.70,-2.53
14.9921,43,0.44756,-0.00240,-0.28601,0.56261,0.72670,-0.39186,0.04269,1,0.56124,-0.42588,0.23201,-0.20941,0.94076,-0.17842,0.19822,0.55952,-0.43549,0.22936,-0.22212,0.93514,-0.19414,0.19621,-1.72,-9.61,-2.65
15.0086,44,0.45462,-0.00915,-0.28170,0.56110,0.72134,-0.40378,0.04237,1,0.56113,-0.42771,0.23154,-0.21199,0.93965,-0.18186,0.19760,0.55926,-0.43737,0.22871,-0.22437,0.93408,-0.19716,0.19564,-1.87,-9.65,-2.83
15.0258,45,0.46137,-0.01596,-0.27748,0.55807,0.71585,-0.41758,0.04175,1,0.56096,-0.42967,0.23099,-0.21465,0.93850,-0.18540,0.19692,0.55898,-0.43923,0.22803,-0.22651,0.93307,-0.20002,0.19510,-1.98,-9.56,-2.96
15.0419,46,0.46766,-0.02262,-0.27326,0.55505,0.70966,-0.43205,0.04038,1,0.56075,-0.43162,0.23040,-0.21724,0.93735,-0.18885,0.19626,0.55869,-0.44108,0.22734,-0.22852,0.93210,-0.20272,0.19458,-2.06,-9.46,-3.06
15.0586,47,0.47895,-0.03589,-0.26516,0.55073,0.69867,-0.45518,0.03696,1,0.56055,-0.43346,0.22984,-0.21956,0.93630,-0.19192,0.19571,0.55836,-0.44291,0.22660,-0.23041,0.93118,-0.20526,0.19410,-2.19,-9.44,-3.24
15.0753,48,0.48417,-0.04261,-0.26109,0.54834,0.69364,-0.46568,0.03646,1,0.56030,-0.43542,0.22923,-0.22191,0.93522,-0.19503,0.19514,0.55802,-0.44473,0.22584,-0.23218,0.93031,-0.20765,0.19365,-2.28,-9.31,-3.39
15.0925,49,0.49168,-0.04907,-0.25827,0.54670,0.68809,-0.47578,0.03577,1,0.56005,-0.43729,0.22858,-0.22418,0.93417,-0.19802,0.19456,0.55767,-0.44654,0.22506,-0.23382,0.92949,-0.20987,0.19322,-2.38,-9.24,-3.53
15.1088,50,0.50043,-0.05534,-0.25618,0.54460,0.68264,-0.48597,0.03532,1,0.55980,-0.43904,0.22794,-0.22618,0.93324,-0.20068,0.19402,0.55732,-0.44834,0.22427,-0.23534,0.92872,-0.21194,0.19283,-2.48,-9.30,-3.67
15.1258,51,0.50987,-0.06147,-0.25414,0.54282,0.67709,-0.49553,0.03666,1,0.55951,-0.44091,0.22718,-0.22816,0.93228,-0.20337,0.19350,0.55697,-0.45014,0.22347,-0.23674,0.92800,-0.21385,0.19247,-2.54,-9.23,-3.71
15.1424,52,0.51958,-0.07302,-0.24481,0.53916,0.66466,-0.51535,0.04415,1,0.55925,-0.44274,0.22646,-0.23000,0.93138,-0.20584,0.19305,0.55658,-0.45192,0.22265,-0.23801,0.92733,-0.21561,0.19213,-2.66,-9.18,-3.81
15.1592,53,0.52422,-0.07816,-0.23956,0.53737,0.65806,-0.52511,0.04955,1,0.55896,-0.44456,0.22574,-0.23169,0.93054,-0.20815,0.19258,0.55618,-0.45369,0.22181,-0.23917,0.92673,-0.21720,0.19183,-2.79,-9.12,-3.93
15.1758,54,0.52876,-0.08309,-0.23405,0.53585,0.65231,-0.53317,0.05549,1,0.55863,-0.44637,0.22496,-0.23331,0.92974,-0.21039,0.19208,0.55575,-0.45545,0.22096,-0.24020,0.92618,-0.21864,0.19156,-2.88,-9.08,-4.00
15.1930,55,0.53794,-0.09266,-0.22309,0.53069,0.64313,-0.54764,0.06960,1,0.55828,-0.44819,0.22415,-0.23476,0.92900,-0.21241,0.19166,0.55528,-0.45719,0.22009,-0.24112,0.92569,-0.21992,0.19132,-3.00,-9.00,-4.05
15.2093,56,0.53794,-0.09266,-0.22309,0.53069,0.64313,-0.54764,0.06960,1,0.55793,-0.44992,0.22336,-0.23598,0.92837,-0.21408,0.19132,0.55481,-0.45893,0.21923,-0.24192,0.92525,-0.22104,0.19110,-3.12,-9.01,-4.13
15.2266,57,0.54645,-0.10172,-0.21236,0.52375,0.63411,-0.56375,0.07601,1,0.55754,-0.45172,0.22254,-0.23722,0.92773,-0.21577,0.19100,0.55430,-0.46065,0.21834,-0.24261,0.92488,-0.22200,0.19092,-3.24,-8.93,-4.20
15.2429,58,0.55056,-0.10590,-0.20686,0.51999,0.62952,-0.57203,0.07808,1,0.55710,-0.45352,0.22173,-0.23832,0.92716,-0.21731,0.19068,0.55377,-0.46236,0.21746,-0.24318,0.92457,-0.22280,0.19076,-3.33,-8.84,-4.28
15.2595,59,0.55425,-0.10981,-0.20182,0.51582,0.62501,-0.58057,0.07892,1,0.55666,-0.45520,0.22091,-0.23927,0.92666,-0.21866,0.19038,0.55322,-0.46407,0.21656,-0.24363,0.92433,-0.22344,0.19063,-3.44,-8.86,-4.35
15.2763,60,0.55761,-0.11339,-0.19714,0.51183,0.62122,-0.58809,0.07918,1,0.55615,-0.45701,0.21998,-0.24017,0.92617,-0.21997,0.19012,0.55266,-0.46576,0.21566,-0.24397,0.92414,-0.22392,0.19053,-3.49,-8.75,-4.32
15.2930,61,0.56403,-0.11983,-0.18789,0.50430,0.61408,-0.60177,0.08040,1,0.55561,-0.45882,0.21905,-0.24096,0.92573,-0.22115,0.18991,0.55207,-0.46744,0.21475,-0.24419,0.92402,-0.22425,0.19045,-3.54,-8.62,-4.30
15.3099,62,0.56707,-0.12254,-0.18380,0.49927,0.61078,-0.60917,0.08116,1,0.55506,-0.46061,0.21815,-0.24162,0.92537,-0.22204,0.18975,0.55146,-0.46912,0.21384,-0.24429,0.92396,-0.22441,0.19040,-3.60,-8.51,-4.30
15.3264,63,0.56975,-0.12528,-0.17992,-0.49415,-0.60689,0.61708,-0.08194,1,0.55454,-0.46227,0.21733,-0.24215,0.92509,-0.22274,0.18964,0.55084,-0.47078,0.21293,-0.24428,0.92397,-0.22442,0.19037,-3.70,-8.52,-4.40
15.3436,64,0.57242,-0.12787,-0.17643,-0.48974,-0.60262,0.62464,-0.08260,1,0.55395,-0.46402,0.21643,-0.24258,0.92486,-0.22333,0.18952,0.55021,-0.47244,0.21202,-0.24415,0.92404,-0.22427,0.19037,-3.74,-8.42,-4.41
15.3602,65,0.57466,-0.12996,-0.17367,-0.48535,-0.59832,0.63207,-0.08328,1,0.55332,-0.46575,0.21547,-0.24291,0.92468,-0.22379,0.18940,0.54957,-0.47410,0.21110,-0.24390,0.92418,-0.22397,0.19039,-3.76,-8.36,-4.37
15.3766,66,0.57859,-0.13385,-0.16836,-0.47938,-0.59202,0.64237,-0.08413,1,0.55274,-0.46737,0.21457,-0.24312,0.92456,-0.22409,0.18937,0.54891,-0.47575,0.21018,-0.24353,0.92438,-0.22350,0.19043,-3.83,-8.38,-4.40
15.3939,67,0.58041,-0.13591,-0.16605,-0.47783,-0.58964,0.64575,-0.08377,1,0.55210,-0.46909,0.21362,-0.24323,0.92451,-0.22421,0.18937,0.54824,-0.47740,0.20925,-0.24305,0.92464,-0.22288,0.19050,-3.86,-8.30,-4.37
15.4101,68,0.58219,-0.13804,-0.16374,-0.47708,-0.58378,0.65161,-0.08359,1,0.55149,-0.47078,0.21270,-0.24324,0.92451,-0.22416,0.18940,0.54757,-0.47903,0.20832,-0.24244,0.92497,-0.22210,0.19059,-3.91,-8.25,-4.37
15.4274,69,0.58362,-0.14014,-0.16167,-0.47581,-0.57782,0.65772,-0.08446,1,0.55086,-0.47246,0.21178,-0.24308,0.92460,-0.22394,0.18943,0.54690,-0.48067,0.20739,-0.24172,0.92536,-0.22117,0.19071,-3.97,-8.21,-4.39
15.4442,70,0.58481,-0.14202,-0.16015,-0.47273,-0.57368,0.66334,-0.08600,1,0.55022,-0.47412,0.21085,-0.24276,0.92477,-0.22358,0.18943,0.54622,-0.48230,0.20645,-0.24088,0.92581,-0.22007,0.19084,-4.00,-8.18,-4.40
15.4604,71,0.58698,-0.14626,-0.15783,-0.46932,-0.56881,0.67025,-0.08336,1,0.54960,-0.47570,0.20995,-0.24235,0.92498,-0.22314,0.18945,0.54553,-0.48392,0.20550,-0.23992,0.92632,-0.21882,0.19100,-4.07,-8.23,-4.44
15.4771,72,0.58804,-0.14836,-0.15650,-0.47033,-0.56390,0.67383,-0.08218,1,0.54892,-0.47736,0.20897,-0.24179,0.92528,-0.22245,0.18951,0.54484,-0.48554,0.20455,-0.23883,0.92690,-0.21741,0.19119,-4.08,-8.18,-4.42
15.4940,73,0.58910,-0.15041,-0.15507,-0.47054,-0.55874,0.67783,-0.08337,1,0.54823,-0.47903,0.20799,-0.24113,0.92563,-0.22159,0.18964,0.54415,-0.48715,0.20359,-0.23763,0.92753,-0.21584,0.19140,-4.08,-8.12,-4.40
15.5107,74,0.59013,-0.15248,-0.15393,-0.46973,-0.55489,0.68129,-0.08536,1,0.54759,-0.48059,0.20709,-0.24042,0.92601,-0.22064,0.18979,0.54346,-0.48876,0.20262,-0.23632,0.92822,-0.21411,0.19164,-4.13,-8.17,-4.46
15.5275,75,0.59115,-0.15430,-0.15322,-0.46883,-0.55196,0.68428,-0.08539,1,0.54691,-0.48225,0.20616,-0.23951,0.92650,-0.21943,0.18997,0.54276,-0.49036,0.20165,-0.23488,0.92896,-0.21223,0.19190,-4.15,-8.12,-4.51
15.5445,76,0.59284,-0.15822,-0.15247,-0.47062,-0.54755,0.68732,-0.07930,1,0.54623,-0.48388,0.20525,-0.23848,0.92705,-0.21810,0.19012,0.54207,-0.49196,0.20067,-0.23332,0.92976,-0.21018,0.19218,-4.15,-8.08,-4.58
15.5613,77,0.59378,-0.16043,-0.15164,-0.47210,-0.54193,0.69077,-0.07916,1,0.54556,-0.48549,0.20433,-0.23736,0.92764,-0.21664,0.19030,0.54138,-0.49356,0.19968,-0.23164,0.93061,-0.20798,0.19250,-4.18,-8.07,-4.66
15.5777,78,0.59474,-0.16287,-0.15068,-0.47330,-0.53637,0.69411,-0.08066,1,0.54492,-0.48698,0.20347,-0.23618,0.92827,-0.21508,0.19047,0.54069,-0.49514,0.19868,-0.22984,0.93151,-0.20561,0.19284,-4.23,-8.17,-4.79
15.5949,79,0.59614,-0.16543,-0.14946,-0.47355,-0.53097,0.69761,-0.08463,1,0.54422,-0.48857,0.20251,-0.23485,0.92897,-0.21331,0.19066,0.53999,-0.49673,0.19767,-0.22792,0.93246,-0.20308,0.19322,-4.22,-8.16,-4.84
15.6113,80,0.59738,-0.16785,-0.14818,-0.47197,-0.52532,0.70256,-0.08770,1,0.54356,-0.49013,0.20155,-0.23345,0.92970,-0.21142,0.19095,0.53930,-0.49831,0.19666,-0.22589,0.93345,-0.20039,0.19362,-4.27,-8.17,-4.89
15.6283,81,0.59545,-0.17186,-0.14550,-0.46578,-0.52156,0.71025,-0.08106,1,0.54289,-0.49173,0.20055,-0.23181,0.93053,-0.20926,0.19126,0.53859,-0.49986,0.19563,-0.22373,0.93449,-0.19754,0.19405,-4.30,-8.13,-4.92
15.6453,82,0.59349,-0.17354,-0.14417,-0.46449,-0.52252,0.71104,-0.07515,1,0.54220,-0.49335,0.19952,-0.23001,0.93144,-0.20691,0.19160,0.53787,-0.50141,0.19458,-0.22145,0.93557,-0.19452,0.19452,-4.33,-8.06,-4.94
15.6618,83,0.59354,-0.17512,-0.14295,-0.46473,-0.52192,0.71163,-0.07218,1,0.54155,-0.49487,0.19858,-0.22820,0.93232,-0.20454,0.19198,0.53714,-0.50295,0.19353,-0.21903,0.93669,-0.19136,0.19501,-4.41,-8.08,-5.04
15.6788,84,0.59415,-0.17644,-0.14239,-0.46482,-0.52115,0.71232,-0.07035,1,0.54085,-0.49645,0.19754,-0.22623,0.93330,-0.20189,0.19240,0.53642,-0.50449,0.19248,-0.21649,0.93784,-0.18803,0.19554,-4.43,-8.03,-5.06
15.6954,85,0.59481,-0.17964,-0.14153,-0.46052,-0.51626,0.71888,-0.06794,1,0.54013,-0.49804,0.19650,-0.22408,0.93434,-0.19903,0.19284,0.53569,-0.50602,0.19141,-0.21381,0.93903,-0.18456,0.19609,-4.43,-7.97,-5.09
15.7119,86,0.59481,-0.17964,-0.14153,-0.46052,-0.51626,0.71888,-0.06794,1,0.53939,-0.49963,0.19544,-0.22184,0.93540,-0.19608,0.19329,0.53497,-0.50754,0.19034,-0.21099,0.94025,-0.18094,0.19668,-4.42,-7.92,-5.10
15.7285,87,0.59443,-0.18226,-0.14122,-0.45257,-0.51963,0.72241,-0.05729,1,0.53867,-0.50113,0.19442,-0.21960,0.93644,-0.19319,0.19375,0.53425,-0.50906,0.18926,-0.20798,0.94150,-0.17721,0.19729,-4.42,-7.93,-5.16
15.7456,88,0.59443,-0.18347,-0.14109,-0.45324,-0.52261,0.72029,-0.05126,1,0.53792,-0.50274,0.19334,-0.21710,0.93757,-0.18999,0.19427,0.53352,-0.51058,0.18817,-0.20493,0.94273,-0.17350,0.19791,-4.39,-7.84,-5.17
15.7621,89,0.59445,-0.18439,-0.14098,-0.45510,-0.52351,0.71862,-0.04904,1,0.53713,-0.50436,0.19223,-0.21444,0.93875,-0.18660,0.19478,0.53280,-0.51209,0.18708,-0.20188,0.94393,-0.16978,0.19854,-4.33,-7.74,-5.15
15.7786,90,0.59364,-0.18633,-0.14176,-0.45499,-0.52344,0.71896,-0.04569,1,0.53641,-0.50585,0.19120,-0.21187,0.93987,-0.18333,0.19530,0.53209,-0.51360,0.18598,-0.19880,0.94511,-0.16608,0.19917,-4.33,-7.75,-5.22
15.7958,91,0.59294,-0.18622,-0.14280,-0.45153,-0.52711,0.71878,-0.04042,1,0.53565,-0.50745,0.19008,-0.20898,0.94110,-0.17966,0.19590,0.53138,-0.51510,0.18487,-0.19569,0.94627,-0.16239,0.19979,-4.27,-7.65,-5.21
15.8124,92,0.59207,-0.18514,-0.14428,-0.44624,-0.53305,0.71805,-0.03368,1,0.53490,-0.50903,0.18896,-0.20602,0.94232,-0.17596,0.19654,0.53067,-0.51661,0.18376,-0.19253,0.94741,-0.15873,0.20039,-4.22,-7.58,-5.20
15.8289,93,0.59075,-0.18394,-0.14645,-0.44072,-0.54115,0.71578,-0.02418,1,0.53415,-0.51058,0.18785,-0.20303,0.94352,-0.17223,0.19717,0.52998,-0.51812,0.18265,-0.18931,0.94853,-0.15512,0.20096,-4.16,-7.55,-5.20
15.8462,94,0.58910,-0.18237,-0.14973,-0.43705,-0.55063,0.71111,-0.01080,1,0.53340,-0.51214,0.18674,-0.19993,0.94472,-0.16852,0.19779,0.52931,-0.51965,0.18154,-0.18603,0.94963,-0.15156,0.20154,-4.09,-7.51,-5.20
15.8629,95,0.58509,-0.17748,-0.15715,-0.43533,-0.56382,0.70172,0.01340,1,0.53270,-0.51360,0.18567,-0.19696,0.94584,-0.16506,0.19837,0.52868,-0.52119,0.18043,-0.18264,0.95071,-0.14809,0.20214,-4.02,-7.58,-5.23
15.8794,96,0.58244,-0.17450,-0.16162,-0.43588,-0.57021,0.69592,0.02373,1,0.53198,-0.51515,0.18453,-0.19379,0.94699,-0.16143,0.19899,0.52808,-0.52274,0.17932,-0.17921,0.95176,-0.14467,0.20276,-3.90,-7.59,-5.21
15.8963,97,0.57905,-0.17106,-0.16714,-0.43864,-0.57696,0.68831,0.03073,1,0.53129,-0.51666,0.18342,-0.19058,0.94812,-0.15781,0.19959,0.52752,-0.52431,0.17822,-0.17575,0.95278,-0.14127,0.20338,-3.78,-7.65,-5.20
15.9126,98,0.57489,-0.16746,-0.17378,-0.44343,-0.58339,0.67965,0.03326,1,0.53067,-0.51812,0.18237,-0.18742,0.94919,-0.15439,0.20018,0.52701,-0.52589,0.17711,-0.17228,0.95378,-0.13787,0.20402,-3.67,-7.77,-5.26
15.9300,99,0.56985,-0.16337,-0.18156,-0.44967,-0.58848,0.67113,0.03290,1,0.53000,-0.51976,0.18119,-0.18379,0.95037,-0.15058,0.20086,0.52657,-0.52749,0.17599,-0.16881,0.95475,-0.13446,0.20466,-3.43,-7.74,-5.19
15.9462,100,0.56395,-0.15863,-0.19038,-0.45715,-0.59335,0.66174,0.03248,1,0.52942,-0.52121,0.18013,-0.18054,0.95139,-0.14725,0.20145,0.52622,-0.52911,0.17487,-0.16535,0.95568,-0.13103,0.20532,-3.19,-7.90,-5.25
15.9634,101,0.54958,-0.14574,-0.20946,-0.47806,-0.60665,0.63397,0.03897,1,0.52883,-0.52277,0.17901,-0.17706,0.95244,-0.14373,0.20212,0.52602,-0.53076,0.17376,-0.16189,0.95658,-0.12761,0.20606,-2.82,-7.99,-5.24
15.9802,102,0.54175,-0.13833,-0.21870,0.49011,0.61575,-0.61548,-0.04272,1,0.52829,-0.52434,0.17787,-0.17357,0.95346,-0.14026,0.20278,0.52594,-0.53242,0.17267,-0.15844,0.95744,-0.12419,0.20684,-2.34,-8.08,-5.20
15.9965,103,0.54175,-0.13833,-0.21870,0.49011,0.61575,-0.61548,-0.04272,1,0.52785,-0.52582,0.17681,-0.17031,0.95438,-0.13701,0.20343,0.52601,-0.53411,0.17160,-0.15498,0.95828,-0.12076,0.20761,-1.84,-8.28,-5.21
16.0133,104,0.51902,-0.12058,-0.23792,0.51190,0.63644,-0.57484,-0.04963,1,0.52747,-0.52743,0.17566,-0.16682,0.95534,-0.13355,0.20413,0.52621,-0.53577,0.17056,-0.15152,0.95907,-0.11735,0.20846,-1.26,-8.34,-5.11
16.0298,105,0.49580,-0.10216,-0.25799,0.53038,0.65388,-0.53693,-0.05329,1,0.52724,-0.52893,0.17462,-0.16359,0.95619,-0.13033,0.20483,0.52652,-0.53738,0.16957,-0.14807,0.95982,-0.11393,0.20938,-0.72,-8.45,-5.05
16.0466,106,0.48346,-0.09245,-0.26776,0.54022,0.66229,-0.51623,-0.05513,1,0.52713,-0.53056,0.17353,-0.16009,0.95708,-0.12685,0.20562,0.52692,-0.53891,0.16865,-0.14462,0.96054,-0.11051,0.21033,-0.20,-8.36,-4.88
16.0633,107,0.47043,-0.08250,-0.27690,0.55040,0.67150,-0.49295,-0.05609,1,0.52714,-0.53220,0.17246,-0.15657,0.95794,-0.12334,0.20646,0.52740,-0.54035,0.16781,-0.14118,0.96122,-0.10708,0.21132,0.26,-8.15,-4.65
16.0805,108,0.45683,-0.07246,-0.28555,0.55938,0.68219,-0.46748,-0.05624,1,0.52727,-0.53383,0.17143,-0.15304,0.95876,-0.11984,0.20734,0.52793,-0.54168,0.16704,-0.13775,0.96187,-0.10365,0.21234,0.65,-7.86,-4.40
16.0971,109,0.44292,-0.06238,-0.29388,0.56743,0.69301,-0.44116,-0.05610,1,0.52751,-0.53545,0.17044,-0.14948,0.95955,-0.11634,0.20827,0.52850,-0.54291,0.16634,-0.13433,0.96249,-0.10021,0.21338,0.99,-7.46,-4.10
16.1135,110,0.41361,-0.04232,-0.30884,0.58089,0.71132,-0.39121,-0.05958,1,0.52783,-0.53692,0.16954,-0.14617,0.96027,-0.11307,0.20915,0.52911,-0.54402,0.16573,-0.13091,0.96306,-0.09678,0.21449,1.28,-7.10,-3.81
16.1308,111,0.39843,-0.03235,-0.31545,0.58558,0.71966,-0.36772,-0.06290,1,0.52823,-0.53840,0.16861,-0.14264,0.96100,-0.10955,0.21009,0.52974,-0.54502,0.16519,-0.12748,0.96360,-0.09337,0.21563,1.51,-6.62,-3.43
16.1473,112,0.38273,-0.02253,-0.32163,0.58903,0.72739,-0.34584,-0.06585,1,0.52873,-0.53982,0.16776,-0.13911,0.96168,-0.10604,0.21113,0.53039,-0.54591,0.16472,-0.12404,0.96412,-0.08997,0.21679,1.66,-6.09,-3.04
16.1641,113,0.36638,-0.01311,-0.32717,0.59208,0.73440,-0.32467,-0.06849,1,0.52930,-0.54112,0.16698,-0.13563,0.96232,-0.10254,0.21219,0.53106,-0.54668,0.16433,-0.12059,0.96459,-0.08659,0.21798,1.76,-5.56,-2.65
16.1810,114,0.34997,-0.00449,-0.33207,0.59569,0.74061,-0.30273,-0.07083,1,0.52992,-0.54232,0.16630,-0.13212,0.96294,-0.09901,0.21327,0.53174,-0.54733,0.16401,-0.11714,0.96504,-0.08322,0.21921,1.82,-5.01,-2.28
16.1975,115,0.33292,0.00441,-0.33641,0.59934,0.74704,-0.27820,-0.07294,1,0.53052,-0.54338,0.16574,-0.12882,0.96349,-0.09573,0.21433,0.53243,-0.54787,0.16377,-0.11368,0.96545,-0.07986,0.22046,1.91,-4.49,-1.98
16.2139,116,0.29793,0.01937,-0.34155,0.60610,0.76008,-0.22304,-0.07187,1,0.53114,-0.54432,0.16527,-0.12558,0.96399,-0.09251,0.21540,0.53313,-0.54828,0.16359,-0.11024,0.96582,-0.07650,0.22179,1.99,-3.97,-1.68
16.2311,117,0.28120,0.02620,-0.34311,0.60750,0.76628,-0.19683,-0.07083,1,0.53185,-0.54524,0.16483,-0.12193,0.96452,-0.08886,0.21664,0.53382,-0.54858,0.16349,-0.10694,0.96615,-0.07329,0.22306,1.98,-3.34,-1.34
16.2475,118,0.26452,0.03237,-0.34370,0.60796,0.77186,-0.17174,-0.07162,1,0.53246,-0.54598,0.16450,-0.11863,0.96496,-0.08564,0.21780,0.53452,-0.54875,0.16345,-0.10378,0.96644,-0.07021,0.22427,2.06,-2.77,-1.05
16.2651,119,0.24801,0.03794,-0.34365,0.60728,0.77677,-0.14966,-0.07374,1,0.53317,-0.54665,0.16418,-0.11498,0.96542,-0.08205,0.21913,0.53521,-0.54881,0.16348,-0.10076,0.96670,-0.06727,0.22541,2.04,-2.15,-0.70
16.2810,120,0.21443,0.04750,-0.34226,0.60558,0.78457,-0.10599,-0.08057,1,0.53380,-0.54711,0.16395,-0.11185,0.96578,-0.07895,0.22030,0.53589,-0.54874,0.16358,-0.09788,0.96693,-0.06446,0.22650,2.09,-1.62,-0.37
16.2978,121,0.19815,0.05137,-0.34037,0.60523,0.78759,-0.08184,-0.08186,1,0.53444,-0.54744,0.16378,-0.10883,0.96610,-0.07596,0.22142,0.53656,-0.54854,0.16373,-0.09515,0.96714,-0.06179,0.22752,2.12,-1.10,-0.05
16.3150,122,0.18258,0.05455,-0.33783,0.60404,0.79075,-0.05687,-0.08130,1,0.53511,-0.54768,0.16365,-0.10566,0.96643,-0.07283,0.22259,0.53721,-0.54823,0.16395,-0.09256,0.96733,-0.05926,0.22847,2.10,-0.54,0.30
16.3313,123,0.16772,0.05693,-0.33508,0.60213,0.79366,-0.03304,-0.08038,1,0.53579,-0.54783,0.16362,-0.10254,0.96671,-0.06982,0.22377,0.53784,-0.54778,0.16422,-0.09012,0.96749,-0.05686,0.22937,2.05,0.05,0.60
16.3482,124,0.15314,0.05887,-0.33209,0.60007,0.79580,-0.01183,-0.08050,1,0.53645,-0.54787,0.16369,-0.09957,0.96696,-0.06692,0.22491,0.53844,-0.54721,0.16455,-0.08782,0.96763,-0.05460,0.23020,1.99,0.65,0.86
16.3651,125,0.12419,0.06151,-0.32562,0.59499,0.79912,0.02733,-0.08151,1,0.53710,-0.54774,0.16382,-0.09673,0.96719,-0.06406,0.22601,0.53902,-0.54652,0.16493,-0.08566,0.96776,-0.05247,0.23096,1.92,1.22,1.10
16.3821,126,0.11012,0.06231,-0.32208,0.59286,0.79986,0.04784,-0.08028,1,0.53774,-0.54748,0.16401,-0.09404,0.96738,-0.06141,0.22706,0.53957,-0.54570,0.16536,-0.08365,0.96788,-0.05048,0.23165,1.83,1.78,1.34
16.3985,127,0.09699,0.06230,-0.31805,0.59044,0.80029,0.07013,-0.07742,1,0.53832,-0.54711,0.16423,-0.09164,0.96755,-0.05906,0.22795,0.54008,-0.54475,0.16583,-0.08179,0.96798,-0.04861,0.23228,1.76,2.36,1.60
16.4150,128,0.08463,0.06162,-0.31390,0.58780,0.80037,0.09174,-0.07407,1,0.53890,-0.54664,0.16450,-0.08921,0.96771,-0.05673,0.22883,0.54055,-0.54368,0.16634,-0.08007,0.96808,-0.04689,0.23284,1.65,2.96,1.84
16.4318,129,0.07314,0.06059,-0.30962,0.58581,0.79939,0.11198,-0.07252,1,0.53943,-0.54604,0.16480,-0.08711,0.96784,-0.05465,0.22959,0.54098,-0.54248,0.16689,-0.07849,0.96817,-0.04529,0.23333,1.55,3.57,2.09
16.4484,130,0.05131,0.05845,-0.30140,0.57955,0.79861,0.14418,-0.07460,1,0.53996,-0.54529,0.16515,-0.08500,0.96796,-0.05255,0.23035,0.54136,-0.54115,0.16746,-0.07705,0.96825,-0.04383,0.23375,1.39,4.15,2.32
16.4653,131,0.04075,0.05715,-0.29726,0.57729,0.79749,0.15678,-0.07856,1,0.54048,-0.54442,0.16555,-0.08304,0.96807,-0.05062,0.23104,0.54168,-0.53970,0.16806,-0.07577,0.96833,-0.04250,0.23409,1.19,4.72,2.51
16.4822,132,0.03033,0.05591,-0.29301,0.57499,0.79586,0.17139,-0.08138,1,0.54098,-0.54346,0.16604,-0.08121,0.96817,-0.04885,0.23166,0.54194,-0.53812,0.16868,-0.07462,0.96840,-0.04129,0.23436,0.96,5.34,2.64
16.4991,133,0.02049,0.05450,-0.28873,0.57197,0.79429,0.18715,-0.08318,1,0.54143,-0.54230,0.16657,-0.07963,0.96826,-0.04724,0.23216,0.54214,-0.53642,0.16931,-0.07363,0.96848,-0.04021,0.23454,0.70,5.88,2.73
16.5155,134,0.01125,0.05258,-0.28458,0.56893,0.79253,0.20254,-0.08480,1,0.54180,-0.54113,0.16711,-0.07820,0.96835,-0.04577,0.23258,0.54226,-0.53460,0.16993,-0.07278,0.96856,-0.03926,0.23465,0.46,6.52,2.82
16.5321,135,-0.00545,0.04758,-0.27612,0.56479,0.78723,0.23143,-0.08786,1,0.54214,-0.53975,0.16768,-0.07682,0.96843,-0.04437,0.23297,0.54229,-0.53269,0.17051,-0.07207,0.96864,-0.03842,0.23466,0.16,7.06,2.83
16.5490,136,-0.01311,0.04487,-0.27208,0.56333,0.78412,0.24479,-0.08881,1,0.54241,-0.53828,0.16827,-0.07553,0.96851,-0.04305,0.23330,0.54231,-0.53077,0.17108,-0.07151,0.96873,-0.03769,0.23458,-0.10,7.51,2.81
16.5659,137,-0.02025,0.04248,-0.26824,0.56203,0.78104,0.25753,-0.08819,1,0.54262,-0.53673,0.16881,-0.07451,0.96858,-0.04193,0.23353,0.54231,-0.52885,0.17163,-0.07109,0.96883,-0.03708,0.23439,-0.31,7.88,2.82
16.5829,138,-0.02690,0.04011,-0.26462,0.55963,0.77881,0.26983,-0.08637,1,0.54279,-0.53496,0.16940,-0.07355,0.96866,-0.04083,0.23369,0.54230,-0.52692,0.17216,-0.07082,0.96894,-0.03659,0.23411,-0.49,8.04,2.76
16.5991,139,-0.03354,0.03798,-0.26129,0.55688,0.77653,0.28230,-0.08483,1,0.54291,-0.53313,0.17002,-0.07268,0.96875,-0.03987,0.23377,0.54227,-0.52499,0.17268,-0.07068,0.96906,-0.03620,0.23372,-0.64,8.14,2.66
16.6157,140,-0.04433,0.03288,-0.25526,0.55351,0.77053,0.30465,-0.08424,1,0.54295,-0.53136,0.17060,-0.07200,0.96885,-0.03903,0.23373,0.54222,-0.52305,0.17317,-0.07068,0.96919,-0.03592,0.23321,-0.73,8.30,2.57
16.6326,141,-0.04935,0.03042,-0.25264,0.55267,0.76636,0.31585,-0.08654,1,0.54295,-0.52941,0.17117,-0.07144,0.96895,-0.03832,0.23359,0.54216,-0.52111,0.17364,-0.07082,0.96934,-0.03573,0.23257,-0.79,8.30,2.47
16.6497,142,-0.05408,0.02796,-0.25026,0.55272,0.76185,0.32590,-0.08877,1,0.54294,-0.52745,0.17172,-0.07101,0.96905,-0.03775,0.23338,0.54209,-0.51916,0.17410,-0.07108,0.96951,-0.03564,0.23180,-0.85,8.28,2.38
16.6666,143,-0.05841,0.02551,-0.24805,0.55285,0.75732,0.33585,-0.08963,1,0.54293,-0.52544,0.17225,-0.07075,0.96917,-0.03728,0.23306,0.54201,-0.51722,0.17454,-0.07146,0.96970,-0.03564,0.23089,-0.91,8.22,2.30
16.6827,144,-0.06235,0.02302,-0.24599,0.55328,0.75247,0.34588,-0.08962,1,0.54290,-0.52351,0.17275,-0.07065,0.96928,-0.03691,0.23267,0.54193,-0.51527,0.17498,-0.07196,0.96991,-0.03571,0.22982,-0.98,8.25,2.23
16.6999,145,-0.06584,0.02065,-0.24430,0.55339,0.74801,0.35543,-0.08891,1,0.54283,-0.52138,0.17329,-0.07067,0.96943,-0.03664,0.23210,0.54183,-0.51331,0.17540,-0.07256,0.97015,-0.03586,0.22859,-1.00,8.07,2.11
16.7162,146,-0.07241,0.01651,-0.24161,0.55318,0.74120,0.37008,-0.08747,1,0.54272,-0.51954,0.17373,-0.07076,0.96959,-0.03644,0.23144,0.54173,-0.51135,0.17580,-0.07325,0.97042,-0.03607,0.22719,-0.99,8.19,2.07
16.7333,147,-0.07563,0.01449,-0.24062,0.55395,0.73826,0.37484,-0.08722,1,0.54261,-0.51756,0.17415,-0.07103,0.96977,-0.03635,0.23061,0.54163,-0.50940,0.17618,-0.07402,0.97072,-0.03635,0.22560,-0.98,8.16,2.03
16.7497,148,-0.07877,0.01235,-0.23948,0.55595,0.73520,0.37788,-0.08718,1,0.54252,-0.51567,0.17456,-0.07141,0.96996,-0.03632,0.22971,0.54152,-0.50743,0.17656,-0.07486,0.97106,-0.03667,0.22383,-1.00,8.23,1.99
16.7669,149,-0.08171,0.01006,-0.23828,0.55829,0.73120,0.38206,-0.08770,1,0.54247,-0.51368,0.17503,-0.07183,0.97017,-0.03638,0.22867,0.54140,-0.50547,0.17692,-0.07576,0.97142,-0.03706,0.22187,-1.07,8.21,1.89
16.7831,150,-0.08707,0.00514,-0.23580,0.55980,0.72356,0.39453,-0.08617,1,0.54236,-0.51169,0.17547,-0.07240,0.97043,-0.03653,0.22734,0.54128,-0.50350,0.17726,-0.07668,0.97182,-0.03747,0.21971,-1.08,8.19,1.79
16.8004,151,-0.08940,0.00285,-0.23473,0.55925,0.72032,0.40161,-0.08418,1,0.54222,-0.50970,0.17588,-0.07311,0.97073,-0.03675,0.22580,0.54115,-0.50154,0.17759,-0.07762,0.97226,-0.03792,0.21735,-1.07,8.16,1.71
16.8168,152,-0.09165,0.00066,-0.23363,0.55843,0.71767,0.40790,-0.08196,1,0.54205,-0.50781,0.17623,-0.07388,0.97104,-0.03703,0.22418,0.54102,-0.49956,0.17791,-0.07854,0.97274,-0.03838,0.21478,-1.03,8.25,1.67
16.8342,153,-0.09392,-0.00151,-0.23239,0.55816,0.71502,0.41313,-0.08080,1,0.54194,-0.50569,0.17664,-0.07474,0.97140,-0.03734,0.22226,0.54088,-0.49759,0.17821,-0.07944,0.97326,-0.03886,0.21201,-1.06,8.10,1.57
16.8506,154,-0.09621,-0.00380,-0.23115,0.55776,0.71257,0.41790,-0.08060,1,0.54183,-0.50380,0.17696,-0.07558,0.97177,-0.03770,0.22029,0.54074,-0.49562,0.17851,-0.08030,0.97381,-0.03933,0.20904,-1.10,8.18,1.55
16.8676,155,-0.10076,-0.00903,-0.22841,0.55740,0.70599,0.42951,-0.08004,1,0.54173,-0.50182,0.17732,-0.07646,0.97219,-0.03813,0.21803,0.54058,-0.49364,0.17878,-0.08107,0.97440,-0.03977,0.20588,-1.15,8.17,1.46
16.8840,156,-0.10286,-0.01163,-0.22698,0.55655,0.70238,0.43676,-0.07849,1,0.54160,-0.49986,0.17766,-0.07733,0.97267,-0.03856,0.21551,0.54042,-0.49167,0.17903,-0.08174,0.97503,-0.04017,0.20255,-1.18,8.19,1.37
16.9006,157,-0.10480,-0.01415,-0.22565,0.55520,0.69865,0.44472,-0.07659,1,0.54146,-0.49803,0.17797,-0.07813,0.97316,-0.03898,0.21295,0.54026,-0.48969,0.17928,-0.08228,0.97568,-0.04051,0.19907,-1.20,8.34,1.31
16.9174,158,-0.10666,-0.01657,-0.22443,0.55294,0.69630,0.45162,-0.07394,1,0.54128,-0.49607,0.17825,-0.07897,0.97370,-0.03943,0.21004,0.54009,-0.48771,0.17951,-0.08268,0.97637,-0.04078,0.19546,-1.20,8.36,1.26
16.9341,159,-0.10854,-0.01900,-0.22327,0.55126,0.69400,0.45758,-0.07146,1,0.54114,-0.49410,0.17850,-0.07973,0.97427,-0.03979,0.20700,0.53991,-0.48573,0.17972,-0.08292,0.97708,-0.04098,0.19174,-1.23,8.37,1.23
16.9509,160,-0.11031,-0.02136,-0.22215,0.54931,0.69240,0.46269,-0.06897,1,0.54097,-0.49212,0.17871,-0.08042,0.97488,-0.04017,0.20378,0.53973,-0.48375,0.17993,-0.08299,0.97781,-0.04109,0.18793,-1.23,8.37,1.22
16.9681,161,-0.11315,-0.02610,-0.22055,0.54505,0.68978,0.47212,-0.06500,1,0.54081,-0.49014,0.17894,-0.08098,0.97552,-0.04046,0.20042,0.53955,-0.48176,0.18011,-0.08288,0.97855,-0.04111,0.18407,-1.26,8.37,1.18
16.9843,162,-0.11441,-0.02839,-0.22009,0.54450,0.68743,0.47634,-0.06368,1,0.54061,-0.48828,0.17915,-0.08142,0.97616,-0.04076,0.19703,0.53936,-0.47978,0.18028,-0.08259,0.97930,-0.04104,0.18016,-1.25,8.50,1.14
17.0010,163,-0.11648,-0.03200,-0.21942,0.54499,0.68213,0.48356,-0.06210,1,0.54042,-0.48631,0.17938,-0.08173,0.97687,-0.04097,0.19332,0.53917,-0.47780,0.18044,-0.08211,0.98007,-0.04087,0.17623,-1.25,8.51,1.06
17.0179,164,-0.11648,-0.03200,-0.21942,0.54499,0.68213,0.48356,-0.06210,1,0.54023,-0.48444,0.17958,-0.08190,0.97755,-0.04114,0.18971,0.53898,-0.47581,0.18059,-0.08145,0.98083,-0.04062,0.17229,-1.25,8.63,1.01
17.0346,165,-0.11821,-0.03497,-0.21899,0.54518,0.67891,0.48802,-0.06080,1,0.54007,-0.48247,0.17981,-0.08190,0.97829,-0.04119,0.18584,0.53879,-0.47382,0.18073,-0.08060,0.98160,-0.04027,0.16835,-1.28,8.64,0.92
17.0512,166,-0.11882,-0.03661,-0.21907,0.54516,0.67808,0.48923,-0.06048,1,0.53991,-0.48045,0.18000,-0.08174,0.97905,-0.04115,0.18189,0.53860,-0.47184,0.18086,-0.07956,0.98237,-0.03983,0.16441,-1.31,8.61,0.85
17.0680,167,-0.11946,-0.03803,-0.21935,0.54504,0.67691,0.49102,-0.06021,1,0.53975,-0.47844,0.18018,-0.08138,0.97981,-0.04094,0.17794,0.53841,-0.46985,0.18098,-0.07833,0.98314,-0.03929,0.16048,-1.34,8.59,0.79
17.0847,168,-0.11994,-0.03934,-0.21962,0.54526,0.67556,0.49273,-0.05940,1,0.53965,-0.47650,0.18034,-0.08092,0.98052,-0.04073,0.17425,0.53822,-0.46786,0.18109,-0.07692,0.98391,-0.03867,0.15658,-1.43,8.64,0.75
17.1014,169,-0.12044,-0.04047,-0.21987,0.54513,0.67431,0.49472,-0.05826,1,0.53952,-0.47445,0.18050,-0.08019,0.98130,-0.04044,0.17025,0.53804,-0.46587,0.18120,-0.07532,0.98467,-0.03796,0.15271,-1.48,8.57,0.69
17.1181,170,-0.12162,-0.04167,-0.22019,0.54479,0.67353,0.49661,-0.05423,1,0.53937,-0.47242,0.18067,-0.07921,0.98208,-0.04006,0.16622,0.53785,-0.46389,0.18130,-0.07353,0.98542,-0.03718,0.14889,-1.51,8.54,0.63
17.1348,171,-0.12214,-0.04221,-0.22001,0.54493,0.67296,0.49737,-0.05292,1,0.53916,-0.47055,0.18078,-0.07811,0.98283,-0.03969,0.16240,0.53767,-0.46190,0.18139,-0.07155,0.98615,-0.03633,0.14513,-1.49,8.66,0.61
17.1515,172,-0.12251,-0.04294,-0.21970,0.54449,0.67167,0.49955,-0.05321,1,0.53894,-0.46856,0.18087,-0.07680,0.98360,-0.03913,0.15846,0.53748,-0.45991,0.18149,-0.06938,0.98688,-0.03541,0.14143,-1.46,8.65,0.62
17.1683,173,-0.12263,-0.04352,-0.21943,0.54372,0.66980,0.50275,-0.05461,1,0.53879,-0.46648,0.18095,-0.07536,0.98435,-0.03841,0.15462,0.53730,-0.45792,0.18158,-0.06704,0.98759,-0.03440,0.13780,-1.49,8.56,0.63
17.1853,174,-0.12243,-0.04398,-0.21930,0.54299,0.66824,0.50529,-0.05746,1,0.53866,-0.46437,0.18104,-0.07370,0.98510,-0.03759,0.15078,0.53711,-0.45593,0.18166,-0.06454,0.98828,-0.03329,0.13425,-1.55,8.44,0.62
17.2018,175,-0.12155,-0.04439,-0.21955,0.54248,0.66514,0.50913,-0.06394,1,0.53852,-0.46241,0.18113,-0.07193,0.98581,-0.03679,0.14716,0.53692,-0.45394,0.18175,-0.06190,0.98896,-0.03203,0.13077,-1.60,8.47,0.62
17.2184,176,-0.12073,-0.04384,-0.22023,0.54234,0.66497,0.50940,-0.06473,1,0.53836,-0.46035,0.18126,-0.06987,0.98655,-0.03588,0.14338,0.53674,-0.45195,0.18184,-0.05915,0.98962,-0.03062,0.12736,-1.62,8.40,0.58
17.2352,177,-0.11969,-0.04261,-0.22118,0.54243,0.66674,0.50714,-0.06358,1,0.53814,-0.45831,0.18138,-0.06764,0.98729,-0.03492,0.13954,0.53656,-0.44996,0.18193,-0.05627,0.99026,-0.02906,0.12403,-1.58,8.35,0.56
17.2519,178,-0.11816,-0.04089,-0.22237,0.54212,0.67043,0.50283,-0.06160,1,0.53785,-0.45637,0.18145,-0.06521,0.98800,-0.03393,0.13583,0.53639,-0.44797,0.18204,-0.05324,0.99087,-0.02737,0.12078,-1.46,8.40,0.59
17.2691,179,-0.11611,-0.03840,-0.22406,0.54259,0.67464,0.49674,-0.06088,1,0.53764,-0.45444,0.18153,-0.06263,0.98869,-0.03270,0.13231,0.53623,-0.44598,0.18217,-0.05002,0.99148,-0.02560,0.11755,-1.41,8.46,0.64
17.2858,180,-0.11015,-0.03207,-0.22928,0.55007,0.68200,0.47778,-0.06341,1,0.53745,-0.45258,0.18162,-0.06006,0.98933,-0.03139,0.12901,0.53610,-0.44399,0.18234,-0.04691,0.99206,-0.02395,0.11419,-1.36,8.59,0.72
17.3019,181,-0.10590,-0.02787,-0.23169,0.55356,0.68488,0.46872,-0.06940,0,0.53725,-0.45059,0.18173,-0.05718,0.98999,-0.02987,0.12555,0.53610,-0.44399,0.18234,-0.04691,0.99206,-0.02395,0.11419,-1.15,6.60,0.61
17.3188,182,-0.10093,-0.02304,-0.23538,0.55810,0.68780,0.45747,-0.07858,0,0.53706,-0.44874,0.18185,-0.05440,0.99059,-0.02841,0.12237,0.53610,-0.44399,0.18234,-0.04691,0.99206,-0.02395,0.11419,-0.96,4.75,0.49
17.3354,183,-0.09559,-0.01749,-0.23955,0.56368,0.69093,0.44403,-0.08781,0,0.53685,-0.44682,0.18194,-0.05159,0.99116,-0.02699,0.11919,0.53610,-0.44399,0.18234,-0.04691,0.99206,-0.02395,0.11419,-0.75,2.83,0.40
17.3521,184,-0.08235,-0.00400,-0.24906,0.57624,0.70067,0.40854,-0.10054,0,0.53667,-0.44501,0.18202,-0.04907,0.99166,-0.02571,0.11638,0.53610,-0.44399,0.18234,-0.04691,0.99206,-0.02395,0.11419,-0.57,1.01,0.32
17.3689,185,-0.07412,0.00344,-0.25456,0.58027,0.70948,0.38571,-0.10564,0,0.53656,-0.44352,0.18210,-0.04698,0.99205,-0.02469,0.11411,0.53610,-0.44399,0.18234,-0.04691,0.99206,-0.02395,0.11419,-0.46,-0.48,0.24
17.3856,186,-0.06491,0.01105,-0.26065,0.58292,0.71980,0.36046,-0.11023,0,0.53646,-0.44228,0.18224,-0.04510,0.99239,-0.02382,0.11210,0.53610,-0.44399,0.18234,-0.04691,0.99206,-0.02395,0.11419,-0.36,-1.72,0.10
17.4024,187,-0.05503,0.01873,-0.26686,0.58633,0.72913,0.33383,-0.11461,0,0.53641,-0.44139,0.18235,-0.04365,0.99264,-0.02317,0.11056,0.53610,-0.44399,0.18234,-0.04691,0.99206,-0.02395,0.11419,-0.31,-2.60,-0.01
17.4190,188,-0.04340,0.02706,-0.27327,0.59118,0.73676,0.30581,-0.11902,0,0.53636,-0.44101,0.18242,-0.04260,0.99281,-0.02274,0.10952,0.53610,-0.44399,0.18234,-0.04691,0.99206,-0.02395,0.11419,-0.26,-2.98,-0.08
17.4358,189,-0.03040,0.03578,-0.27970,0.59527,0.74395,0.27672,-0.12496,0,0.53638,-0.44099,0.18244,-0.04205,0.99289,-0.02248,0.10903,0.53610,-0.44399,0.18234,-0.04691,0.99206,-0.02395,0.11419,-0.28,-3.00,-0.10
17.4525,190,-0.00040,0.05271,-0.29296,0.60030,0.76017,0.20493,-0.14065,0,0.53642,-0.44121,0.18241,-0.04189,0.99290,-0.02250,0.10900,0.53610,-0.44399,0.18234,-0.04691,0.99206,-0.02395,0.11419,-0.32,-2.78,-0.07
17.4693,191,0.01649,0.06066,-0.29974,0.60186,0.76753,0.16244,-0.14926,0,0.53641,-0.44159,0.18233,-0.04211,0.99285,-0.02276,0.10932,0.53610,-0.44399,0.18234,-0.04691,0.99206,-0.02395,0.11419,-0.31,-2.41,0.01
17.4860,192,0.03413,0.06781,-0.30623,0.60312,0.77344,0.11562,-0.15709,0,0.53635,-0.44201,0.18225,-0.04267,0.99275,-0.02311,0.10999,0.53610,-0.44399,0.18234,-0.04691,0.99206,-0.02395,0.11419,-0.26,-1.98,0.09
17.5027,193,0.05268,0.07474,-0.31233,0.60512,0.77547,0.06751,-0.16711,0,0.53626,-0.44243,0.18216,-0.04338,0.99262,-0.02345,0.11081,0.53610,-0.44399,0.18234,-0.04691,0.99206,-0.02395,0.11419,-0.16,-1.56,0.18
17.5195,194,0.09021,0.08504,-0.32293,0.60620,0.76895,-0.02950,-0.20091,0,0.53616,-0.44283,0.18210,-0.04416,0.99248,-0.02370,0.11168,0.53610,-0.44399,0.18234,-0.04691,0.99206,-0.02395,0.11419,-0.06,-1.16,0.24
17.5362,195,0.10780,0.08833,-0.32744,0.60386,0.76258,-0.07256,-0.22037,0,0.53611,-0.44314,0.18207,-0.04487,0.99236,-0.02385,0.11243,0.53610,-0.44399,0.18234,-0.04691,0.99206,-0.02395,0.11419,-0.01,-0.85,0.27
17.5530,196,0.12437,0.09062,-0.33185,0.60054,0.75525,-0.10940,-0.23869,0,0.53613,-0.44330,0.18207,-0.04547,0.99227,-0.02397,0.11296,0.53610,-0.44399,0.18234,-0.04691,0.99206,-0.02395,0.11419,-0.03,-0.69,0.27
17.5697,197,0.13898,0.09168,-0.33665,0.59582,0.74834,-0.14055,-0.25541,0,0.53615,-0.44341,0.18210,-0.04592,0.99221,-0.02393,0.11328,0.53610,-0.44399,0.18234,-0.04691,0.99206,-0.02395,0.11419,-0.05,-0.58,0.24
17.5867,198,0.16452,0.09642,-0.34274,0.59681,0.73099,-0.19502,-0.26728,1,0.53621,-0.44349,0.18215,-0.04622,0.99218,-0.02398,0.11348,0.53621,-0.44349,0.18215,-0.04622,0.99218,-0.02398,0.11348,0.00,0.00,0.00
17.6035,199,0.16452,0.09642,-0.34274,0.59681,0.73099,-0.19502,-0.26728,1,0.53630,-0.44352,0.18218,-0.04638,0.99216,-0.02403,0.11352,0.53621,-0.44349,0.18215,-0.04622,0.99218,-0.02398,0.11348,-0.09,0.03,-0.03
17.6202,200,0.18127,0.10149,-0.34515,0.59465,0.72143,-0.22040,-0.27815,1,0.53642,-0.44345,0.18218,-0.04639,0.99217,-0.02408,0.11339,0.53623,-0.44363,0.18219,-0.04640,0.99217,-0.02404,0.11341,-0.19,-0.17,0.01
17.6374,201,0.18565,0.10508,-0.34532,0.59032,0.72394,-0.22591,-0.27641,1,0.53655,-0.44334,0.18218,-0.04630,0.99220,-0.02412,0.11319,0.53626,-0.44388,0.18228,-0.04678,0.99216,-0.02419,0.11331,-0.28,-0.55,0.11
17.6536,202,0.18816,0.10834,-0.34512,0.58749,0.72811,-0.22960,-0.26832,1,0.53668,-0.44322,0.18217,-0.04621,0.99222,-0.02418,0.11303,0.53631,-0.44426,0.18245,-0.04729,0.99214,-0.02449,0.11319,-0.38,-1.05,0.28
17.6703,203,0.18954,0.11135,-0.34490,0.58535,0.73345,-0.22986,-0.25805,1,0.53681,-0.44311,0.18216,-0.04617,0.99224,-0.02426,0.11289,0.53636,-0.44476,0.18269,-0.04790,0.99212,-0.02498,0.11308,-0.45,-1.64,0.53
17.6870,204,0.18553,0.11694,-0.34331,0.58438,0.74571,-0.21783,-0.23444,1,0.53693,-0.44311,0.18218,-0.04618,0.99224,-0.02441,0.11280,0.53640,-0.44531,0.18306,-0.04843,0.99208,-0.02566,0.11301,-0.53,-2.20,0.88
17.7039,205,0.18095,0.11938,-0.34225,0.58527,0.75067,-0.20632,-0.22668,1,0.53696,-0.44324,0.18221,-0.04631,0.99225,-0.02465,0.11268,0.53643,-0.44586,0.18356,-0.04883,0.99204,-0.02649,0.11299,-0.53,-2.62,1.35
17.7205,206,0.17498,0.12178,-0.34114,0.58696,0.75491,-0.19243,-0.22039,1,0.53693,-0.44353,0.18231,-0.04655,0.99224,-0.02503,0.11258,0.53642,-0.44632,0.18417,-0.04907,0.99200,-0.02743,0.11305,-0.51,-2.78,1.86
17.7372,207,0.16738,0.12406,-0.33994,0.58891,0.75882,-0.17659,-0.21490,1,0.53688,-0.44396,0.18249,-0.04689,0.99221,-0.02550,0.11253,0.53639,-0.44666,0.18485,-0.04911,0.99196,-0.02840,0.11316,-0.49,-2.71,2.36
17.7543,208,0.15843,0.12608,-0.33912,0.59115,0.76274,-0.15808,-0.20926,1,0.53680,-0.44446,0.18280,-0.04727,0.99218,-0.02608,0.11254,0.53634,-0.44687,0.18556,-0.04895,0.99191,-0.02939,0.11335,-0.47,-2.41,2.76
17.7706,209,0.13756,0.12894,-0.33777,0.59880,0.76907,-0.11720,-0.19034,1,0.53673,-0.44494,0.18319,-0.04763,0.99214,-0.02669,0.11258,0.53627,-0.44695,0.18630,-0.04859,0.99188,-0.03033,0.11357,-0.46,-2.01,3.11
17.7874,210,0.13756,0.12894,-0.33777,0.59880,0.76907,-0.11720,-0.19034,1,0.53666,-0.44543,0.18371,-0.04793,0.99210,-0.02745,0.11265,0.53619,-0.44688,0.18704,-0.04803,0.99184,-0.03123,0.11385,-0.47,-1.45,3.33
17.8047,211,0.11446,0.12964,-0.33640,0.60601,0.77294,-0.07559,-0.17206,1,0.53662,-0.44586,0.18432,-0.04809,0.99206,-0.02828,0.11276,0.53611,-0.44668,0.18777,-0.04728,0.99182,-0.03206,0.11416,-0.51,-0.82,3.45
17.8209,212,0.10212,0.12920,-0.33544,0.60921,0.77372,-0.05344,-0.16541,1,0.53658,-0.44618,0.18497,-0.04809,0.99202,-0.02909,0.11288,0.53601,-0.44634,0.18847,-0.04634,0.99180,-0.03282,0.11451,-0.57,-0.17,3.50
17.8379,213,0.08964,0.12834,-0.33433,0.61162,0.77426,-0.02983,-0.15986,1,0.53656,-0.44635,0.18568,-0.04798,0.99198,-0.02991,0.11302,0.53591,-0.44587,0.18913,-0.04522,0.99178,-0.03348,0.11488,-0.65,0.48,3.45
17.8548,214,0.06470,0.12490,-0.33144,0.61573,0.77365,0.01417,-0.14881,1,0.53653,-0.44637,0.18640,-0.04770,0.99196,-0.03074,0.11315,0.53580,-0.44527,0.18975,-0.04392,0.99178,-0.03404,0.11529,-0.73,1.10,3.35
17.8713,215,0.05228,0.12234,-0.32966,0.61721,0.77270,0.03601,-0.14388,1,0.53654,-0.44624,0.18714,-0.04719,0.99193,-0.03152,0.11335,0.53568,-0.44454,0.19031,-0.04244,0.99177,-0.03449,0.11573,-0.86,1.69,3.16
17.8879,216,0.03977,0.11941,-0.32750,0.61822,0.77148,0.05833,-0.13866,1,0.53656,-0.44601,0.18782,-0.04648,0.99192,-0.03221,0.11360,0.53556,-0.44369,0.19081,-0.04079,0.99178,-0.03483,0.11619,-1.00,2.32,2.98
17.9048,217,0.02731,0.11619,-0.32501,0.61865,0.77017,0.08095,-0.13251,1,0.53655,-0.44563,0.18851,-0.04550,0.99190,-0.03289,0.11391,0.53542,-0.44272,0.19124,-0.03897,0.99179,-0.03505,0.11667,-1.13,2.91,2.72
17.9217,218,0.00358,0.10822,-0.31943,0.61891,0.76644,0.12275,-0.12025,1,0.53650,-0.44512,0.18916,-0.04432,0.99190,-0.03352,0.11426,0.53527,-0.44163,0.19159,-0.03698,0.99180,-0.03514,0.11719,-1.23,3.49,2.43
17.9386,219,-0.00827,0.10403,-0.31607,0.61774,0.76533,0.14084,-0.11332,1,0.53641,-0.44447,0.18974,-0.04298,0.99190,-0.03400,0.11463,0.53510,-0.44043,0.19186,-0.03483,0.99181,-0.03511,0.11772,-1.31,4.04,2.12
17.9549,220,-0.01985,0.09915,-0.31305,0.61639,0.76391,0.15861,-0.10652,1,0.53631,-0.44376,0.19026,-0.04151,0.99190,-0.03440,0.11504,0.53492,-0.43912,0.19205,-0.03252,0.99183,-0.03495,0.11828,-1.39,4.64,1.80
17.9716,221,-0.03138,0.09414,-0.30969,0.61460,0.76240,0.17690,-0.09857,1,0.53617,-0.44289,0.19071,-0.03978,0.99190,-0.03470,0.11552,0.53471,-0.43771,0.19215,-0.03005,0.99185,-0.03466,0.11887,-1.46,5.18,1.43
17.9883,222,-0.04225,0.08914,-0.30599,0.61169,0.76102,0.19679,-0.08925,1,0.53601,-0.44193,0.19108,-0.03785,0.99191,-0.03490,0.11604,0.53449,-0.43620,0.19215,-0.02741,0.99187,-0.03425,0.11948,-1.52,5.73,1.07
18.0050,223,-0.05265,0.08422,-0.30229,0.60805,0.75951,0.21675,-0.08021,1,0.53584,-0.44080,0.19137,-0.03580,0.99192,-0.03493,0.11658,0.53423,-0.43460,0.19204,-0.02462,0.99188,-0.03370,0.12012,-1.61,6.20,0.68
18.0217,224,-0.07171,0.07341,-0.29508,0.59936,0.75580,0.25545,-0.06542,1,0.53567,-0.43965,0.19158,-0.03370,0.99193,-0.03486,0.11711,0.53395,-0.43293,0.19183,-0.02166,0.99189,-0.03303,0.12079,-1.72,6.72,0.25
18.0390,225,-0.08062,0.06752,-0.29146,0.59566,0.75368,0.27135,-0.05942,1,0.53547,-0.43823,0.19174,-0.03142,0.99195,-0.03468,0.11765,0.53362,-0.43118,0.19151,-0.01854,0.99190,-0.03222,0.12150,-1.84,7.06,-0.23
18.0553,226,-0.08911,0.06134,-0.28759,0.59307,0.74990,0.28793,-0.05494,1,0.53524,-0.43676,0.19181,-0.02882,0.99198,-0.03432,0.11821,0.53326,-0.42937,0.19106,-0.01527,0.99189,-0.03128,0.12224,-1.98,7.39,-0.75
18.0720,227,-0.09717,0.05507,-0.28359,0.59015,0.74608,0.30421,-0.05041,1,0.53497,-0.43519,0.19174,-0.02609,0.99200,-0.03388,0.11881,0.53285,-0.42753,0.19049,-0.01184,0.99188,-0.03020,0.12301,-2.12,7.66,-1.25
18.0888,228,-0.10466,0.04871,-0.27952,0.58656,0.74292,0.31921,-0.04608,1,0.53470,-0.43365,0.19158,-0.02337,0.99201,-0.03331,0.11943,0.53241,-0.42569,0.18985,-0.00827,0.99185,-0.02899,0.12381,-2.29,7.96,-1.73
18.1057,229,-0.11149,0.04253,-0.27573,0.58251,0.73952,0.33467,-0.04244,1,0.53440,-0.43188,0.19131,-0.02043,0.99201,-0.03258,0.12012,0.53195,-0.42386,0.18917,-0.00454,0.99181,-0.02763,0.12465,-2.45,8.02,-2.14
18.1221,230,-0.12400,0.02962,-0.26869,0.57647,0.73130,0.36273,-0.03624,1,0.53408,-0.43010,0.19099,-0.01719,0.99201,-0.03169,0.12088,0.53147,-0.42206,0.18845,-0.00068,0.99175,-0.02612,0.12553,-2.62,8.03,-2.55
18.1392,231,-0.12970,0.02299,-0.26534,0.57339,0.72683,0.37676,-0.03163,1,0.53366,-0.42828,0.19055,-0.01384,0.99200,-0.03072,0.12164,0.53097,-0.42028,0.18769,0.00332,0.99167,-0.02445,0.12644,-2.69,8.00,-2.86
18.1556,232,-0.13472,0.01594,-0.26192,0.57005,0.72226,0.39083,-0.02495,1,0.53327,-0.42660,0.19008,-0.01048,0.99198,-0.02963,0.12245,0.53047,-0.41851,0.18690,0.00746,0.99157,-0.02264,0.12739,-2.81,8.09,-3.18
18.1727,233,-0.13887,0.00873,-0.25872,0.56633,0.71695,0.40610,-0.01842,1,0.53277,-0.42475,0.18942,-0.00677,0.99194,-0.02829,0.12329,0.52995,-0.41676,0.18608,0.01174,0.99144,-0.02067,0.12836,-2.82,7.99,-3.34
18.1891,234,-0.14235,0.00086,-0.25597,0.56270,0.71087,0.42173,-0.01354,1,0.53228,-0.42290,0.18871,-0.00294,0.99188,-0.02686,0.12424,0.52943,-0.41504,0.18522,0.01614,0.99129,-0.01853,0.12936,-2.85,7.87,-3.49
18.2058,235,-0.14755,-0.01570,-0.25094,0.55538,0.69631,0.45464,-0.00005,1,0.53181,-0.42119,0.18803,0.00086,0.99181,-0.02533,0.12517,0.52889,-0.41336,0.18427,0.02054,0.99112,-0.01637,0.13033,-2.92,7.84,-3.76
18.2225,236,-0.14883,-0.02307,-0.24903,0.54908,0.68882,0.47320,0.01107,1,0.53126,-0.41936,0.18722,0.00499,0.99173,-0.02360,0.12605,0.52836,-0.41170,0.18329,0.02495,0.99093,-0.01423,0.13129,-2.90,7.66,-3.93
18.2393,237,-0.14950,-0.02928,-0.24755,0.54166,0.68250,0.49025,0.02144,1,0.53069,-0.41754,0.18634,0.00922,0.99163,-0.02175,0.12697,0.52781,-0.41007,0.18227,0.02936,0.99071,-0.01210,0.13226,-2.87,7.48,-4.07
18.2560,238,-0.14974,-0.03501,-0.24655,0.53612,0.67587,0.50493,0.02868,1,0.53020,-0.41587,0.18550,0.01333,0.99149,-0.01986,0.12795,0.52727,-0.40845,0.18122,0.03377,0.99046,-0.00998,0.13323,-2.93,7.41,-4.28
18.2731,239,-0.14909,-0.04545,-0.24519,0.53155,0.66217,0.52696,0.03596,1,0.52969,-0.41400,0.18457,0.01801,0.99131,-0.01763,0.12912,0.52673,-0.40688,0.18011,0.03818,0.99019,-0.00782,0.13416,-2.96,7.13,-4.45
18.2898,240,-0.14836,-0.05034,-0.24523,0.53287,0.65588,0.53346,0.03594,1,0.52919,-0.41229,0.18368,0.02207,0.99114,-0.01564,0.13007,0.52619,-0.40533,0.17897,0.04258,0.98991,-0.00564,0.13506,-3.00,6.96,-4.71
18.3064,241,-0.14761,-0.05429,-0.24580,0.53493,0.65015,0.53839,0.03596,1,0.52866,-0.41052,0.18274,0.02649,0.99093,-0.01343,0.13109,0.52566,-0.40379,0.17781,0.04697,0.98960,-0.00343,0.13592,-2.99,6.74,-4.93
18.3235,242,-0.14672,-0.05782,-0.24644,0.53736,0.64548,0.54154,0.03658,1,0.52809,-0.40889,0.18172,0.03098,0.99069,-0.01129,0.13207,0.52514,-0.40227,0.17662,0.05136,0.98927,-0.00120,0.13675,-2.95,6.63,-5.10
18.3398,243,-0.14339,-0.06309,-0.24850,0.54181,0.63818,0.54567,0.03752,1,0.52748,-0.40749,0.18069,0.03525,0.99046,-0.00931,0.13292,0.52464,-0.40077,0.17538,0.05574,0.98893,0.00104,0.13751,-2.84,6.72,-5.30
18.3566,244,-0.14129,-0.06534,-0.25000,0.54267,0.63566,0.54780,0.03687,1,0.52682,-0.40601,0.17952,0.03970,0.99019,-0.00722,0.13375,0.52415,-0.39930,0.17413,0.06013,0.98856,0.00331,0.13827,-2.66,6.71,-5.40
18.3731,245,-0.13864,-0.06747,-0.25214,0.54441,0.63368,0.54852,0.03458,1,0.52626,-0.40449,0.17837,0.04415,0.98989,-0.00501,0.13467,0.52368,-0.39784,0.17284,0.06450,0.98817,0.00559,0.13900,-2.58,6.65,-5.53
18.3905,246,-0.13607,-0.06905,-0.25468,0.54742,0.63255,0.54695,0.03256,1,0.52578,-0.40292,0.17722,0.04859,0.98957,-0.00270,0.13559,0.52323,-0.39640,0.17153,0.06886,0.98776,0.00788,0.13971,-2.55,6.53,-5.68
18.4073,247,-0.13348,-0.06993,-0.25728,0.55169,0.63195,0.54339,0.03176,1,0.52528,-0.40129,0.17599,0.05296,0.98925,-0.00032,0.13634,0.52280,-0.39496,0.17020,0.07323,0.98733,0.01018,0.14038,-2.48,6.33,-5.78
18.4242,248,-0.13074,-0.07008,-0.25977,0.55735,0.63249,0.53698,0.03111,1,0.52489,-0.39966,0.17479,0.05735,0.98888,0.00203,0.13723,0.52239,-0.39354,0.16886,0.07760,0.98688,0.01247,0.14102,-2.49,6.12,-5.93
18.4409,249,-0.12417,-0.06962,-0.26389,0.56350,0.64010,0.52183,0.02071,1,0.52440,-0.39838,0.17360,0.06153,0.98851,0.00406,0.13798,0.52202,-0.39215,0.16747,0.08196,0.98641,0.01479,0.14165,-2.37,6.23,-6.13
18.4576,250,-0.12029,-0.06961,-0.26598,0.56724,0.64283,0.51464,0.01235,1,0.52387,-0.39701,0.17228,0.06591,0.98812,0.00634,0.13865,0.52167,-0.39078,0.16606,0.08630,0.98591,0.01714,0.14227,-2.21,6.23,-6.22
18.4739,251,-0.11576,-0.06951,-0.26805,0.57273,0.64332,0.50803,0.00371,1,0.52345,-0.39562,0.17101,0.06995,0.98775,0.00855,0.13924,0.52133,-0.38944,0.16462,0.09062,0.98539,0.01954,0.14286,-2.12,6.18,-6.39
18.4911,252,-0.11063,-0.06849,-0.27032,0.57925,0.64324,0.50069,-0.00406,1,0.52308,-0.39414,0.16965,0.07425,0.98731,0.01095,0.13992,0.52101,-0.38812,0.16314,0.09492,0.98486,0.02198,0.14341,-2.06,6.02,-6.51
18.5078,253,-0.09890,-0.06460,-0.27555,0.59782,0.63972,0.48278,-0.01680,1,0.52266,-0.39280,0.16825,0.07859,0.98686,0.01324,0.14057,0.52075,-0.38688,0.16160,0.09919,0.98432,0.02450,0.14381,-1.91,5.93,-6.65
18.5240,254,-0.09162,-0.06111,-0.27806,0.60433,0.64282,0.46989,-0.02784,0,0.52229,-0.39159,0.16695,0.08271,0.98640,0.01553,0.14117,0.52075,-0.38688,0.16160,0.09919,0.98432,0.02450,0.14381,-1.54,4.72,-5.35
18.5408,255,-0.08438,-0.05820,-0.28146,0.61128,0.64701,0.45399,-0.04012,0,0.52203,-0.39018,0.16554,0.08697,0.98590,0.01800,0.14180,0.52075,-0.38688,0.16160,0.09919,0.98432,0.02450,0.14381,-1.28,3.30,-3.95
18.5573,256,-0.07680,-0.05533,-0.28531,0.61943,0.65109,0.43539,-0.05311,0,0.52171,-0.38894,0.16414,0.09108,0.98541,0.02020,0.14233,0.52075,-0.38688,0.16160,0.09919,0.98432,0.02450,0.14381,-0.96,2.06,-2.54
18.5741,257,-0.06846,-0.05267,-0.28947,0.63018,0.65201,0.41618,-0.06747,0,0.52134,-0.38787,0.16276,0.09486,0.98496,0.02229,0.14270,0.52075,-0.38688,0.16160,0.09919,0.98432,0.02450,0.14381,-0.59,1.00,-1.16
18.5910,258,-0.06021,-0.04975,-0.29385,0.64149,0.65187,0.39537,-0.08511,0,0.52109,-0.38698,0.16161,0.09797,0.98456,0.02404,0.14303,0.52075,-0.38688,0.16160,0.09919,0.98432,0.02450,0.14381,-0.34,0.10,-0.01
18.6076,259,-0.04230,-0.04205,-0.30340,0.66210,0.65506,0.34358,-0.12027,0,0.52087,-0.38628,0.16060,0.10082,0.98419,0.02553,0.14334,0.52075,-0.38688,0.16160,0.09919,0.98432,0.02450,0.14381,-0.12,-0.60,0.99
18.6242,260,-0.03202,-0.03722,-0.30942,0.67236,0.65791,0.30856,-0.14094,0,0.52078,-0.38581,0.15995,0.10318,0.98387,0.02672,0.14366,0.52075,-0.38688,0.16160,0.09919,0.98432,0.02450,0.14381,-0.03,-1.06,1.65
18.6410,261,-0.02142,-0.03271,-0.31543,0.68294,0.65918,0.27014,-0.16155,0,0.52076,-0.38559,0.15966,0.10496,0.98362,0.02751,0.14391,0.52075,-0.38688,0.16160,0.09919,0.98432,0.02450,0.14381,-0.01,-1.28,1.94
18.6577,262,-0.01022,-0.02819,-0.32140,0.69194,0.66006,0.22954,-0.18126,0,0.52076,-0.38559,0.15965,0.10609,0.98348,0.02794,0.14399,0.52075,-0.38688,0.16160,0.09919,0.98432,0.02450,0.14381,-0.01,-1.29,1.95
18.6744,263,0.00114,-0.02391,-0.32739,0.69986,0.65799,0.19121,-0.20169,0,0.52077,-0.38574,0.15984,0.10675,0.98341,0.02798,0.14394,0.52075,-0.38688,0.16160,0.09919,0.98432,0.02450,0.14381,-0.02,-1.13,1.76
18.6912,264,0.02523,-0.01461,-0.33933,0.70735,0.65391,0.11057,-0.24460,0,0.52080,-0.38597,0.16013,0.10683,0.98341,0.02765,0.14394,0.52075,-0.38688,0.16160,0.09919,0.98432,0.02450,0.14381,-0.05,-0.91,1.47
18.7079,265,0.03803,-0.01078,-0.34454,0.70600,0.65090,0.06894,-0.27046,0,0.52080,-0.38597,0.16013,0.10683,0.98341,0.02765,0.14394,0.52075,-0.38688,0.16160,0.09919,0.98432,0.02450,0.14381,-0.05,-0.91,1.47
18.7247,266,0.05101,-0.00723,-0.34950,0.70193,0.64748,0.03244,-0.29499,0,0.52077,-0.38621,0.16057,0.10547,0.98363,0.02646,0.14369,0.52075,-0.38688,0.16160,0.09919,0.98432,0.02450,0.14381,-0.02,-0.67,1.03
18.7414,267,0.06330,-0.00400,-0.35395,0.69574,0.64569,-0.00348,-0.31467,0,0.52078,-0.38619,0.16071,0.10432,0.98379,0.02579,0.14357,0.52075,-0.38688,0.16160,0.09919,0.98432,0.02450,0.14381,-0.03,-0.69,0.89
18.7589,268,0.07380,-0.00122,-0.35773,0.68685,0.64727,-0.03503,-0.32871,1,0.52084,-0.38612,0.16081,0.10318,0.98393,0.02528,0.14350,0.52084,-0.38612,0.16081,0.10318,0.98393,0.02528,0.14350,0.00,0.00,0.00
18.7752,269,0.08350,0.00222,-0.36039,0.67911,0.65459,-0.05744,-0.32713,1,0.52090,-0.38609,0.16092,0.10220,0.98405,0.02485,0.14346,0.52088,-0.38624,0.16086,0.10307,0.98395,0.02510,0.14351,-0.03,-0.15,-0.06
18.7920,270,0.09919,0.00853,-0.36383,0.67058,0.67383,-0.07458,-0.30120,1,0.52096,-0.38615,0.16103,0.10173,0.98412,0.02481,0.14333,0.52094,-0.38650,0.16095,0.10296,0.98396,0.02471,0.14356,-0.02,-0.35,-0.08
18.8092,271,0.10555,0.01157,-0.36481,0.66684,0.68094,-0.07269,-0.29386,1,0.52098,-0.38635,0.16113,0.10180,0.98414,0.02475,0.14318,0.52103,-0.38688,0.16110,0.10287,0.98397,0.02413,0.14365,0.05,-0.52,-0.04
18.8259,272,0.11008,0.01481,-0.36449,0.66506,0.68718,-0.06358,-0.28536,1,0.52098,-0.38651,0.16117,0.10199,0.98414,0.02465,0.14305,0.52115,-0.38738,0.16130,0.10283,0.98397,0.02336,0.14383,0.16,-0.87,0.13
18.8427,273,0.11649,0.02291,-0.36169,0.66040,0.69977,-0.04077,-0.26931,1,0.52100,-0.38661,0.16113,0.10213,0.98414,0.02451,0.14294,0.52126,-0.38800,0.16158,0.10291,0.98394,0.02246,0.14411,0.25,-1.39,0.45
18.8593,274,0.11739,0.02740,-0.35954,0.65507,0.70957,-0.03073,-0.25776,1,0.52112,-0.38671,0.16111,0.10218,0.98414,0.02426,0.14298,0.52136,-0.38872,0.16195,0.10312,0.98388,0.02145,0.14451,0.25,-2.02,0.84
18.8759,275,0.11699,0.03170,-0.35703,0.64846,0.72047,-0.01778,-0.24516,1,0.52126,-0.38688,0.16114,0.10217,0.98413,0.02388,0.14311,0.52144,-0.38954,0.16242,0.10347,0.98379,0.02036,0.14504,0.19,-2.65,1.29
18.8930,276,0.11543,0.03575,-0.35449,0.64159,0.73035,-0.00027,-0.23440,1,0.52142,-0.38725,0.16129,0.10221,0.98410,0.02329,0.14335,0.52148,-0.39042,0.16301,0.10397,0.98366,0.01921,0.14569,0.06,-3.17,1.72
18.9096,277,0.11307,0.04000,-0.35149,0.63502,0.73893,0.01871,-0.22447,1,0.52155,-0.38781,0.16154,0.10234,0.98408,0.02254,0.14357,0.52147,-0.39134,0.16372,0.10461,0.98350,0.01802,0.14649,-0.08,-3.53,2.19
18.9260,278,0.10480,0.04886,-0.34481,0.61890,0.75396,0.06055,-0.21175,1,0.52166,-0.38854,0.16191,0.10257,0.98403,0.02163,0.14387,0.52139,-0.39222,0.16455,0.10541,0.98330,0.01685,0.14742,-0.27,-3.68,2.64
18.9433,279,0.09922,0.05355,-0.34117,0.61261,0.75849,0.08293,-0.20623,1,0.52173,-0.38936,0.16238,0.10289,0.98396,0.02066,0.14427,0.52124,-0.39304,0.16548,0.10635,0.98305,0.01571,0.14849,-0.49,-3.68,3.10
18.9598,280,0.09297,0.05787,-0.33720,0.60568,0.76287,0.10608,-0.19982,1,0.52179,-0.39015,0.16289,0.10325,0.98387,0.01971,0.14474,0.52102,-0.39377,0.16648,0.10744,0.98277,0.01462,0.14970,-0.77,-3.61,3.59
18.9766,281,0.08603,0.06160,-0.33345,0.59795,0.76731,0.12944,-0.19219,1,0.52185,-0.39100,0.16356,0.10373,0.98374,0.01866,0.14543,0.52073,-0.39438,0.16755,0.10866,0.98244,0.01360,0.15104,-1.12,-3.38,3.99
18.9931,282,0.07856,0.06485,-0.32972,0.58961,0.77216,0.15257,-0.18126,1,0.52188,-0.39185,0.16434,0.10435,0.98357,0.01758,0.14626,0.52039,-0.39488,0.16865,0.11003,0.98208,0.01264,0.15251,-1.50,-3.03,4.31
19.0104,283,0.07074,0.06765,-0.32610,0.58088,0.77722,0.17463,-0.16738,1,0.52182,-0.39268,0.16521,0.10509,0.98337,0.01649,0.14719,0.51999,-0.39525,0.16978,0.11155,0.98167,0.01176,0.15410,-1.82,-2.58,4.57
19.0269,284,0.05450,0.07282,-0.31898,0.56390,0.78491,0.21493,-0.14050,1,0.52169,-0.39343,0.16614,0.10595,0.98314,0.01548,0.14825,0.51955,-0.39549,0.17091,0.11320,0.98122,0.01097,0.15582,-2.14,-2.06,4.77
19.0433,285,0.04598,0.07514,-0.31523,0.55545,0.78842,0.23104,-0.12839,1,0.52145,-0.39418,0.16719,0.10701,0.98285,0.01446,0.14947,0.51907,-0.39560,0.17204,0.11500,0.98072,0.01026,0.15764,-2.37,-1.42,4.84
19.0601,286,0.03702,0.07670,-0.31135,0.54913,0.78943,0.24681,-0.11972,1,0.52113,-0.39481,0.16829,0.10819,0.98253,0.01348,0.15084,0.51856,-0.39558,0.17314,0.11695,0.98019,0.00964,0.15958,-2.57,-0.77,4.85
19.0770,287,0.02819,0.07822,-0.30724,0.54268,0.78946,0.26394,-0.11222,1,0.52066,-0.39542,0.16937,0.10960,0.98215,0.01407,0.15221,0.51802,-0.39542,0.17422,0.11903,0.97960,0.00912,0.16163,-2.64,0.01,4.85
19.0937,288,0.01099,0.08010,-0.29890,0.52627,0.79057,0.29716,-0.09866,1,0.52002,-0.39596,0.17053,0.11062,0.98173,0.01373,0.15424,0.51744,-0.39513,0.17527,0.12126,0.97898,0.00870,0.16378,-2.58,0.83,4.74
19.1102,289,0.01099,0.08010,-0.29890,0.52627,0.79057,0.29716,-0.09866,1,0.51928,-0.39635,0.17168,0.11147,0.98129,0.01327,0.15642,0.51684,-0.39471,0.17627,0.12362,0.97830,0.00839,0.16604,-2.44,1.64,4.59
19.1272,290,-0.00588,0.08087,-0.29057,0.50870,0.79296,0.32394,-0.08661,1,0.51843,-0.39668,0.17282,0.11234,0.98085,0.01292,0.15857,0.51622,-0.39416,0.17722,0.12612,0.97758,0.00820,0.16841,-2.21,2.52,4.40
19.1442,291,-0.01408,0.08054,-0.28633,0.50042,0.79390,0.33560,-0.08174,1,0.51759,-0.39705,0.17406,0.11343,0.98035,0.01288,0.16085,0.51557,-0.39349,0.17812,0.12874,0.97681,0.00812,0.17088,-2.03,3.57,4.06
19.1606,292,-0.02181,0.07999,-0.28193,0.49314,0.79388,0.34718,-0.07768,1,0.51682,-0.39735,0.17527,0.11456,0.97985,0.01299,0.16312,0.51489,-0.39269,0.17896,0.13148,0.97599,0.00816,0.17345,-1.93,4.65,3.69
19.1776,293,-0.03587,0.07850,-0.27286,0.47856,0.79283,0.37031,-0.07254,1,0.51602,-0.39746,0.17658,0.11577,0.97929,0.01326,0.16559,0.51419,-0.39178,0.17973,0.13435,0.97512,0.00833,0.17614,-1.82,5.68,3.15
19.1948,294,-0.04227,0.07762,-0.26813,0.46965,0.79307,0.38121,-0.07175,1,0.51519,-0.39740,0.17786,0.11697,0.97871,0.01360,0.16809,0.51347,-0.39075,0.18042,0.13731,0.97420,0.00864,0.17892,-1.71,6.64,2.56
19.2107,295,-0.04851,0.07662,-0.26354,0.46080,0.79305,0.39189,-0.07181,1,0.51433,-0.39724,0.17897,0.11810,0.97817,0.01398,0.17044,0.51272,-0.38962,0.18103,0.14037,0.97322,0.00909,0.18182,-1.61,7.63,2.06
19.2278,296,-0.05448,0.07527,-0.25895,0.45385,0.79185,0.40196,-0.07360,1,0.51344,-0.39699,0.18008,0.11937,0.97754,0.01457,0.17306,0.51195,-0.38837,0.18156,0.14351,0.97219,0.00969,0.18483,-1.49,8.62,1.48
19.2445,297,-0.06017,0.07356,-0.25443,0.44910,0.78895,0.41217,-0.07737,1,0.51256,-0.39671,0.18118,0.12076,0.97686,0.01531,0.17584,0.51114,-0.38702,0.18201,0.14671,0.97111,0.01045,0.18794,-1.42,9.68,0.82
19.2611,298,-0.07068,0.06868,-0.24589,0.44110,0.78166,0.43313,-0.08266,1,0.51165,-0.39643,0.18228,0.12227,0.97614,0.01607,0.17870,0.51030,-0.38558,0.18235,0.14993,0.96998,0.01140,0.19113,-1.35,10.85,0.07
19.2776,0,-0.07540,0.06591,-0.24209,0.43575,0.77888,0.44355,-0.08201,1,0.51082,-0.39605,0.18329,0.12374,0.97544,0.01692,0.18145,0.50943,-0.38406,0.18258,0.15318,0.96881,0.01255,0.19438,-1.39,11.99,-0.70
19.2944,1,-0.07990,0.06283,-0.23876,0.43021,0.77701,0.45252,-0.07995,1,0.50989,-0.39541,0.18420,0.12526,0.97467,0.01797,0.18440,0.50853,-0.38246,0.18271,0.15643,0.96760,0.01389,0.19769,-1.36,12.95,-1.49
19.3112,2,-0.08412,0.05967,-0.23564,0.42582,0.77479,0.46097,-0.07669,1,0.50904,-0.39465,0.18496,0.12674,0.97390,0.01914,0.18733,0.50760,-0.38080,0.18271,0.15968,0.96637,0.01529,0.20100,-1.44,13.86,-2.25
19.3282,3,-0.08806,0.05652,-0.23294,0.42259,0.77214,0.46886,-0.07336,1,0.50800,-0.39381,0.18572,0.12851,0.97298,0.02042,0.19071,0.50664,-0.37908,0.18259,0.16294,0.96511,0.01671,0.20429,-1.36,14.73,-3.13
19.3446,4,-0.09511,0.04949,-0.22855,0.41793,0.76655,0.48308,-0.06617,1,0.50714,-0.39295,0.18635,0.13017,0.97212,0.02170,0.19385,0.50567,-0.37736,0.18233,0.16622,0.96383,0.01816,0.20753,-1.47,15.60,-4.02
19.3613,5,-0.09812,0.04531,-0.22691,0.41633,0.76335,0.48988,-0.06318,1,0.50620,-0.39195,0.18692,0.13201,0.97117,0.02311,0.19715,0.50470,-0.37563,0.18202,0.16951,0.96253,0.01964,0.21074,-1.50,16.31,-4.89
19.3784,6,-0.10071,0.04082,-0.22580,0.41541,0.75966,0.49668,-0.06047,1,0.50514,-0.39093,0.18731,0.13396,0.97024,0.02448,0.20022,0.50374,-0.37392,0.18167,0.17281,0.96121,0.02115,0.21392,-1.40,17.02,-5.64
19.3949,7,-0.10292,0.03615,-0.22520,0.41495,0.75579,0.50314,-0.05863,1,0.50426,-0.38976,0.18759,0.13586,0.96931,0.02587,0.20324,0.50279,-0.37220,0.18127,0.17612,0.95987,0.02269,0.21706,-1.47,17.56,-6.32
19.4116,8,-0.10565,0.02696,-0.22497,0.41499,0.74809,0.51484,-0.05560,1,0.50336,-0.38849,0.18776,0.13798,0.96829,0.02709,0.20652,0.50186,-0.37051,0.18076,0.17944,0.95851,0.02429,0.22015,-1.49,17.98,-7.01
19.4287,9,-0.10565,0.02696,-0.22497,0.41499,0.74809,0.51484,-0.05560,1,0.50257,-0.38698,0.18778,0.14012,0.96725,0.02819,0.20977,0.50094,-0.36881,0.18025,0.18276,0.95713,0.02589,0.22323,-1.63,18.17,-7.53
19.4457,10,-0.10572,0.01913,-0.22771,0.41405,0.74286,0.52365,-0.05017,1,0.50185,-0.38542,0.18770,0.14247,0.96617,0.02906,0.21300,0.50006,-0.36712,0.17963,0.18611,0.95573,0.02752,0.22626,-1.80,18.30,-8.07
19.4616,11,-0.10522,0.01544,-0.23039,0.41416,0.74262,0.52441,-0.04466,0,0.50127,-0.38387,0.18751,0.14475,0.96518,0.02955,0.21589,0.50006,-0.36712,0.17963,0.18611,0.95573,0.02752,0.22626,-1.21,16.75,-7.88
19.4785,12,-0.10394,0.01193,-0.23285,0.41605,0.74619,0.51854,-0.03502,0,0.50082,-0.38199,0.18714,0.14725,0.96414,0.02996,0.21874,0.50006,-0.36712,0.17963,0.18611,0.95573,0.02752,0.22626,-0.77,14.87,-7.51
19.4953,13,-0.10235,0.00827,-0.23660,0.41731,0.75519,0.50503,-0.02210,0,0.50056,-0.38010,0.18672,0.15004,0.96308,0.03058,0.22144,0.50006,-0.36712,0.17963,0.18611,0.95573,0.02752,0.22626,-0.51,12.98,-7.09
19.5120,14,-0.09739,0.00293,-0.24650,0.43023,0.76047,0.48635,-0.00714,0,0.50018,-0.37869,0.18632,0.15341,0.96197,0.03283,0.22363,0.50006,-0.36712,0.17963,0.18611,0.95573,0.02752,0.22626,-0.13,11.57,-6.69
19.5286,15,-0.09389,0.00085,-0.25198,0.44248,0.75841,0.47853,-0.00533,0,0.49983,-0.37741,0.18591,0.15693,0.96073,0.03424,0.22627,0.50006,-0.36712,0.17963,0.18611,0.95573,0.02752,0.22626,0.23,10.28,-6.28
19.5453,16,-0.08996,-0.00092,-0.25775,0.45731,0.75513,0.46969,-0.00640,0,0.49946,-0.37624,0.18531,0.16027,0.95956,0.03512,0.22875,0.50006,-0.36712,0.17963,0.18611,0.95573,0.02752,0.22626,0.60,9.12,-5.68
19.5622,17,-0.08528,-0.00253,-0.26381,0.47403,0.75135,0.45901,-0.00870,0,0.49907,-0.37559,0.18489,0.16353,0.95843,0.03583,0.23105,0.50006,-0.36712,0.17963,0.18611,0.95573,0.02752,0.22626,0.98,8.47,-5.26
19.5788,18,-0.07968,-0.00427,-0.27001,0.49480,0.74399,0.44886,-0.01344,0,0.49862,-0.37534,0.18438,0.16697,0.95732,0.03654,0.23310,0.50006,-0.36712,0.17963,0.18611,0.95573,0.02752,0.22626,1.44,8.22,-4.74
19.5956,19,-0.06720,-0.00636,-0.28377,0.53846,0.72349,0.43027,-0.03843,0,0.49844,-0.37512,0.18385,0.17003,0.95630,0.03712,0.23494,0.50006,-0.36712,0.17963,0.18611,0.95573,0.02752,0.22626,1.61,8.00,-4.22
19.6124,20,-0.06045,-0.00738,-0.29060,0.55793,0.71628,0.41609,-0.05021,0,0.49842,-0.37488,0.18329,0.17262,0.95548,0.03726,0.23638,0.50006,-0.36712,0.17963,0.18611,0.95573,0.02752,0.22626,1.63,7.76,-3.66
19.6291,21,-0.05303,-0.00856,-0.29756,0.57682,0.71178,0.39623,-0.06047,0,0.49845,-0.37461,0.18272,0.17484,0.95484,0.03719,0.23733,0.50006,-0.36712,0.17963,0.18611,0.95573,0.02752,0.22626,1.61,7.49,-3.09
19.6458,22,-0.04517,-0.00955,-0.30461,0.59488,0.70906,0.37225,-0.06915,0,0.49847,-0.37430,0.18216,0.17655,0.95444,0.03689,0.23772,0.50006,-0.36712,0.17963,0.18611,0.95573,0.02752,0.22626,1.59,7.18,-2.53
19.6627,23,-0.03684,-0.01034,-0.31183,0.61280,0.70532,0.34789,-0.07731,0,0.49845,-0.37394,0.18155,0.17795,0.95421,0.03625,0.23770,0.50006,-0.36712,0.17963,0.18611,0.95573,0.02752,0.22626,1.60,6.82,-1.92
19.6793,24,-0.01895,-0.01241,-0.32622,0.64360,0.69622,0.30461,-0.09093,0,0.49853,-0.37341,0.18095,0.17884,0.95420,0.03546,0.23721,0.50006,-0.36712,0.17963,0.18611,0.95573,0.02752,0.22626,1.52,6.29,-1.32
19.6960,25,-0.00893,-0.01464,-0.33357,0.65339,0.69716,0.28160,-0.08805,0,0.49861,-0.37291,0.18042,0.17930,0.95436,0.03450,0.23633,0.50006,-0.36712,0.17963,0.18611,0.95573,0.02752,0.22626,1.45,5.79,-0.79
19.7127,26,0.00110,-0.01702,-0.34046,0.66388,0.69765,0.25720,-0.07995,0,0.49877,-0.37236,0.17997,0.17953,0.95465,0.03343,0.23516,0.50006,-0.36712,0.17963,0.18611,0.95573,0.02752,0.22626,1.29,5.23,-0.34
19.7296,27,0.01127,-0.01875,-0.34679,0.67468,0.69670,0.23339,-0.07027,0,0.49895,-0.37185,0.17958,0.17967,0.95498,0.03238,0.23383,0.50006,-0.36712,0.17963,0.18611,0.95573,0.02752,0.22626,1.10,4.73,0.05
19.7464,28,0.03163,-0.02082,-0.35808,0.69025,0.69641,0.18870,-0.05440,0,0.49919,-0.37135,0.17932,0.17987,0.95527,0.03153,0.23261,0.50006,-0.36712,0.17963,0.18611,0.95573,0.02752,0.22626,0.86,4.23,0.32
19.7632,29,0.04134,-0.02113,-0.36325,0.69686,0.69587,0.16644,-0.04943,0,0.49949,-0.37079,0.17909,0.18012,0.95551,0.03080,0.23153,0.50006,-0.36712,0.17963,0.18611,0.95573,0.02752,0.22626,0.57,3.66,0.54
19.7798,30,0.05127,-0.02153,-0.36765,0.70260,0.69575,0.14249,-0.04445,0,0.49969,-0.37030,0.17892,0.18047,0.95567,0.02998,0.23073,0.50006,-0.36712,0.17963,0.18611,0.95573,0.02752,0.22626,0.37,3.18,0.71
19.7966,31,0.06096,-0.02221,-0.37121,0.70902,0.69377,0.12031,-0.03858,0,0.49987,-0.36981,0.17879,0.18100,0.95576,0.02949,0.22997,0.50006,-0.36712,0.17963,0.18611,0.95573,0.02752,0.22626,0.19,2.69,0.84
19.8133,32,0.07066,-0.02259,-0.37450,0.71446,0.69102,0.10358,-0.03616,0,0.49994,-0.36942,0.17869,0.18166,0.95580,0.02905,0.22933,0.50006,-0.36712,0.17963,0.18611,0.95573,0.02752,0.22626,0.12,2.30,0.94
19.8301,33,0.08007,-0.02225,-0.37762,0.71902,0.68835,0.08920,-0.03508,0,0.50001,-0.36905,0.17864,0.18233,0.95580,0.02870,0.22888,0.50006,-0.36712,0.17963,0.18611,0.95573,0.02752,0.22626,0.04,1.93,0.99
19.8468,34,0.09798,-0.02049,-0.38222,0.72454,0.68512,0.06663,-0.03492,0,0.50011,-0.36870,0.17862,0.18300,0.95578,0.02834,0.22847,0.50006,-0.36712,0.17963,0.18611,0.95573,0.02752,0.22626,-0.05,1.58,1.01
19.8635,35,0.10645,-0.01898,-0.38463,0.72494,0.68607,0.05341,-0.03024,0,0.50017,-0.36838,0.17861,0.18365,0.95575,0.02806,0.22809,0.50006,-0.36712,0.17963,0.18611,0.95573,0.02752,0.22626,-0.11,1.26,1.02
19.8802,36,0.11463,-0.01675,-0.38717,0.72443,0.68787,0.03939,-0.02197,0,0.50024,-0.36806,0.17861,0.18423,0.95573,0.02791,0.22771,0.50006,-0.36712,0.17963,0.18611,0.95573,0.02752,0.22626,-0.18,0.93,1.02
19.8970,37,0.12252,-0.01454,-0.38963,0.72304,0.69031,0.02448,-0.00920,0,0.50029,-0.36783,0.17863,0.18474,0.95572,0.02771,0.22740,0.50006,-0.36712,0.17963,0.18611,0.95573,0.02752,0.22626,-0.23,0.71,1.00
19.9139,38,0.13675,-0.00889,-0.39436,0.72005,0.69358,-0.01341,0.01721,0,0.50033,-0.36763,0.17867,0.18521,0.95570,0.02746,0.22709,0.50006,-0.36712,0.17963,0.18611,0.95573,0.02752,0.22626,-0.27,0.51,0.96
19.9305,39,0.13675,-0.00889,-0.39436,0.72005,0.69358,-0.01341,0.01721,0,0.50039,-0.36746,0.17874,0.18566,0.95569,0.02731,0.22682,0.50006,-0.36712,0.17963,0.18611,0.95573,0.02752,0.22626,-0.34,0.34,0.89
19.9472,40,0.14825,-0.00299,-0.39866,0.71441,0.69642,-0.05446,0.04053,0,0.50045,-0.36730,0.17881,0.18601,0.95568,0.02714,0.22657,0.50006,-0.36712,0.17963,0.18611,0.95573,0.02752,0.22626,-0.40,0.18,0.83
19.9641,41,0.15330,0.00066,-0.40091,0.71286,0.69540,-0.07522,0.05086,0,0.50051,-0.36717,0.17886,0.18628,0.95569,0.02703,0.22634,0.50006,-0.36712,0.17963,0.18611,0.95573,0.02752,0.22626,-0.45,0.05,0.77
19.9808,42,0.15732,0.00418,-0.40247,0.71067,0.69353,-0.09836,0.06554,0,0.50057,-0.36702,0.17891,0.18651,0.95570,0.02695,0.22612,0.50006,-0.36712,0.17963,0.18611,0.95573,0.02752,0.22626,-0.51,-0.10,0.72
19.9975,43,0.16062,0.00777,-0.40403,0.70786,0.69183,-0.11825,0.07957,0,0.50063,-0.36688,0.17897,0.18671,0.95570,0.02687,0.22597,0.50006,-0.36712,0.17963,0.18611,0.95573,0.02752,0.22626,-0.58,-0.24,0.66
20.0142,44,0.16697,0.01724,-0.40778,0.69763,0.69421,-0.14576,0.10068,0,0.50068,-0.36676,0.17902,0.18688,0.95570,0.02680,0.22584,0.50006,-0.36712,0.17963,0.18611,0.95573,0.02752,0.22626,-0.62,-0.36,0.61
20.0310,45,0.16920,0.02259,-0.41006,0.69083,0.69698,-0.15651,0.11169,0,0.50069,-0.36669,0.17905,0.18701,0.95570,0.02674,0.22571,0.50006,-0.36712,0.17963,0.18611,0.95573,0.02752,0.22626,-0.63,-0.43,0.58
20.0476,46,0.17055,0.02902,-0.41231,0.68220,0.69967,-0.17138,0.12528,0,0.50068,-0.36664,0.17908,0.18714,0.95570,0.02669,0.22561,0.50006,-0.36712,0.17963,0.18611,0.95573,0.02752,0.22626,-0.62,-0.48,0.55
20.0644,47,0.17104,0.03496,-0.41501,0.67337,0.70121,-0.18732,0.14066,0,0.50066,-0.36663,0.17911,0.18725,0.95570,0.02664,0.22553,0.50006,-0.36712,0.17963,0.18611,0.95573,0.02752,0.22626,-0.61,-0.49,0.52
20.0813,48,0.17161,0.04699,-0.42167,0.65831,0.70500,-0.20611,0.16467,0,0.50066,-0.36662,0.17914,0.18732,0.95570,0.02662,0.22549,0.50006,-0.36712,0.17963,0.18611,0.95573,0.02752,0.22626,-0.60,-0.50,0.49
20.0980,49,0.17166,0.05275,-0.42549,0.65329,0.70702,-0.21113,0.16956,0,0.50067,-0.36659,0.17916,0.18734,0.95570,0.02663,0.22547,0.50006,-0.36712,0.17963,0.18611,0.95573,0.02752,0.22626,-0.61,-0.53,0.48
20.1147,50,0.17174,0.05872,-0.42919,0.64669,0.71317,-0.21042,0.17004,0,0.50067,-0.36657,0.17916,0.18734,0.95570,0.02661,0.22546,0.50006,-0.36712,0.17963,0.18611,0.95573,0.02752,0.22626,-0.62,-0.55,0.47
20.1314,51,0.17162,0.06460,-0.43372,0.63641,0.72265,-0.20704,0.17289,0,0.50068,-0.36656,0.17916,0.18732,0.95570,0.02660,0.22547,0.50006,-0.36712,0.17963,0.18611,0.95573,0.02752,0.22626,-0.62,-0.56,0.47
20.1483,52,0.17101,0.07038,-0.43910,0.62162,0.73226,-0.20597,0.18696,0,0.50068,-0.36656,0.17916,0.18730,0.95570,0.02662,0.22549,0.50006,-0.36712,0.17963,0.18611,0.95573,0.02752,0.22626,-0.62,-0.56,0.47
20.1650,53,0.17067,0.08361,-0.45058,0.59585,0.74137,-0.20336,0.23234,0,0.50068,-0.36656,0.17916,0.18727,0.95570,0.02663,0.22552,0.50006,-0.36712,0.17963,0.18611,0.95573,0.02752,0.22626,-0.62,-0.56,0.47
20.1816,54,0.17142,0.08977,-0.45633,0.59086,0.74015,-0.20290,0.24877,0,0.50067,-0.36657,0.17915,0.18723,0.95570,0.02662,0.22556,0.50006,-0.36712,0.17963,0.18611,0.95573,0.02752,0.22626,-0.62,-0.55,0.48
20.1984,55,0.17258,0.09651,-0.46241,0.58686,0.73648,-0.21225,0.26105,0,0.50066,-0.36659,0.17914,0.18720,0.95570,0.02665,0.22559,0.50006,-0.36712,0.17963,0.18611,0.95573,0.02752,0.22626,-0.61,-0.53,0.49
20.2153,56,0.17330,0.10366,-0.46797,0.58322,0.72930,-0.23055,0.27355,0,0.50065,-0.36662,0.17912,0.18716,0.95569,0.02667,0.22563,0.50006,-0.36712,0.17963,0.18611,0.95573,0.02752,0.22626,-0.60,-0.51,0.51
20.2321,57,0.17419,0.11039,-0.47317,0.57951,0.72227,-0.24492,0.28724,0,0.50065,-0.36664,0.17911,0.18712,0.95569,0.02667,0.22568,0.50006,-0.36712,0.17963,0.18611,0.95573,0.02752,0.22626,-0.59,-0.48,0.52
20.2487,58,0.17889,0.12331,-0.48135,0.55860,0.71320,-0.26155,0.33303,0,0.50064,-0.36667,0.17910,0.18708,0.95569,0.02670,0.22572,0.50006,-0.36712,0.17963,0.18611,0.95573,0.02752,0.22626,-0.58,-0.45,0.53
20.2656,59,0.18399,0.12964,-0.48465,0.54511,0.71469,-0.26745,0.34719,0,0.50063,-0.36670,0.17908,0.18703,0.95569,0.02672,0.22576,0.50006,-0.36712,0.17963,0.18611,0.95573,0.02752,0.22626,-0.58,-0.42,0.55
20.2824,60,0.18908,0.13617,-0.48723,0.53351,0.71681,-0.27704,0.35327,0,0.50063,-0.36673,0.17907,0.18698,0.95569,0.02676,0.22580,0.50006,-0.36712,0.17963,0.18611,0.95573,0.02752,0.22626,-0.57,-0.39,0.56
20.2992,61,0.19343,0.14344,-0.48845,0.52579,0.71671,-0.29039,0.35431,0,0.50063,-0.36674,0.17905,0.18692,0.95569,0.02675,0.22585,0.50006,-0.36712,0.17963,0.18611,0.95573,0.02752,0.22626,-0.58,-0.38,0.58
20.3158,62,0.19680,0.15059,-0.48834,0.51970,0.71458,-0.30339,0.35670,0,0.50064,-0.36675,0.17904,0.18687,0.95569,0.02679,0.22589,0.50006,-0.36712,0.17963,0.18611,0.95573,0.02752,0.22626,-0.58,-0.37,0.59
20.3325,63,0.20009,0.15750,-0.48741,0.51199,0.71636,-0.30955,0.35899,0,0.50064,-0.36677,0.17902,0.18682,0.95568,0.02682,0.22593,0.50006,-0.36712,0.17963,0.18611,0.95573,0.02752,0.22626,-0.58,-0.35,0.61
20.3494,64,0.20624,0.17203,-0.48517,0.49402,0.73081,-0.31231,0.35258,0,0.50063,-0.36679,0.17901,0.18678,0.95568,0.02683,0.22597,0.50006,-0.36712,0.17963,0.18611,0.95573,0.02752,0.22626,-0.58,-0.33,0.62
20.3662,65,0.20864,0.17958,-0.48432,0.47949,0.73851,-0.31653,0.35283,0,0.50063,-0.36681,0.17900,0.18675,0.95568,0.02683,0.22600,0.50006,-0.36712,0.17963,0.18611,0.95573,0.02752,0.22626,-0.57,-0.31,0.63
20.3829,66,0.21069,0.18697,-0.48312,0.46305,0.74499,-0.31944,0.35851,0,0.50062,-0.36683,0.17899,0.18672,0.95568,0.02686,0.22603,0.50006,-0.36712,0.17963,0.18611,0.95573,0.02752,0.22626,-0.56,-0.29,0.64
20.3997,67,0.21201,0.20032,-0.47920,0.42132,0.74863,-0.33310,0.38870,0,0.50061,-0.36685,0.17898,0.18670,0.95568,0.02687,0.22605,0.50006,-0.36712,0.17963,0.18611,0.95573,0.02752,0.22626,-0.55,-0.27,0.65
20.4165,68,0.21201,0.20032,-0.47920,0.42132,0.74863,-0.33310,0.38870,0,0.50061,-0.36685,0.17897,0.18667,0.95568,0.02687,0.22608,0.50006,-0.36712,0.17963,0.18611,0.95573,0.02752,0.22626,-0.55,-0.27,0.66
20.4333,69,0.21003,0.21441,-0.47227,0.40245,0.75008,-0.33792,0.40153,0,0.50061,-0.36686,0.17897,0.18665,0.95568,0.02689,0.22610,0.50006,-0.36712,0.17963,0.18611,0.95573,0.02752,0.22626,-0.55,-0.26,0.67
20.4499,70,0.20782,0.22077,-0.46992,0.39454,0.75608,-0.33603,0.39972,0,0.50060,-0.36687,0.17896,0.18664,0.95568,0.02689,0.22612,0.50006,-0.36712,0.17963,0.18611,0.95573,0.02752,0.22626,-0.55,-0.25,0.67
20.4667,71,0.20534,0.22759,-0.46770,0.38486,0.75897,-0.33653,0.40324,0,0.50060,-0.36687,0.17896,0.18662,0.95567,0.02689,0.22613,0.50006,-0.36712,0.17963,0.18611,0.95573,0.02752,0.22626,-0.55,-0.25,0.67
20.4835,72,0.20187,0.23464,-0.46503,0.38163,0.75630,-0.33054,0.41608,0,0.50060,-0.36687,0.17896,0.18662,0.95567,0.02691,0.22614,0.50006,-0.36712,0.17963,0.18611,0.95573,0.02752,0.22626,-0.55,-0.25,0.67
20.5003,73,0.19578,0.24297,-0.45637,0.35911,0.75275,-0.33114,0.44130,0,0.50060,-0.36687,0.17896,0.18662,0.95567,0.02691,0.22615,0.50006,-0.36712,0.17963,0.18611,0.95573,0.02752,0.22626,-0.54,-0.25,0.68
20.5170,74,0.19190,0.24513,-0.45372,0.34586,0.75436,-0.33222,0.44827,0,0.50060,-0.36687,0.17895,0.18661,0.95567,0.02689,0.22616,0.50006,-0.36712,0.17963,0.18611,0.95573,0.02752,0.22626,-0.54,-0.25,0.68
20.5336,75,0.18744,0.24820,-0.45194,0.33484,0.76244,-0.32219,0.45029,0,0.50060,-0.36687,0.17895,0.18662,0.95567,0.02690,0.22615,0.50006,-0.36712,0.17963,0.18611,0.95573,0.02752,0.22626,-0.54,-0.25,0.68
20.5504,76,0.18276,0.25319,-0.45097,0.32461,0.77550,-0.30430,0.44791,0,0.50059,-0.36687,0.17895,0.18662,0.95567,0.02691,0.22615,0.50006,-0.36712,0.17963,0.18611,0.95573,0.02752,0.22626,-0.54,-0.25,0.68
20.5673,77,0.17108,0.26300,-0.45129,0.31061,0.79462,-0.28118,0.43936,0,0.50059,-0.36688,0.17895,0.18662,0.95567,0.02691,0.22615,0.50006,-0.36712,0.17963,0.18611,0.95573,0.02752,0.22626,-0.54,-0.24,0.68
20.5840,78,0.16440,0.26634,-0.44953,0.32146,0.78018,-0.28670,0.45364,0,0.50059,-0.36688,0.17895,0.18662,0.95567,0.02690,0.22615,0.50006,-0.36712,0.17963,0.18611,0.95573,0.02752,0.22626,-0.54,-0.24,0.68
20.6007,79,0.15477,0.25876,-0.44196,0.30117,0.82680,-0.29943,0.36883,0,0.50059,-0.36689,0.17895,0.18662,0.95567,0.02690,0.22615,0.50006,-0.36712,0.17963,0.18611,0.95573,0.02752,0.22626,-0.53,-0.24,0.68
20.6176,80,0.14560,0.26332,-0.44542,0.31985,0.81549,-0.32253,0.35868,0,0.50059,-0.36689,0.17895,0.18663,0.95567,0.02691,0.22614,0.50006,-0.36712,0.17963,0.18611,0.95573,0.02752,0.22626,-0.54,-0.24,0.68
20.6343,81,0.14447,0.27255,-0.44407,0.35760,0.80507,-0.31475,0.35345,0,0.50059,-0.36689,0.17895,0.18663,0.95567,0.02691,0.22614,0.50006,-0.36712,0.17963,0.18611,0.95573,0.02752,0.22626,-0.54,-0.23,0.68
20.6510,82,0.11509,0.27772,-0.43490,0.39041,0.78991,-0.34459,0.32385,0,0.50059,-0.36689,0.17895,0.18662,0.95567,0.02691,0.22614,0.50006,-0.36712,0.17963,0.18611,0.95573,0.02752,0.22626,-0.53,-0.23,0.68
20.6676,83,0.10307,0.27846,-0.42875,0.40875,0.78788,-0.33867,0.31220,0,0.50059,-0.36689,0.17896,0.18662,0.95567,0.02691,0.22614,0.50006,-0.36712,0.17963,0.18611,0.95573,0.02752,0.22626,-0.53,-0.23,0.68
20.6845,84,0.09309,0.27897,-0.42370,0.42034,0.79214,-0.32872,0.29627,0,0.50059,-0.36689,0.17896,0.18662,0.95567,0.02691,0.22614,0.50006,-0.36712,0.17963,0.18611,0.95573,0.02752,0.22626,-0.53,-0.23,0.67
20.7012,85,0.08567,0.27913,-0.42042,0.43846,0.80110,-0.30441,0.27081,0,0.50059,-0.36689,0.17896,0.18662,0.95567,0.02691,0.22614,0.50006,-0.36712,0.17963,0.18611,0.95573,0.02752,0.22626,-0.53,-0.23,0.67
20.7179,86,0.07778,0.27920,-0.41542,0.46223,0.81044,-0.27293,0.23461,0,0.50059,-0.36689,0.17896,0.18662,0.95567,0.02691,0.22614,0.50006,-0.36712,0.17963,0.18611,0.95573,0.02752,0.22626,-0.53,-0.23,0.67
20.7346,87,0.05808,0.27727,-0.40965,0.44617,0.81379,-0.29249,0.23050,0,0.50059,-0.36689,0.17896,0.18663,0.95567,0.02692,0.22614,0.50006,-0.36712,0.17963,0.18611,0.95573,0.02752,0.22626,-0.53,-0.23,0.67
20.7514,88,0.05173,0.27930,-0.40494,0.44665,0.80566,-0.30634,0.23994,0,0.50059,-0.36690,0.17896,0.18663,0.95567,0.02691,0.22614,0.50006,-0.36712,0.17963,0.18611,0.95573,0.02752,0.22626,-0.53,-0.22,0.67
20.7682,89,0.04249,0.27902,-0.40241,0.44301,0.79389,-0.32685,0.25818,0,0.50059,-0.36690,0.17896,0.18662,0.95567,0.02691,0.22614,0.50006,-0.36712,0.17963,0.18611,0.95573,0.02752,0.22626,-0.53,-0.22,0.67
20.7848,90,0.02795,0.28044,-0.39080,0.43109,0.78976,-0.34277,0.27009,0,0.50059,-0.36690,0.17896,0.18662,0.95567,0.02691,0.22614,0.50006,-0.36712,0.17963,0.18611,0.95573,0.02752,0.22626,-0.54,-0.23,0.67
20.8017,91,0.02371,0.27988,-0.38872,0.44146,0.79598,-0.33038,0.24975,0,0.50060,-0.36689,0.17896,0.18662,0.95567,0.02691,0.22614,0.50006,-0.36712,0.17963,0.18611,0.95573,0.02752,0.22626,-0.54,-0.23,0.67
20.8182,92,0.01242,0.27915,-0.38557,0.44606,0.80697,-0.31548,0.22431,0,0.50060,-0.36689,0.17896,0.18662,0.95567,0.02691,0.22614,0.50006,-0.36712,0.17963,0.18611,0.95573,0.02752,0.22626,-0.54,-0.23,0.67
20.8351,93,0.01242,0.27915,-0.38557,0.44606,0.80697,-0.31548,0.22431,0,0.50059,-0.36689,0.17896,0.18662,0.95567,0.02691,0.22614,0.50006,-0.36712,0.17963,0.18611,0.95573,0.02752,0.22626,-0.54,-0.23,0.67
20.8519,94,-0.00405,0.27712,-0.38114,0.44338,0.80627,-0.31570,0.23169,0,0.50059,-0.36690,0.17896,0.18662,0.95567,0.02691,0.22614,0.50006,-0.36712,0.17963,0.18611,0.95573,0.02752,0.22626,-0.54,-0.22,0.67
20.8686,95,-0.00963,0.27683,-0.37871,0.44235,0.80914,-0.30998,0.23137,0,0.50059,-0.36690,0.17897,0.18662,0.95567,0.02691,0.22614,0.50006,-0.36712,0.17963,0.18611,0.95573,0.02752,0.22626,-0.54,-0.22,0.66
20.8854,96,-0.01474,0.27672,-0.37571,0.44068,0.81092,-0.30799,0.23096,0,0.50059,-0.36690,0.17897,0.18662,0.95567,0.02691,0.22614,0.50006,-0.36712,0.17963,0.18611,0.95573,0.02752,0.22626,-0.53,-0.22,0.66
20.9022,97,-0.01875,0.27639,-0.37252,0.43881,0.81236,-0.30670,0.23121,0,0.50059,-0.36690,0.17897,0.18662,0.95567,0.02691,0.22614,0.50006,-0.36712,0.17963,0.18611,0.95573,0.02752,0.22626,-0.53,-0.22,0.66
20.9189,98,-0.02370,0.27424,-0.36657,0.43708,0.81320,-0.30618,0.23221,0,0.50059,-0.36690,0.17897,0.18662,0.95567,0.02691,0.22614,0.50006,-0.36712,0.17963,0.18611,0.95573,0.02752,0.22626,-0.53,-0.22,0.66
20.9357,99,-0.02540,0.27236,-0.36419,0.43709,0.81290,-0.30597,0.23351,0,0.50058,-0.36690,0.17898,0.18662,0.95567,0.02691,0.22614,0.50006,-0.36712,0.17963,0.18611,0.95573,0.02752,0.22626,-0.53,-0.22,0.66
20.9523,100,-0.02710,0.27043,-0.36219,0.43707,0.81279,-0.30539,0.23467,0,0.50058,-0.36690,0.17898,0.18662,0.95567,0.02692,0.22614,0.50006,-0.36712,0.17963,0.18611,0.95573,0.02752,0.22626,-0.53,-0.22,0.66
20.9691,101,-0.02884,0.26814,-0.36074,0.43732,0.81264,-0.30401,0.23653,0,0.50058,-0.36690,0.17897,0.18661,0.95567,0.02692,0.22613,0.50006,-0.36712,0.17963,0.18611,0.95573,0.02752,0.22626,-0.52,-0.22,0.66
20.9857,102,-0.03033,0.26606,-0.35919,0.43671,0.81275,-0.30237,0.23937,0,0.50058,-0.36690,0.17898,0.18661,0.95567,0.02692,0.22614,0.50006,-0.36712,0.17963,0.18611,0.95573,0.02752,0.22626,-0.52,-0.22,0.66
21.0024,103,-0.03193,0.26402,-0.35752,0.43577,0.81311,-0.30017,0.24259,0,0.50058,-0.36690,0.17898,0.18661,0.95567,0.02692,0.22614,0.50006,-0.36712,0.17963,0.18611,0.95573,0.02752,0.22626,-0.52,-0.22,0.65
21.0193,104,-0.03534,0.25887,-0.35512,0.43489,0.81332,-0.29431,0.25052,0,0.50058,-0.36690,0.17898,0.18661,0.95567,0.02692,0.22614,0.50006,-0.36712,0.17963,0.18611,0.95573,0.02752,0.22626,-0.52,-0.22,0.65
21.0360,105,-0.03696,0.25625,-0.35422,0.43430,0.81338,-0.29112,0.25503,0,0.50058,-0.36690,0.17898,0.18661,0.95567,0.02692,0.22614,0.50006,-0.36712,0.17963,0.18611,0.95573,0.02752,0.22626,-0.52,-0.22,0.65
21.0529,106,-0.03851,0.25389,-0.35336,0.43347,0.81357,-0.28807,0.25927,0,0.50058,-0.36690,0.17898,0.18662,0.95567,0.02692,0.22614,0.50006,-0.36712,0.17963,0.18611,0.95573,0.02752,0.22626,-0.52,-0.22,0.65
21.0694,107,-0.03986,0.25182,-0.35251,0.43252,0.81373,-0.28541,0.26327,0,0.50058,-0.36690,0.17898,0.18661,0.95567,0.02692,0.22614,0.50006,-0.36712,0.17963,0.18611,0.95573,0.02752,0.22626,-0.52,-0.22,0.65
21.0863,108,-0.04225,0.24860,-0.35066,0.43015,0.81417,-0.28139,0.27003,0,0.50058,-0.36690,0.17898,0.18661,0.95567,0.02692,0.22614,0.50006,-0.36712,0.17963,0.18611,0.95573,0.02752,0.22626,-0.52,-0.22,0.65
21.1030,109,-0.04331,0.24715,-0.34972,0.42913,0.81424,-0.27999,0.27289,0,0.50058,-0.36690,0.17898,0.18662,0.95567,0.02692,0.22614,0.50006,-0.36712,0.17963,0.18611,0.95573,0.02752,0.22626,-0.52,-0.22,0.65
21.1197,110,-0.04405,0.24569,-0.34890,0.42843,0.81395,-0.27922,0.27563,0,0.50058,-0.36690,0.17898,0.18662,0.95567,0.02693,0.22614,0.50006,-0.36712,0.17963,0.18611,0.95573,0.02752,0.22626,-0.52,-0.22,0.65
21.1364,111,-0.04499,0.24409,-0.34817,0.42802,0.81361,-0.27841,0.27809,0,0.50057,-0.36690,0.17898,0.18662,0.95567,0.02692,0.22614,0.50006,-0.36712,0.17963,0.18611,0.95573,0.02752,0.22626,-0.52,-0.22,0.65
21.1533,112,-0.04642,0.24260,-0.34752,0.42786,0.81342,-0.27742,0.27988,0,0.50057,-0.36690,0.17899,0.18662,0.95567,0.02692,0.22614,0.50006,-0.36712,0.17963,0.18611,0.95573,0.02752,0.22626,-0.52,-0.22,0.64
21.1701,113,-0.04992,0.24105,-0.34572,0.42593,0.81391,-0.27562,0.28315,0,0.50057,-0.36690,0.17899,0.18662,0.95567,0.02692,0.22614,0.50006,-0.36712,0.17963,0.18611,0.95573,0.02752,0.22626,-0.52,-0.22,0.64
21.1867,114,-0.05199,0.24076,-0.34444,0.42423,0.81457,-0.27465,0.28472,0,0.50057,-0.36690,0.17899,0.18662,0.95567,0.02693,0.22614,0.50006,-0.36712,0.17963,0.18611,0.95573,0.02752,0.22626,-0.51,-0.22,0.64
21.2036,115,-0.05431,0.24063,-0.34294,0.42248,0.81545,-0.27364,0.28578,0,0.50057,-0.36690,0.17899,0.18661,0.95567,0.02693,0.22614,0.50006,-0.36712,0.17963,0.18611,0.95573,0.02752,0.22626,-0.51,-0.22,0.64
21.2204,116,-0.05661,0.24069,-0.34133,0.42056,0.81638,-0.27278,0.28677,0,0.50057,-0.36690,0.17899,0.18661,0.95567,0.02693,0.22614,0.50006,-0.36712,0.17963,0.18611,0.95573,0.02752,0.22626,-0.51,-0.22,0.64
21.2370,117,-0.06064,0.24031,-0.33860,0.41829,0.81741,-0.27198,0.28791,0,0.50057,-0.36690,0.17899,0.18661,0.95567,0.02693,0.22614,0.50006,-0.36712,0.17963,0.18611,0.95573,0.02752,0.22626,-0.51,-0.22,0.64
21.2537,118,-0.06211,0.24064,-0.33699,0.41670,0.81798,-0.27255,0.28809,0,0.50057,-0.36690,0.17899,0.18661,0.95567,0.02693,0.22614,0.50006,-0.36712,0.17963,0.18611,0.95573,0.02752,0.22626,-0.51,-0.22,0.64
21.2705,119,-0.06354,0.24086,-0.33562,0.41565,0.81840,-0.27321,0.28776,0,0.50057,-0.36690,0.17899,0.18661,0.95567,0.02693,0.22614,0.50006,-0.36712,0.17963,0.18611,0.95573,0.02752,0.22626,-0.51,-0.22,0.64
21.2872,120,-0.06445,0.24092,-0.33455,0.41514,0.81839,-0.27435,0.28745,0,0.50057,-0.36690,0.17899,0.18661,0.95567,0.02692,0.22614,0.50006,-0.36712,0.17963,0.18611,0.95573,0.02752,0.22626,-0.51,-0.22,0.64
21.3040,121,-0.06436,0.24274,-0.33093,0.41741,0.81347,-0.29426,0.27831,0,0.50057,-0.36690,0.17899,0.18661,0.95567,0.02692,0.22614,0.50006,-0.36712,0.17963,0.18611,0.95573,0.02752,0.22626,-0.51,-0.22,0.64
21.3208,122,-0.06436,0.24274,-0.33093,0.41741,0.81347,-0.29426,0.27831,0,0.50057,-0.36690,0.17899,0.18661,0.95567,0.02692,0.22614,0.50006,-0.36712,0.17963,0.18611,0.95573,0.02752,0.22626,-0.51,-0.22,0.64
21.3374,123,-0.06184,0.24140,-0.32810,0.41653,0.81307,-0.29785,0.27696,0,0.50057,-0.36690,0.17900,0.18661,0.95567,0.02692,0.22614,0.50006,-0.36712,0.17963,0.18611,0.95573,0.02752,0.22626,-0.51,-0.22,0.64
21.3541,124,-0.06099,0.24013,-0.32728,0.41584,0.81339,-0.29650,0.27849,0,0.50057,-0.36690,0.17900,0.18661,0.95567,0.02692,0.22614,0.50006,-0.36712,0.17963,0.18611,0.95573,0.02752,0.22626,-0.51,-0.22,0.63
21.3709,125,-0.05974,0.23966,-0.32621,0.41352,0.81514,-0.29340,0.28011,0,0.50057,-0.36690,0.17900,0.18661,0.95567,0.02693,0.22614,0.50006,-0.36712,0.17963,0.18611,0.95573,0.02752,0.22626,-0.51,-0.22,0.63
21.3877,126,-0.05988,0.23908,-0.32526,0.41203,0.81560,-0.29277,0.28163,0,0.50056,-0.36690,0.17900,0.18661,0.95567,0.02694,0.22614,0.50006,-0.36712,0.17963,0.18611,0.95573,0.02752,0.22626,-0.51,-0.22,0.63
21.4044,127,-0.05930,0.23745,-0.32398,0.41082,0.81567,-0.29217,0.28380,0,0.50056,-0.36690,0.17900,0.18661,0.95567,0.02694,0.22614,0.50006,-0.36712,0.17963,0.18611,0.95573,0.02752,0.22626,-0.51,-0.22,0.63
21.4213,128,-0.05880,0.23656,-0.32348,0.41026,0.81549,-0.29242,0.28488,0,0.50056,-0.36690,0.17900,0.18661,0.95567,0.02693,0.22614,0.50006,-0.36712,0.17963,0.18611,0.95573,0.02752,0.22626,-0.50,-0.22,0.63
21.4379,129,-0.05802,0.23575,-0.32281,0.40975,0.81533,-0.29272,0.28576,0,0.50056,-0.36690,0.17900,0.18661,0.95567,0.02693,0.22614,0.50006,-0.36712,0.17963,0.18611,0.95573,0.02752,0.22626,-0.50,-0.22,0.63
21.4548,130,-0.05699,0.23478,-0.32240,0.40970,0.81493,-0.29323,0.28646,0,0.50056,-0.36690,0.17901,0.18661,0.95567,0.02694,0.22614,0.50006,-0.36712,0.17963,0.18611,0.95573,0.02752,0.22626,-0.50,-0.22,0.63
21.4715,131,-0.05531,0.23378,-0.32187,0.40954,0.81441,-0.29411,0.28725,0,0.50056,-0.36690,0.17901,0.18661,0.95567,0.02694,0.22614,0.50006,-0.36712,0.17963,0.18611,0.95573,0.02752,0.22626,-0.50,-0.22,0.62
21.4883,132,-0.04973,0.23035,-0.32089,0.41014,0.81235,-0.29846,0.28775,0,0.50055,-0.36690,0.17901,0.18661,0.95567,0.02693,0.22614,0.50006,-0.36712,0.17963,0.18611,0.95573,0.02752,0.22626,-0.50,-0.22,0.62
21.5051,133,-0.04973,0.23035,-0.32089,0.41014,0.81235,-0.29846,0.28775,0,0.50055,-0.36690,0.17901,0.18661,0.95567,0.02693,0.22614,0.50006,-0.36712,0.17963,0.18611,0.95573,0.02752,0.22626,-0.50,-0.22,0.62
21.5218,134,-0.04556,0.22751,-0.32075,0.41091,0.81101,-0.30002,0.28879,0,0.50055,-0.36690,0.17901,0.18661,0.95567,0.02693,0.22614,0.50006,-0.36712,0.17963,0.18611,0.95573,0.02752,0.22626,-0.50,-0.22,0.62
21.5386,135,-0.04377,0.22636,-0.32062,0.41096,0.81047,-0.30088,0.28935,0,0.50055,-0.36690,0.17901,0.18661,0.95567,0.02693,0.22614,0.50006,-0.36712,0.17963,0.18611,0.95573,0.02752,0.22626,-0.50,-0.22,0.62
21.5553,136,-0.04238,0.22535,-0.32058,0.41118,0.81009,-0.30141,0.28956,0,0.50055,-0.36690,0.17901,0.18661,0.95567,0.02693,0.22614,0.50006,-0.36712,0.17963,0.18611,0.95573,0.02752,0.22626,-0.50,-0.22,0.62
21.5719,137,-0.04100,0.22437,-0.32047,0.41182,0.80945,-0.30232,0.28948,0,0.50055,-0.36690,0.17901,0.18661,0.95567,0.02693,0.22614,0.50006,-0.36712,0.17963,0.18611,0.95573,0.02752,0.22626,-0.50,-0.22,0.62
21.5887,138,-0.03781,0.22295,-0.32019,0.41256,0.80815,-0.30482,0.28944,0,0.50055,-0.36690,0.17901,0.18661,0.95567,0.02694,0.22614,0.50006,-0.36712,0.17963,0.18611,0.95573,0.02752,0.22626,-0.50,-0.22,0.62
21.6056,139,-0.03615,0.22230,-0.32027,0.41323,0.80738,-0.30628,0.28907,0,0.50055,-0.36690,0.17902,0.18661,0.95567,0.02694,0.22614,0.50006,-0.36712,0.17963,0.18611,0.95573,0.02752,0.22626,-0.50,-0.22,0.61
21.6223,140,-0.03460,0.22154,-0.32050,0.41432,0.80650,-0.30765,0.28853,0,0.50055,-0.36690,0.17902,0.18661,0.95567,0.02695,0.22614,0.50006,-0.36712,0.17963,0.18611,0.95573,0.02752,0.22626,-0.49,-0.22,0.61
21.6391,141,-0.03309,0.22101,-0.32058,0.41513,0.80579,-0.30923,0.28764,0,0.50055,-0.36690,0.17902,0.18661,0.95567,0.02694,0.22614,0.50006,-0.36712,0.17963,0.18611,0.95573,0.02752,0.22626,-0.49,-0.22,0.61
21.6559,142,-0.02989,0.22002,-0.32030,0.41705,0.80368,-0.31454,0.28502,0,0.50055,-0.36690,0.17902,0.18661,0.95567,0.02694,0.22614,0.50006,-0.36712,0.17963,0.18611,0.95573,0.02752,0.22626,-0.49,-0.22,0.61
21.6727,143,-0.02989,0.22002,-0.32030,0.41705,0.80368,-0.31454,0.28502,0,0.50055,-0.36690,0.17902,0.18661,0.95568,0.02694,0.22614,0.50006,-0.36712,0.17963,0.18611,0.95573,0.02752,0.22626,-0.49,-0.22,0.61
21.6894,144,-0.02681,0.21870,-0.32007,0.42024,0.80047,-0.32216,0.28081,0,0.50055,-0.36690,0.17902,0.18661,0.95567,0.02694,0.22614,0.50006,-0.36712,0.17963,0.18611,0.95573,0.02752,0.22626,-0.49,-0.22,0.61
21.7060,145,-0.02557,0.21816,-0.32009,0.42232,0.79854,-0.32726,0.27726,0,0.50055,-0.36690,0.17902,0.18661,0.95567,0.02695,0.22614,0.50006,-0.36712,0.17963,0.18611,0.95573,0.02752,0.22626,-0.49,-0.22,0.61
21.7227,146,-0.02463,0.21779,-0.31974,0.42556,0.79531,-0.33591,0.27120,0,0.50055,-0.36690,0.17902,0.18661,0.95567,0.02694,0.22614,0.50006,-0.36712,0.17963,0.18611,0.95573,0.02752,0.22626,-0.49,-0.22,0.61
21.7395,147,-0.02467,0.21754,-0.31957,0.42634,0.79413,-0.33877,0.26987,0,0.50055,-0.36690,0.17902,0.18661,0.95567,0.02694,0.22614,0.50006,-0.36712,0.17963,0.18611,0.95573,0.02752,0.22626,-0.49,-0.22,0.61
21.7563,148,-0.02505,0.21751,-0.31945,0.42722,0.79367,-0.33978,0.26856,0,0.50055,-0.36690,0.17902,0.18660,0.95568,0.02694,0.22614,0.50006,-0.36712,0.17963,0.18611,0.95573,0.02752,0.22626,-0.49,-0.22,0.61
21.7731,149,-0.02550,0.21744,-0.31928,0.42742,0.79387,-0.33934,0.26820,0,0.50054,-0.36690,0.17903,0.18660,0.95568,0.02694,0.22614,0.50006,-0.36712,0.17963,0.18611,0.95573,0.02752,0.22626,-0.49,-0.22,0.61
21.7898,150,-0.02556,0.21723,-0.31922,0.42678,0.79503,-0.33659,0.26924,0,0.50054,-0.36690,0.17903,0.18660,0.95568,0.02694,0.22614,0.50006,-0.36712,0.17963,0.18611,0.95573,0.02752,0.22626,-0.49,-0.22,0.61
21.8065,151,-0.02582,0.21745,-0.31893,0.42666,0.79519,-0.33671,0.26881,0,0.50054,-0.36690,0.17903,0.18660,0.95568,0.02693,0.22614,0.50006,-0.36712,0.17963,0.18611,0.95573,0.02752,0.22626,-0.49,-0.22,0.60
21.8234,152,-0.02602,0.21787,-0.31845,0.42674,0.79511,-0.33750,0.26791,0,0.50054,-0.36690,0.17903,0.18660,0.95568,0.02693,0.22614,0.50006,-0.36712,0.17963,0.18611,0.95573,0.02752,0.22626,-0.48,-0.22,0.60
21.8401,153,-0.02511,0.21832,-0.31803,0.42800,0.79335,-0.34236,0.26495,0,0.50054,-0.36690,0.17903,0.18660,0.95568,0.02694,0.22614,0.50006,-0.36712,0.17963,0.18611,0.95573,0.02752,0.22626,-0.48,-0.22,0.60
21.8567,154,-0.02506,0.21899,-0.31767,0.42950,0.79102,-0.34889,0.26096,0,0.50054,-0.36690,0.17903,0.18660,0.95568,0.02694,0.22614,0.50006,-0.36712,0.17963,0.18611,0.95573,0.02752,0.22626,-0.48,-0.22,0.60
21.8734,155,-0.02487,0.21927,-0.31735,0.43032,0.78942,-0.35353,0.25820,0,0.50054,-0.36690,0.17903,0.18660,0.95567,0.02694,0.22614,0.50006,-0.36712,0.17963,0.18611,0.95573,0.02752,0.22626,-0.48,-0.22,0.60
21.8903,156,-0.02363,0.21969,-0.31668,0.43012,0.78891,-0.35573,0.25706,0,0.50054,-0.36690,0.17903,0.18660,0.95567,0.02694,0.22614,0.50006,-0.36712,0.17963,0.18611,0.95573,0.02752,0.22626,-0.48,-0.22,0.60
21.9069,157,-0.02363,0.21969,-0.31668,0.43012,0.78891,-0.35573,0.25706,0,0.50054,-0.36690,0.17903,0.18660,0.95568,0.02694,0.22614,0.50006,-0.36712,0.17963,0.18611,0.95573,0.02752,0.22626,-0.48,-0.22,0.60
21.9236,158,-0.02321,0.22099,-0.31604,0.42929,0.78862,-0.35823,0.25585,0,0.50054,-0.36690,0.17903,0.18660,0.95568,0.02695,0.22614,0.50006,-0.36712,0.17963,0.18611,0.95573,0.02752,0.22626,-0.48,-0.22,0.60
21.9404,159,-0.02292,0.22151,-0.31584,0.42855,0.78899,-0.35802,0.25625,0,0.50054,-0.36690,0.17903,0.18660,0.95568,0.02695,0.22614,0.50006,-0.36712,0.17963,0.18611,0.95573,0.02752,0.22626,-0.48,-0.22,0.60
21.9572,160,-0.02255,0.22188,-0.31566,0.42809,0.78911,-0.35814,0.25647,0,0.50054,-0.36690,0.17903,0.18660,0.95568,0.02695,0.22614,0.50006,-0.36712,0.17963,0.18611,0.95573,0.02752,0.22626,-0.48,-0.22,0.60
21.9740,161,-0.02206,0.22268,-0.31520,0.42696,0.78932,-0.35843,0.25731,0,0.50054,-0.36690,0.17904,0.18660,0.95567,0.02695,0.22614,0.50006,-0.36712,0.17963,0.18611,0.95573,0.02752,0.22626,-0.48,-0.22,0.60
21.9907,162,-0.02185,0.22298,-0.31494,0.42625,0.78960,-0.35820,0.25794,0,0.50054,-0.36690,0.17904,0.18661,0.95567,0.02695,0.22614,0.50006,-0.36712,0.17963,0.18611,0.95573,0.02752,0.22626,-0.48,-0.22,0.60
22.0074,163,-0.02165,0.22320,-0.31468,0.42549,0.79002,-0.35769,0.25861,0,0.50054,-0.36690,0.17904,0.18661,0.95567,0.02695,0.22614,0.50006,-0.36712,0.17963,0.18611,0.95573,0.02752,0.22626,-0.48,-0.22,0.60
22.0241,164,-0.02128,0.22322,-0.31449,0.42483,0.79021,-0.35741,0.25952,0,0.50053,-0.36690,0.17904,0.18660,0.95567,0.02695,0.22614,0.50006,-0.36712,0.17963,0.18611,0.95573,0.02752,0.22626,-0.48,-0.22,0.59
22.0410,165,-0.02083,0.22310,-0.31434,0.42439,0.79026,-0.35729,0.26026,0,0.50054,-0.36691,0.17904,0.18661,0.95567,0.02695,0.22614,0.50006,-0.36712,0.17963,0.18611,0.95573,0.02752,0.22626,-0.48,-0.22,0.59
22.0577,166,-0.01941,0.22256,-0.31395,0.42302,0.79087,-0.35592,0.26247,0,0.50053,-0.36690,0.17904,0.18660,0.95567,0.02694,0.22614,0.50006,-0.36712,0.17963,0.18611,0.95573,0.02752,0.22626,-0.48,-0.22,0.59
22.0744,167,-0.01848,0.22235,-0.31381,0.42287,0.79075,-0.35603,0.26293,0,0.50053,-0.36690,0.17904,0.18660,0.95567,0.02694,0.22614,0.50006,-0.36712,0.17963,0.18611,0.95573,0.02752,0.22626,-0.48,-0.22,0.59
22.0913,168,-0.01728,0.22193,-0.31373,0.42337,0.78949,-0.35892,0.26200,0,0.50053,-0.36690,0.17904,0.18660,0.95568,0.02694,0.22614,0.50006,-0.36712,0.17963,0.18611,0.95573,0.02752,0.22626,-0.48,-0.22,0.59
22.1079,169,-0.01701,0.22189,-0.31360,0.42414,0.78809,-0.36213,0.26055,0,0.50053,-0.36690,0.17904,0.18660,0.95568,0.02694,0.22614,0.50006,-0.36712,0.17963,0.18611,0.95573,0.02752,0.22626,-0.48,-0.22,0.59
22.1246,170,-0.01658,0.22178,-0.31351,0.42475,0.78710,-0.36431,0.25950,0,0.50053,-0.36690,0.17905,0.18660,0.95568,0.02695,0.22614,0.50006,-0.36712,0.17963,0.18611,0.95573,0.02752,0.22626,-0.48,-0.22,0.58
22.1413,171,-0.01661,0.22173,-0.31342,0.42603,0.78500,-0.36852,0.25782,0,0.50053,-0.36690,0.17905,0.18660,0.95568,0.02695,0.22614,0.50006,-0.36712,0.17963,0.18611,0.95573,0.02752,0.22626,-0.48,-0.22,0.58
22.1582,172,-0.01661,0.22173,-0.31342,0.42603,0.78500,-0.36852,0.25782,0,0.50053,-0.36690,0.17905,0.18660,0.95568,0.02696,0.22614,0.50006,-0.36712,0.17963,0.18611,0.95573,0.02752,0.22626,-0.47,-0.22,0.58
22.1749,173,-0.01778,0.22185,-0.31369,0.42640,0.78489,-0.36825,0.25793,0,0.50053,-0.36690,0.17905,0.18660,0.95568,0.02696,0.22613,0.50006,-0.36712,0.17963,0.18611,0.95573,0.02752,0.22626,-0.47,-0.22,0.58
22.1915,174,-0.01840,0.22179,-0.31397,0.42614,0.78545,-0.36659,0.25900,0,0.50053,-0.36690,0.17905,0.18660,0.95568,0.02696,0.22613,0.50006,-0.36712,0.17963,0.18611,0.95573,0.02752,0.22626,-0.47,-0.22,0.58
22.2085,175,-0.01940,0.22175,-0.31413,0.42623,0.78575,-0.36558,0.25938,0,0.50053,-0.36691,0.17905,0.18660,0.95568,0.02696,0.22613,0.50006,-0.36712,0.17963,0.18611,0.95573,0.02752,0.22626,-0.47,-0.22,0.58
22.2251,176,-0.02053,0.22171,-0.31425,0.42629,0.78611,-0.36455,0.25963,0,0.50053,-0.36691,0.17905,0.18660,0.95568,0.02696,0.22614,0.50006,-0.36712,0.17963,0.18611,0.95573,0.02752,0.22626,-0.47,-0.22,0.58
22.2418,177,-0.02292,0.22164,-0.31450,0.42643,0.78683,-0.36244,0.26018,0,0.50053,-0.36691,0.17905,0.18660,0.95568,0.02696,0.22614,0.50006,-0.36712,0.17963,0.18611,0.95573,0.02752,0.22626,-0.47,-0.21,0.58
22.2588,178,-0.02422,0.22168,-0.31471,0.42660,0.78718,-0.36142,0.26026,0,0.50053,-0.36691,0.17905,0.18660,0.95568,0.02695,0.22614,0.50006,-0.36712,0.17963,0.18611,0.95573,0.02752,0.22626,-0.47,-0.21,0.58
22.2754,179,-0.02561,0.22179,-0.31485,0.42686,0.78755,-0.36046,0.26002,0,0.50052,-0.36691,0.17905,0.18660,0.95568,0.02695,0.22614,0.50006,-0.36712,0.17963,0.18611,0.95573,0.02752,0.22626,-0.47,-0.22,0.58
22.2922,180,-0.02699,0.22202,-0.31487,0.42689,0.78803,-0.35959,0.25975,0,0.50052,-0.36691,0.17906,0.18660,0.95568,0.02695,0.22614,0.50006,-0.36712,0.17963,0.18611,0.95573,0.02752,0.22626,-0.47,-0.22,0.58
22.3089,181,-0.02966,0.22260,-0.31469,0.42699,0.78887,-0.35808,0.25912,0,0.50052,-0.36690,0.17906,0.18660,0.95568,0.02695,0.22614,0.50006,-0.36712,0.17963,0.18611,0.95573,0.02752,0.22626,-0.46,-0.22,0.57
22.3258,182,-0.03086,0.22286,-0.31463,0.42705,0.78920,-0.35745,0.25888,0,0.50052,-0.36690,0.17906,0.18660,0.95568,0.02695,0.22614,0.50006,-0.36712,0.17963,0.18611,0.95573,0.02752,0.22626,-0.46,-0.22,0.57
22.3424,183,-0.03204,0.22309,-0.31466,0.42717,0.78949,-0.35681,0.25868,0,0.50052,-0.36690,0.17906,0.18660,0.95568,0.02696,0.22614,0.50006,-0.36712,0.17963,0.18611,0.95573,0.02752,0.22626,-0.46,-0.22,0.57
22.3591,184,-0.03327,0.22344,-0.31465,0.42728,0.78982,-0.35616,0.25839,0,0.50052,-0.36690,0.17906,0.18660,0.95568,0.02696,0.22614,0.50006,-0.36712,0.17963,0.18611,0.95573,0.02752,0.22626,-0.46,-0.22,0.57
22.3759,185,-0.03467,0.22380,-0.31454,0.42730,0.79032,-0.35527,0.25805,0,0.50052,-0.36690,0.17906,0.18660,0.95568,0.02696,0.22614,0.50006,-0.36712,0.17963,0.18611,0.95573,0.02752,0.22626,-0.46,-0.22,0.57
22.3926,186,-0.03645,0.22458,-0.31424,0.42741,0.79039,-0.35546,0.25740,0,0.50052,-0.36690,0.17907,0.18660,0.95568,0.02696,0.22614,0.50006,-0.36712,0.17963,0.18611,0.95573,0.02752,0.22626,-0.46,-0.22,0.56
22.4093,187,-0.03746,0.22502,-0.31409,0.42869,0.78857,-0.35991,0.25466,0,0.50052,-0.36690,0.17907,0.18660,0.95568,0.02696,0.22614,0.50006,-0.36712,0.17963,0.18611,0.95573,0.02752,0.22626,-0.46,-0.22,0.57
