t,frame,hx,hy,hz,hqw,hqx,hqy,hqz,b,rx,ry,rz,rqw,rqx,rqy,rqz,ax,ay,az,aqw,aqx,aqy,aqz,lag_x,lag_y,lag_z
0.0712,0,0.06935,-0.09770,-0.40171,0.66587,0.70535,-0.06362,-0.23463,0,0.37205,-0.08350,0.33297,-0.01807,0.51068,0.85713,-0.06491,0.37205,-0.08350,0.33297,-0.01807,0.51068,0.85713,-0.06491,0.00,0.00,-0.00
0.0879,1,0.06943,-0.09765,-0.40178,0.66593,0.70528,-0.06359,-0.23469,0,0.37205,-0.08350,0.33297,-0.01807,0.51068,0.85713,-0.06491,0.37205,-0.08350,0.33297,-0.01807,0.51068,0.85713,-0.06491,0.00,0.00,-0.00
0.1046,2,0.06956,-0.09742,-0.40194,0.66596,0.70517,-0.06368,-0.23489,0,0.37205,-0.08350,0.33297,-0.01807,0.51068,0.85713,-0.06491,0.37205,-0.08350,0.33297,-0.01807,0.51068,0.85713,-0.06491,0.00,-0.00,-0.00
0.1212,3,0.06960,-0.09732,-0.40199,0.66600,0.70513,-0.06387,-0.23487,0,0.37205,-0.08350,0.33297,-0.01807,0.51068,0.85713,-0.06491,0.37205,-0.08350,0.33297,-0.01807,0.51068,0.85713,-0.06491,0.00,0.00,-0.00
0.1379,4,0.06966,-0.09716,-0.40204,0.66600,0.70517,-0.06391,-0.23472,0,0.37205,-0.08350,0.33297,-0.01807,0.51068,0.85713,-0.06491,0.37205,-0.08350,0.33297,-0.01807,0.51068,0.85713,-0.06491,0.00,0.00,-0.00
0.1547,5,0.06967,-0.09698,-0.40207,0.66604,0.70516,-0.06392,-0.23465,0,0.37205,-0.08350,0.33298,-0.01807,0.51068,0.85713,-0.06491,0.37205,-0.08350,0.33297,-0.01807,0.51068,0.85713,-0.06491,-0.00,-0.00,-0.00
0.1716,6,0.06968,-0.09671,-0.40210,0.66604,0.70513,-0.06354,-0.23483,0,0.37205,-0.08350,0.33298,-0.01807,0.51068,0.85713,-0.06491,0.37205,-0.08350,0.33297,-0.01807,0.51068,0.85713,-0.06491,0.00,-0.00,-0.00
0.1883,7,0.06968,-0.09618,-0.40219,0.66617,0.70499,-0.06288,-0.23505,0,0.37205,-0.08350,0.33298,-0.01807,0.51068,0.85713,-0.06491,0.37205,-0.08350,0.33297,-0.01807,0.51068,0.85713,-0.06491,0.00,-0.00,-0.01
0.2050,8,0.06971,-0.09594,-0.40222,0.66614,0.70507,-0.06302,-0.23489,0,0.37205,-0.08350,0.33298,-0.01807,0.51068,0.85713,-0.06492,0.37205,-0.08350,0.33297,-0.01807,0.51068,0.85713,-0.06491,0.00,-0.00,-0.01
0.2217,9,0.06966,-0.09573,-0.40228,0.66601,0.70517,-0.06312,-0.23490,0,0.37205,-0.08350,0.33298,-0.01807,0.51068,0.85713,-0.06492,0.37205,-0.08350,0.33297,-0.01807,0.51068,0.85713,-0.06491,0.00,-0.00,-0.01
0.2384,10,0.06963,-0.09548,-0.40234,0.66607,0.70518,-0.06308,-0.23471,0,0.37205,-0.08350,0.33299,-0.01806,0.51068,0.85713,-0.06491,0.37205,-0.08350,0.33297,-0.01807,0.51068,0.85713,-0.06491,0.00,-0.00,-0.01
0.2551,11,0.06962,-0.09513,-0.40241,0.66613,0.70524,-0.06294,-0.23440,0,0.37205,-0.08350,0.33299,-0.01806,0.51068,0.85713,-0.06491,0.37205,-0.08350,0.33297,-0.01807,0.51068,0.85713,-0.06491,-0.00,-0.00,-0.02
0.2719,12,0.06962,-0.09465,-0.40257,0.66612,0.70537,-0.06276,-0.23410,0,0.37205,-0.08350,0.33299,-0.01807,0.51068,0.85713,-0.06492,0.37205,-0.08350,0.33297,-0.01807,0.51068,0.85713,-0.06491,0.00,-0.00,-0.02
0.2886,13,0.06963,-0.09450,-0.40265,0.66646,0.70522,-0.06279,-0.23355,0,0.37205,-0.08350,0.33300,-0.01807,0.51068,0.85712,-0.06492,0.37205,-0.08350,0.33297,-0.01807,0.51068,0.85713,-0.06491,0.00,-0.00,-0.02
0.3055,14,0.06963,-0.09441,-0.40270,0.66671,0.70515,-0.06320,-0.23295,0,0.37205,-0.08350,0.33300,-0.01807,0.51068,0.85712,-0.06492,0.37205,-0.08350,0.33297,-0.01807,0.51068,0.85713,-0.06491,0.00,-0.00,-0.03
0.3223,15,0.06953,-0.09428,-0.40279,0.66690,0.70508,-0.06374,-0.23246,0,0.37205,-0.08350,0.33301,-0.01807,0.51068,0.85713,-0.06492,0.37205,-0.08350,0.33297,-0.01807,0.51068,0.85713,-0.06491,0.00,-0.00,-0.03
0.3390,16,0.06949,-0.09369,-0.40292,0.66684,0.70536,-0.06309,-0.23198,0,0.37205,-0.08350,0.33301,-0.01807,0.51068,0.85713,-0.06492,0.37205,-0.08350,0.33297,-0.01807,0.51068,0.85713,-0.06491,0.00,-0.01,-0.04
0.3557,17,0.06961,-0.09317,-0.40297,0.66707,0.70539,-0.06206,-0.23151,0,0.37205,-0.08350,0.33302,-0.01807,0.51068,0.85713,-0.06491,0.37205,-0.08350,0.33297,-0.01807,0.51068,0.85713,-0.06491,0.01,-0.01,-0.05
0.3725,18,0.06962,-0.09258,-0.40310,0.66692,0.70568,-0.06150,-0.23120,0,0.37205,-0.08350,0.33302,-0.01807,0.51068,0.85713,-0.06491,0.37205,-0.08350,0.33297,-0.01807,0.51068,0.85713,-0.06491,0.01,-0.01,-0.05
0.3892,19,0.06970,-0.09231,-0.40323,0.66721,0.70562,-0.06134,-0.23057,0,0.37204,-0.08350,0.33303,-0.01808,0.51068,0.85713,-0.06491,0.37205,-0.08350,0.33297,-0.01807,0.51068,0.85713,-0.06491,0.01,-0.01,-0.06
0.4058,20,0.06970,-0.09223,-0.40333,0.66767,0.70535,-0.06138,-0.23006,0,0.37204,-0.08350,0.33304,-0.01808,0.51068,0.85713,-0.06491,0.37204,-0.08350,0.33304,-0.01808,0.51068,0.85713,-0.06491,0.00,0.00,0.00
0.4226,21,0.06969,-0.09221,-0.40340,0.66808,0.70508,-0.06147,-0.22969,0,0.37204,-0.08350,0.33305,-0.01808,0.51068,0.85713,-0.06490,0.37204,-0.08350,0.33304,-0.01808,0.51068,0.85713,-0.06491,-0.00,-0.00,-0.01
0.4392,22,0.06960,-0.09180,-0.40370,0.66785,0.70539,-0.06162,-0.22937,0,0.37204,-0.08349,0.33307,-0.01808,0.51068,0.85713,-0.06490,0.37204,-0.08350,0.33304,-0.01808,0.51068,0.85713,-0.06491,0.00,-0.00,-0.03
0.4561,23,0.06978,-0.09163,-0.40380,0.66803,0.70546,-0.06212,-0.22850,0,0.37203,-0.08349,0.33308,-0.01809,0.51068,0.85713,-0.06490,0.37204,-0.08350,0.33304,-0.01808,0.51068,0.85713,-0.06491,0.01,-0.00,-0.04
0.4728,24,0.06992,-0.09158,-0.40387,0.66863,0.70524,-0.06289,-0.22718,0,0.37203,-0.08350,0.33310,-0.01809,0.51068,0.85713,-0.06490,0.37204,-0.08350,0.33304,-0.01808,0.51068,0.85713,-0.06491,0.01,-0.00,-0.06
0.4895,25,0.07000,-0.09154,-0.40395,0.66915,0.70507,-0.06354,-0.22601,0,0.37203,-0.08350,0.33312,-0.01810,0.51067,0.85713,-0.06490,0.37204,-0.08350,0.33304,-0.01808,0.51068,0.85713,-0.06491,0.01,0.00,-0.08
0.5062,26,0.07006,-0.09149,-0.40406,0.66954,0.70506,-0.06397,-0.22477,0,0.37202,-0.08350,0.33314,-0.01810,0.51067,0.85713,-0.06490,0.37204,-0.08350,0.33304,-0.01808,0.51068,0.85713,-0.06491,0.01,0.00,-0.10
0.5231,27,0.07012,-0.09119,-0.40447,0.66929,0.70579,-0.06382,-0.22324,0,0.37202,-0.08350,0.33315,-0.01811,0.51068,0.85713,-0.06490,0.37204,-0.08350,0.33304,-0.01808,0.51068,0.85713,-0.06491,0.02,0.00,-0.11
0.5396,28,0.07014,-0.09111,-0.40466,0.66969,0.70559,-0.06396,-0.22264,0,0.37201,-0.08350,0.33316,-0.01812,0.51068,0.85712,-0.06490,0.37204,-0.08350,0.33304,-0.01808,0.51068,0.85713,-0.06491,0.03,0.00,-0.12
0.5565,29,0.07026,-0.09106,-0.40487,0.67037,0.70506,-0.06404,-0.22226,0,0.37201,-0.08351,0.33317,-0.01812,0.51068,0.85713,-0.06490,0.37204,-0.08350,0.33304,-0.01808,0.51068,0.85713,-0.06491,0.03,0.01,-0.13
0.5731,30,0.07024,-0.09118,-0.40501,0.67112,0.70450,-0.06456,-0.22160,0,0.37201,-0.08351,0.33319,-0.01812,0.51068,0.85713,-0.06489,0.37204,-0.08350,0.33304,-0.01808,0.51068,0.85713,-0.06491,0.03,0.01,-0.15
0.5899,31,0.07014,-0.09140,-0.40516,0.67180,0.70412,-0.06476,-0.22069,0,0.37201,-0.08350,0.33320,-0.01813,0.51068,0.85713,-0.06489,0.37204,-0.08350,0.33304,-0.01808,0.51068,0.85713,-0.06491,0.03,0.01,-0.16
0.6066,32,0.07013,-0.09167,-0.40555,0.67346,0.70354,-0.06408,-0.21768,0,0.37200,-0.08350,0.33321,-0.01813,0.51067,0.85713,-0.06489,0.37204,-0.08350,0.33304,-0.01808,0.51068,0.85713,-0.06491,0.03,0.00,-0.17
0.6233,33,0.07020,-0.09174,-0.40560,0.67467,0.70312,-0.06403,-0.21527,0,0.37200,-0.08350,0.33322,-0.01814,0.51067,0.85713,-0.06489,0.37204,-0.08350,0.33304,-0.01808,0.51068,0.85713,-0.06491,0.04,0.01,-0.18
0.6401,34,0.07028,-0.09160,-0.40562,0.67534,0.70346,-0.06374,-0.21213,0,0.37200,-0.08351,0.33323,-0.01814,0.51067,0.85713,-0.06488,0.37204,-0.08350,0.33304,-0.01808,0.51068,0.85713,-0.06491,0.04,0.01,-0.19
0.6569,35,0.07038,-0.09174,-0.40557,0.67591,0.70413,-0.06296,-0.20829,0,0.37199,-0.08351,0.33324,-0.01814,0.51067,0.85713,-0.06488,0.37204,-0.08350,0.33304,-0.01808,0.51068,0.85713,-0.06491,0.04,0.01,-0.20
0.6735,36,0.07055,-0.09196,-0.40550,0.67665,0.70495,-0.06111,-0.20361,0,0.37199,-0.08351,0.33324,-0.01814,0.51068,0.85713,-0.06487,0.37204,-0.08350,0.33304,-0.01808,0.51068,0.85713,-0.06491,0.05,0.01,-0.21
0.6904,37,0.07097,-0.09204,-0.40507,0.67423,0.70970,-0.05937,-0.19548,0,0.37198,-0.08351,0.33326,-0.01814,0.51068,0.85713,-0.06487,0.37204,-0.08350,0.33304,-0.01808,0.51068,0.85713,-0.06491,0.05,0.01,-0.22
0.7071,38,0.07111,-0.09199,-0.40486,0.67214,0.71297,-0.05815,-0.19112,0,0.37198,-0.08351,0.33326,-0.01814,0.51067,0.85713,-0.06487,0.37204,-0.08350,0.33304,-0.01808,0.51068,0.85713,-0.06491,0.06,0.01,-0.22
0.7240,39,0.07129,-0.09171,-0.40462,0.67031,0.71627,-0.05608,-0.18573,0,0.37198,-0.08351,0.33327,-0.01814,0.51068,0.85713,-0.06486,0.37204,-0.08350,0.33304,-0.01808,0.51068,0.85713,-0.06491,0.06,0.01,-0.23
0.7406,40,0.07131,-0.09090,-0.40449,0.66840,0.71959,-0.05321,-0.18057,0,0.37198,-0.08351,0.33328,-0.01814,0.51067,0.85713,-0.06486,0.37198,-0.08351,0.33328,-0.01814,0.51067,0.85713,-0.06486,0.00,0.00,0.00
0.7573,41,0.07091,-0.08834,-0.40426,0.66408,0.72672,-0.04868,-0.16883,0,0.37197,-0.08351,0.33330,-0.01814,0.51067,0.85713,-0.06486,0.37198,-0.08351,0.33328,-0.01814,0.51067,0.85713,-0.06486,0.01,-0.00,-0.01
0.7740,42,0.07042,-0.08736,-0.40394,0.66143,0.73099,-0.04593,-0.16140,0,0.37196,-0.08350,0.33333,-0.01813,0.51067,0.85713,-0.06486,0.37198,-0.08351,0.33328,-0.01814,0.51067,0.85713,-0.06486,0.02,-0.00,-0.05
0.7908,43,0.06968,-0.08668,-0.40336,0.65780,0.73637,-0.04288,-0.15237,0,0.37194,-0.08350,0.33337,-0.01814,0.51067,0.85713,-0.06486,0.37198,-0.08351,0.33328,-0.01814,0.51067,0.85713,-0.06486,0.04,-0.01,-0.08
0.8075,44,0.06916,-0.08599,-0.40268,0.65341,0.74210,-0.04013,-0.14401,0,0.37192,-0.08350,0.33342,-0.01814,0.51067,0.85713,-0.06486,0.37198,-0.08351,0.33328,-0.01814,0.51067,0.85713,-0.06486,0.05,-0.00,-0.13
0.8243,45,0.06853,-0.08474,-0.40201,0.64795,0.74817,-0.03767,-0.13777,0,0.37192,-0.08351,0.33347,-0.01813,0.51067,0.85713,-0.06486,0.37198,-0.08351,0.33328,-0.01814,0.51067,0.85713,-0.06486,0.06,0.00,-0.19
0.8411,46,0.06682,-0.08006,-0.40046,0.63929,0.75653,-0.03375,-0.13352,0,0.37191,-0.08351,0.33352,-0.01813,0.51067,0.85714,-0.06486,0.37198,-0.08351,0.33328,-0.01814,0.51067,0.85713,-0.06486,0.07,0.00,-0.23
0.8577,47,0.06577,-0.07719,-0.39952,0.63631,0.75889,-0.03076,-0.13510,0,0.37190,-0.08351,0.33355,-0.01814,0.51067,0.85713,-0.06485,0.37198,-0.08351,0.33328,-0.01814,0.51067,0.85713,-0.06486,0.08,0.00,-0.26
0.8745,48,0.06465,-0.07465,-0.39839,0.63399,0.76053,-0.02666,-0.13759,0,0.37188,-0.08351,0.33356,-0.01815,0.51068,0.85713,-0.06485,0.37198,-0.08351,0.33328,-0.01814,0.51067,0.85713,-0.06486,0.09,0.00,-0.28
0.8912,49,0.06353,-0.07245,-0.39730,0.63163,0.76239,-0.02185,-0.13900,0,0.37188,-0.08352,0.33357,-0.01815,0.51068,0.85713,-0.06485,0.37198,-0.08351,0.33328,-0.01814,0.51067,0.85713,-0.06486,0.10,0.01,-0.29
0.9079,50,0.06253,-0.07030,-0.39644,0.62819,0.76548,-0.01861,-0.13812,0,0.37188,-0.08352,0.33358,-0.01815,0.51068,0.85713,-0.06484,0.37198,-0.08351,0.33328,-0.01814,0.51067,0.85713,-0.06486,0.10,0.01,-0.30
0.9247,51,0.06046,-0.06572,-0.39466,0.62197,0.77160,-0.01757,-0.13221,0,0.37188,-0.08352,0.33360,-0.01815,0.51067,0.85713,-0.06484,0.37198,-0.08351,0.33328,-0.01814,0.51067,0.85713,-0.06486,0.10,0.01,-0.31
0.9414,52,0.05951,-0.06276,-0.39380,0.61941,0.77389,-0.01571,-0.13104,0,0.37187,-0.08352,0.33361,-0.01815,0.51067,0.85713,-0.06484,0.37198,-0.08351,0.33328,-0.01814,0.51067,0.85713,-0.06486,0.10,0.01,-0.33
0.9582,53,0.05860,-0.05979,-0.39300,0.61771,0.77504,-0.01182,-0.13271,0,0.37187,-0.08351,0.33362,-0.01815,0.51067,0.85713,-0.06484,0.37198,-0.08351,0.33328,-0.01814,0.51067,0.85713,-0.06486,0.10,0.01,-0.33
0.9750,54,0.05786,-0.05724,-0.39216,0.61720,0.77490,-0.00721,-0.13616,0,0.37187,-0.08351,0.33362,-0.01815,0.51067,0.85713,-0.06484,0.37198,-0.08351,0.33328,-0.01814,0.51067,0.85713,-0.06486,0.11,0.00,-0.34
0.9919,55,0.05723,-0.05513,-0.39143,0.61654,0.77487,-0.00223,-0.13949,0,0.37186,-0.08351,0.33363,-0.01815,0.51067,0.85713,-0.06484,0.37198,-0.08351,0.33328,-0.01814,0.51067,0.85713,-0.06486,0.11,0.00,-0.35
1.0087,56,0.05652,-0.05158,-0.39066,0.61591,0.77450,0.00660,-0.14409,0,0.37186,-0.08351,0.33364,-0.01815,0.51068,0.85713,-0.06484,0.37198,-0.08351,0.33328,-0.01814,0.51067,0.85713,-0.06486,0.11,0.00,-0.36
1.0254,57,0.05641,-0.05015,-0.39046,0.61786,0.77237,0.01181,-0.14679,0,0.37186,-0.08351,0.33365,-0.01815,0.51068,0.85713,-0.06484,0.37198,-0.08351,0.33328,-0.01814,0.51067,0.85713,-0.06486,0.12,0.00,-0.37
1.0421,58,0.05651,-0.04869,-0.39060,0.61888,0.77093,0.01661,-0.14955,0,0.37185,-0.08351,0.33366,-0.01816,0.51067,0.85714,-0.06483,0.37198,-0.08351,0.33328,-0.01814,0.51067,0.85713,-0.06486,0.12,-0.00,-0.37
1.0588,59,0.05661,-0.04777,-0.39093,0.61937,0.77030,0.01784,-0.15068,0,0.37185,-0.08351,0.33366,-0.01816,0.51067,0.85713,-0.06483,0.37198,-0.08351,0.33328,-0.01814,0.51067,0.85713,-0.06486,0.13,0.00,-0.38
1.0756,60,0.05659,-0.04671,-0.39133,0.62005,0.76970,0.01862,-0.15085,0,0.37185,-0.08351,0.33367,-0.01816,0.51068,0.85713,-0.06482,0.37185,-0.08351,0.33367,-0.01816,0.51068,0.85713,-0.06482,0.00,0.00,0.00
1.0924,61,0.05658,-0.04437,-0.39299,0.62249,0.76732,0.02142,-0.15255,0,0.37185,-0.08351,0.33368,-0.01815,0.51068,0.85713,-0.06482,0.37185,-0.08351,0.33367,-0.01816,0.51068,0.85713,-0.06482,-0.00,0.00,-0.01
1.1092,62,0.05645,-0.04338,-0.39406,0.62327,0.76652,0.02236,-0.15323,0,0.37184,-0.08351,0.33373,-0.01815,0.51067,0.85714,-0.06482,0.37185,-0.08351,0.33367,-0.01816,0.51068,0.85713,-0.06482,0.01,0.00,-0.05
1.1258,63,0.05636,-0.04281,-0.39526,0.62438,0.76575,0.02336,-0.15245,0,0.37180,-0.08350,0.33378,-0.01819,0.51066,0.85714,-0.06480,0.37185,-0.08351,0.33367,-0.01816,0.51068,0.85713,-0.06482,0.05,-0.01,-0.11
1.1425,64,0.05632,-0.04261,-0.39624,0.62668,0.76434,0.02482,-0.14981,0,0.37178,-0.08350,0.33385,-0.01821,0.51068,0.85714,-0.06479,0.37185,-0.08351,0.33367,-0.01816,0.51068,0.85713,-0.06482,0.07,-0.01,-0.18
1.1593,65,0.05650,-0.04254,-0.39699,0.62949,0.76244,0.02633,-0.14743,0,0.37177,-0.08350,0.33393,-0.01819,0.51068,0.85714,-0.06477,0.37185,-0.08351,0.33367,-0.01816,0.51068,0.85713,-0.06482,0.08,-0.01,-0.26
1.1761,66,0.05670,-0.04045,-0.39782,0.63568,0.75796,0.02464,-0.14425,0,0.37176,-0.08350,0.33400,-0.01820,0.51067,0.85714,-0.06477,0.37185,-0.08351,0.33367,-0.01816,0.51068,0.85713,-0.06482,0.09,-0.01,-0.33
1.1929,67,0.05631,-0.03821,-0.39791,0.64000,0.75383,0.02461,-0.14672,0,0.37174,-0.08349,0.33405,-0.01823,0.51068,0.85714,-0.06477,0.37185,-0.08351,0.33367,-0.01816,0.51068,0.85713,-0.06482,0.11,-0.02,-0.37
1.2097,68,0.05593,-0.03549,-0.39791,0.64395,0.74971,0.02628,-0.15024,0,0.37172,-0.08349,0.33407,-0.01824,0.51068,0.85714,-0.06476,0.37185,-0.08351,0.33367,-0.01816,0.51068,0.85713,-0.06482,0.13,-0.02,-0.40
1.2263,69,0.05511,-0.03222,-0.39786,0.64747,0.74609,0.02987,-0.15242,0,0.37171,-0.08350,0.33409,-0.01825,0.51067,0.85714,-0.06475,0.37185,-0.08351,0.33367,-0.01816,0.51068,0.85713,-0.06482,0.13,-0.02,-0.41
1.2430,70,0.05443,-0.02870,-0.39787,0.65004,0.74397,0.03437,-0.15091,0,0.37171,-0.08351,0.33410,-0.01824,0.51067,0.85714,-0.06474,0.37185,-0.08351,0.33367,-0.01816,0.51068,0.85713,-0.06482,0.13,-0.01,-0.43
1.2598,71,0.05331,-0.02110,-0.39853,0.64936,0.74624,0.04215,-0.14028,0,0.37171,-0.08351,0.33411,-0.01824,0.51067,0.85714,-0.06474,0.37185,-0.08351,0.33367,-0.01816,0.51068,0.85713,-0.06482,0.14,-0.00,-0.44
1.2766,72,0.05308,-0.01680,-0.39921,0.64980,0.74672,0.04655,-0.13417,0,0.37171,-0.08351,0.33412,-0.01825,0.51067,0.85714,-0.06473,0.37185,-0.08351,0.33367,-0.01816,0.51068,0.85713,-0.06482,0.14,0.00,-0.45
1.2934,73,0.05330,-0.01234,-0.40004,0.65200,0.74492,0.05248,-0.13132,0,0.37171,-0.08351,0.33413,-0.01825,0.51068,0.85714,-0.06473,0.37185,-0.08351,0.33367,-0.01816,0.51068,0.85713,-0.06482,0.14,0.00,-0.45
1.3102,74,0.05425,-0.00711,-0.40073,0.65516,0.74197,0.05603,-0.13077,0,0.37170,-0.08351,0.33413,-0.01826,0.51067,0.85714,-0.06473,0.37185,-0.08351,0.33367,-0.01816,0.51068,0.85713,-0.06482,0.14,0.00,-0.46
1.3268,75,0.05491,-0.00192,-0.40118,0.65694,0.74099,0.05401,-0.12825,0,0.37170,-0.08351,0.33413,-0.01826,0.51067,0.85714,-0.06473,0.37185,-0.08351,0.33367,-0.01816,0.51068,0.85713,-0.06482,0.15,0.00,-0.46
1.3436,76,0.05723,0.00973,-0.40213,0.66074,0.73889,0.04485,-0.12432,0,0.37170,-0.08351,0.33414,-0.01825,0.51067,0.85714,-0.06473,0.37185,-0.08351,0.33367,-0.01816,0.51068,0.85713,-0.06482,0.15,-0.00,-0.47
1.3604,77,0.05932,0.01605,-0.40223,0.66217,0.73784,0.04155,-0.12408,0,0.37170,-0.08351,0.33415,-0.01825,0.51067,0.85714,-0.06473,0.37185,-0.08351,0.33367,-0.01816,0.51068,0.85713,-0.06482,0.15,-0.01,-0.47
1.3772,78,0.06194,0.02268,-0.40223,0.66172,0.73803,0.03769,-0.12658,0,0.37170,-0.08350,0.33415,-0.01825,0.51067,0.85714,-0.06473,0.37185,-0.08351,0.33367,-0.01816,0.51068,0.85713,-0.06482,0.15,-0.01,-0.48
1.3938,79,0.06476,0.02946,-0.40240,0.65977,0.73906,0.03461,-0.13152,0,0.37169,-0.08350,0.33415,-0.01825,0.51067,0.85714,-0.06473,0.37185,-0.08351,0.33367,-0.01816,0.51068,0.85713,-0.06482,0.15,-0.01,-0.48
1.4107,80,0.06794,0.03631,-0.40267,0.65742,0.74056,0.03175,-0.13547,0,0.37169,-0.08350,0.33415,-0.01825,0.51067,0.85714,-0.06473,0.37169,-0.08350,0.33415,-0.01825,0.51067,0.85714,-0.06473,0.00,0.00,0.00
1.4274,81,0.07536,0.05026,-0.40314,0.65248,0.74480,0.02307,-0.13785,0,0.37169,-0.08351,0.33416,-0.01825,0.51068,0.85714,-0.06472,0.37169,-0.08350,0.33415,-0.01825,0.51067,0.85714,-0.06473,0.00,0.00,-0.01
1.4441,82,0.07914,0.05749,-0.40316,0.64868,0.74845,0.01716,-0.13690,0,0.37168,-0.08351,0.33420,-0.01824,0.51067,0.85714,-0.06471,0.37169,-0.08350,0.33415,-0.01825,0.51067,0.85714,-0.06473,0.01,0.00,-0.05
1.4609,83,0.08277,0.06436,-0.40327,0.64507,0.75179,0.01117,-0.13630,0,0.37165,-0.08349,0.33427,-0.01828,0.51067,0.85714,-0.06470,0.37169,-0.08350,0.33415,-0.01825,0.51067,0.85714,-0.06473,0.04,-0.01,-0.12
1.4777,84,0.08640,0.07127,-0.40332,0.64166,0.75481,0.00583,-0.13602,0,0.37162,-0.08350,0.33435,-0.01831,0.51067,0.85714,-0.06468,0.37169,-0.08350,0.33415,-0.01825,0.51067,0.85714,-0.06473,0.07,-0.01,-0.20
1.4945,85,0.08986,0.07836,-0.40313,0.63776,0.75812,0.00239,-0.13606,0,0.37161,-0.08350,0.33444,-0.01830,0.51068,0.85714,-0.06467,0.37169,-0.08350,0.33415,-0.01825,0.51067,0.85714,-0.06473,0.09,-0.01,-0.29
1.5112,86,0.09768,0.09320,-0.40270,0.62512,0.76852,0.00285,-0.13638,0,0.37159,-0.08349,0.33453,-0.01831,0.51068,0.85714,-0.06466,0.37169,-0.08350,0.33415,-0.01825,0.51067,0.85714,-0.06473,0.10,-0.01,-0.38
1.5281,87,0.10196,0.10080,-0.40263,0.61789,0.77462,0.00246,-0.13481,0,0.37157,-0.08348,0.33459,-0.01834,0.51067,0.85715,-0.06466,0.37169,-0.08350,0.33415,-0.01825,0.51067,0.85714,-0.06473,0.12,-0.02,-0.44
1.5448,88,0.10659,0.10838,-0.40256,0.61167,0.78006,-0.00028,-0.13173,0,0.37155,-0.08348,0.33463,-0.01836,0.51067,0.85714,-0.06465,0.37169,-0.08350,0.33415,-0.01825,0.51067,0.85714,-0.06473,0.14,-0.02,-0.47
1.5617,89,0.11143,0.11604,-0.40242,0.60481,0.78602,-0.00546,-0.12787,0,0.37154,-0.08349,0.33464,-0.01837,0.51068,0.85714,-0.06464,0.37169,-0.08350,0.33415,-0.01825,0.51067,0.85714,-0.06473,0.15,-0.02,-0.49
1.5783,90,0.11692,0.12307,-0.40200,0.59826,0.79172,-0.01060,-0.12307,0,0.37154,-0.08349,0.33466,-0.01836,0.51068,0.85714,-0.06463,0.37169,-0.08350,0.33415,-0.01825,0.51067,0.85714,-0.06473,0.16,-0.01,-0.50
1.5952,91,0.13103,0.13559,-0.40159,0.58525,0.80296,-0.02087,-0.11089,0,0.37154,-0.08350,0.33467,-0.01836,0.51068,0.85714,-0.06463,0.37169,-0.08350,0.33415,-0.01825,0.51067,0.85714,-0.06473,0.16,-0.01,-0.51
1.6120,92,0.13936,0.14124,-0.40157,0.57912,0.80816,-0.02796,-0.10345,0,0.37154,-0.08350,0.33467,-0.01836,0.51068,0.85714,-0.06462,0.37169,-0.08350,0.33415,-0.01825,0.51067,0.85714,-0.06473,0.16,-0.01,-0.52
1.6288,93,0.14861,0.14649,-0.40164,0.57273,0.81319,-0.03754,-0.09644,0,0.37153,-0.08350,0.33467,-0.01837,0.51068,0.85714,-0.06462,0.37169,-0.08350,0.33415,-0.01825,0.51067,0.85714,-0.06473,0.16,-0.01,-0.52
1.6456,94,0.15866,0.15116,-0.40210,0.56690,0.81713,-0.05032,-0.09159,0,0.37153,-0.08350,0.33467,-0.01837,0.51068,0.85714,-0.06462,0.37169,-0.08350,0.33415,-0.01825,0.51067,0.85714,-0.06473,0.16,-0.01,-0.52
1.6624,95,0.16912,0.15516,-0.40266,0.56263,0.81925,-0.06554,-0.08934,0,0.37153,-0.08350,0.33468,-0.01837,0.51068,0.85714,-0.06462,0.37169,-0.08350,0.33415,-0.01825,0.51067,0.85714,-0.06473,0.16,-0.01,-0.52
1.6789,96,0.19098,0.16109,-0.40429,0.55897,0.81770,-0.09810,-0.09645,0,0.37153,-0.08350,0.33468,-0.01836,0.51068,0.85714,-0.06463,0.37169,-0.08350,0.33415,-0.01825,0.51067,0.85714,-0.06473,0.16,-0.01,-0.53
1.6957,97,0.20190,0.16293,-0.40535,0.55953,0.81436,-0.11246,-0.10539,0,0.37153,-0.08350,0.33469,-0.01836,0.51068,0.85714,-0.06463,0.37169,-0.08350,0.33415,-0.01825,0.51067,0.85714,-0.06473,0.16,-0.01,-0.53
1.7126,98,0.21289,0.16398,-0.40674,0.56006,0.81087,-0.12465,-0.11523,0,0.37153,-0.08350,0.33469,-0.01836,0.51068,0.85714,-0.06463,0.37169,-0.08350,0.33415,-0.01825,0.51067,0.85714,-0.06473,0.16,-0.01,-0.54
1.7292,99,0.22324,0.16498,-0.40839,0.55873,0.80903,-0.13582,-0.12180,0,0.37153,-0.08350,0.33469,-0.01837,0.51068,0.85714,-0.06463,0.37169,-0.08350,0.33415,-0.01825,0.51067,0.85714,-0.06473,0.16,-0.01,-0.54
1.7459,100,0.24327,0.16533,-0.41322,0.55607,0.80532,-0.16341,-0.12468,0,0.37153,-0.08350,0.33469,-0.01837,0.51068,0.85714,-0.06463,0.37153,-0.08350,0.33469,-0.01837,0.51068,0.85714,-0.06463,0.00,-0.00,0.00
1.7626,101,0.25193,0.16490,-0.41615,0.55510,0.80253,-0.17873,-0.12592,0,0.37153,-0.08350,0.33469,-0.01837,0.51068,0.85714,-0.06462,0.37153,-0.08350,0.33469,-0.01837,0.51068,0.85714,-0.06463,-0.00,0.00,-0.00
1.7795,102,0.26006,0.16376,-0.41933,0.55440,0.79992,-0.19082,-0.12789,0,0.37154,-0.08350,0.33474,-0.01835,0.51068,0.85714,-0.06461,0.37153,-0.08350,0.33469,-0.01837,0.51068,0.85714,-0.06463,-0.01,0.00,-0.05
1.7961,103,0.26727,0.16076,-0.42314,0.55578,0.79733,-0.19758,-0.12781,0,0.37149,-0.08347,0.33481,-0.01840,0.51068,0.85714,-0.06460,0.37153,-0.08350,0.33469,-0.01837,0.51068,0.85714,-0.06463,0.04,-0.02,-0.12
1.8129,104,0.27373,0.15593,-0.42750,0.55579,0.79664,-0.20216,-0.12485,0,0.37146,-0.08347,0.33489,-0.01843,0.51068,0.85714,-0.06459,0.37153,-0.08350,0.33469,-0.01837,0.51068,0.85714,-0.06463,0.07,-0.02,-0.20
1.8301,105,0.28211,0.14432,-0.43843,0.56947,0.78317,-0.22062,-0.11693,1,0.37145,-0.08348,0.33500,-0.01843,0.51068,0.85714,-0.06458,0.37145,-0.08348,0.33499,-0.01843,0.51068,0.85714,-0.06458,0.00,0.00,-0.01
1.8466,106,0.28325,0.13847,-0.44367,0.58054,0.77292,-0.22803,-0.11648,1,0.37144,-0.08347,0.33509,-0.01843,0.51067,0.85715,-0.06457,0.37068,-0.08391,0.33453,-0.01873,0.51075,0.85704,-0.06525,-0.76,-0.44,-0.56
1.8633,107,0.28275,0.13263,-0.44835,0.59097,0.76384,-0.23008,-0.11986,1,0.37141,-0.08346,0.33519,-0.01845,0.51068,0.85714,-0.06457,0.36922,-0.08436,0.33385,-0.01973,0.51088,0.85687,-0.06620,-2.19,-0.90,-1.34
1.8801,108,0.28025,0.12654,-0.45285,0.59958,0.75783,-0.22424,-0.12615,1,0.37132,-0.08347,0.33527,-0.01852,0.51070,0.85713,-0.06463,0.36765,-0.08445,0.33331,-0.02110,0.51083,0.85684,-0.06654,-3.67,-0.99,-1.96
1.8972,109,0.27621,0.12071,-0.45739,0.60783,0.75326,-0.21357,-0.13240,1,0.37113,-0.08354,0.33530,-0.01868,0.51072,0.85710,-0.06481,0.36607,-0.08425,0.33280,-0.02254,0.51049,0.85702,-0.06632,-5.06,-0.71,-2.50
1.9137,110,0.26217,0.11102,-0.46618,0.62167,0.74589,-0.19667,-0.13602,1,0.37078,-0.08366,0.33526,-0.01900,0.51075,0.85705,-0.06511,0.36462,-0.08355,0.33240,-0.02386,0.50988,0.85736,-0.06629,-6.17,0.11,-2.86
1.9302,111,0.25242,0.10681,-0.47025,0.62865,0.74259,-0.18768,-0.13464,1,0.37018,-0.08380,0.33510,-0.01954,0.51076,0.85700,-0.06550,0.36333,-0.08254,0.33208,-0.02495,0.50898,0.85785,-0.06638,-6.85,1.26,-3.02
1.9471,112,0.24079,0.10300,-0.47416,0.63570,0.73975,-0.17699,-0.13163,1,0.36931,-0.08387,0.33479,-0.02031,0.51071,0.85699,-0.06580,0.36214,-0.08140,0.33182,-0.02589,0.50796,0.85842,-0.06642,-7.17,2.47,-2.97
1.9638,113,0.22729,0.09967,-0.47777,0.64238,0.73755,-0.16423,-0.12807,1,0.36831,-0.08383,0.33438,-0.02117,0.51057,0.85704,-0.06599,0.36107,-0.08014,0.33160,-0.02675,0.50690,0.85903,-0.06632,-7.23,3.69,-2.78
1.9805,114,0.21234,0.09668,-0.48106,0.64841,0.73622,-0.14810,-0.12493,1,0.36713,-0.08364,0.33389,-0.02211,0.51028,0.85718,-0.06613,0.36010,-0.07880,0.33141,-0.02756,0.50585,0.85965,-0.06599,-7.04,4.84,-2.47
1.9975,115,0.17747,0.09023,-0.48603,0.65962,0.73434,-0.10699,-0.11915,1,0.36594,-0.08325,0.33342,-0.02306,0.50982,0.85742,-0.06621,0.35918,-0.07741,0.33131,-0.02834,0.50482,0.86027,-0.06552,-6.76,5.84,-2.11
2.0141,116,0.15877,0.08679,-0.48813,0.66461,0.73318,-0.08508,-0.11624,1,0.36475,-0.08266,0.33302,-0.02401,0.50919,0.85777,-0.06622,0.35837,-0.07597,0.33116,-0.02910,0.50380,0.86088,-0.06501,-6.38,6.69,-1.86
2.0308,117,0.13849,0.08315,-0.48939,0.66878,0.73217,-0.06356,-0.11234,1,0.36365,-0.08188,0.33272,-0.02488,0.50847,0.85817,-0.06617,0.35761,-0.07449,0.33104,-0.02979,0.50274,0.86151,-0.06451,-6.04,7.40,-1.68
2.0475,118,0.11607,0.07892,-0.49012,0.67373,0.72987,-0.04015,-0.10846,1,0.36252,-0.08086,0.33246,-0.02580,0.50762,0.85866,-0.06608,0.35690,-0.07298,0.33092,-0.03055,0.50170,0.86213,-0.06405,-5.62,7.88,-1.54
2.0641,119,0.09295,0.07481,-0.48978,0.67804,0.72768,-0.01381,-0.10274,1,0.36145,-0.07966,0.33224,-0.02668,0.50673,0.85917,-0.06590,0.35627,-0.07144,0.33083,-0.03122,0.50062,0.86276,-0.06358,-5.18,8.22,-1.41
2.0809,120,0.04621,0.06455,-0.48556,0.68482,0.72212,0.04269,-0.08801,1,0.36051,-0.07845,0.33205,-0.02747,0.50584,0.85969,-0.06565,0.35990,-0.07690,0.33203,-0.02809,0.50474,0.86035,-0.06520,-0.61,1.55,-0.02
2.0977,121,0.02322,0.05970,-0.48133,0.68559,0.72003,0.07139,-0.08020,1,0.35958,-0.07711,0.33187,-0.02827,0.50487,0.86025,-0.06534,0.35946,-0.07529,0.33205,-0.02861,0.50361,0.86103,-0.06469,-0.12,1.82,0.18
2.1146,122,0.00034,0.05470,-0.47557,0.68425,0.71876,0.09762,-0.07519,1,0.35875,-0.07579,0.33172,-0.02899,0.50392,0.86082,-0.06497,0.35911,-0.07366,0.33212,-0.02908,0.50254,0.86169,-0.06404,0.35,2.13,0.40
2.1311,123,-0.02237,0.04993,-0.46914,0.68163,0.71769,0.12210,-0.07341,1,0.35807,-0.07458,0.33163,-0.02956,0.50309,0.86131,-0.06464,0.35884,-0.07202,0.33218,-0.02957,0.50155,0.86231,-0.06323,0.78,2.56,0.55
2.1481,124,-0.04461,0.04476,-0.46040,0.67950,0.71497,0.14633,-0.07545,1,0.35760,-0.07360,0.33163,-0.02988,0.50253,0.86164,-0.06438,0.35862,-0.07037,0.33235,-0.03020,0.50071,0.86284,-0.06230,1.02,3.22,0.72
2.1646,125,-0.08724,0.03560,-0.43792,0.67143,0.70794,0.20211,-0.08463,1,0.35733,-0.07280,0.33173,-0.02996,0.50220,0.86185,-0.06417,0.35849,-0.06874,0.33264,-0.03081,0.49995,0.86333,-0.06127,1.16,4.07,0.91
2.1813,126,-0.10751,0.03137,-0.42585,0.66382,0.70584,0.23136,-0.08719,1,0.35734,-0.07222,0.33190,-0.02983,0.50197,0.86200,-0.06390,0.35849,-0.06708,0.33285,-0.03125,0.49910,0.86388,-0.06025,1.14,5.13,0.94
2.1981,127,-0.12630,0.02650,-0.41216,0.65333,0.70557,0.25956,-0.08921,1,0.35755,-0.07169,0.33214,-0.02969,0.50178,0.86215,-0.06352,0.35849,-0.06544,0.33313,-0.03151,0.49824,0.86444,-0.05919,0.94,6.25,0.99
2.2148,128,-0.14398,0.02107,-0.39743,0.64212,0.70587,0.28534,-0.08953,1,0.35785,-0.07115,0.33242,-0.02965,0.50153,0.86233,-0.06302,0.35852,-0.06380,0.33344,-0.03169,0.49732,0.86503,-0.05818,0.68,7.35,1.02
2.2316,129,-0.16085,0.01602,-0.38257,0.63017,0.70479,0.31263,-0.09174,1,0.35816,-0.07042,0.33276,-0.02982,0.50108,0.86264,-0.06233,0.35864,-0.06217,0.33373,-0.03193,0.49647,0.86559,-0.05710,0.48,8.25,0.98
2.2482,130,-0.18934,0.00743,-0.34952,0.60436,0.70209,0.36275,-0.10113,1,0.35838,-0.06944,0.33307,-0.03019,0.50045,0.86305,-0.06153,0.35885,-0.06057,0.33417,-0.03212,0.49571,0.86609,-0.05593,0.47,8.87,1.10
2.2649,131,-0.20203,0.00364,-0.33223,0.59364,0.69774,0.38495,-0.11209,1,0.35851,-0.06835,0.33334,-0.03055,0.49980,0.86347,-0.06073,0.35920,-0.05900,0.33459,-0.03246,0.49525,0.86643,-0.05458,0.69,9.35,1.25
2.2819,132,-0.21382,0.00014,-0.31417,0.58385,0.69155,0.40692,-0.12369,1,0.35859,-0.06703,0.33361,-0.03092,0.49907,0.86394,-0.05982,0.35960,-0.05743,0.33500,-0.03289,0.49484,0.86673,-0.05324,1.01,9.60,1.39
2.2985,133,-0.22425,-0.00222,-0.29616,0.57193,0.68503,0.43089,-0.13404,1,0.35866,-0.06557,0.33389,-0.03128,0.49830,0.86444,-0.05883,0.36009,-0.05590,0.33543,-0.03328,0.49432,0.86709,-0.05193,1.43,9.67,1.54
2.3152,134,-0.23343,-0.00438,-0.27866,0.55709,0.68107,0.45355,-0.14175,1,0.35876,-0.06401,0.33417,-0.03164,0.49755,0.86493,-0.05779,0.36062,-0.05437,0.33583,-0.03348,0.49369,0.86752,-0.05066,1.86,9.64,1.66
2.3320,135,-0.24859,-0.01057,-0.24350,0.52470,0.67771,0.49316,-0.14897,1,0.35893,-0.06241,0.33448,-0.03197,0.49687,0.86538,-0.05670,0.36110,-0.05284,0.33627,-0.03352,0.49289,0.86804,-0.04950,2.17,9.57,1.79
2.3489,136,-0.25451,-0.01494,-0.22548,0.51002,0.67409,0.51216,-0.15226,1,0.35916,-0.06089,0.33481,-0.03227,0.49628,0.86578,-0.05561,0.36157,-0.05130,0.33671,-0.03367,0.49210,0.86854,-0.04834,2.41,9.59,1.90
2.3654,137,-0.25924,-0.01932,-0.20748,0.49642,0.66784,0.53148,-0.15839,1,0.35946,-0.05929,0.33519,-0.03258,0.49565,0.86620,-0.05442,0.36205,-0.04977,0.33718,-0.03395,0.49147,0.86896,-0.04707,2.60,9.52,1.99
2.3821,138,-0.26284,-0.02321,-0.19001,0.48212,0.66180,0.54931,-0.16687,1,0.35979,-0.05769,0.33559,-0.03289,0.49499,0.86664,-0.05321,0.36259,-0.04827,0.33766,-0.03413,0.49094,0.86932,-0.04573,2.80,9.41,2.07
2.3988,139,-0.26540,-0.02702,-0.17322,0.46784,0.65474,0.56711,-0.17560,1,0.36016,-0.05618,0.33598,-0.03313,0.49435,0.86707,-0.05205,0.36314,-0.04678,0.33815,-0.03434,0.49043,0.86967,-0.04438,2.98,9.40,2.17
2.4156,140,-0.26868,-0.03348,-0.14205,0.43853,0.63988,0.60174,-0.19014,1,0.36057,-0.05459,0.33642,-0.03336,0.49367,0.86752,-0.05081,0.36116,-0.05311,0.33691,-0.03359,0.49311,0.86791,-0.04950,0.59,1.48,0.49
2.4323,141,-0.26941,-0.03612,-0.12884,0.42521,0.63336,0.61673,-0.19417,1,0.36102,-0.05301,0.33687,-0.03357,0.49305,0.86794,-0.04957,0.36182,-0.05163,0.33733,-0.03385,0.49243,0.86835,-0.04826,0.80,1.38,0.46
2.4490,142,-0.26967,-0.03868,-0.11637,0.41277,0.62687,0.63068,-0.19724,1,0.36147,-0.05154,0.33731,-0.03378,0.49246,0.86834,-0.04837,0.36249,-0.05016,0.33775,-0.03414,0.49172,0.86881,-0.04705,1.02,1.38,0.44
2.4660,143,-0.26946,-0.04118,-0.10507,0.40085,0.62114,0.64330,-0.19919,1,0.36186,-0.05034,0.33771,-0.03397,0.49200,0.86864,-0.04737,0.36315,-0.04869,0.33816,-0.03442,0.49096,0.86929,-0.04588,1.29,1.65,0.46
2.4825,144,-0.26901,-0.04369,-0.09478,0.39057,0.61459,0.65522,-0.20104,1,0.36221,-0.04935,0.33809,-0.03414,0.49162,0.86889,-0.04660,0.36380,-0.04721,0.33856,-0.03481,0.49025,0.86974,-0.04471,1.59,2.14,0.47
2.4993,145,-0.26783,-0.04918,-0.07815,0.37781,0.60099,0.67471,-0.20208,1,0.36247,-0.04873,0.33840,-0.03429,0.49142,0.86902,-0.04616,0.36435,-0.04568,0.33893,-0.03546,0.48959,0.87014,-0.04360,1.88,3.05,0.53
2.5161,146,-0.26691,-0.05275,-0.07134,0.37436,0.59393,0.68331,-0.20048,1,0.36269,-0.04840,0.33864,-0.03442,0.49128,0.86911,-0.04595,0.36467,-0.04407,0.33923,-0.03644,0.48896,0.87050,-0.04272,1.98,4.32,0.59
2.5328,147,-0.26615,-0.05551,-0.06587,0.36917,0.58772,0.69214,-0.19810,1,0.36289,-0.04820,0.33880,-0.03456,0.49113,0.86920,-0.04576,0.36502,-0.04247,0.33952,-0.03726,0.48815,0.87096,-0.04188,2.13,5.73,0.73
2.5495,148,-0.26543,-0.05847,-0.06090,0.36202,0.58427,0.69988,-0.19428,1,0.36315,-0.04800,0.33894,-0.03474,0.49089,0.86934,-0.04549,0.36529,-0.04084,0.33975,-0.03778,0.48707,0.87157,-0.04123,2.14,7.15,0.81
2.5663,149,-0.26498,-0.06120,-0.05690,0.35542,0.58128,0.70679,-0.19036,1,0.36344,-0.04765,0.33908,-0.03503,0.49047,0.86959,-0.04505,0.36550,-0.03919,0.33988,-0.03830,0.48595,0.87220,-0.04063,2.06,8.45,0.80
2.5830,150,-0.26440,-0.06669,-0.05121,0.34623,0.57568,0.71777,-0.18308,1,0.36377,-0.04693,0.33924,-0.03549,0.48990,0.86993,-0.04430,0.36549,-0.03753,0.33988,-0.03895,0.48486,0.87280,-0.04012,1.71,9.40,0.64
2.5997,151,-0.26420,-0.06992,-0.04908,0.34287,0.57211,0.72283,-0.18068,1,0.36407,-0.04597,0.33942,-0.03599,0.48930,0.87029,-0.04356,0.36518,-0.03590,0.33971,-0.03977,0.48395,0.87330,-0.03942,1.10,10.07,0.29
2.6165,152,-0.26414,-0.07290,-0.04775,0.33939,0.56923,0.72725,-0.17860,1,0.36435,-0.04472,0.33963,-0.03657,0.48860,0.87069,-0.04281,0.36465,-0.03435,0.33940,-0.04048,0.48297,0.87384,-0.03871,0.30,10.37,-0.23
2.6335,153,-0.26434,-0.07562,-0.04726,0.33556,0.56826,0.73049,-0.17566,1,0.36457,-0.04325,0.33984,-0.03718,0.48777,0.87117,-0.04207,0.36383,-0.03300,0.33885,-0.04089,0.48174,0.87452,-0.03838,-0.74,10.25,-0.98
2.6501,154,-0.26477,-0.07694,-0.04809,0.33287,0.56961,0.73157,-0.17189,1,0.36470,-0.04160,0.34001,-0.03781,0.48686,0.87168,-0.04134,0.36260,-0.03251,0.33802,-0.04100,0.48050,0.87518,-0.03873,-2.10,9.08,-1.99
2.6667,155,-0.26610,-0.07589,-0.05349,0.33459,0.57428,0.72844,-0.16623,1,0.36469,-0.03995,0.34009,-0.03844,0.48598,0.87217,-0.04074,0.36158,-0.03299,0.33736,-0.04097,0.47971,0.87558,-0.03959,-3.12,6.96,-2.73
2.6836,156,-0.26669,-0.07443,-0.05778,0.34090,0.57738,0.72317,-0.16567,1,0.36452,-0.03820,0.34005,-0.03909,0.48502,0.87270,-0.04022,0.36082,-0.03436,0.33705,-0.04089,0.47957,0.87561,-0.04054,-3.70,3.84,-3.00
2.7003,157,-0.26663,-0.07417,-0.06317,0.34938,0.57636,0.72031,-0.16399,1,0.36417,-0.03660,0.33988,-0.03965,0.48407,0.87322,-0.03987,0.35968,-0.03556,0.33683,-0.04120,0.47998,0.87533,-0.04144,-4.49,1.04,-3.04
2.7170,158,-0.26672,-0.07310,-0.06914,0.35832,0.57653,0.71602,-0.16293,1,0.36367,-0.03534,0.33958,-0.04010,0.48302,0.87379,-0.03976,0.35872,-0.03690,0.33662,-0.04161,0.48093,0.87474,-0.04235,-4.95,-1.56,-2.96
2.7336,159,-0.26686,-0.07104,-0.07599,0.36419,0.58197,0.70930,-0.15989,1,0.36297,-0.03435,0.33914,-0.04047,0.48203,0.87431,-0.03986,0.35794,-0.03837,0.33644,-0.04145,0.48156,0.87435,-0.04358,-5.03,-4.02,-2.70
2.7504,160,-0.26606,-0.06465,-0.09315,0.37611,0.60193,0.68873,-0.14791,1,0.36213,-0.03374,0.33861,-0.04076,0.48134,0.87466,-0.04022,0.36142,-0.03525,0.33853,-0.04026,0.48161,0.87447,-0.04159,-0.71,-1.50,-0.08
2.7671,161,-0.26470,-0.06003,-0.10276,0.38291,0.60985,0.67923,-0.14184,1,0.36119,-0.03358,0.33805,-0.04098,0.48098,0.87482,-0.04079,0.36081,-0.03680,0.33852,-0.03993,0.48195,0.87423,-0.04300,-0.37,-3.22,0.47
2.7838,162,-0.26256,-0.05439,-0.11321,0.39042,0.61827,0.66809,-0.13773,1,0.36028,-0.03379,0.33757,-0.04110,0.48089,0.87484,-0.04139,0.36026,-0.03837,0.33857,-0.03948,0.48245,0.87391,-0.04430,-0.02,-4.58,1.00
2.8006,163,-0.25942,-0.04796,-0.12468,0.39977,0.62604,0.65581,-0.13482,1,0.35945,-0.03433,0.33719,-0.04104,0.48104,0.87473,-0.04191,0.35973,-0.03995,0.33867,-0.03911,0.48310,0.87351,-0.04554,0.27,-5.61,1.48
2.8174,164,-0.25525,-0.04040,-0.13750,0.41113,0.63392,0.64135,-0.13338,1,0.35924,-0.03455,0.33711,-0.04099,0.48111,0.87469,-0.04204,0.35923,-0.04153,0.33878,-0.03875,0.48387,0.87303,-0.04668,-0.01,-6.98,1.67
2.8342,165,-0.24488,-0.02280,-0.16492,0.43497,0.65328,0.60546,-0.13209,1,0.35840,-0.03613,0.33700,-0.04049,0.48164,0.87439,-0.04268,0.35880,-0.04314,0.33892,-0.03828,0.48465,0.87256,-0.04777,0.40,-7.01,1.92
2.8508,166,-0.23646,-0.01217,-0.18095,0.44564,0.66672,0.58337,-0.12875,1,0.35828,-0.03719,0.33724,-0.04011,0.48199,0.87420,-0.04312,0.35844,-0.04475,0.33910,-0.03767,0.48526,0.87218,-0.04893,0.16,-7.57,1.86
2.8675,167,-0.22647,-0.00144,-0.19773,0.45306,0.68419,0.55853,-0.12110,1,0.35828,-0.03839,0.33763,-0.03969,0.48242,0.87394,-0.04383,0.35806,-0.04637,0.33927,-0.03692,0.48565,0.87193,-0.05015,-0.22,-7.98,1.64
2.8844,168,-0.21423,0.00920,-0.21565,0.45928,0.70249,0.53218,-0.11116,1,0.35833,-0.03962,0.33814,-0.03928,0.48292,0.87364,-0.04471,0.35763,-0.04797,0.33943,-0.03615,0.48595,0.87172,-0.05139,-0.69,-8.35,1.30
2.9011,169,-0.19999,0.01956,-0.23469,0.46558,0.71953,0.50551,-0.09979,1,0.35832,-0.04089,0.33865,-0.03888,0.48345,0.87331,-0.04568,0.35716,-0.04956,0.33956,-0.03544,0.48622,0.87153,-0.05266,-1.16,-8.67,0.90
2.9179,170,-0.16463,0.03982,-0.27583,0.48787,0.74835,0.44221,-0.08003,1,0.35821,-0.04215,0.33905,-0.03852,0.48398,0.87298,-0.04668,0.35663,-0.05114,0.33969,-0.03488,0.48668,0.87122,-0.05394,-1.58,-8.99,0.64
2.9347,171,-0.14142,0.04929,-0.29688,0.50722,0.75912,0.40165,-0.07161,1,0.35803,-0.04355,0.33937,-0.03804,0.48456,0.87262,-0.04783,0.35610,-0.05272,0.33979,-0.03455,0.48729,0.87081,-0.05520,-1.93,-9.16,0.42
2.9513,172,-0.11716,0.05879,-0.31760,0.52739,0.76720,0.35939,-0.06397,1,0.35781,-0.04502,0.33965,-0.03742,0.48502,0.87232,-0.04900,0.35564,-0.05432,0.33980,-0.03428,0.48795,0.87037,-0.05645,-2.18,-9.30,0.15
2.9681,173,-0.08860,0.06721,-0.33723,0.54854,0.77397,0.31163,-0.05441,1,0.35753,-0.04653,0.33989,-0.03683,0.48542,0.87206,-0.05018,0.35520,-0.05592,0.33986,-0.03402,0.48858,0.86994,-0.05772,-2.33,-9.39,-0.03
2.9847,174,-0.05732,0.07452,-0.35434,0.56631,0.77961,0.26388,-0.04313,1,0.35718,-0.04796,0.34003,-0.03635,0.48585,0.87178,-0.05134,0.35482,-0.05755,0.33993,-0.03370,0.48917,0.86954,-0.05900,-2.36,-9.58,-0.11
3.0017,175,0.01100,0.08458,-0.38143,0.59029,0.78739,0.17623,-0.02282,1,0.35676,-0.04951,0.34014,-0.03589,0.48636,0.87143,-0.05260,0.35445,-0.05917,0.34006,-0.03331,0.48975,0.86914,-0.06026,-2.31,-9.66,-0.08
3.0186,176,0.04722,0.08696,-0.39132,0.60127,0.78727,0.13545,-0.01814,1,0.35634,-0.05108,0.34023,-0.03543,0.48691,0.87107,-0.05385,0.35414,-0.06080,0.34012,-0.03301,0.49046,0.86867,-0.06146,-2.20,-9.72,-0.11
3.0352,177,0.08349,0.08833,-0.39919,0.61166,0.78533,0.09436,-0.01510,1,0.35592,-0.05267,0.34032,-0.03499,0.48744,0.87071,-0.05510,0.35388,-0.06245,0.34015,-0.03275,0.49121,0.86817,-0.06263,-2.04,-9.78,-0.17
3.0530,178,0.12080,0.08827,-0.40342,0.62073,0.78195,0.05369,-0.01919,1,0.35551,-0.05428,0.34040,-0.03458,0.48801,0.87033,-0.05636,0.35368,-0.06410,0.34025,-0.03256,0.49212,0.86758,-0.06365,-1.83,-9.82,-0.15
3.0685,179,0.19417,0.08630,-0.40414,0.62789,0.77730,-0.03032,-0.02514,1,0.35513,-0.05579,0.34048,-0.03422,0.48858,0.86995,-0.05754,0.35357,-0.06575,0.34043,-0.03218,0.49303,0.86701,-0.06462,-1.56,-9.96,-0.06
3.0852,180,0.22916,0.08516,-0.40114,0.62571,0.77665,-0.06980,-0.02062,1,0.35475,-0.05741,0.34057,-0.03387,0.48921,0.86952,-0.05879,0.35488,-0.05898,0.34069,-0.03324,0.48992,0.86908,-0.05974,0.13,-1.57,0.12
3.1019,181,0.26249,0.08421,-0.39616,0.62197,0.77604,-0.10418,-0.00784,1,0.35444,-0.05894,0.34064,-0.03357,0.48986,0.86909,-0.05991,0.35508,-0.06063,0.34080,-0.03243,0.49039,0.86877,-0.06087,0.65,-1.69,0.16
3.1186,182,0.29473,0.08357,-0.38934,0.61844,0.77416,-0.13450,0.01081,1,0.35415,-0.06051,0.34073,-0.03327,0.49055,0.86864,-0.06101,0.35536,-0.06227,0.34089,-0.03158,0.49062,0.86858,-0.06207,1.21,-1.76,0.16
3.1353,183,0.32613,0.08311,-0.37994,0.61413,0.77129,-0.16506,0.02656,1,0.35395,-0.06191,0.34084,-0.03301,0.49116,0.86824,-0.06190,0.35569,-0.06390,0.34100,-0.03076,0.49095,0.86834,-0.06326,1.74,-1.99,0.17
3.1523,184,0.38250,0.07968,-0.35559,0.60219,0.76410,-0.22769,0.04092,1,0.35383,-0.06306,0.34095,-0.03279,0.49159,0.86796,-0.06247,0.35601,-0.06552,0.34120,-0.03003,0.49158,0.86794,-0.06434,2.18,-2.46,0.25
3.1691,185,0.40763,0.07699,-0.34165,0.59374,0.76239,-0.25388,0.04226,1,0.35384,-0.06384,0.34107,-0.03257,0.49177,0.86785,-0.06273,0.35639,-0.06714,0.34138,-0.02930,0.49241,0.86742,-0.06520,2.54,-3.30,0.31
3.1857,186,0.43205,0.07395,-0.32703,0.58363,0.76159,-0.27774,0.04701,1,0.35403,-0.06439,0.34122,-0.03221,0.49174,0.86787,-0.06284,0.35681,-0.06874,0.34154,-0.02837,0.49312,0.86699,-0.06604,2.77,-4.35,0.31
3.2026,187,0.45516,0.07057,-0.31089,0.57245,0.76107,-0.29942,0.05852,1,0.35441,-0.06478,0.34140,-0.03172,0.49157,0.86798,-0.06293,0.35727,-0.07033,0.34174,-0.02724,0.49353,0.86672,-0.06690,2.86,-5.55,0.34
3.2191,188,0.47750,0.06715,-0.29296,0.56160,0.75785,-0.32263,0.07854,1,0.35492,-0.06515,0.34161,-0.03109,0.49132,0.86813,-0.06314,0.35777,-0.07190,0.34196,-0.02611,0.49365,0.86662,-0.06787,2.84,-6.76,0.36
3.2358,189,0.52003,0.06007,-0.25701,0.53533,0.74426,-0.38061,0.12097,1,0.35547,-0.06560,0.34182,-0.03041,0.49125,0.86817,-0.06353,0.35827,-0.07349,0.34212,-0.02505,0.49384,0.86646,-0.06890,2.79,-7.89,0.30
3.2527,190,0.53968,0.05592,-0.23866,0.52008,0.73587,-0.41098,0.13823,1,0.35603,-0.06629,0.34205,-0.02959,0.49148,0.86801,-0.06421,0.35876,-0.07508,0.34211,-0.02405,0.49418,0.86621,-0.06994,2.73,-8.79,0.06
3.2693,191,0.55731,0.05119,-0.22050,0.50387,0.72858,-0.43941,0.14906,1,0.35651,-0.06726,0.34228,-0.02872,0.49189,0.86775,-0.06507,0.35924,-0.07667,0.34206,-0.02310,0.49469,0.86586,-0.07092,2.74,-9.41,-0.22
3.2860,192,0.57404,0.04595,-0.20288,0.48843,0.72228,-0.46419,0.15580,1,0.35690,-0.06849,0.34247,-0.02786,0.49234,0.86745,-0.06595,0.35972,-0.07826,0.34192,-0.02219,0.49532,0.86545,-0.07185,2.82,-9.78,-0.54
3.3028,193,0.58920,0.04093,-0.18599,0.47372,0.71538,-0.48748,0.16182,1,0.35724,-0.06984,0.34260,-0.02701,0.49275,0.86718,-0.06680,0.36024,-0.07984,0.34174,-0.02130,0.49594,0.86504,-0.07280,2.99,-10.00,-0.86
3.3195,194,0.61799,0.03173,-0.15538,0.44456,0.69736,-0.53427,0.17499,1,0.35761,-0.07140,0.34271,-0.02607,0.49320,0.86689,-0.06769,0.36079,-0.08138,0.34144,-0.02044,0.49652,0.86464,-0.07381,3.18,-9.98,-1.27
3.3362,195,0.63060,0.02650,-0.14167,0.42910,0.68656,-0.55834,0.18103,1,0.35798,-0.07303,0.34276,-0.02512,0.49366,0.86658,-0.06862,0.36132,-0.08290,0.34098,-0.01961,0.49709,0.86424,-0.07484,3.33,-9.86,-1.78
3.3529,196,0.64228,0.02096,-0.12965,0.41445,0.67587,-0.58134,0.18295,1,0.35835,-0.07459,0.34275,-0.02424,0.49415,0.86625,-0.06949,0.36180,-0.08438,0.34041,-0.01892,0.49778,0.86377,-0.07588,3.45,-9.80,-2.33
3.3697,197,0.65268,0.01490,-0.11915,0.39950,0.66579,-0.60370,0.18073,1,0.35878,-0.07624,0.34266,-0.02329,0.49469,0.86590,-0.07044,0.36221,-0.08586,0.33976,-0.01837,0.49860,0.86322,-0.07687,3.43,-9.62,-2.90
3.3865,198,0.66199,0.00808,-0.11060,0.38368,0.65741,-0.62488,0.17358,1,0.35923,-0.07789,0.34249,-0.02238,0.49524,0.86552,-0.07141,0.36249,-0.08733,0.33901,-0.01800,0.49957,0.86259,-0.07774,3.25,-9.44,-3.48
3.4031,199,0.67824,-0.00577,-0.09769,-0.34787,-0.64575,0.66334,-0.14826,1,0.35970,-0.07951,0.34222,-0.02153,0.49585,0.86512,-0.07241,0.36265,-0.08874,0.33815,-0.01781,0.50071,0.86188,-0.07839,2.95,-9.24,-4.07
3.4199,200,0.68563,-0.01266,-0.09301,-0.32822,-0.64031,0.68207,-0.13056,1,0.36015,-0.08100,0.34186,-0.02077,0.49646,0.86471,-0.07336,0.36028,-0.08232,0.34085,-0.02073,0.49765,0.86398,-0.07391,0.13,-1.32,-1.01
3.4366,201,0.69181,-0.01953,-0.09021,-0.30847,-0.63671,0.69874,-0.10583,1,0.36060,-0.08255,0.34139,-0.02004,0.49718,0.86422,-0.07434,0.36023,-0.08359,0.33977,-0.02096,0.49887,0.86323,-0.07431,-0.37,-1.04,-1.61
3.4533,202,0.69720,-0.02689,-0.08851,-0.29135,-0.63418,0.71208,-0.07666,1,0.36102,-0.08401,0.34086,-0.01939,0.49794,0.86372,-0.07526,0.36004,-0.08485,0.33870,-0.02141,0.50005,0.86251,-0.07463,-0.97,-0.85,-2.16
3.4701,203,0.70156,-0.03476,-0.08833,-0.27617,-0.63221,0.72236,-0.04731,1,0.36131,-0.08526,0.34029,-0.01899,0.49866,0.86325,-0.07598,0.35963,-0.08610,0.33768,-0.02198,0.50122,0.86179,-0.07489,-1.68,-0.84,-2.61
3.4868,204,0.70861,-0.05091,-0.09107,-0.25597,-0.62874,0.73424,0.00725,1,0.36147,-0.08621,0.33977,-0.01883,0.49926,0.86287,-0.07640,0.35901,-0.08729,0.33669,-0.02274,0.50230,0.86113,-0.07513,-2.46,-1.08,-3.07
3.5037,205,0.71149,-0.05802,-0.09500,-0.24936,-0.62430,0.73998,0.02206,1,0.36148,-0.08690,0.33925,-0.01896,0.49978,0.86256,-0.07650,0.35813,-0.08824,0.33564,-0.02328,0.50339,0.86043,-0.07565,-3.35,-1.34,-3.61
3.5202,206,0.71371,-0.06388,-0.10043,-0.24632,-0.61553,0.74819,0.02570,1,0.36126,-0.08730,0.33879,-0.01943,0.50022,0.86230,-0.07637,0.35703,-0.08893,0.33460,-0.02329,0.50422,0.85986,-0.07661,-4.23,-1.63,-4.20
3.5370,207,0.71545,-0.07051,-0.10671,-0.24553,-0.60150,0.75973,0.02675,1,0.36087,-0.08745,0.33838,-0.02007,0.50073,0.86202,-0.07606,0.35585,-0.08962,0.33364,-0.02289,0.50459,0.85953,-0.07794,-5.02,-2.17,-4.74
3.5537,208,0.71491,-0.07640,-0.11526,-0.25025,-0.59374,0.76415,0.03046,1,0.36022,-0.08752,0.33791,-0.02097,0.50126,0.86172,-0.07573,0.35437,-0.09004,0.33300,-0.02311,0.50460,0.85938,-0.07937,-5.85,-2.52,-4.91
3.5710,209,0.71061,-0.08531,-0.13798,-0.26841,-0.59014,0.75894,0.06086,1,0.35939,-0.08766,0.33738,-0.02189,0.50189,0.86135,-0.07558,0.35277,-0.09012,0.33256,-0.02391,0.50460,0.85927,-0.08033,-6.62,-2.46,-4.83
3.5873,210,0.70666,-0.08676,-0.15123,-0.28102,-0.59276,0.75022,0.08267,1,0.35844,-0.08791,0.33678,-0.02265,0.50256,0.86092,-0.07572,0.35115,-0.08982,0.33227,-0.02517,0.50454,0.85924,-0.08071,-7.29,-1.91,-4.52
3.6041,211,0.70192,-0.08709,-0.16506,-0.29378,-0.59554,0.74056,0.10293,1,0.35745,-0.08826,0.33614,-0.02319,0.50314,0.86053,-0.07617,0.34956,-0.08942,0.33199,-0.02666,0.50439,0.85928,-0.08076,-7.89,-1.16,-4.15
3.6211,212,0.69542,-0.08573,-0.18030,-0.30777,-0.59948,0.72843,0.12364,1,0.35620,-0.08871,0.33539,-0.02366,0.50374,0.86009,-0.07698,0.34799,-0.08889,0.33179,-0.02815,0.50418,0.85936,-0.08072,-8.21,-0.18,-3.59
3.6375,213,0.68847,-0.08345,-0.19582,-0.32091,-0.60271,0.71640,0.14329,1,0.35501,-0.08905,0.33473,-0.02398,0.50417,0.85976,-0.07781,0.34645,-0.08829,0.33156,-0.02963,0.50396,0.85944,-0.08069,-8.56,0.76,-3.17
3.6543,214,0.66932,-0.07636,-0.23003,-0.34897,-0.60482,0.69359,0.17705,1,0.35369,-0.08925,0.33408,-0.02437,0.50433,0.85957,-0.07866,0.34492,-0.08765,0.33140,-0.03108,0.50364,0.85957,-0.08079,-8.77,1.60,-2.68
3.6712,215,0.65738,-0.07148,-0.24741,-0.36593,-0.60464,0.67974,0.19611,1,0.35227,-0.08925,0.33350,-0.02505,0.50432,0.85950,-0.07940,0.34342,-0.08695,0.33124,-0.03253,0.50329,0.85970,-0.08095,-8.85,2.30,-2.25
3.6879,216,0.64351,-0.06586,-0.26527,-0.37955,-0.60513,0.66532,0.21705,1,0.35085,-0.08907,0.33304,-0.02596,0.50424,0.85946,-0.07995,0.34192,-0.08623,0.33109,-0.03401,0.50307,0.85977,-0.08098,-8.93,2.84,-1.95
3.7044,217,0.62801,-0.05866,-0.28376,-0.39327,-0.61093,0.64454,0.23805,1,0.34933,-0.08871,0.33265,-0.02712,0.50412,0.85946,-0.08035,0.34046,-0.08545,0.33091,-0.03544,0.50273,0.85994,-0.08071,-8.87,3.27,-1.74
3.7212,218,0.61094,-0.05056,-0.30221,-0.41061,-0.61693,0.62110,0.25502,1,0.34784,-0.08829,0.33236,-0.02836,0.50394,0.85950,-0.08060,0.33902,-0.08464,0.33071,-0.03678,0.50218,0.86022,-0.08050,-8.82,3.65,-1.65
3.7380,219,0.57093,-0.03180,-0.34064,0.44585,0.63057,-0.57232,-0.27576,1,0.34641,-0.08783,0.33216,-0.02963,0.50375,0.85956,-0.08075,0.33760,-0.08379,0.33050,-0.03799,0.50142,0.86064,-0.08025,-8.81,4.04,-1.65
3.7547,220,0.54794,-0.02300,-0.36033,0.46697,0.63482,-0.54637,-0.28359,1,0.34490,-0.08725,0.33199,-0.03104,0.50349,0.85966,-0.08077,0.34350,-0.08640,0.33168,-0.03218,0.50265,0.86012,-0.08069,-1.40,0.85,-0.31
3.7715,221,0.52224,-0.01370,-0.37982,0.48904,0.63631,-0.51885,-0.29453,1,0.34338,-0.08660,0.33183,-0.03250,0.50318,0.85979,-0.08073,0.34213,-0.08550,0.33137,-0.03342,0.50189,0.86051,-0.08067,-1.25,1.10,-0.47
3.7883,222,0.49458,-0.00414,-0.39919,0.51198,0.63741,-0.48677,-0.30764,1,0.34193,-0.08594,0.33166,-0.03388,0.50279,0.85997,-0.08061,0.34080,-0.08457,0.33101,-0.03468,0.50117,0.86089,-0.08060,-1.13,1.38,-0.65
3.8050,223,0.46433,0.00562,-0.41785,0.53683,0.63852,-0.45128,-0.31693,1,0.34075,-0.08538,0.33152,-0.03493,0.50243,0.86015,-0.08049,0.33949,-0.08361,0.33062,-0.03585,0.50034,0.86132,-0.08056,-1.26,1.77,-0.90
3.8219,224,0.39850,0.02268,-0.45423,0.59486,0.63718,-0.37010,-0.32119,1,0.33978,-0.08487,0.33144,-0.03562,0.50208,0.86034,-0.08036,0.33820,-0.08265,0.33019,-0.03688,0.49938,0.86183,-0.08063,-1.58,2.22,-1.25
3.8384,225,0.36686,0.03041,-0.47202,0.62373,0.63242,-0.33022,-0.31933,1,0.33914,-0.08446,0.33142,-0.03591,0.50171,0.86055,-0.08029,0.33711,-0.08159,0.32951,-0.03787,0.49840,0.86234,-0.08083,-2.04,2.87,-1.91
3.8553,226,0.33209,0.03800,-0.48825,0.65297,0.62449,-0.29047,-0.31507,1,0.33882,-0.08412,0.33141,-0.03599,0.50127,0.86081,-0.08027,0.33607,-0.08046,0.32885,-0.03884,0.49741,0.86284,-0.08111,-2.75,3.66,-2.56
3.8720,227,0.29205,0.04608,-0.50030,0.68257,0.61440,-0.24727,-0.30897,1,0.33869,-0.08378,0.33136,-0.03606,0.50076,0.86110,-0.08032,0.33508,-0.07923,0.32831,-0.03979,0.49641,0.86335,-0.08141,-3.60,4.55,-3.05
3.8886,228,0.24867,0.05455,-0.50826,0.71089,0.60639,-0.19949,-0.29517,1,0.33857,-0.08334,0.33122,-0.03629,0.50013,0.86144,-0.08043,0.33418,-0.07791,0.32784,-0.04058,0.49530,0.86392,-0.08169,-4.39,5.42,-3.37
3.9054,229,0.15698,0.06901,-0.51285,0.75358,0.60977,-0.08267,-0.23125,1,0.33834,-0.08279,0.33099,-0.03676,0.49942,0.86182,-0.08059,0.33334,-0.07652,0.32749,-0.04096,0.49404,0.86461,-0.08186,-5.00,6.27,-3.50
3.9222,230,0.11146,0.07397,-0.50935,0.76622,0.61633,-0.01353,-0.18127,1,0.33789,-0.08207,0.33067,-0.03743,0.49863,0.86223,-0.08078,0.33279,-0.07497,0.32723,-0.04107,0.49274,0.86533,-0.08202,-5.10,7.11,-3.44
3.9389,231,0.06806,0.07901,-0.50153,0.76823,0.62504,0.05788,-0.12569,1,0.33728,-0.08126,0.33027,-0.03820,0.49786,0.86263,-0.08091,0.33250,-0.07333,0.32712,-0.04106,0.49143,0.86606,-0.08212,-4.78,7.93,-3.15
3.9558,232,0.02758,0.08517,-0.49121,0.75934,0.63384,0.12579,-0.07636,1,0.33645,-0.08027,0.32971,-0.03902,0.49696,0.86309,-0.08111,0.33254,-0.07166,0.32713,-0.04097,0.49013,0.86681,-0.08209,-3.90,8.61,-2.58
3.9725,233,-0.01092,0.08944,-0.47605,0.73846,0.64750,0.18052,-0.05326,1,0.33563,-0.07915,0.32920,-0.03953,0.49604,0.86358,-0.08129,0.33276,-0.07002,0.32731,-0.04071,0.48894,0.86754,-0.08161,-2.88,9.13,-1.89
3.9892,234,-0.08729,0.09629,-0.43606,0.70607,0.64933,0.27147,-0.07839,1,0.33490,-0.07787,0.32882,-0.03988,0.49498,0.86416,-0.08142,0.33310,-0.06841,0.32759,-0.04083,0.48808,0.86811,-0.08061,-1.80,9.45,-1.23
4.0061,235,-0.11943,0.09851,-0.41090,0.68726,0.64457,0.32226,-0.09134,1,0.33427,-0.07650,0.32852,-0.04027,0.49390,0.86476,-0.08150,0.33355,-0.06684,0.32789,-0.04115,0.48730,0.86864,-0.07948,-0.72,9.66,-0.63
4.0229,236,-0.14940,0.10131,-0.38650,0.66072,0.64538,0.37354,-0.08602,1,0.33374,-0.07495,0.32825,-0.04060,0.49273,0.86540,-0.08151,0.33412,-0.06528,0.32808,-0.04120,0.48622,0.86931,-0.07868,0.38,9.67,-0.17
4.0395,237,-0.17572,0.10313,-0.36066,0.62796,0.65207,0.41903,-0.06988,1,0.33344,-0.07339,0.32809,-0.04073,0.49162,0.86604,-0.08135,0.33478,-0.06377,0.32830,-0.04098,0.48505,0.87002,-0.07812,1.34,9.62,0.21
4.0564,238,-0.19744,0.10257,-0.33289,0.59698,0.65680,0.45802,-0.04946,1,0.33336,-0.07178,0.32806,-0.04079,0.49050,0.86671,-0.08100,0.33547,-0.06229,0.32865,-0.04076,0.48383,0.87075,-0.07771,2.11,9.49,0.58
4.0729,239,-0.22848,0.10157,-0.27326,0.53131,0.66056,0.53012,-0.01840,1,0.33342,-0.07024,0.32813,-0.04083,0.48946,0.86734,-0.08055,0.33624,-0.06093,0.32923,-0.04051,0.48264,0.87147,-0.07718,2.82,9.31,1.09
4.0896,240,-0.23778,0.10249,-0.24200,0.49324,0.66437,0.56135,-0.01482,1,0.33359,-0.06861,0.32828,-0.04088,0.48839,0.86799,-0.08001,0.33458,-0.06750,0.32903,-0.04039,0.48740,0.86864,-0.07923,0.98,1.11,0.75
4.1065,241,-0.24404,0.10448,-0.21054,0.46129,0.66504,0.58674,-0.02598,1,0.33389,-0.06704,0.32850,-0.04084,0.48729,0.86866,-0.07943,0.33566,-0.06652,0.32984,-0.03987,0.48673,0.86914,-0.07810,1.76,0.52,1.34
4.1234,242,-0.24776,0.10501,-0.17873,0.43466,0.66283,0.60799,-0.04558,1,0.33429,-0.06556,0.32879,-0.04074,0.48624,0.86931,-0.07885,0.33672,-0.06553,0.33065,-0.03938,0.48637,0.86948,-0.07677,2.43,0.03,1.86
4.1400,243,-0.24950,0.10390,-0.14692,0.41139,0.65756,0.62757,-0.06722,1,0.33470,-0.06435,0.32913,-0.04062,0.48537,0.86984,-0.07838,0.33775,-0.06448,0.33143,-0.03900,0.48612,0.86976,-0.07537,3.05,-0.13,2.31
4.1568,244,-0.24661,0.09842,-0.08386,0.34252,0.64789,0.67470,-0.08777,1,0.33515,-0.06338,0.32951,-0.04050,0.48469,0.87026,-0.07796,0.33871,-0.06338,0.33224,-0.03859,0.48542,0.87027,-0.07422,3.57,-0.00,2.73
4.1735,245,-0.24052,0.09696,-0.05487,0.29891,0.64625,0.69594,-0.09315,1,0.33559,-0.06279,0.32991,-0.04030,0.48449,0.87042,-0.07759,0.33977,-0.06240,0.33308,-0.03803,0.48458,0.87084,-0.07327,4.18,0.39,3.17
4.1905,246,-0.23180,0.09624,-0.02914,0.25660,0.64847,0.70992,-0.09829,1,0.33610,-0.06260,0.33038,-0.03994,0.48462,0.87040,-0.07713,0.34086,-0.06153,0.33399,-0.03728,0.48375,0.87141,-0.07244,4.76,1.07,3.60
4.2070,247,-0.22246,0.09578,-0.00620,0.21791,0.65338,0.71732,-0.10517,1,0.33666,-0.06264,0.33095,-0.03953,0.48491,0.87031,-0.07653,0.34200,-0.06072,0.33489,-0.03635,0.48300,0.87192,-0.07170,5.35,1.92,3.94
4.2237,248,-0.21322,0.09335,0.01388,0.18513,0.65776,0.72127,-0.11336,1,0.33732,-0.06275,0.33161,-0.03912,0.48522,0.87023,-0.07572,0.34313,-0.05985,0.33575,-0.03532,0.48233,0.87239,-0.07097,5.81,2.90,4.14
4.2404,249,-0.19573,0.08360,0.04608,0.13912,0.65304,0.73231,-0.13385,1,0.33808,-0.06278,0.33235,-0.03867,0.48528,0.87029,-0.07480,0.34415,-0.05882,0.33658,-0.03447,0.48187,0.87277,-0.06989,6.07,3.96,4.23
4.2571,250,-0.18792,0.07737,0.05829,0.11928,0.64666,0.74065,-0.13796,1,0.33894,-0.06260,0.33314,-0.03811,0.48508,0.87052,-0.07380,0.34507,-0.05764,0.33731,-0.03404,0.48120,0.87325,-0.06871,6.13,4.96,4.17
4.2738,0,-0.18022,0.07241,0.06438,0.09309,0.63916,0.75142,-0.13486,1,0.33983,-0.06222,0.33393,-0.03751,0.48467,0.87085,-0.07291,0.34566,-0.05646,0.33832,-0.03380,0.48025,0.87386,-0.06775,5.84,5.77,4.40
4.2907,1,-0.17485,0.07072,0.06742,0.05967,0.63724,0.75787,-0.12651,1,0.34078,-0.06160,0.33473,-0.03686,0.48408,0.87128,-0.07201,0.34632,-0.05557,0.33957,-0.03338,0.47913,0.87453,-0.06715,5.54,6.04,4.84
4.3074,2,-0.17329,0.07232,0.06592,0.03105,0.64722,0.75272,-0.11640,1,0.34175,-0.06076,0.33554,-0.03618,0.48340,0.87175,-0.07112,0.34643,-0.05552,0.34080,-0.03264,0.47800,0.87517,-0.06724,4.68,5.24,5.26
4.3240,3,-0.17449,0.07838,0.05715,0.01666,0.67883,0.72686,-0.10288,1,0.34263,-0.05981,0.33632,-0.03557,0.48268,0.87224,-0.07034,0.34595,-0.05607,0.34150,-0.03189,0.47720,0.87558,-0.06797,3.32,3.74,5.18
4.3408,4,-0.17670,0.08238,0.04869,0.03434,0.68937,0.71650,-0.10107,1,0.34351,-0.05878,0.33720,-0.03496,0.48187,0.87277,-0.06960,0.34478,-0.05693,0.34154,-0.03150,0.47692,0.87567,-0.06890,1.28,1.85,4.34
4.3575,5,-0.17989,0.08881,0.03765,0.06511,0.69288,0.71069,-0.10295,1,0.34427,-0.05786,0.33816,-0.03435,0.48097,0.87334,-0.06904,0.34354,-0.05801,0.34130,-0.03157,0.47716,0.87547,-0.06978,-0.73,-0.15,3.14
4.3742,6,-0.18318,0.09538,0.02530,0.08989,0.70123,0.69917,-0.10656,1,0.34487,-0.05715,0.33920,-0.03371,0.48002,0.87392,-0.06870,0.34231,-0.05910,0.34101,-0.03182,0.47802,0.87491,-0.07080,-2.56,-1.95,1.81
4.3910,7,-0.19273,0.10863,-0.00863,0.15033,0.71884,0.67111,-0.10142,1,0.34522,-0.05670,0.34018,-0.03315,0.47919,0.87440,-0.06866,0.34101,-0.06008,0.34062,-0.03226,0.47873,0.87441,-0.07194,-4.20,-3.38,0.44
4.4078,8,-0.19628,0.11580,-0.03169,0.18481,0.72980,0.65146,-0.09405,1,0.34531,-0.05650,0.34115,-0.03262,0.47849,0.87477,-0.06892,0.33973,-0.06106,0.34023,-0.03268,0.47931,0.87398,-0.07319,-5.58,-4.57,-0.92
4.4246,9,-0.19928,0.12272,-0.05772,0.21943,0.74082,0.62901,-0.08594,1,0.34510,-0.05657,0.34196,-0.03224,0.47804,0.87500,-0.06941,0.33845,-0.06203,0.33978,-0.03306,0.47987,0.87355,-0.07445,-6.64,-5.46,-2.19
4.4412,10,-0.20128,0.12898,-0.08579,0.25477,0.75016,0.60506,-0.07905,1,0.34458,-0.05691,0.34254,-0.03207,0.47790,0.87503,-0.07006,0.33718,-0.06299,0.33927,-0.03344,0.48048,0.87309,-0.07569,-7.40,-6.08,-3.27
4.4579,11,-0.20081,0.13330,-0.11840,0.29543,0.75322,0.58322,-0.07242,1,0.34382,-0.05745,0.34279,-0.03214,0.47802,0.87490,-0.07079,0.33587,-0.06389,0.33879,-0.03404,0.48112,0.87262,-0.07681,-7.95,-6.44,-4.00
4.4747,12,-0.19810,0.13512,-0.15388,0.33857,0.75194,0.56180,-0.06584,1,0.34282,-0.05823,0.34272,-0.03230,0.47833,0.87466,-0.07163,0.33453,-0.06476,0.33830,-0.03475,0.48178,0.87214,-0.07785,-8.29,-6.52,-4.42
4.4914,13,-0.18095,0.13375,-0.23270,0.43362,0.74379,0.50633,-0.04875,1,0.34167,-0.05918,0.34234,-0.03256,0.47878,0.87433,-0.07252,0.33317,-0.06564,0.33791,-0.03543,0.48242,0.87166,-0.07892,-8.50,-6.47,-4.44
4.5082,14,-0.16442,0.13100,-0.27338,0.48097,0.74165,0.46588,-0.03968,1,0.34040,-0.06020,0.34175,-0.03292,0.47929,0.87396,-0.07344,0.33192,-0.06666,0.33750,-0.03590,0.48310,0.87116,-0.08007,-8.48,-6.46,-4.26
4.5250,15,-0.14240,0.12787,-0.31333,0.52190,0.74372,0.41709,-0.02325,1,0.33912,-0.06120,0.34109,-0.03333,0.47979,0.87359,-0.07438,0.33074,-0.06777,0.33711,-0.03614,0.48367,0.87071,-0.08136,-8.38,-6.57,-3.98
4.5417,16,-0.11459,0.12420,-0.35187,0.55736,0.74481,0.36688,-0.00105,1,0.33774,-0.06226,0.34036,-0.03380,0.48038,0.87316,-0.07544,0.32964,-0.06896,0.33673,-0.03630,0.48414,0.87031,-0.08272,-8.10,-6.71,-3.63
4.5584,17,-0.04142,0.11438,-0.41664,0.61048,0.75269,0.24365,0.03750,1,0.33636,-0.06330,0.33967,-0.03425,0.48103,0.87268,-0.07655,0.32858,-0.07023,0.33652,-0.03621,0.48470,0.86988,-0.08404,-7.79,-6.93,-3.16
4.5751,18,0.00061,0.10343,-0.43824,0.63060,0.75891,0.15345,0.05327,1,0.33499,-0.06435,0.33907,-0.03470,0.48167,0.87221,-0.07774,0.32754,-0.07152,0.33634,-0.03593,0.48539,0.86939,-0.08524,-7.46,-7.18,-2.74
4.5918,19,0.04372,0.08813,-0.45244,0.65851,0.74672,0.08197,0.04530,1,0.33374,-0.06536,0.33858,-0.03509,0.48227,0.87176,-0.07890,0.32653,-0.07284,0.33619,-0.03611,0.48628,0.86878,-0.08627,-7.21,-7.48,-2.40
4.6086,20,0.08790,0.07060,-0.46347,0.68751,0.72493,0.04220,0.00600,1,0.33245,-0.06647,0.33814,-0.03543,0.48287,0.87130,-0.08016,0.32563,-0.07423,0.33598,-0.03679,0.48730,0.86814,-0.08673,-6.82,-7.76,-2.16
4.6253,21,0.13612,0.05313,-0.46857,0.70909,0.70308,0.02524,-0.04723,1,0.33128,-0.06756,0.33777,-0.03568,0.48350,0.87083,-0.08134,0.32495,-0.07575,0.33593,-0.03776,0.48827,0.86757,-0.08652,-6.32,-8.19,-1.85
4.6422,22,0.18545,0.03700,-0.46969,0.71953,0.69167,-0.00991,-0.06150,1,0.33003,-0.06888,0.33742,-0.03591,0.48422,0.87029,-0.08261,0.32449,-0.07735,0.33605,-0.03827,0.48933,0.86692,-0.08688,-5.55,-8.47,-1.37
4.6588,23,0.28087,0.00268,-0.45919,0.72819,0.67536,-0.11554,-0.01676,1,0.32899,-0.07009,0.33715,-0.03613,0.48494,0.86979,-0.08362,0.32408,-0.07894,0.33632,-0.03826,0.49013,0.86638,-0.08769,-4.92,-8.84,-0.83
4.6755,24,0.32546,-0.01047,-0.44920,0.72898,0.66543,-0.16019,0.01112,1,0.32797,-0.07143,0.33693,-0.03643,0.48575,0.86924,-0.08450,0.32390,-0.08059,0.33642,-0.03776,0.49057,0.86603,-0.08891,-4.07,-9.16,-0.51
4.6923,25,0.36688,-0.02033,-0.43334,0.72552,0.65710,-0.20155,0.03491,1,0.32703,-0.07283,0.33679,-0.03680,0.48662,0.86867,-0.08524,0.32384,-0.08225,0.33659,-0.03711,0.49102,0.86568,-0.09014,-3.18,-9.42,-0.20
4.7090,26,0.40468,-0.02822,-0.41271,0.71858,0.65154,-0.24025,0.03769,1,0.32624,-0.07422,0.33674,-0.03713,0.48746,0.86812,-0.08588,0.32387,-0.08390,0.33683,-0.03668,0.49195,0.86507,-0.09105,-2.37,-9.68,0.09
4.7256,27,0.46537,-0.03684,-0.37083,0.68570,0.65172,-0.32262,0.03167,1,0.32553,-0.07579,0.33676,-0.03736,0.48830,0.86756,-0.08658,0.32405,-0.08552,0.33717,-0.03612,0.49305,0.86441,-0.09160,-1.48,-9.73,0.41
4.7423,28,0.48963,-0.03765,-0.34890,0.66496,0.65844,-0.35074,0.03568,1,0.32499,-0.07742,0.33684,-0.03741,0.48906,0.86706,-0.08732,0.32457,-0.08705,0.33756,-0.03513,0.49400,0.86388,-0.09189,-0.41,-9.63,0.73
4.7592,29,0.51230,-0.03597,-0.32683,0.64591,0.66554,-0.37112,0.04624,1,0.32457,-0.07908,0.33696,-0.03735,0.48981,0.86656,-0.08811,0.32528,-0.08851,0.33796,-0.03389,0.49470,0.86350,-0.09216,0.72,-9.43,0.99
4.7760,30,0.53368,-0.03263,-0.30425,0.62496,0.67214,-0.39100,0.06909,1,0.32431,-0.08061,0.33714,-0.03715,0.49057,0.86606,-0.08885,0.32611,-0.08990,0.33834,-0.03249,0.49502,0.86332,-0.09256,1.81,-9.29,1.19
4.7927,31,0.55371,-0.02898,-0.28158,0.59985,0.67734,-0.41534,0.09426,1,0.32422,-0.08220,0.33737,-0.03676,0.49139,0.86554,-0.08954,0.32699,-0.09129,0.33866,-0.03113,0.49540,0.86311,-0.09302,2.76,-9.08,1.29
4.8097,32,0.58953,-0.02082,-0.23729,0.54336,0.68044,-0.47409,0.13036,1,0.32432,-0.08378,0.33764,-0.03616,0.49216,0.86507,-0.09018,0.32792,-0.09264,0.33892,-0.02992,0.49602,0.86274,-0.09354,3.59,-8.86,1.27
4.8262,33,0.60610,-0.01852,-0.21625,0.51633,0.67996,-0.50075,0.14249,1,0.32461,-0.08534,0.33797,-0.03535,0.49288,0.86463,-0.09075,0.32888,-0.09401,0.33892,-0.02879,0.49674,0.86231,-0.09406,4.27,-8.66,0.95
4.8428,34,0.62265,-0.01731,-0.19684,0.49099,0.67767,-0.52490,0.15545,1,0.32501,-0.08676,0.33828,-0.03446,0.49355,0.86423,-0.09124,0.32983,-0.09536,0.33873,-0.02763,0.49739,0.86191,-0.09462,4.83,-8.59,0.45
4.8595,35,0.63844,-0.01789,-0.17833,0.47129,0.67141,-0.54688,0.16739,1,0.32556,-0.08823,0.33859,-0.03341,0.49420,0.86385,-0.09173,0.33073,-0.09674,0.33843,-0.02654,0.49797,0.86153,-0.09539,5.17,-8.50,-0.16
4.8762,36,0.65352,-0.02076,-0.16141,0.45556,0.66246,-0.56877,0.17351,1,0.32620,-0.08966,0.33884,-0.03234,0.49482,0.86348,-0.09221,0.33149,-0.09815,0.33800,-0.02569,0.49862,0.86107,-0.09633,5.29,-8.49,-0.84
4.8930,37,0.68191,-0.03465,-0.13058,0.43498,0.63936,-0.60928,0.17550,1,0.32688,-0.09099,0.33901,-0.03129,0.49542,0.86313,-0.09272,0.33199,-0.09965,0.33746,-0.02518,0.49928,0.86057,-0.09748,5.11,-8.66,-1.55
4.9099,38,0.69570,-0.04409,-0.11695,-0.42954,-0.62577,0.62704,-0.17532,1,0.32768,-0.09239,0.33910,-0.03013,0.49601,0.86276,-0.09330,0.33234,-0.10111,0.33674,-0.02489,0.49977,0.86015,-0.09880,4.67,-8.72,-2.36
4.9266,39,0.70897,-0.05445,-0.10262,-0.42667,-0.61056,0.64503,-0.17062,1,0.32848,-0.09382,0.33909,-0.02902,0.49669,0.86234,-0.09397,0.33269,-0.10257,0.33603,-0.02493,0.50025,0.85971,-0.10015,4.21,-8.75,-3.06
4.9432,40,0.72119,-0.06440,-0.08975,-0.42191,-0.59624,0.66460,-0.15748,1,0.32922,-0.09524,0.33894,-0.02805,0.49731,0.86193,-0.09473,0.33303,-0.10401,0.33525,-0.02527,0.50097,0.85914,-0.10128,3.81,-8.76,-3.69
4.9601,41,0.73167,-0.07420,-0.07774,-0.41310,-0.58300,0.68645,-0.13505,1,0.32986,-0.09660,0.33868,-0.02727,0.49787,0.86154,-0.09555,0.33340,-0.10545,0.33449,-0.02578,0.50188,0.85850,-0.10216,3.54,-8.85,-4.19
4.9766,42,0.74618,-0.09204,-0.06116,-0.38467,-0.56391,0.72728,-0.07135,1,0.33047,-0.09806,0.33827,-0.02661,0.49846,0.86111,-0.09654,0.33365,-0.10689,0.33371,-0.02641,0.50291,0.85781,-0.10272,3.19,-8.83,-4.57
4.9936,43,0.75058,-0.10003,-0.05697,-0.36999,-0.56127,0.73919,-0.04109,1,0.33101,-0.09951,0.33774,-0.02617,0.49908,0.86065,-0.09757,0.33377,-0.10830,0.33283,-0.02715,0.50399,0.85712,-0.10294,2.77,-8.79,-4.91
5.0104,44,0.75383,-0.10573,-0.05541,-0.36072,-0.56072,0.74510,-0.01717,1,0.33149,-0.10096,0.33713,-0.02594,0.49975,0.86015,-0.09859,0.33378,-0.10958,0.33176,-0.02805,0.50501,0.85648,-0.10304,2.29,-8.62,-5.37
5.0271,45,0.75688,-0.10976,-0.05489,-0.35625,-0.55949,0.74837,0.00004,1,0.33192,-0.10243,0.33645,-0.02594,0.50051,0.85960,-0.09955,0.33386,-0.11065,0.33048,-0.02908,0.50591,0.85590,-0.10322,1.93,-8.22,-5.97
5.0439,46,0.75846,-0.11192,-0.05675,-0.35628,-0.55714,0.75005,0.00919,1,0.33227,-0.10381,0.33574,-0.02615,0.50128,0.85905,-0.10031,0.33322,-0.11105,0.32903,-0.03024,0.50654,0.85542,-0.10373,0.95,-7.24,-6.71
5.0606,47,0.75950,-0.11365,-0.06525,-0.36674,-0.54936,0.75026,0.02836,1,0.33257,-0.10523,0.33494,-0.02653,0.50215,0.85846,-0.10096,0.33211,-0.11065,0.32798,-0.03156,0.50655,0.85528,-0.10444,-0.47,-5.43,-6.96
5.0772,48,0.75797,-0.11373,-0.07212,-0.37411,-0.54906,0.74642,0.03795,1,0.33279,-0.10656,0.33407,-0.02709,0.50302,0.85786,-0.10151,0.33070,-0.10987,0.32754,-0.03301,0.50622,0.85540,-0.10460,-2.08,-3.31,-6.53
5.0939,49,0.75604,-0.11429,-0.07917,-0.37974,-0.55075,0.74178,0.04720,1,0.33286,-0.10769,0.33315,-0.02781,0.50380,0.85733,-0.10198,0.32925,-0.10920,0.32708,-0.03447,0.50597,0.85551,-0.10445,-3.62,-1.51,-6.07
5.1107,50,0.75301,-0.11401,-0.08772,-0.38528,-0.55746,0.73348,0.05295,1,0.33275,-0.10872,0.33206,-0.02879,0.50452,0.85681,-0.10247,0.32781,-0.10841,0.32677,-0.03561,0.50547,0.85585,-0.10372,-4.94,0.31,-5.29
5.1274,51,0.74946,-0.11179,-0.09852,-0.39384,-0.56715,0.72133,0.05395,1,0.33243,-0.10950,0.33091,-0.02989,0.50505,0.85641,-0.10291,0.32652,-0.10739,0.32650,-0.03628,0.50461,0.85643,-0.10286,-5.91,2.11,-4.41
5.1442,52,0.74073,-0.10188,-0.12476,-0.42553,-0.58732,0.68672,0.04894,1,0.33188,-0.10996,0.32980,-0.03107,0.50537,0.85614,-0.10321,0.32540,-0.10618,0.32630,-0.03681,0.50354,0.85711,-0.10226,-6.48,3.78,-3.50
5.1609,53,0.73542,-0.09601,-0.13915,-0.44570,-0.59627,0.66591,0.04874,1,0.33118,-0.11008,0.32889,-0.03216,0.50549,0.85601,-0.10338,0.32439,-0.10487,0.32607,-0.03750,0.50248,0.85776,-0.10179,-6.79,5.21,-2.83
5.1776,54,0.72927,-0.08998,-0.15338,-0.46487,-0.60458,0.64501,0.04844,1,0.33024,-0.10986,0.32805,-0.03325,0.50541,0.85602,-0.10339,0.32341,-0.10354,0.32585,-0.03819,0.50142,0.85840,-0.10132,-6.83,6.32,-2.20
5.1943,55,0.72298,-0.08286,-0.16746,-0.48293,-0.61112,0.62543,0.04629,1,0.32919,-0.10928,0.32742,-0.03424,0.50509,0.85619,-0.10319,0.32258,-0.10211,0.32563,-0.03880,0.50030,0.85908,-0.10090,-6.61,7.17,-1.79
5.2111,56,0.71635,-0.07463,-0.18111,0.49764,0.61572,-0.60963,-0.03997,1,0.32806,-0.10842,0.32701,-0.03516,0.50456,0.85651,-0.10287,0.32188,-0.10061,0.32543,-0.03915,0.49908,0.85981,-0.10058,-6.18,7.81,-1.58
5.2282,57,0.70198,-0.05668,-0.20673,0.52059,0.62104,-0.58548,-0.02278,1,0.32694,-0.10736,0.32678,-0.03598,0.50386,0.85692,-0.10250,0.32129,-0.09906,0.32531,-0.03924,0.49780,0.86057,-0.10038,-5.65,8.30,-1.47
5.2451,58,0.69422,-0.04880,-0.21847,0.53081,0.62399,-0.57324,-0.01636,1,0.32590,-0.10621,0.32664,-0.03672,0.50309,0.85739,-0.10212,0.32073,-0.09749,0.32524,-0.03944,0.49656,0.86131,-0.10007,-5.17,8.72,-1.40
5.2617,59,0.68803,-0.04142,-0.23008,0.54195,0.62838,-0.55786,-0.01450,1,0.32485,-0.10488,0.32650,-0.03744,0.50217,0.85795,-0.10173,0.32027,-0.09590,0.32503,-0.03999,0.49545,0.86199,-0.09954,-4.58,8.98,-1.48
5.2785,60,0.68356,-0.03493,-0.24124,0.55321,0.63431,-0.53979,-0.01531,1,0.32389,-0.10349,0.32636,-0.03802,0.50118,0.85855,-0.10135,0.31989,-0.09433,0.32462,-0.04066,0.49447,0.86260,-0.09886,-4.00,9.16,-1.75
5.2951,61,0.67817,-0.02865,-0.25202,0.56363,0.64016,-0.52185,-0.01381,1,0.32303,-0.10203,0.32623,-0.03846,0.50008,0.85921,-0.10100,0.31950,-0.09275,0.32426,-0.04118,0.49341,0.86325,-0.09819,-3.53,9.28,-1.97
5.3119,62,0.65875,-0.01804,-0.27204,0.57759,0.65092,-0.49264,-0.00106,1,0.32229,-0.10058,0.32609,-0.03882,0.49900,0.85986,-0.10066,0.31886,-0.09121,0.32425,-0.04127,0.49226,0.86398,-0.09758,-3.44,9.37,-1.84
5.3286,63,0.64768,-0.01366,-0.28202,0.58534,0.65474,-0.47821,0.00407,1,0.32159,-0.09896,0.32592,-0.03922,0.49787,0.86055,-0.10024,0.31817,-0.08969,0.32428,-0.04151,0.49108,0.86469,-0.09703,-3.41,9.27,-1.65
5.3453,64,0.63599,-0.00890,-0.29155,0.59743,0.65786,-0.45856,0.00378,1,0.32093,-0.09729,0.32572,-0.03964,0.49674,0.86123,-0.09981,0.31756,-0.08815,0.32436,-0.04221,0.49006,0.86531,-0.09646,-3.37,9.15,-1.36
5.3622,65,0.62403,-0.00428,-0.30103,0.60853,0.66061,-0.43961,0.00471,1,0.32029,-0.09568,0.32551,-0.04004,0.49565,0.86190,-0.09933,0.31698,-0.08658,0.32441,-0.04284,0.48899,0.86594,-0.09591,-3.31,9.09,-1.10
5.3792,66,0.61163,0.00051,-0.31034,0.61782,0.66348,-0.42198,0.00447,1,0.31968,-0.09414,0.32530,-0.04045,0.49454,0.86258,-0.09876,0.31646,-0.08500,0.32445,-0.04350,0.48797,0.86656,-0.09527,-3.22,9.14,-0.85
5.3956,67,0.58516,0.01220,-0.33096,0.63236,0.66866,-0.39117,0.00254,1,0.31911,-0.09272,0.32511,-0.04088,0.49348,0.86323,-0.09819,0.31604,-0.08339,0.32443,-0.04417,0.48699,0.86715,-0.09457,-3.07,9.33,-0.68
5.4124,68,0.57062,0.01922,-0.34165,0.63982,0.67085,-0.37495,0.00186,1,0.31854,-0.09123,0.32499,-0.04130,0.49237,0.86391,-0.09757,0.31575,-0.08175,0.32438,-0.04484,0.48600,0.86774,-0.09389,-2.79,9.48,-0.61
5.4291,69,0.55597,0.02662,-0.35206,0.64827,0.67312,-0.35588,0.00191,1,0.31802,-0.08980,0.32496,-0.04175,0.49135,0.86454,-0.09697,0.31554,-0.08010,0.32431,-0.04547,0.48497,0.86836,-0.09324,-2.48,9.70,-0.65
5.4460,70,0.54146,0.03365,-0.36248,0.65533,0.67607,-0.33685,0.00222,1,0.31747,-0.08824,0.32495,-0.04234,0.49024,0.86521,-0.09634,0.31535,-0.07845,0.32419,-0.04602,0.48395,0.86897,-0.09251,-2.12,9.80,-0.76
5.4630,71,0.52597,0.04041,-0.37338,0.65930,0.68076,-0.31919,0.00360,1,0.31696,-0.08663,0.32490,-0.04300,0.48918,0.86585,-0.09568,0.31516,-0.07680,0.32403,-0.04635,0.48295,0.86960,-0.09165,-1.81,9.84,-0.88
5.4796,72,0.49310,0.05342,-0.39537,0.66955,0.68317,-0.29152,0.00009,1,0.31653,-0.08503,0.32485,-0.04362,0.48813,0.86648,-0.09504,0.31496,-0.07515,0.32385,-0.04707,0.48203,0.87015,-0.09089,-1.56,9.87,-0.99
5.4962,73,0.47618,0.05963,-0.40515,0.67867,0.68078,-0.27559,-0.00175,1,0.31617,-0.08340,0.32479,-0.04419,0.48708,0.86711,-0.09439,0.31480,-0.07350,0.32371,-0.04802,0.48108,0.87067,-0.09046,-1.36,9.90,-1.09
5.5129,74,0.45940,0.06551,-0.41409,0.68707,0.68004,-0.25591,-0.00017,1,0.31587,-0.08183,0.32473,-0.04472,0.48611,0.86770,-0.09376,0.31467,-0.07184,0.32358,-0.04867,0.47998,0.87129,-0.08998,-1.20,9.99,-1.15
5.5298,75,0.44356,0.07095,-0.42204,0.69248,0.68200,-0.23523,0.00470,1,0.31558,-0.08014,0.32464,-0.04531,0.48508,0.86832,-0.09308,0.31459,-0.07018,0.32344,-0.04899,0.47882,0.87198,-0.08941,-0.99,9.96,-1.20
5.5468,76,0.42866,0.07496,-0.42888,0.69424,0.68602,-0.21748,0.01077,1,0.31533,-0.07845,0.32453,-0.04592,0.48407,0.86892,-0.09243,0.31446,-0.06853,0.32331,-0.04899,0.47766,0.87268,-0.08876,-0.86,9.93,-1.21
5.5634,77,0.40066,0.08262,-0.44029,0.69332,0.69387,-0.19392,0.01592,1,0.31510,-0.07677,0.32441,-0.04653,0.48305,0.86953,-0.09180,0.31440,-0.06686,0.32323,-0.04891,0.47665,0.87332,-0.08787,-0.70,9.91,-1.19
5.5800,78,0.38737,0.08621,-0.44419,0.69478,0.69457,-0.18618,0.01428,1,0.31492,-0.07519,0.32430,-0.04708,0.48206,0.87010,-0.09122,0.31441,-0.06520,0.32326,-0.04952,0.47584,0.87383,-0.08689,-0.51,10.00,-1.05
5.5968,79,0.37450,0.09001,-0.44725,0.69669,0.69517,-0.17667,0.01184,1,0.31476,-0.07352,0.32418,-0.04761,0.48102,0.87072,-0.09058,0.31447,-0.06353,0.32335,-0.05022,0.47507,0.87430,-0.08591,-0.29,9.99,-0.83
5.6136,80,0.36219,0.09427,-0.44930,0.69662,0.69820,-0.16465,0.01110,1,0.31464,-0.07187,0.32405,-0.04804,0.47997,0.87135,-0.08990,0.31463,-0.06188,0.32353,-0.05045,0.47421,0.87486,-0.08484,-0.01,9.98,-0.52
5.6302,81,0.33940,0.10248,-0.45197,0.69194,0.70859,-0.13791,0.01004,1,0.31455,-0.07021,0.32393,-0.04844,0.47893,0.87197,-0.08915,0.31484,-0.06025,0.32375,-0.05041,0.47344,0.87539,-0.08368,0.29,9.96,-0.18
5.6469,82,0.32862,0.10628,-0.45315,0.68885,0.71372,-0.12665,0.00737,1,0.31450,-0.06862,0.32386,-0.04881,0.47799,0.87254,-0.08839,0.31510,-0.05861,0.32390,-0.05038,0.47288,0.87582,-0.08235,0.60,10.02,0.05
5.6637,83,0.31797,0.10973,-0.45377,0.68595,0.71795,-0.11835,0.00333,1,0.31450,-0.06693,0.32383,-0.04920,0.47702,0.87314,-0.08753,0.31534,-0.05697,0.32411,-0.05040,0.47256,0.87613,-0.08092,0.84,9.96,0.27
5.6804,84,0.30686,0.11279,-0.45470,0.68451,0.72042,-0.11154,-0.00104,1,0.31453,-0.06522,0.32386,-0.04955,0.47612,0.87370,-0.08660,0.31551,-0.05532,0.32424,-0.05072,0.47232,0.87637,-0.07949,0.98,9.90,0.38
5.6972,85,0.29554,0.11580,-0.45514,0.68298,0.72271,-0.10594,-0.00279,1,0.31463,-0.06352,0.32392,-0.04982,0.47531,0.87423,-0.08557,0.31568,-0.05367,0.32442,-0.05077,0.47181,0.87676,-0.07814,1.05,9.85,0.50
5.7139,86,0.27263,0.12151,-0.45584,0.67963,0.72834,-0.08721,-0.00263,1,0.31478,-0.06194,0.32401,-0.05002,0.47462,0.87470,-0.08451,0.31584,-0.05202,0.32459,-0.05079,0.47096,0.87732,-0.07703,1.06,9.92,0.58
5.7306,87,0.26127,0.12429,-0.45619,0.67747,0.73168,-0.07527,-0.00341,1,0.31495,-0.06026,0.32414,-0.05022,0.47400,0.87514,-0.08330,0.31603,-0.05037,0.32472,-0.05086,0.47016,0.87784,-0.07587,1.08,9.89,0.58
5.7474,88,0.25007,0.12708,-0.45608,0.67457,0.73546,-0.06355,-0.00484,1,0.31512,-0.05860,0.32430,-0.05039,0.47340,0.87557,-0.08207,0.31626,-0.04873,0.32488,-0.05088,0.46945,0.87832,-0.07465,1.13,9.87,0.58
5.7640,89,0.23853,0.13007,-0.45598,0.67237,0.73824,-0.05354,-0.00706,1,0.31529,-0.05705,0.32445,-0.05055,0.47283,0.87598,-0.08089,0.31652,-0.04708,0.32500,-0.05101,0.46882,0.87876,-0.07337,1.24,9.97,0.55
5.7808,90,0.22649,0.13293,-0.45556,0.67018,0.74071,-0.04628,-0.00758,1,0.31547,-0.05541,0.32460,-0.05068,0.47219,0.87643,-0.07962,0.31677,-0.04544,0.32513,-0.05094,0.46808,0.87926,-0.07216,1.30,9.96,0.53
5.7976,91,0.20155,0.13873,-0.45455,0.66132,0.74947,-0.03038,-0.00517,1,0.31566,-0.05376,0.32476,-0.05079,0.47155,0.87688,-0.07835,0.31704,-0.04380,0.32526,-0.05043,0.46732,0.87978,-0.07109,1.37,9.96,0.50
5.8143,92,0.18836,0.14103,-0.45369,0.65424,0.75590,-0.02329,-0.00588,1,0.31586,-0.05212,0.32491,-0.05087,0.47088,0.87735,-0.07710,0.31726,-0.04215,0.32539,-0.04970,0.46693,0.88013,-0.06989,1.40,9.97,0.48
5.8313,93,0.17454,0.14332,-0.45247,0.64785,0.76155,-0.01605,-0.00880,1,0.31607,-0.05046,0.32507,-0.05089,0.47019,0.87782,-0.07587,0.31748,-0.04051,0.32554,-0.04918,0.46668,0.88040,-0.06853,1.41,9.95,0.47
5.8477,94,0.16028,0.14579,-0.45034,0.64389,0.76494,-0.00771,-0.01502,1,0.31628,-0.04890,0.32522,-0.05084,0.46954,0.87827,-0.07473,0.31774,-0.03888,0.32575,-0.04923,0.46658,0.88056,-0.06705,1.46,10.02,0.53
5.8645,95,0.14609,0.14807,-0.44768,0.64130,0.76696,0.00257,-0.02224,1,0.31651,-0.04723,0.32537,-0.05066,0.46892,0.87872,-0.07351,0.31799,-0.03725,0.32600,-0.04959,0.46642,0.88073,-0.06561,1.49,9.98,0.62
5.8815,96,0.11838,0.15185,-0.44021,0.63404,0.77181,0.03083,-0.03678,1,0.31674,-0.04557,0.32552,-0.05041,0.46836,0.87913,-0.07226,0.31824,-0.03563,0.32633,-0.04990,0.46609,0.88099,-0.06420,1.49,9.93,0.81
5.8979,97,0.10558,0.15332,-0.43587,0.62771,0.77600,0.04351,-0.04375,1,0.31696,-0.04401,0.32566,-0.05018,0.46789,0.87950,-0.07105,0.31849,-0.03402,0.32667,-0.04991,0.46583,0.88124,-0.06275,1.53,9.99,1.00
5.9148,98,0.09311,0.15447,-0.43143,0.62253,0.77899,0.05400,-0.05207,1,0.31720,-0.04234,0.32582,-0.04999,0.46746,0.87984,-0.06971,0.31872,-0.03240,0.32698,-0.05002,0.46575,0.88138,-0.06126,1.53,9.94,1.16
5.9314,99,0.08082,0.15513,-0.42700,0.61834,0.78109,0.06207,-0.06079,1,0.31743,-0.04067,0.32601,-0.04990,0.46707,0.88016,-0.06836,0.31891,-0.03077,0.32728,-0.05020,0.46586,0.88141,-0.05978,1.48,9.90,1.27
5.9485,100,0.06868,0.15540,-0.42225,0.61500,0.78245,0.06982,-0.06830,1,0.31766,-0.03901,0.32622,-0.04989,0.46674,0.88044,-0.06696,0.31905,-0.02914,0.32758,-0.05047,0.46591,0.88147,-0.05830,1.39,9.87,1.36
5.9649,101,0.04678,0.15526,-0.41185,0.61027,0.78262,0.09227,-0.08104,1,0.31787,-0.03748,0.32645,-0.04992,0.46653,0.88065,-0.06562,0.31918,-0.02752,0.32798,-0.05098,0.46563,0.88167,-0.05694,1.31,9.96,1.53
5.9817,102,0.03693,0.15493,-0.40639,0.60814,0.78197,0.10548,-0.08695,1,0.31795,-0.03700,0.32653,-0.04994,0.46648,0.88071,-0.06519,0.31931,-0.02592,0.32839,-0.05157,0.46524,0.88193,-0.05564,1.36,11.09,1.87
5.9988,103,0.02775,0.15377,-0.40039,0.60620,0.78108,0.11728,-0.09320,1,0.31834,-0.03423,0.32703,-0.05012,0.46618,0.88104,-0.06269,0.31935,-0.02433,0.32891,-0.05218,0.46493,0.88214,-0.05432,1.01,9.90,1.88
6.0154,104,0.01885,0.15235,-0.39406,0.60455,0.78000,0.12750,-0.09930,1,0.31854,-0.03260,0.32735,-0.05033,0.46602,0.88122,-0.06122,0.31937,-0.02275,0.32944,-0.05282,0.46469,0.88231,-0.05299,0.83,9.85,2.09
6.0322,105,0.01012,0.15121,-0.38768,0.60299,0.77885,0.13716,-0.10481,1,0.31872,-0.03097,0.32770,-0.05064,0.46585,0.88139,-0.05977,0.31945,-0.02117,0.32996,-0.05347,0.46442,0.88249,-0.05168,0.73,9.80,2.26
6.0487,106,-0.00636,0.14889,-0.37449,0.60251,0.77449,0.15588,-0.11333,1,0.31886,-0.02944,0.32805,-0.05100,0.46566,0.88156,-0.05844,0.31953,-0.01960,0.33050,-0.05432,0.46406,0.88269,-0.05052,0.68,9.84,2.45
6.0654,107,-0.01435,0.14742,-0.36709,0.60407,0.77096,0.16352,-0.11827,1,0.31898,-0.02782,0.32846,-0.05145,0.46544,0.88174,-0.05705,0.31961,-0.01804,0.33110,-0.05543,0.46394,0.88274,-0.04952,0.63,9.78,2.64
6.0822,108,-0.02244,0.14585,-0.35958,0.60413,0.76796,0.17252,-0.12455,1,0.31909,-0.02620,0.32890,-0.05197,0.46520,0.88193,-0.05567,0.31967,-0.01648,0.33168,-0.05633,0.46382,0.88281,-0.04833,0.59,9.72,2.78
6.0989,109,-0.03049,0.14353,-0.35172,0.60025,0.76719,0.18416,-0.13115,1,0.31918,-0.02468,0.32934,-0.05252,0.46494,0.88210,-0.05441,0.31964,-0.01492,0.33227,-0.05679,0.46351,0.88302,-0.04695,0.46,9.76,2.93
6.1156,110,-0.03855,0.14094,-0.34415,0.59265,0.76865,0.19858,-0.13608,1,0.31925,-0.02307,0.32983,-0.05319,0.46469,0.88228,-0.05312,0.31956,-0.01334,0.33280,-0.05692,0.46296,0.88338,-0.04561,0.31,9.72,2.97
6.1324,111,-0.05486,0.13375,-0.32952,0.57648,0.77224,0.22780,-0.13934,1,0.31932,-0.02144,0.33037,-0.05391,0.46446,0.88243,-0.05187,0.31937,-0.01176,0.33327,-0.05697,0.46219,0.88384,-0.04441,0.05,9.69,2.91
6.1492,112,-0.06298,0.12998,-0.32182,0.57082,0.77191,0.24229,-0.14007,1,0.31935,-0.01991,0.33089,-0.05457,0.46422,0.88258,-0.05072,0.31924,-0.01015,0.33371,-0.05729,0.46136,0.88430,-0.04329,-0.12,9.75,2.81
6.1659,113,-0.07081,0.12589,-0.31351,0.56729,0.76912,0.25789,-0.14189,1,0.31938,-0.01828,0.33146,-0.05519,0.46393,0.88277,-0.04945,0.31912,-0.00856,0.33419,-0.05791,0.46063,0.88469,-0.04220,-0.26,9.71,2.73
6.1828,114,-0.07814,0.12161,-0.30484,0.56420,0.76516,0.27450,-0.14444,1,0.31938,-0.01667,0.33201,-0.05575,0.46359,0.88298,-0.04820,0.31902,-0.00698,0.33471,-0.05862,0.45997,0.88504,-0.04111,-0.36,9.68,2.70
6.1996,115,-0.08548,0.11728,-0.29561,0.55842,0.76207,0.29309,-0.14670,1,0.31935,-0.01507,0.33252,-0.05623,0.46312,0.88326,-0.04698,0.31896,-0.00540,0.33523,-0.05914,0.45923,0.88544,-0.03999,-0.39,9.67,2.71
6.2160,116,-0.09807,0.10887,-0.27813,0.53895,0.75897,0.33363,-0.14893,1,0.31931,-0.01355,0.33299,-0.05664,0.46257,0.88358,-0.04582,0.31890,-0.00382,0.33576,-0.05943,0.45840,0.88591,-0.03886,-0.41,9.73,2.77
6.2328,117,-0.10350,0.10470,-0.27020,0.52886,0.75740,0.35232,-0.15008,1,0.31924,-0.01193,0.33350,-0.05713,0.46195,0.88394,-0.04462,0.31888,-0.00222,0.33622,-0.05966,0.45757,0.88637,-0.03772,-0.36,9.71,2.72
6.2494,118,-0.10867,0.10035,-0.26277,0.52163,0.75416,0.36906,-0.15146,1,0.31916,-0.01032,0.33399,-0.05764,0.46132,0.88429,-0.04344,0.31884,-0.00060,0.33662,-0.06008,0.45679,0.88679,-0.03659,-0.32,9.72,2.64
6.2664,119,-0.11390,0.09568,-0.25537,0.51737,0.74939,0.38371,-0.15332,1,0.31908,-0.00871,0.33446,-0.05813,0.46062,0.88468,-0.04226,0.31878,0.00103,0.33697,-0.06074,0.45612,0.88713,-0.03547,-0.30,9.74,2.50
6.2832,120,-0.11856,0.09113,-0.24846,0.51614,0.74217,0.39867,-0.15444,1,0.31902,-0.00711,0.33494,-0.05858,0.45991,0.88508,-0.04108,0.31871,0.00266,0.33730,-0.06170,0.45553,0.88741,-0.03452,-0.31,9.77,2.36
6.3000,121,-0.12620,0.08250,-0.23602,0.50864,0.73123,0.42861,-0.15128,1,0.31897,-0.00561,0.33538,-0.05899,0.45920,0.88547,-0.03996,0.31861,0.00428,0.33765,-0.06245,0.45467,0.88783,-0.03364,-0.36,9.89,2.27
6.3171,122,-0.12902,0.07894,-0.23113,0.50055,0.72964,0.44168,-0.14831,1,0.31892,-0.00400,0.33586,-0.05945,0.45847,0.88587,-0.03881,0.31852,0.00592,0.33795,-0.06269,0.45360,0.88839,-0.03279,-0.40,9.92,2.10
6.3337,123,-0.13135,0.07575,-0.22756,0.49234,0.72841,0.45324,-0.14694,1,0.31884,-0.00237,0.33631,-0.05998,0.45773,0.88626,-0.03771,0.31833,0.00756,0.33815,-0.06282,0.45259,0.88893,-0.03182,-0.51,9.93,1.85
6.3503,124,-0.13307,0.07318,-0.22497,0.48579,0.72774,0.46167,-0.14584,1,0.31876,-0.00081,0.33671,-0.06051,0.45701,0.88664,-0.03671,0.31810,0.00921,0.33832,-0.06288,0.45158,0.88948,-0.03087,-0.67,10.01,1.61
6.3675,125,-0.13405,0.07109,-0.22356,0.48233,0.72688,0.46691,-0.14490,1,0.31867,0.00094,0.33715,-0.06107,0.45617,0.88708,-0.03565,0.31758,0.01078,0.33845,-0.06311,0.45054,0.89002,-0.02996,-1.09,9.84,1.30
6.3836,126,-0.13349,0.06913,-0.22362,0.48427,0.72537,0.46805,-0.14234,1,0.31857,0.00250,0.33751,-0.06152,0.45539,0.88749,-0.03470,0.31639,0.01167,0.33885,-0.06373,0.44971,0.89041,-0.02964,-2.18,9.17,1.33
6.4004,127,-0.13190,0.06930,-0.22526,0.48635,0.72494,0.46685,-0.14131,1,0.31843,0.00413,0.33785,-0.06195,0.45447,0.88797,-0.03373,0.31537,0.01157,0.33918,-0.06435,0.44932,0.89055,-0.02986,-3.06,7.44,1.33
6.4173,128,-0.12946,0.07013,-0.22816,0.48759,0.72631,0.46361,-0.14069,1,0.31820,0.00574,0.33813,-0.06235,0.45352,0.88845,-0.03281,0.31465,0.01052,0.33937,-0.06451,0.44934,0.89051,-0.03047,-3.55,4.78,1.24
6.4342,129,-0.12641,0.07141,-0.23196,0.49071,0.72818,0.45733,-0.14074,1,0.31786,0.00718,0.33839,-0.06271,0.45266,0.88890,-0.03206,0.31415,0.00894,0.33942,-0.06429,0.44989,0.89022,-0.03136,-3.72,1.76,1.03
6.4506,130,-0.12285,0.07276,-0.23608,0.49700,0.72907,0.44873,-0.14174,1,0.31733,0.00853,0.33868,-0.06311,0.45180,0.88933,-0.03151,0.31364,0.00735,0.33951,-0.06419,0.45090,0.88968,-0.03232,-3.69,-1.18,0.83
6.4676,131,-0.11339,0.07626,-0.24639,0.51544,0.73059,0.42329,-0.14621,1,0.31666,0.00960,0.33897,-0.06351,0.45113,0.88965,-0.03121,0.31317,0.00576,0.33963,-0.06411,0.45195,0.88912,-0.03323,-3.49,-3.84,0.66
6.4841,132,-0.10775,0.07813,-0.25224,0.52412,0.73119,0.41071,-0.14822,1,0.31594,0.01025,0.33924,-0.06381,0.45074,0.88982,-0.03120,0.31275,0.00415,0.33972,-0.06401,0.45300,0.88856,-0.03414,-3.20,-6.10,0.48
6.5008,133,-0.10177,0.08016,-0.25860,0.53113,0.73279,0.39859,-0.14846,1,0.31513,0.01051,0.33952,-0.06404,0.45063,0.88985,-0.03143,0.31236,0.00253,0.33975,-0.06376,0.45393,0.88806,-0.03518,-2.77,-7.99,0.23
6.5176,134,-0.09495,0.08227,-0.26567,0.53725,0.73533,0.38567,-0.14801,1,0.31434,0.01032,0.33979,-0.06415,0.45080,0.88975,-0.03185,0.31198,0.00090,0.33978,-0.06338,0.45478,0.88760,-0.03625,-2.35,-9.42,-0.01
6.5344,135,-0.08753,0.08431,-0.27333,0.54450,0.73744,0.37126,-0.14790,1,0.31363,0.00968,0.34000,-0.06417,0.45121,0.88952,-0.03241,0.31160,-0.00072,0.33977,-0.06306,0.45568,0.88712,-0.03731,-2.03,-10.40,-0.23
6.5512,136,-0.07120,0.08804,-0.28923,0.56165,0.74030,0.33888,-0.14721,1,0.31304,0.00862,0.34015,-0.06409,0.45178,0.88921,-0.03302,0.31121,-0.00234,0.33978,-0.06281,0.45658,0.88663,-0.03838,-1.83,-10.96,-0.37
6.5682,137,-0.06213,0.08947,-0.29706,0.56929,0.74258,0.32183,-0.14461,1,0.31257,0.00722,0.34029,-0.06389,0.45241,0.88888,-0.03378,0.31083,-0.00396,0.33979,-0.06246,0.45734,0.88621,-0.03955,-1.74,-11.18,-0.50
6.5847,138,-0.05227,0.09049,-0.30512,0.57635,0.74443,0.30660,-0.14013,1,0.31219,0.00573,0.34036,-0.06372,0.45309,0.88851,-0.03454,0.31044,-0.00558,0.33981,-0.06214,0.45797,0.88585,-0.04082,-1.75,-11.31,-0.55
6.6015,139,-0.04175,0.09141,-0.31313,0.58251,0.74660,0.29171,-0.13478,1,0.31181,0.00400,0.34033,-0.06357,0.45387,0.88809,-0.03545,0.31006,-0.00720,0.33983,-0.06175,0.45853,0.88553,-0.04212,-1.75,-11.21,-0.50
6.6185,140,-0.03076,0.09173,-0.32126,0.58724,0.74964,0.27691,-0.12851,1,0.31147,0.00214,0.34026,-0.06337,0.45472,0.88763,-0.03641,0.30963,-0.00881,0.33984,-0.06124,0.45899,0.88526,-0.04343,-1.85,-10.96,-0.42
6.6351,141,-0.00748,0.09170,-0.33708,0.60093,0.75096,0.24745,-0.11707,1,0.31121,0.00038,0.34022,-0.06309,0.45548,0.88722,-0.03733,0.30918,-0.01042,0.33986,-0.06099,0.45953,0.88493,-0.04476,-2.02,-10.80,-0.36
6.6519,142,0.00503,0.09168,-0.34474,0.60776,0.75117,0.23240,-0.11115,1,0.31092,-0.00146,0.34021,-0.06277,0.45621,0.88682,-0.03839,0.30879,-0.01204,0.33985,-0.06075,0.46007,0.88460,-0.04610,-2.12,-10.58,-0.36
6.6684,143,0.01764,0.09135,-0.35207,0.61417,0.75174,0.21590,-0.10520,1,0.31060,-0.00327,0.34021,-0.06249,0.45695,0.88641,-0.03955,0.30839,-0.01366,0.33983,-0.06044,0.46063,0.88426,-0.04741,-2.21,-10.39,-0.37
6.6852,144,0.03081,0.09050,-0.35911,0.62093,0.75156,0.19919,-0.09959,1,0.31025,-0.00506,0.34019,-0.06224,0.45764,0.88602,-0.04079,0.30797,-0.01527,0.33983,-0.06018,0.46122,0.88390,-0.04872,-2.28,-10.21,-0.36
6.7020,145,0.04423,0.08935,-0.36590,0.62733,0.75115,0.18292,-0.09361,1,0.30993,-0.00672,0.34018,-0.06195,0.45826,0.88566,-0.04197,0.30754,-0.01688,0.33980,-0.05993,0.46178,0.88355,-0.05004,-2.39,-10.16,-0.38
6.7187,146,0.07146,0.08599,-0.37800,0.63934,0.74990,0.14964,-0.08065,1,0.30959,-0.00846,0.34021,-0.06163,0.45890,0.88529,-0.04325,0.30709,-0.01849,0.33981,-0.05965,0.46232,0.88321,-0.05137,-2.49,-10.02,-0.39
6.7354,147,0.08538,0.08395,-0.38369,0.64433,0.74916,0.13479,-0.07375,1,0.30921,-0.01016,0.34022,-0.06137,0.45949,0.88494,-0.04456,0.30666,-0.02010,0.33976,-0.05934,0.46278,0.88291,-0.05273,-2.55,-9.94,-0.46
6.7522,148,0.09922,0.08182,-0.38884,0.64899,0.74853,0.11878,-0.06634,1,0.30882,-0.01173,0.34021,-0.06113,0.46004,0.88461,-0.04584,0.30623,-0.02171,0.33971,-0.05899,0.46324,0.88261,-0.05408,-2.59,-9.98,-0.51
6.7689,149,0.11331,0.07966,-0.39336,0.65377,0.74714,0.10284,-0.06161,1,0.30841,-0.01338,0.34020,-0.06084,0.46064,0.88424,-0.04720,0.30584,-0.02332,0.33967,-0.05872,0.46386,0.88222,-0.05536,-2.57,-9.94,-0.53
6.7857,150,0.12746,0.07718,-0.39723,0.65883,0.74482,0.08742,-0.05952,1,0.30799,-0.01501,0.34019,-0.06052,0.46119,0.88390,-0.04858,0.30543,-0.02494,0.33966,-0.05858,0.46464,0.88175,-0.05654,-2.56,-9.93,-0.53
6.8024,151,0.15582,0.07148,-0.40414,0.66821,0.73959,0.05879,-0.05520,1,0.30757,-0.01664,0.34019,-0.06018,0.46172,0.88357,-0.04995,0.30503,-0.02656,0.33965,-0.05847,0.46541,0.88127,-0.05774,-2.54,-9.92,-0.54
6.8193,152,0.17016,0.06886,-0.40680,0.67152,0.73794,0.04527,-0.04954,1,0.30712,-0.01826,0.34018,-0.05987,0.46228,0.88322,-0.05132,0.30471,-0.02819,0.33965,-0.05814,0.46592,0.88094,-0.05907,-2.42,-9.94,-0.54
6.8361,153,0.18518,0.06579,-0.40906,0.67528,0.73562,0.03061,-0.04381,1,0.30671,-0.01978,0.34017,-0.05961,0.46284,0.88287,-0.05257,0.30438,-0.02983,0.33965,-0.05785,0.46645,0.88058,-0.06039,-2.33,-10.05,-0.52
6.8527,154,0.20013,0.06304,-0.41096,0.67850,0.73346,0.01432,-0.03816,1,0.30627,-0.02142,0.34015,-0.05935,0.46346,0.88248,-0.05388,0.30410,-0.03147,0.33964,-0.05750,0.46704,0.88021,-0.06167,-2.17,-10.05,-0.50
6.8693,155,0.23002,0.05807,-0.41399,0.68451,0.72815,-0.01800,-0.03042,1,0.30586,-0.02310,0.34013,-0.05909,0.46407,0.88210,-0.05518,0.30387,-0.03312,0.33962,-0.05722,0.46773,0.87977,-0.06290,-1.99,-10.03,-0.51
6.8861,156,0.24493,0.05504,-0.41487,0.68720,0.72521,-0.03378,-0.02627,1,0.30550,-0.02467,0.34011,-0.05885,0.46464,0.88174,-0.05638,0.30365,-0.03477,0.33957,-0.05693,0.46840,0.87934,-0.06414,-1.85,-10.10,-0.54
6.9028,157,0.25970,0.05184,-0.41555,0.69001,0.72182,-0.04870,-0.02224,1,0.30513,-0.02635,0.34010,-0.05859,0.46524,0.88136,-0.05768,0.30343,-0.03642,0.33949,-0.05668,0.46905,0.87892,-0.06540,-1.70,-10.07,-0.61
6.9195,158,0.27441,0.04855,-0.41581,0.69287,0.71807,-0.06320,-0.01766,1,0.30480,-0.02802,0.34009,-0.05832,0.46587,0.88096,-0.05897,0.30323,-0.03808,0.33941,-0.05645,0.46965,0.87852,-0.06669,-1.56,-10.05,-0.67
6.9364,159,0.28901,0.04543,-0.41567,0.69531,0.71447,-0.07691,-0.01275,1,0.30449,-0.02968,0.34007,-0.05803,0.46652,0.88055,-0.06026,0.30307,-0.03973,0.33933,-0.05618,0.47021,0.87814,-0.06800,-1.42,-10.05,-0.74
6.9533,160,0.31815,0.03870,-0.41439,0.69784,0.70866,-0.10402,0.00085,1,0.30420,-0.03135,0.34005,-0.05773,0.46714,0.88015,-0.06155,0.30291,-0.04139,0.33926,-0.05573,0.47066,0.87782,-0.06933,-1.30,-10.04,-0.79
6.9701,161,0.33245,0.03535,-0.41335,0.69892,0.70523,-0.11867,0.00955,1,0.30394,-0.03291,0.34002,-0.05747,0.46773,0.87976,-0.06276,0.30277,-0.04305,0.33914,-0.05525,0.47102,0.87755,-0.07067,-1.18,-10.14,-0.88
6.9868,162,0.34638,0.03215,-0.41172,0.70093,0.70046,-0.13346,0.01577,1,0.30368,-0.03457,0.33997,-0.05720,0.46835,0.87936,-0.06405,0.30265,-0.04471,0.33903,-0.05496,0.47151,0.87719,-0.07201,-1.03,-10.13,-0.94
7.0035,163,0.36024,0.02915,-0.40974,0.70262,0.69595,-0.14684,0.02032,1,0.30345,-0.03624,0.33992,-0.05686,0.46894,0.87897,-0.06534,0.30258,-0.04637,0.33891,-0.05473,0.47208,0.87680,-0.07332,-0.87,-10.12,-1.00
7.0204,164,0.37368,0.02621,-0.40750,0.70336,0.69222,-0.15964,0.02538,1,0.30323,-0.03791,0.33985,-0.05652,0.46949,0.87860,-0.06663,0.30252,-0.04803,0.33879,-0.05437,0.47262,0.87642,-0.07462,-0.71,-10.12,-1.06
7.0374,165,0.40038,0.02042,-0.40281,0.70429,0.68491,-0.18272,0.03867,1,0.30303,-0.03959,0.33977,-0.05616,0.47001,0.87825,-0.06794,0.30248,-0.04969,0.33863,-0.05392,0.47300,0.87612,-0.07597,-0.54,-10.10,-1.14
7.0535,166,0.41324,0.01737,-0.40022,0.70497,0.67987,-0.19664,0.04604,1,0.30285,-0.04117,0.33969,-0.05583,0.47050,0.87791,-0.06918,0.30244,-0.05134,0.33843,-0.05354,0.47340,0.87581,-0.07733,-0.41,-10.17,-1.25
7.0704,167,0.42582,0.01431,-0.39687,0.70622,0.67366,-0.21187,0.05046,1,0.30270,-0.04284,0.33958,-0.05547,0.47103,0.87754,-0.07050,0.30241,-0.05300,0.33828,-0.05337,0.47399,0.87539,-0.07863,-0.29,-10.16,-1.31
7.0870,168,0.43801,0.01158,-0.39310,0.70639,0.66823,-0.22718,0.05354,1,0.30257,-0.04441,0.33948,-0.05512,0.47150,0.87721,-0.07176,0.30243,-0.05466,0.33814,-0.05317,0.47470,0.87491,-0.07985,-0.14,-10.25,-1.34
7.1037,169,0.44979,0.00902,-0.38885,0.70516,0.66402,-0.24222,0.05619,1,0.30246,-0.04608,0.33937,-0.05474,0.47198,0.87686,-0.07309,0.30248,-0.05632,0.33803,-0.05285,0.47548,0.87440,-0.08098,0.03,-10.24,-1.34
7.1205,170,0.47302,0.00364,-0.37921,0.70035,0.65835,-0.26944,0.05911,1,0.30235,-0.04777,0.33924,-0.05441,0.47246,0.87652,-0.07443,0.30255,-0.05799,0.33796,-0.05245,0.47637,0.87384,-0.08197,0.20,-10.22,-1.28
7.1373,171,0.48411,0.00059,-0.37412,0.69732,0.65557,-0.28322,0.06133,1,0.30228,-0.04946,0.33909,-0.05407,0.47296,0.87616,-0.07573,0.30261,-0.05965,0.33786,-0.05197,0.47723,0.87331,-0.08297,0.34,-10.19,-1.23
7.1539,172,0.49496,-0.00252,-0.36870,0.69392,0.65264,-0.29772,0.06248,1,0.30223,-0.05104,0.33896,-0.05375,0.47353,0.87577,-0.07692,0.30269,-0.06131,0.33778,-0.05156,0.47815,0.87274,-0.08392,0.46,-10.27,-1.18
7.1707,173,0.50556,-0.00581,-0.36318,0.69030,0.64956,-0.31237,0.06308,1,0.30220,-0.05272,0.33884,-0.05338,0.47422,0.87530,-0.07817,0.30277,-0.06297,0.33769,-0.05117,0.47911,0.87215,-0.08483,0.56,-10.25,-1.15
7.1875,174,0.51574,-0.00925,-0.35687,0.68616,0.64659,-0.32728,0.06323,1,0.30219,-0.05441,0.33873,-0.05302,0.47493,0.87483,-0.07936,0.30284,-0.06464,0.33767,-0.05078,0.48010,0.87154,-0.08570,0.66,-10.23,-1.05
7.2043,175,0.53532,-0.01582,-0.34398,0.67792,0.64095,-0.35480,0.06108,1,0.30221,-0.05610,0.33861,-0.05264,0.47570,0.87434,-0.08046,0.30296,-0.06630,0.33767,-0.05047,0.48115,0.87090,-0.08650,0.76,-10.20,-0.95
7.2210,176,0.54446,-0.01949,-0.33705,0.67328,0.63850,-0.36800,0.05986,1,0.30223,-0.05769,0.33852,-0.05227,0.47646,0.87385,-0.08148,0.30308,-0.06796,0.33769,-0.05012,0.48223,0.87025,-0.08724,0.85,-10.28,-0.83
7.2378,177,0.55315,-0.02329,-0.32994,0.66764,0.63655,-0.38155,0.05898,1,0.30228,-0.05935,0.33841,-0.05188,0.47732,0.87331,-0.08249,0.30319,-0.06963,0.33774,-0.04967,0.48331,0.86961,-0.08792,0.91,-10.27,-0.67
7.2545,178,0.56133,-0.02744,-0.32234,0.66216,0.63399,-0.39534,0.05744,1,0.30235,-0.06103,0.33832,-0.05149,0.47823,0.87274,-0.08349,0.30328,-0.07129,0.33784,-0.04931,0.48440,0.86895,-0.08863,0.93,-10.26,-0.48
7.2713,179,0.56908,-0.03218,-0.31455,0.65696,0.63064,-0.40945,0.05529,1,0.30243,-0.06269,0.33824,-0.05110,0.47918,0.87215,-0.08440,0.30331,-0.07295,0.33796,-0.04904,0.48549,0.86828,-0.08936,0.87,-10.26,-0.29
7.2879,180,0.58171,-0.04232,-0.29772,0.64731,0.62017,-0.43965,0.05566,1,0.30253,-0.06428,0.33820,-0.05073,0.48011,0.87159,-0.08523,0.30326,-0.07459,0.33822,-0.04870,0.48643,0.86768,-0.09030,0.73,-10.32,0.02
7.3048,181,0.58674,-0.04744,-0.28850,0.64142,0.61431,-0.45543,0.06151,1,0.30263,-0.06595,0.33819,-0.05035,0.48114,0.87095,-0.08605,0.30320,-0.07621,0.33861,-0.04801,0.48712,0.86722,-0.09135,0.56,-10.26,0.41
7.3215,182,0.59106,-0.05210,-0.27906,0.63390,0.60990,-0.47050,0.06944,1,0.30272,-0.06762,0.33821,-0.05000,0.48218,0.87032,-0.08686,0.30318,-0.07782,0.33905,-0.04712,0.48775,0.86681,-0.09229,0.46,-10.20,0.84
7.3381,183,0.59450,-0.05676,-0.26938,0.62410,0.60904,-0.48333,0.07717,1,0.30279,-0.06920,0.33828,-0.04965,0.48314,0.86973,-0.08765,0.30313,-0.07941,0.33956,-0.04603,0.48845,0.86641,-0.09293,0.34,-10.20,1.28
7.3549,184,0.59750,-0.06146,-0.25972,0.61325,0.61248,-0.49198,0.08218,1,0.30284,-0.07088,0.33842,-0.04922,0.48411,0.86913,-0.08850,0.30307,-0.08099,0.34007,-0.04483,0.48925,0.86601,-0.09303,0.23,-10.11,1.65
7.3717,185,0.60166,-0.07040,-0.24268,0.58869,0.62331,-0.50751,0.08581,1,0.30287,-0.07255,0.33863,-0.04872,0.48505,0.86854,-0.08937,0.30296,-0.08257,0.34061,-0.04380,0.49021,0.86554,-0.09282,0.08,-10.01,1.98
7.3883,186,0.60253,-0.07427,-0.23581,0.57729,0.62804,-0.51491,0.08470,1,0.30290,-0.07421,0.33891,-0.04810,0.48593,0.86800,-0.09020,0.30280,-0.08410,0.34124,-0.04300,0.49132,0.86498,-0.09255,-0.10,-9.89,2.33
7.4051,187,0.60249,-0.07783,-0.23036,0.56745,0.63169,-0.52176,0.08210,1,0.30291,-0.07575,0.33924,-0.04740,0.48679,0.86749,-0.09088,0.30250,-0.08557,0.34196,-0.04237,0.49251,0.86436,-0.09231,-0.41,-9.82,2.72
7.4220,188,0.60145,-0.08100,-0.22657,0.55976,0.63344,-0.52857,0.07765,1,0.30291,-0.07737,0.33964,-0.04659,0.48761,0.86701,-0.09144,0.30192,-0.08688,0.34281,-0.04207,0.49379,0.86365,-0.09222,-0.99,-9.52,3.17
7.4387,189,0.59939,-0.08375,-0.22430,0.55388,0.63409,-0.53463,0.07289,1,0.30287,-0.07897,0.34009,-0.04574,0.48852,0.86650,-0.09183,0.30096,-0.08781,0.34381,-0.04196,0.49509,0.86291,-0.09225,-1.91,-8.84,3.72
7.4553,190,0.59248,-0.08826,-0.22490,0.54800,0.63573,-0.53956,0.06647,1,0.30277,-0.08054,0.34061,-0.04493,0.48948,0.86598,-0.09204,0.29958,-0.08784,0.34465,-0.04205,0.49638,0.86219,-0.09201,-3.19,-7.30,4.04
7.4720,191,0.58724,-0.09062,-0.22800,0.55069,0.63501,-0.53768,0.06633,1,0.30257,-0.08201,0.34116,-0.04425,0.49049,0.86543,-0.09215,0.29813,-0.08713,0.34506,-0.04237,0.49705,0.86181,-0.09187,-4.44,-5.11,3.90
7.4888,192,0.58071,-0.09356,-0.23178,0.55692,0.63201,-0.53480,0.06616,1,0.30226,-0.08350,0.34181,-0.04360,0.49162,0.86483,-0.09212,0.29669,-0.08642,0.34547,-0.04291,0.49711,0.86174,-0.09194,-5.57,-2.92,3.66
7.5058,193,0.57303,-0.09662,-0.23611,0.56316,0.62917,-0.53190,0.06387,1,0.30171,-0.08485,0.34253,-0.04316,0.49276,0.86420,-0.09211,0.29527,-0.08564,0.34591,-0.04389,0.49665,0.86193,-0.09218,-6.44,-0.79,3.37
7.5224,194,0.56295,-0.09992,-0.24088,0.56991,0.62469,-0.53069,0.05777,1,0.30096,-0.08590,0.34328,-0.04297,0.49385,0.86359,-0.09204,0.29391,-0.08485,0.34645,-0.04530,0.49641,0.86194,-0.09263,-7.05,1.05,3.17
7.5391,195,0.53676,-0.10800,-0.25243,0.58341,0.62189,-0.52176,0.02544,1,0.30008,-0.08653,0.34396,-0.04298,0.49471,0.86311,-0.09195,0.29256,-0.08405,0.34700,-0.04675,0.49650,0.86184,-0.09241,-7.53,2.48,3.04
7.5561,196,0.52229,-0.11211,-0.25856,0.59107,0.62324,-0.51202,0.00653,1,0.29899,-0.08681,0.34466,-0.04317,0.49536,0.86273,-0.09191,0.29118,-0.08323,0.34747,-0.04813,0.49648,0.86184,-0.09183,-7.81,3.58,2.81
7.5729,197,0.50594,-0.11648,-0.26539,0.60072,0.62627,-0.49676,-0.01245,1,0.29780,-0.08669,0.34529,-0.04358,0.49579,0.86247,-0.09193,0.28981,-0.08239,0.34789,-0.04943,0.49624,0.86197,-0.09113,-7.99,4.30,2.60
7.5896,198,0.48891,-0.12110,-0.27269,0.61238,0.63009,-0.47666,-0.02785,1,0.29652,-0.08625,0.34583,-0.04426,0.49604,0.86228,-0.09198,0.28842,-0.08153,0.34822,-0.05061,0.49573,0.86227,-0.09041,-8.10,4.73,2.39
7.6064,199,0.47142,-0.12568,-0.28078,0.62425,0.63375,-0.45524,-0.03792,1,0.29522,-0.08560,0.34629,-0.04515,0.49619,0.86215,-0.09196,0.28705,-0.08060,0.34843,-0.05165,0.49501,0.86270,-0.08972,-8.17,5.00,2.14
7.6233,200,0.43668,-0.13509,-0.29712,0.65394,0.63179,-0.41386,-0.04380,1,0.29397,-0.08487,0.34668,-0.04609,0.49624,0.86208,-0.09186,0.28570,-0.07963,0.34856,-0.05257,0.49401,0.86325,-0.08942,-8.27,5.24,1.88
7.6399,201,0.42080,-0.13833,-0.30530,0.67221,0.62719,-0.39109,-0.04255,1,0.29264,-0.08402,0.34711,-0.04710,0.49614,0.86211,-0.09165,0.28449,-0.07849,0.34853,-0.05340,0.49290,0.86383,-0.08938,-8.15,5.53,1.42
7.6568,202,0.40636,-0.13997,-0.31280,0.69132,0.62149,-0.36634,-0.04021,1,0.29128,-0.08310,0.34753,-0.04817,0.49590,0.86222,-0.09134,0.28343,-0.07720,0.34847,-0.05419,0.49178,0.86442,-0.08937,-7.85,5.90,0.94
7.6738,203,0.39425,-0.14017,-0.32012,0.70809,0.61713,-0.34081,-0.04006,1,0.28991,-0.08214,0.34790,-0.04927,0.49548,0.86243,-0.09098,0.28258,-0.07578,0.34827,-0.05502,0.49068,0.86501,-0.08921,-7.33,6.36,0.37
7.6904,204,0.38461,-0.13819,-0.32649,0.71924,0.61567,-0.31950,-0.03964,1,0.28854,-0.08116,0.34819,-0.05035,0.49491,0.86274,-0.09062,0.28210,-0.07421,0.34802,-0.05574,0.48957,0.86563,-0.08890,-6.45,6.96,-0.17
7.7068,205,0.37050,-0.12767,-0.33842,0.72335,0.62137,-0.29739,-0.04720,1,0.28732,-0.08021,0.34839,-0.05130,0.49424,0.86310,-0.09030,0.28228,-0.07257,0.34773,-0.05639,0.48879,0.86613,-0.08793,-5.04,7.64,-0.66
7.7235,206,0.36538,-0.11881,-0.34327,0.72430,0.62417,-0.28810,-0.05290,1,0.28611,-0.07913,0.34852,-0.05223,0.49339,0.86356,-0.09001,0.28308,-0.07112,0.34759,-0.05712,0.48828,0.86648,-0.08677,-3.02,8.01,-0.93
7.7403,207,0.36199,-0.10784,-0.34687,0.72520,0.62855,-0.27547,-0.05599,1,0.28503,-0.07792,0.34853,-0.05312,0.49249,0.86405,-0.08967,0.28421,-0.06989,0.34758,-0.05755,0.48749,0.86700,-0.08569,-0.82,8.03,-0.95
7.7571,208,0.36033,-0.09573,-0.34886,0.72374,0.63593,-0.26224,-0.05500,1,0.28422,-0.07671,0.34847,-0.05389,0.49165,0.86453,-0.08924,0.28556,-0.06892,0.34772,-0.05743,0.48661,0.86761,-0.08465,1.34,7.79,-0.75
7.7743,209,0.36035,-0.08246,-0.34933,0.71869,0.64624,-0.25152,-0.05094,1,0.28364,-0.07533,0.34832,-0.05470,0.49075,0.86505,-0.08864,0.28705,-0.06822,0.34797,-0.05677,0.48590,0.86815,-0.08364,3.41,7.12,-0.35
7.7908,210,0.36274,-0.05048,-0.34762,0.70266,0.67060,-0.23447,-0.03988,1,0.28343,-0.07395,0.34814,-0.05537,0.48988,0.86558,-0.08793,0.28860,-0.06769,0.34829,-0.05583,0.48537,0.86860,-0.08271,5.17,6.26,0.15
7.8077,211,0.36552,-0.03249,-0.34427,0.69203,0.68410,-0.22806,-0.03302,1,0.28360,-0.07259,0.34801,-0.05583,0.48899,0.86613,-0.08715,0.29019,-0.06739,0.34867,-0.05470,0.48499,0.86896,-0.08186,6.59,5.20,0.66
7.8246,212,0.36894,-0.01304,-0.33976,0.67914,0.69908,-0.22221,-0.02624,1,0.28414,-0.07134,0.34799,-0.05605,0.48817,0.86666,-0.08630,0.29180,-0.06717,0.34906,-0.05354,0.48472,0.86926,-0.08101,7.66,4.17,1.06
7.8410,213,0.37299,0.00819,-0.33384,0.66587,0.71409,-0.21523,-0.01940,1,0.28489,-0.07033,0.34808,-0.05608,0.48750,0.86711,-0.08551,0.29342,-0.06701,0.34943,-0.05241,0.48441,0.86958,-0.08013,8.52,3.32,1.35
7.8578,214,0.37767,0.03040,-0.32622,0.65242,0.72880,-0.20743,-0.01285,1,0.28595,-0.06943,0.34829,-0.05585,0.48686,0.86758,-0.08462,0.29503,-0.06693,0.34981,-0.05132,0.48408,0.86992,-0.07921,9.08,2.50,1.53
7.8745,215,0.38804,0.07751,-0.30708,0.62142,0.75951,-0.19218,0.00716,1,0.28722,-0.06873,0.34856,-0.05536,0.48626,0.86803,-0.08369,0.29665,-0.06691,0.35021,-0.05014,0.48371,0.87027,-0.07844,9.43,1.83,1.65
7.8914,216,0.39417,0.10238,-0.29422,0.60103,0.77638,-0.18813,0.02445,1,0.28853,-0.06825,0.34886,-0.05474,0.48579,0.86842,-0.08280,0.29827,-0.06702,0.35059,-0.04879,0.48335,0.87058,-0.07799,9.75,1.23,1.73
7.9085,217,0.40012,0.12713,-0.28041,0.57924,0.79223,-0.18716,0.04275,1,0.29010,-0.06782,0.34922,-0.05390,0.48530,0.86885,-0.08174,0.29990,-0.06717,0.35092,-0.04738,0.48306,0.87085,-0.07766,9.80,0.65,1.69
7.9248,218,0.40601,0.15196,-0.26559,0.55802,0.80648,-0.18637,0.05881,1,0.29153,-0.06757,0.34959,-0.05305,0.48488,0.86921,-0.08090,0.30153,-0.06737,0.35119,-0.04597,0.48281,0.87109,-0.07730,10.00,0.20,1.61
7.9415,219,0.41213,0.17666,-0.24849,0.53720,0.81916,-0.18719,0.07318,1,0.29308,-0.06740,0.34997,-0.05204,0.48448,0.86958,-0.08008,0.30315,-0.06764,0.35147,-0.04452,0.48264,0.87129,-0.07699,10.07,-0.24,1.51
7.9584,220,0.42308,0.22499,-0.21004,0.49897,0.84085,-0.18724,0.09454,1,0.29467,-0.06733,0.35033,-0.05095,0.48410,0.86992,-0.07933,0.30476,-0.06794,0.35178,-0.04309,0.48253,0.87146,-0.07658,10.09,-0.62,1.45
7.9751,221,0.42815,0.24827,-0.18869,0.48162,0.84993,-0.18563,0.10582,1,0.29619,-0.06734,0.35065,-0.04985,0.48378,0.87022,-0.07871,0.30637,-0.06830,0.35204,-0.04169,0.48229,0.87170,-0.07616,10.18,-0.96,1.39
7.9920,222,0.43310,0.27045,-0.16591,0.46011,0.85905,-0.18947,0.12014,1,0.29783,-0.06743,0.35097,-0.04858,0.48346,0.87052,-0.07815,0.30796,-0.06871,0.35232,-0.04021,0.48217,0.87185,-0.07603,10.13,-1.29,1.35
8.0085,223,0.43742,0.29093,-0.14268,0.43658,0.86801,-0.19727,0.13052,1,0.29947,-0.06755,0.35129,-0.04725,0.48320,0.87078,-0.07765,0.30954,-0.06916,0.35259,-0.03872,0.48230,0.87184,-0.07596,10.07,-1.60,1.29
8.0257,224,0.44398,0.32798,-0.09461,0.39517,0.88192,-0.21327,0.14344,1,0.30110,-0.06773,0.35160,-0.04588,0.48295,0.87103,-0.07719,0.31112,-0.06961,0.35289,-0.03725,0.48259,0.87176,-0.07592,10.02,-1.88,1.29
8.0422,225,0.44603,0.34513,-0.07002,0.37756,0.88749,-0.21746,0.15007,1,0.30263,-0.06793,0.35189,-0.04457,0.48276,0.87124,-0.07685,0.31271,-0.07003,0.35313,-0.03577,0.48274,0.87175,-0.07575,10.09,-2.10,1.24
8.0588,226,0.44715,0.36103,-0.04543,0.35933,0.89302,-0.22115,0.15647,1,0.30425,-0.06820,0.35220,-0.04312,0.48262,0.87141,-0.07653,0.31431,-0.07044,0.35338,-0.03429,0.48289,0.87174,-0.07553,10.06,-2.24,1.19
8.0759,227,0.44806,0.37568,-0.02029,0.34129,0.89802,-0.22539,0.16211,1,0.30586,-0.06851,0.35249,-0.04168,0.48256,0.87154,-0.07626,0.31590,-0.07088,0.35364,-0.03282,0.48310,0.87170,-0.07535,10.04,-2.37,1.16
8.0923,228,0.44818,0.38880,0.00479,0.32313,0.90249,-0.23081,0.16680,1,0.30746,-0.06889,0.35276,-0.04023,0.48258,0.87162,-0.07602,0.31748,-0.07132,0.35392,-0.03135,0.48338,0.87161,-0.07524,10.02,-2.42,1.16
8.1090,229,0.44562,0.41105,0.05540,0.28787,0.90893,-0.24423,0.17699,1,0.30897,-0.06929,0.35301,-0.03885,0.48262,0.87168,-0.07580,0.31905,-0.07173,0.35428,-0.02988,0.48364,0.87151,-0.07527,10.08,-2.44,1.26
8.1260,230,0.44349,0.41977,0.08083,0.26931,0.91191,-0.25153,0.18062,1,0.31060,-0.06972,0.35328,-0.03734,0.48271,0.87171,-0.07557,0.32062,-0.07217,0.35465,-0.02843,0.48401,0.87135,-0.07530,10.02,-2.44,1.36
8.1427,231,0.44051,0.42653,0.10608,0.24883,0.91526,-0.25914,0.18230,1,0.31221,-0.07014,0.35355,-0.03584,0.48285,0.87172,-0.07538,0.32217,-0.07260,0.35508,-0.02703,0.48449,0.87113,-0.07528,9.95,-2.46,1.53
8.1596,232,0.43718,0.43201,0.13022,0.23058,0.91882,-0.26460,0.18055,1,0.31382,-0.07055,0.35384,-0.03434,0.48302,0.87170,-0.07525,0.32372,-0.07303,0.35552,-0.02573,0.48516,0.87081,-0.07513,9.90,-2.48,1.67
8.1763,233,0.43278,0.43611,0.15388,0.21514,0.92230,-0.26782,0.17708,1,0.31533,-0.07092,0.35413,-0.03292,0.48323,0.87164,-0.07516,0.32527,-0.07341,0.35601,-0.02455,0.48594,0.87043,-0.07483,9.94,-2.49,1.88
8.1929,234,0.42213,0.44081,0.19906,0.18580,0.93064,-0.26458,0.17142,1,0.31693,-0.07131,0.35445,-0.03144,0.48353,0.87154,-0.07507,0.32679,-0.07375,0.35658,-0.02346,0.48662,0.87015,-0.07411,9.86,-2.44,2.13
8.2094,235,0.41634,0.44202,0.22042,0.16953,0.93551,-0.26158,0.16628,1,0.31852,-0.07173,0.35479,-0.03000,0.48390,0.87138,-0.07500,0.32833,-0.07403,0.35716,-0.02251,0.48739,0.86981,-0.07331,9.81,-2.31,2.38
8.2264,236,0.40948,0.44149,0.24097,0.15155,0.94046,-0.25950,0.15883,1,0.32010,-0.07214,0.35514,-0.02861,0.48435,0.87120,-0.07488,0.32983,-0.07426,0.35785,-0.02159,0.48826,0.86940,-0.07261,9.73,-2.12,2.71
8.2431,237,0.40136,0.44046,0.25992,0.13543,0.94496,-0.25725,0.15012,1,0.32160,-0.07251,0.35553,-0.02733,0.48483,0.87099,-0.07465,0.33133,-0.07434,0.35858,-0.02078,0.48921,0.86895,-0.07191,9.73,-1.83,3.05
8.2597,238,0.39220,0.43818,0.27857,0.11959,0.94906,-0.25445,0.14229,1,0.32318,-0.07288,0.35599,-0.02604,0.48542,0.87073,-0.07431,0.33279,-0.07434,0.35938,-0.01996,0.49012,0.86852,-0.07117,9.61,-1.47,3.39
8.2764,239,0.37383,0.43393,0.31487,0.08471,0.95556,-0.24698,0.13686,1,0.32474,-0.07320,0.35652,-0.02486,0.48608,0.87043,-0.07387,0.33427,-0.07429,0.36014,-0.01890,0.49071,0.86827,-0.07032,9.53,-1.09,3.62
8.2932,240,0.36451,0.43050,0.33125,0.06708,0.95829,-0.24096,0.13830,1,0.32619,-0.07345,0.35707,-0.02382,0.48676,0.87012,-0.07339,0.33573,-0.07418,0.36093,-0.01780,0.49101,0.86821,-0.06934,9.55,-0.73,3.87
8.3100,241,0.35545,0.42604,0.34692,0.05165,0.96081,-0.23416,0.13907,1,0.32771,-0.07366,0.35770,-0.02280,0.48753,0.86977,-0.07279,0.33718,-0.07408,0.36176,-0.01681,0.49131,0.86814,-0.06826,9.46,-0.43,4.06
8.3268,242,0.34646,0.42080,0.36186,0.03756,0.96299,-0.22738,0.13979,1,0.32925,-0.07382,0.35837,-0.02179,0.48826,0.86944,-0.07212,0.33861,-0.07399,0.36261,-0.01584,0.49161,0.86808,-0.06716,9.36,-0.17,4.25
8.3434,243,0.33724,0.41589,0.37554,0.02387,0.96450,-0.22172,0.14148,1,0.33079,-0.07395,0.35907,-0.02080,0.48895,0.86914,-0.07136,0.34004,-0.07381,0.36345,-0.01479,0.49183,0.86805,-0.06611,9.25,0.14,4.38
8.3602,244,0.31826,0.40528,0.40014,-0.00738,0.96654,-0.21068,0.14613,1,0.33223,-0.07403,0.35978,-0.01985,0.48954,0.86889,-0.07059,0.34143,-0.07356,0.36433,-0.01367,0.49202,0.86804,-0.06514,9.20,0.47,4.55
8.3773,245,0.30938,0.40004,0.41091,-0.02242,0.96755,-0.20351,0.14806,1,0.33374,-0.07405,0.36058,-0.01884,0.49006,0.86869,-0.06970,0.34284,-0.07327,0.36518,-0.01265,0.49222,0.86802,-0.06405,9.09,0.78,4.60
8.3937,246,0.30101,0.39376,0.42140,-0.03646,0.96842,-0.19639,0.14921,1,0.33524,-0.07401,0.36141,-0.01782,0.49051,0.86854,-0.06876,0.34423,-0.07306,0.36607,-0.01168,0.49247,0.86797,-0.06294,8.99,0.95,4.65
8.4104,247,0.29307,0.38747,0.43105,-0.05041,0.96878,-0.19053,0.15041,1,0.33670,-0.07391,0.36226,-0.01681,0.49091,0.86841,-0.06778,0.34562,-0.07284,0.36696,-0.01062,0.49272,0.86792,-0.06191,8.92,1.07,4.70
8.4272,248,0.28491,0.38069,0.44032,-0.06405,0.96884,-0.18530,0.15135,1,0.33806,-0.07378,0.36305,-0.01585,0.49122,0.86832,-0.06683,0.34699,-0.07259,0.36787,-0.00952,0.49298,0.86785,-0.06092,8.93,1.19,4.81
8.4439,249,0.26913,0.36940,0.45609,-0.09420,0.96793,-0.17522,0.15341,1,0.33951,-0.07361,0.36390,-0.01481,0.49152,0.86825,-0.06580,0.34837,-0.07223,0.36873,-0.00838,0.49323,0.86779,-0.05998,8.87,1.38,4.83
8.4607,250,0.26149,0.36471,0.46219,-0.10702,0.96673,-0.17244,0.15572,1,0.34095,-0.07342,0.36475,-0.01375,0.49182,0.86818,-0.06476,0.34973,-0.07170,0.36954,-0.00712,0.49333,0.86780,-0.05917,8.78,1.72,4.79
8.4774,251,0.25363,0.36187,0.46667,-0.11652,0.96509,-0.17180,0.15969,1,0.34237,-0.07321,0.36562,-0.01268,0.49209,0.86812,-0.06374,0.35101,-0.07085,0.37020,-0.00579,0.49312,0.86797,-0.05854,8.63,2.35,4.59
8.4941,252,0.24559,0.35902,0.47008,-0.12272,0.96273,-0.17444,0.16633,1,0.34370,-0.07298,0.36644,-0.01166,0.49233,0.86806,-0.06278,0.35217,-0.06991,0.37093,-0.00455,0.49241,0.86839,-0.05841,8.47,3.07,4.50
8.5109,253,0.23755,0.35519,0.47370,-0.12911,0.95929,-0.17851,0.17670,1,0.34510,-0.07268,0.36730,-0.01054,0.49254,0.86803,-0.06180,0.35337,-0.06910,0.37176,-0.00349,0.49149,0.86892,-0.05841,8.27,3.57,4.46
8.5276,254,0.22304,0.34062,0.48307,-0.16233,0.94356,-0.20174,0.20649,1,0.34648,-0.07229,0.36815,-0.00939,0.49266,0.86804,-0.06088,0.35460,-0.06879,0.37284,-0.00220,0.49085,0.86927,-0.05859,8.12,3.50,4.69
8.5444,255,0.21705,0.33162,0.48823,-0.18323,0.93579,-0.20498,0.22070,1,0.34783,-0.07180,0.36897,-0.00821,0.49264,0.86812,-0.06010,0.35588,-0.06889,0.37390,-0.00084,0.49037,0.86956,-0.05828,8.05,2.91,4.93
8.5610,256,0.21088,0.32216,0.49456,-0.20013,0.92978,-0.20234,0.23350,1,0.34906,-0.07128,0.36975,-0.00709,0.49245,0.86827,-0.05954,0.35726,-0.06908,0.37482,0.00038,0.48990,0.86987,-0.05762,8.20,2.20,5.08
8.5778,257,0.20376,0.31358,0.50023,-0.21638,0.92542,-0.19637,0.24128,1,0.35037,-0.07072,0.37059,-0.00585,0.49211,0.86850,-0.05909,0.35868,-0.06911,0.37570,0.00158,0.48973,0.87003,-0.05674,8.31,1.60,5.10
8.5946,258,0.19553,0.30469,0.50620,-0.22514,0.92632,-0.18156,0.24143,1,0.35168,-0.07020,0.37147,-0.00458,0.49169,0.86878,-0.05873,0.36013,-0.06908,0.37650,0.00224,0.48994,0.86998,-0.05555,8.46,1.13,5.03
8.6115,259,0.17610,0.28852,0.51658,-0.24394,0.92674,-0.15749,0.23843,1,0.35301,-0.06977,0.37239,-0.00329,0.49124,0.86906,-0.05838,0.36158,-0.06878,0.37728,0.00276,0.49050,0.86975,-0.05428,8.57,1.00,4.89
8.6282,260,0.16819,0.28018,0.52167,-0.25851,0.92453,-0.14582,0.23906,1,0.35427,-0.06946,0.37326,-0.00209,0.49088,0.86929,-0.05798,0.35574,-0.06928,0.37401,-0.00122,0.49123,0.86917,-0.05683,1.48,0.18,0.75
8.6450,261,0.16171,0.27218,0.52601,-0.27528,0.92014,-0.13989,0.24083,1,0.35560,-0.06923,0.37417,-0.00091,0.49062,0.86948,-0.05742,0.35722,-0.06917,0.37478,0.00002,0.49141,0.86913,-0.05600,1.61,0.05,0.61
8.6616,262,0.15690,0.26365,0.53020,-0.29077,0.91532,-0.13754,0.24234,1,0.35689,-0.06905,0.37502,0.00010,0.49047,0.86961,-0.05674,0.35868,-0.06930,0.37557,0.00140,0.49151,0.86910,-0.05541,1.78,-0.25,0.55
8.6783,263,0.15217,0.25582,0.53391,-0.30299,0.91141,-0.13720,0.24231,1,0.35803,-0.06891,0.37577,0.00081,0.49049,0.86965,-0.05604,0.36016,-0.06937,0.37634,0.00284,0.49168,0.86903,-0.05502,2.13,-0.46,0.57
8.6950,264,0.14244,0.23854,0.54095,-0.32181,0.90835,-0.12617,0.23542,1,0.35889,-0.06882,0.37633,0.00118,0.49061,0.86961,-0.05553,0.36162,-0.06946,0.37714,0.00388,0.49232,0.86871,-0.05428,2.73,-0.65,0.80
8.7117,265,0.13811,0.23051,0.54416,-0.32941,0.90787,-0.11342,0.23322,1,0.35954,-0.06880,0.37675,0.00138,0.49086,0.86948,-0.05521,0.36310,-0.06954,0.37789,0.00433,0.49298,0.86841,-0.05309,3.56,-0.74,1.14
8.7285,266,0.13419,0.22362,0.54717,-0.33146,0.90880,-0.10154,0.23218,1,0.35992,-0.06888,0.37697,0.00148,0.49118,0.86931,-0.05509,0.36462,-0.06957,0.37857,0.00414,0.49358,0.86815,-0.05175,4.71,-0.69,1.60
8.7452,267,0.13070,0.21705,0.54975,-0.32915,0.91144,-0.09249,0.22889,1,0.36013,-0.06904,0.37706,0.00164,0.49153,0.86912,-0.05504,0.36612,-0.06959,0.37929,0.00337,0.49438,0.86775,-0.05083,5.99,-0.55,2.24
8.7619,268,0.12744,0.21051,0.55174,-0.32599,0.91436,-0.08720,0.22379,1,0.36046,-0.06926,0.37713,0.00213,0.49191,0.86892,-0.05479,0.36756,-0.06958,0.38013,0.00247,0.49539,0.86720,-0.05047,7.10,-0.32,3.00
8.7786,269,0.12250,0.19737,0.55413,-0.32045,0.91819,-0.07719,0.21972,1,0.36095,-0.06950,0.37724,0.00279,0.49231,0.86872,-0.05434,0.36888,-0.06963,0.38115,0.00143,0.49612,0.86683,-0.04977,7.93,-0.13,3.90
8.7954,270,0.12137,0.19219,0.55481,-0.32067,0.91693,-0.07180,0.22641,1,0.36168,-0.06972,0.37748,0.00340,0.49279,0.86849,-0.05363,0.37009,-0.06985,0.38228,0.00071,0.49629,0.86678,-0.04886,8.41,-0.13,4.80
8.8122,271,0.12139,0.18790,0.55522,-0.32223,0.91358,-0.07143,0.23757,1,0.36257,-0.06981,0.37783,0.00373,0.49330,0.86825,-0.05273,0.37112,-0.07037,0.38348,0.00038,0.49592,0.86704,-0.04809,8.54,-0.57,5.65
8.8290,272,0.12081,0.18344,0.55554,-0.32641,0.90916,-0.07507,0.24749,1,0.36371,-0.06987,0.37839,0.00381,0.49386,0.86799,-0.05179,0.37221,-0.07070,0.38469,0.00057,0.49516,0.86750,-0.04762,8.51,-0.83,6.31
8.8456,273,0.12099,0.17954,0.55708,-0.32497,0.90779,-0.07529,0.25423,1,0.36499,-0.06996,0.37919,0.00369,0.49441,0.86773,-0.05093,0.37344,-0.07147,0.38551,0.00032,0.49392,0.86822,-0.04725,8.46,-1.51,6.32
8.8623,274,0.12104,0.17549,0.55822,-0.32618,0.90878,-0.07187,0.25012,1,0.36620,-0.07003,0.38016,0.00331,0.49477,0.86757,-0.05021,0.37462,-0.07216,0.38648,0.00015,0.49333,0.86858,-0.04683,8.41,-2.13,6.31
8.8797,275,0.12127,0.17475,0.55884,-0.32784,0.90888,-0.07190,0.24757,1,0.36753,-0.07006,0.38132,0.00262,0.49495,0.86751,-0.04946,0.37532,-0.07282,0.38666,0.00030,0.49330,0.86861,-0.04663,7.78,-2.76,5.35
8.8961,276,0.12197,0.17493,0.55930,-0.32991,0.90815,-0.07526,0.24651,1,0.36874,-0.07024,0.38235,0.00209,0.49490,0.86757,-0.04889,0.37520,-0.07356,0.38628,0.00091,0.49327,0.86861,-0.04702,6.46,-3.31,3.93
8.9126,277,0.12324,0.17480,0.55987,-0.33162,0.90710,-0.08020,0.24652,1,0.37007,-0.07062,0.38344,0.00170,0.49470,0.86772,-0.04832,0.37502,-0.07493,0.38604,0.00175,0.49290,0.86876,-0.04803,4.95,-4.31,2.60
8.9293,278,0.12513,0.17523,0.56031,-0.33310,0.90651,-0.08416,0.24536,1,0.37134,-0.07112,0.38442,0.00137,0.49437,0.86793,-0.04784,0.37426,-0.07634,0.38556,0.00263,0.49282,0.86873,-0.04924,2.92,-5.21,1.14
8.9461,279,0.12930,0.17694,0.56081,-0.33238,0.91034,-0.08226,0.23245,1,0.37239,-0.07170,0.38521,0.00119,0.49408,0.86811,-0.04763,0.37326,-0.07753,0.38497,0.00311,0.49323,0.86845,-0.05014,0.88,-5.83,-0.23
8.9628,280,0.13097,0.17898,0.56052,-0.32995,0.91320,-0.08052,0.22518,1,0.37330,-0.07250,0.38586,0.00124,0.49384,0.86825,-0.04765,0.37195,-0.07296,0.38501,0.00118,0.49463,0.86777,-0.04824,-1.35,-0.47,-0.86
8.9795,281,0.13289,0.18188,0.55976,-0.32739,0.91553,-0.08044,0.21945,1,0.37391,-0.07345,0.38623,0.00132,0.49357,0.86838,-0.04793,0.37052,-0.07323,0.38419,0.00055,0.49567,0.86714,-0.04884,-3.38,0.22,-2.04
8.9963,282,0.13487,0.18731,0.55820,-0.32345,0.91737,-0.08256,0.21677,1,0.37419,-0.07441,0.38631,0.00146,0.49342,0.86844,-0.04834,0.36912,-0.07313,0.38330,-0.00032,0.49618,0.86679,-0.04982,-5.07,1.28,-3.02
9.0134,283,0.13792,0.19365,0.55618,-0.31950,0.91826,-0.08668,0.21725,1,0.37421,-0.07542,0.38618,0.00168,0.49350,0.86838,-0.04879,0.36768,-0.07317,0.38246,-0.00108,0.49606,0.86679,-0.05095,-6.53,2.25,-3.72
9.0300,284,0.14617,0.20601,0.55187,-0.31003,0.91985,-0.09762,0.21962,1,0.37395,-0.07614,0.38590,0.00176,0.49374,0.86822,-0.04911,0.36622,-0.07340,0.38169,-0.00169,0.49546,0.86706,-0.05215,-7.72,2.74,-4.21
9.0467,285,0.15105,0.21208,0.54960,-0.30312,0.92178,-0.10231,0.21904,1,0.37333,-0.07665,0.38548,0.00155,0.49411,0.86799,-0.04950,0.36477,-0.07374,0.38095,-0.00266,0.49521,0.86713,-0.05327,-8.57,2.91,-4.53
9.0636,286,0.15644,0.21833,0.54707,-0.29302,0.92553,-0.10617,0.21506,1,0.37245,-0.07672,0.38491,0.00109,0.49458,0.86770,-0.04980,0.36331,-0.07410,0.38022,-0.00380,0.49538,0.86698,-0.05422,-9.14,2.62,-4.69
9.0801,287,0.16241,0.22418,0.54442,-0.28370,0.92920,-0.10950,0.21005,1,0.37137,-0.07652,0.38429,0.00043,0.49497,0.86746,-0.05018,0.36186,-0.07458,0.37954,-0.00490,0.49569,0.86673,-0.05515,-9.51,1.94,-4.75
9.0968,288,0.17523,0.23875,0.53809,-0.26576,0.93619,-0.11368,0.20001,1,0.37003,-0.07613,0.38357,-0.00040,0.49529,0.86724,-0.05073,0.36043,-0.07495,0.37878,-0.00607,0.49606,0.86646,-0.05597,-9.60,1.18,-4.79
9.1135,289,0.18175,0.24765,0.53401,-0.25500,0.93998,-0.11633,0.19462,1,0.36856,-0.07567,0.38282,-0.00125,0.49540,0.86714,-0.05146,0.35901,-0.07519,0.37795,-0.00725,0.49637,0.86622,-0.05681,-9.55,0.47,-4.87
9.1302,290,0.18840,0.25703,0.52928,-0.24284,0.94417,-0.11843,0.18854,1,0.36712,-0.07527,0.38212,-0.00205,0.49547,0.86705,-0.05225,0.35758,-0.07540,0.37711,-0.00847,0.49671,0.86597,-0.05757,-9.54,-0.13,-5.01
9.1470,291,0.19534,0.26648,0.52365,-0.22947,0.94852,-0.12119,0.18157,1,0.36693,-0.07522,0.38204,-0.00216,0.49549,0.86703,-0.05235,0.35613,-0.07560,0.37632,-0.00967,0.49704,0.86571,-0.05837,-10.81,-0.38,-5.71
9.1640,292,0.20241,0.27616,0.51722,-0.21579,0.95268,-0.12503,0.17382,1,0.36392,-0.07480,0.38067,-0.00398,0.49580,0.86674,-0.05411,0.35466,-0.07579,0.37555,-0.01080,0.49740,0.86543,-0.05925,-9.25,-0.99,-5.12
9.1807,293,0.21603,0.29797,0.50053,-0.18538,0.96008,-0.13420,0.16082,1,0.36230,-0.07479,0.37989,-0.00508,0.49601,0.86656,-0.05501,0.35317,-0.07584,0.37480,-0.01195,0.49761,0.86523,-0.06016,-9.13,-1.05,-5.09
9.1975,294,0.22263,0.30889,0.49126,-0.17104,0.96279,-0.13789,0.15740,1,0.36081,-0.07491,0.37914,-0.00616,0.49624,0.86637,-0.05580,0.35170,-0.07586,0.37402,-0.01318,0.49761,0.86515,-0.06103,-9.11,-0.94,-5.12
9.2141,295,0.22946,0.32027,0.48116,-0.15588,0.96533,-0.14050,0.15527,1,0.35925,-0.07511,0.37833,-0.00730,0.49648,0.86617,-0.05661,0.35024,-0.07586,0.37323,-0.01447,0.49751,0.86513,-0.06179,-9.01,-0.75,-5.10
9.2308,296,0.23646,0.33160,0.46890,-0.13849,0.96776,-0.14388,0.15350,1,0.35772,-0.07529,0.37751,-0.00846,0.49672,0.86597,-0.05743,0.34873,-0.07582,0.37252,-0.01574,0.49735,0.86515,-0.06257,-8.99,-0.53,-4.99
9.2475,297,0.24336,0.34180,0.45667,-0.12080,0.96999,-0.14813,0.15031,1,0.35618,-0.07546,0.37671,-0.00963,0.49695,0.86576,-0.05827,0.34721,-0.07581,0.37183,-0.01697,0.49728,0.86510,-0.06342,-8.97,-0.35,-4.88
9.2642,298,0.25752,0.36181,0.42885,-0.08332,0.97353,-0.15573,0.14506,1,0.35475,-0.07559,0.37598,-0.01074,0.49712,0.86561,-0.05906,0.34567,-0.07578,0.37118,-0.01823,0.49716,0.86509,-0.06423,-9.07,-0.18,-4.80
9.2810,0,0.26422,0.37268,0.41302,-0.06347,0.97464,-0.15816,0.14503,1,0.35322,-0.07569,0.37522,-0.01198,0.49721,0.86548,-0.05988,0.34418,-0.07565,0.37047,-0.01952,0.49686,0.86518,-0.06492,-9.04,0.04,-4.76
9.2979,1,0.27042,0.38339,0.39507,-0.04391,0.97512,-0.15909,0.14799,1,0.35169,-0.07575,0.37447,-0.01326,0.49725,0.86538,-0.06070,0.34266,-0.07546,0.36979,-0.02080,0.49638,0.86538,-0.06549,-9.02,0.30,-4.68
9.3149,2,0.27682,0.39360,0.37647,-0.02458,0.97543,-0.15929,0.15021,1,0.35017,-0.07579,0.37373,-0.01454,0.49724,0.86531,-0.06152,0.34116,-0.07526,0.36911,-0.02212,0.49593,0.86557,-0.06602,-9.01,0.53,-4.62
9.3316,3,0.28353,0.40353,0.35623,-0.00390,0.97549,-0.15957,0.15145,1,0.34866,-0.07579,0.37298,-0.01582,0.49716,0.86527,-0.06231,0.33965,-0.07506,0.36843,-0.02346,0.49555,0.86571,-0.06657,-9.01,0.73,-4.55
9.3482,4,0.29631,0.42095,0.31167,0.04077,0.97512,-0.16003,0.14789,1,0.34725,-0.07575,0.37230,-0.01701,0.49700,0.86529,-0.06304,0.33811,-0.07482,0.36783,-0.02483,0.49534,0.86575,-0.06712,-9.14,0.93,-4.47
9.3650,5,0.30186,0.42904,0.28593,0.06648,0.97441,-0.15898,0.14432,1,0.34574,-0.07566,0.37157,-0.01832,0.49678,0.86534,-0.06377,0.33660,-0.07451,0.36720,-0.02624,0.49519,0.86575,-0.06761,-9.14,1.15,-4.36
9.3818,6,0.30676,0.43619,0.25839,0.09231,0.97319,-0.15618,0.14142,1,0.34422,-0.07553,0.37085,-0.01963,0.49652,0.86541,-0.06447,0.33509,-0.07416,0.36659,-0.02768,0.49500,0.86578,-0.06801,-9.14,1.37,-4.26
9.3985,7,0.31071,0.44191,0.22920,0.11836,0.97115,-0.15274,0.13977,1,0.34270,-0.07535,0.37014,-0.02095,0.49624,0.86549,-0.06512,0.33358,-0.07378,0.36600,-0.02910,0.49474,0.86586,-0.06839,-9.13,1.57,-4.14
9.4152,8,0.31356,0.44562,0.19830,0.14374,0.96848,-0.14945,0.13801,1,0.34126,-0.07517,0.36950,-0.02220,0.49598,0.86556,-0.06570,0.33206,-0.07336,0.36546,-0.03053,0.49448,0.86592,-0.06878,-9.20,1.81,-4.04
9.4325,9,0.31536,0.45330,0.16192,0.18685,0.96437,-0.13551,0.12931,1,0.33964,-0.07493,0.36880,-0.02364,0.49571,0.86563,-0.06629,0.33065,-0.07284,0.36473,-0.03202,0.49435,0.86594,-0.06888,-8.99,2.09,-4.07
9.4488,10,0.31341,0.45461,0.14760,0.20374,0.96312,-0.12515,0.12338,1,0.33819,-0.07468,0.36821,-0.02493,0.49547,0.86569,-0.06677,0.32928,-0.07211,0.36413,-0.03350,0.49433,0.86592,-0.06863,-8.91,2.57,-4.07
9.4654,11,0.31096,0.45373,0.13552,0.21993,0.96139,-0.11391,0.11992,1,0.33665,-0.07437,0.36758,-0.02634,0.49524,0.86575,-0.06722,0.32784,-0.07135,0.36374,-0.03495,0.49414,0.86599,-0.06833,-8.81,3.02,-3.84
9.4820,12,0.30781,0.45163,0.12451,0.24101,0.95700,-0.10504,0.12259,1,0.33521,-0.07403,0.36699,-0.02770,0.49503,0.86580,-0.06758,0.32641,-0.07053,0.36351,-0.03633,0.49362,0.86622,-0.06842,-8.80,3.50,-3.48
9.4988,13,0.30402,0.44981,0.10980,0.26223,0.95085,-0.09973,0.13105,1,0.33371,-0.07360,0.36635,-0.02915,0.49484,0.86584,-0.06785,0.32502,-0.06971,0.36309,-0.03752,0.49286,0.86658,-0.06880,-8.69,3.89,-3.27
9.5155,14,0.29451,0.44771,0.08587,0.30057,0.93673,-0.09252,0.15376,1,0.33222,-0.07309,0.36574,-0.03063,0.49462,0.86590,-0.06802,0.32379,-0.06868,0.36263,-0.03854,0.49197,0.86700,-0.06929,-8.43,4.41,-3.11
9.5325,15,0.29449,0.42797,0.02269,0.31729,0.93098,-0.08595,0.15882,1,0.33076,-0.07251,0.36518,-0.03207,0.49437,0.86598,-0.06816,0.32227,-0.06818,0.36218,-0.03981,0.49125,0.86733,-0.06947,-8.49,4.33,-3.00
9.5494,16,0.29673,0.40905,-0.04252,0.33842,0.92438,-0.07722,0.15819,1,0.32933,-0.07186,0.36466,-0.03347,0.49403,0.86611,-0.06830,0.32078,-0.06770,0.36163,-0.04124,0.49086,0.86748,-0.06951,-8.55,4.16,-3.03
9.5661,17,0.30275,0.39306,-0.11430,0.36297,0.91805,-0.06521,0.14555,1,0.32799,-0.07121,0.36421,-0.03474,0.49362,0.86628,-0.06847,0.31934,-0.06728,0.36089,-0.04272,0.49094,0.86738,-0.06928,-8.65,3.93,-3.32
9.5826,18,0.30392,0.37791,-0.16212,0.38810,0.91111,-0.05207,0.12859,1,0.32657,-0.07049,0.36378,-0.03606,0.49311,0.86650,-0.06867,0.31788,-0.06682,0.36022,-0.04417,0.49114,0.86722,-0.06898,-8.69,3.67,-3.55
9.5993,19,0.30018,0.34428,-0.23264,0.43896,0.89328,-0.02952,0.09218,1,0.32513,-0.06977,0.36332,-0.03740,0.49259,0.86673,-0.06886,0.31638,-0.06633,0.35969,-0.04562,0.49139,0.86702,-0.06875,-8.74,3.45,-3.63
9.6160,20,0.29818,0.32665,-0.26288,0.46423,0.88208,-0.02314,0.07668,1,0.32376,-0.06911,0.36287,-0.03868,0.49217,0.86690,-0.06900,0.31487,-0.06594,0.35910,-0.04708,0.49164,0.86680,-0.06878,-8.89,3.18,-3.77
9.6329,21,0.29689,0.30857,-0.28288,0.48795,0.87058,-0.02159,0.05941,1,0.32231,-0.06847,0.36235,-0.04005,0.49188,0.86699,-0.06908,0.31328,-0.06563,0.35873,-0.04847,0.49207,0.86647,-0.06892,-9.04,2.83,-3.61
9.6496,22,0.29535,0.28934,-0.30812,0.50938,0.85908,-0.02668,0.04250,1,0.32085,-0.06788,0.36178,-0.04145,0.49171,0.86703,-0.06909,0.31174,-0.06537,0.35815,-0.04972,0.49266,0.86603,-0.06928,-9.11,2.51,-3.63
9.6662,23,0.29351,0.26924,-0.33294,0.52984,0.84698,-0.03604,0.02451,1,0.31946,-0.06740,0.36124,-0.04278,0.49167,0.86699,-0.06906,0.31021,-0.06514,0.35753,-0.05085,0.49338,0.86552,-0.06975,-9.26,2.26,-3.71
9.6830,24,0.28973,0.23102,-0.37916,0.57262,0.81807,-0.05303,-0.00798,1,0.31797,-0.06694,0.36066,-0.04419,0.49172,0.86689,-0.06904,0.30869,-0.06497,0.35685,-0.05203,0.49399,0.86506,-0.07027,-9.27,1.97,-3.80
9.6998,25,0.28730,0.21175,-0.40050,0.59222,0.80323,-0.05920,-0.02413,1,0.31644,-0.06653,0.36008,-0.04559,0.49190,0.86671,-0.06910,0.30722,-0.06488,0.35608,-0.05326,0.49457,0.86462,-0.07071,-9.23,1.65,-4.00
9.7164,26,0.28543,0.19240,-0.42016,0.61236,0.78725,-0.06389,-0.03424,1,0.31492,-0.06617,0.35951,-0.04694,0.49221,0.86645,-0.06924,0.30575,-0.06488,0.35530,-0.05453,0.49494,0.86428,-0.07134,-9.17,1.29,-4.21
9.7332,27,0.28421,0.17225,-0.43820,0.63181,0.77074,-0.07193,-0.04001,1,0.31348,-0.06587,0.35898,-0.04816,0.49259,0.86615,-0.06945,0.30427,-0.06495,0.35453,-0.05565,0.49527,0.86394,-0.07222,-9.20,0.92,-4.45
9.7501,28,0.28314,0.15265,-0.45390,0.65029,0.75366,-0.08498,-0.04355,1,0.31194,-0.06559,0.35837,-0.04945,0.49305,0.86579,-0.06974,0.30280,-0.06506,0.35376,-0.05656,0.49567,0.86356,-0.07328,-9.15,0.52,-4.61
9.7667,29,0.27891,0.11718,-0.47974,0.68193,0.72089,-0.10937,-0.05771,1,0.31040,-0.06537,0.35771,-0.05076,0.49351,0.86542,-0.07013,0.30132,-0.06511,0.35300,-0.05752,0.49621,0.86311,-0.07419,-9.08,0.26,-4.71
9.7836,30,0.27618,0.10008,-0.49062,0.69445,0.70705,-0.11676,-0.06476,1,0.30887,-0.06523,0.35699,-0.05202,0.49394,0.86506,-0.07062,0.29986,-0.06517,0.35220,-0.05862,0.49670,0.86269,-0.07497,-9.02,0.06,-4.79
9.8003,31,0.27369,0.08321,-0.50015,0.70448,0.69562,-0.12216,-0.07000,1,0.30746,-0.06515,0.35630,-0.05314,0.49436,0.86471,-0.07118,0.29839,-0.06527,0.35141,-0.05973,0.49715,0.86228,-0.07577,-9.07,-0.12,-4.88
9.8169,32,0.27137,0.06655,-0.50927,0.71440,0.68448,-0.12539,-0.07344,1,0.30596,-0.06513,0.35555,-0.05429,0.49480,0.86433,-0.07185,0.29694,-0.06541,0.35060,-0.06091,0.49740,0.86198,-0.07662,-9.02,-0.28,-4.94
9.8336,33,0.26920,0.05019,-0.51787,0.72553,0.67237,-0.12757,-0.07243,1,0.30445,-0.06513,0.35478,-0.05541,0.49524,0.86394,-0.07258,0.29550,-0.06557,0.34977,-0.06195,0.49734,0.86185,-0.07769,-8.95,-0.43,-5.01
9.8503,34,0.26476,0.02054,-0.53292,0.74694,0.64736,-0.13539,-0.06833,1,0.30295,-0.06515,0.35401,-0.05652,0.49571,0.86354,-0.07336,0.29408,-0.06570,0.34892,-0.06287,0.49734,0.86167,-0.07886,-8.88,-0.54,-5.09
9.8672,35,0.26198,0.00673,-0.53924,0.75523,0.63636,-0.14120,-0.06882,1,0.30154,-0.06519,0.35326,-0.05756,0.49611,0.86317,-0.07414,0.29266,-0.06575,0.34804,-0.06378,0.49764,0.86133,-0.07997,-8.88,-0.56,-5.22
9.8839,36,0.25931,-0.00680,-0.54522,0.76350,0.62504,-0.14630,-0.07058,1,0.30005,-0.06524,0.35247,-0.05864,0.49645,0.86283,-0.07502,0.29126,-0.06581,0.34714,-0.06479,0.49795,0.86098,-0.08097,-8.79,-0.56,-5.33
9.9006,37,0.25658,-0.01969,-0.55044,0.77179,0.61347,-0.15070,-0.07273,1,0.29858,-0.06532,0.35168,-0.05970,0.49674,0.86251,-0.07595,0.28985,-0.06586,0.34625,-0.06586,0.49823,0.86065,-0.08193,-8.73,-0.54,-5.43
9.9173,38,0.25390,-0.03198,-0.55507,0.78088,0.60001,-0.15553,-0.07763,1,0.29719,-0.06540,0.35089,-0.06071,0.49699,0.86221,-0.07685,0.28845,-0.06592,0.34536,-0.06702,0.49859,0.86027,-0.08272,-8.74,-0.51,-5.54
9.9340,39,0.24872,-0.05626,-0.56211,0.79653,0.57466,-0.16478,-0.09029,1,0.29572,-0.06551,0.35004,-0.06176,0.49723,0.86191,-0.07783,0.28701,-0.06602,0.34452,-0.06822,0.49903,0.85986,-0.08339,-8.71,-0.50,-5.52
9.9507,40,0.24683,-0.06700,-0.56488,0.80274,0.56463,-0.16822,-0.09219,1,0.29427,-0.06563,0.34917,-0.06282,0.49746,0.86162,-0.07879,0.28561,-0.06622,0.34363,-0.06930,0.49932,0.85951,-0.08433,-8.66,-0.60,-5.54
9.9674,41,0.24503,-0.07750,-0.56735,0.80828,0.55631,-0.17078,-0.08965,1,0.29283,-0.06572,0.34828,-0.06389,0.49771,0.86131,-0.07974,0.28422,-0.06645,0.34274,-0.07003,0.49932,0.85933,-0.08562,-8.60,-0.72,-5.54
9.9842,42,0.24365,-0.08852,-0.56965,0.81436,0.54743,-0.17297,-0.08500,1,0.29146,-0.06581,0.34744,-0.06493,0.49799,0.86098,-0.08062,0.28285,-0.06674,0.34184,-0.07061,0.49917,0.85923,-0.08700,-8.61,-0.93,-5.60
10.0009,43,0.24232,-0.09989,-0.57168,0.81997,0.53901,-0.17604,-0.07832,1,0.29003,-0.06590,0.34656,-0.06599,0.49830,0.86063,-0.08157,0.28147,-0.06704,0.34095,-0.07093,0.49901,0.85915,-0.08845,-8.55,-1.14,-5.61
10.0176,44,0.23964,-0.12427,-0.57470,0.83379,0.51663,-0.18252,-0.06760,1,0.28859,-0.06602,0.34570,-0.06702,0.49857,0.86030,-0.08257,0.28007,-0.06736,0.34011,-0.07152,0.49891,0.85901,-0.08982,-8.52,-1.34,-5.59
10.0344,45,0.23867,-0.13624,-0.57555,0.84118,0.50365,-0.18602,-0.06434,1,0.28724,-0.06617,0.34487,-0.06792,0.49875,0.86003,-0.08356,0.27868,-0.06771,0.33926,-0.07231,0.49891,0.85882,-0.09108,-8.56,-1.54,-5.62
10.0511,46,0.23796,-0.14743,-0.57590,0.84857,0.48937,-0.19051,-0.06440,1,0.28582,-0.06635,0.34400,-0.06878,0.49891,0.85976,-0.08465,0.27729,-0.06809,0.33842,-0.07329,0.49907,0.85852,-0.09217,-8.52,-1.73,-5.58
10.0679,47,0.23705,-0.15793,-0.57618,0.85512,0.47520,-0.19647,-0.06605,1,0.28439,-0.06659,0.34311,-0.06958,0.49897,0.85955,-0.08585,0.27592,-0.06843,0.33754,-0.07429,0.49940,0.85814,-0.09316,-8.47,-1.84,-5.58
10.0845,48,0.23612,-0.16814,-0.57619,0.86033,0.46344,-0.20142,-0.06694,1,0.28296,-0.06686,0.34222,-0.07032,0.49896,0.85936,-0.08711,0.27455,-0.06879,0.33665,-0.07526,0.49972,0.85775,-0.09419,-8.41,-1.94,-5.57
10.1012,49,0.23457,-0.18838,-0.57492,0.87050,0.44390,-0.20327,-0.06213,1,0.28163,-0.06711,0.34138,-0.07102,0.49900,0.85916,-0.08828,0.27317,-0.06921,0.33582,-0.07609,0.49956,0.85764,-0.09542,-8.45,-2.10,-5.57
10.1180,50,0.23468,-0.19786,-0.57327,0.87454,0.43668,-0.20343,-0.05573,1,0.28022,-0.06739,0.34050,-0.07179,0.49908,0.85893,-0.08950,0.27180,-0.06978,0.33506,-0.07635,0.49917,0.85768,-0.09685,-8.41,-2.40,-5.44
10.1347,51,0.23526,-0.20574,-0.57195,0.87707,0.43116,-0.20550,-0.05117,1,0.27879,-0.06770,0.33960,-0.07264,0.49919,0.85867,-0.09070,0.27049,-0.07043,0.33426,-0.07656,0.49911,0.85753,-0.09832,-8.30,-2.73,-5.34
10.1514,52,0.23576,-0.21218,-0.57112,0.87874,0.42637,-0.20875,-0.04951,1,0.27745,-0.06803,0.33878,-0.07343,0.49928,0.85843,-0.09181,0.26921,-0.07105,0.33339,-0.07705,0.49949,0.85711,-0.09962,-8.24,-3.02,-5.39
10.1682,53,0.23613,-0.21815,-0.56992,0.88011,0.42102,-0.21325,-0.05172,1,0.27604,-0.06844,0.33793,-0.07418,0.49931,0.85822,-0.09302,0.26789,-0.07168,0.33260,-0.07792,0.50019,0.85654,-0.10038,-8.15,-3.24,-5.32
10.1849,54,0.23636,-0.22912,-0.56751,0.88277,0.41038,-0.22022,-0.06176,1,0.27464,-0.06890,0.33709,-0.07486,0.49931,0.85802,-0.09427,0.26653,-0.07227,0.33183,-0.07913,0.50087,0.85601,-0.10060,-8.11,-3.37,-5.26
10.2016,55,0.23628,-0.23392,-0.56616,0.88340,0.40727,-0.22243,-0.06525,1,0.27325,-0.06940,0.33623,-0.07551,0.49936,0.85780,-0.09552,0.26515,-0.07287,0.33112,-0.08034,0.50157,0.85547,-0.10068,-8.10,-3.47,-5.10
10.2183,56,0.23591,-0.23832,-0.56485,0.88342,0.40621,-0.22347,-0.06800,1,0.27189,-0.06992,0.33537,-0.07615,0.49953,0.85750,-0.09672,0.26372,-0.07338,0.33044,-0.08148,0.50230,0.85499,-0.10023,-8.17,-3.46,-4.94
10.2351,57,0.23529,-0.24221,-0.56396,0.88457,0.40418,-0.22292,-0.06698,1,0.27062,-0.07043,0.33458,-0.07679,0.49980,0.85718,-0.09770,0.26229,-0.07376,0.32967,-0.08244,0.50260,0.85471,-0.10034,-8.33,-3.33,-4.91
10.2518,58,0.23399,-0.24822,-0.56247,0.88710,0.40161,-0.21880,-0.06242,1,0.26927,-0.07098,0.33376,-0.07758,0.50017,0.85680,-0.09854,0.26083,-0.07406,0.32893,-0.08305,0.50239,0.85473,-0.10076,-8.44,-3.08,-4.84
10.2686,59,0.23339,-0.24958,-0.56214,0.88790,0.40185,-0.21615,-0.05863,1,0.26788,-0.07154,0.33298,-0.07850,0.50061,0.85638,-0.09919,0.25944,-0.07403,0.32830,-0.08308,0.50180,0.85501,-0.10128,-8.43,-2.49,-4.69
10.2853,60,0.23378,-0.25031,-0.56189,0.88755,0.40415,-0.21436,-0.05450,1,0.26655,-0.07203,0.33225,-0.07941,0.50102,0.85601,-0.09965,0.25883,-0.07457,0.32792,-0.08238,0.50116,0.85541,-0.10165,-7.72,-2.54,-4.33
10.3020,61,0.23478,-0.25050,-0.56200,0.88317,0.41388,-0.21559,-0.04737,1,0.26515,-0.07249,0.33149,-0.08030,0.50139,0.85567,-0.10000,0.25915,-0.07547,0.32763,-0.08122,0.50093,0.85565,-0.10164,-6.01,-2.98,-3.86
10.3187,62,0.23507,-0.25084,-0.56220,0.87479,0.42844,-0.22287,-0.03893,1,0.26376,-0.07295,0.33076,-0.08104,0.50157,0.85545,-0.10033,0.25914,-0.07576,0.32723,-0.07983,0.50131,0.85559,-0.10140,-4.62,-2.81,-3.53
10.3355,63,0.23643,-0.24937,-0.56281,0.86591,0.43666,-0.23877,-0.05024,1,0.26244,-0.07343,0.33007,-0.08156,0.50156,0.85536,-0.10066,0.26006,-0.07617,0.32720,-0.07901,0.50206,0.85528,-0.10094,-2.38,-2.74,-2.88
10.3522,64,0.23719,-0.24730,-0.56283,0.86323,0.43586,-0.24710,-0.06170,1,0.26139,-0.07388,0.32947,-0.08172,0.50145,0.85539,-0.10093,0.26143,-0.07624,0.32800,-0.07890,0.50297,0.85481,-0.10042,0.04,-2.36,-1.47
10.3692,65,0.23768,-0.24451,-0.56300,0.86175,0.43481,-0.25131,-0.07192,1,0.26060,-0.07440,0.32886,-0.08143,0.50134,0.85545,-0.10111,0.26280,-0.07593,0.32889,-0.07953,0.50385,0.85432,-0.09977,2.21,-1.53,0.02
10.3857,66,0.23763,-0.24164,-0.56326,0.86136,0.43438,-0.25158,-0.07794,1,0.26018,-0.07494,0.32833,-0.08084,0.50140,0.85547,-0.10115,0.26405,-0.07528,0.32979,-0.08058,0.50434,0.85403,-0.09887,3.87,-0.34,1.45
10.4024,67,0.23727,-0.23921,-0.56339,0.86248,0.43342,-0.24801,-0.08224,1,0.26009,-0.07544,0.32793,-0.08016,0.50170,0.85537,-0.10104,0.26514,-0.07445,0.33074,-0.08173,0.50419,0.85410,-0.09809,5.05,0.99,2.81
10.4193,68,0.23630,-0.23326,-0.56406,0.86437,0.43719,-0.23495,-0.08078,1,0.26031,-0.07580,0.32776,-0.07958,0.50208,0.85524,-0.10074,0.26625,-0.07357,0.33161,-0.08238,0.50358,0.85447,-0.09745,5.94,2.23,3.86
10.4359,69,0.23576,-0.23062,-0.56427,0.86329,0.44304,-0.22974,-0.07530,1,0.26083,-0.07602,0.32783,-0.07922,0.50260,0.85502,-0.10031,0.26733,-0.07268,0.33252,-0.08232,0.50288,0.85495,-0.09696,6.50,3.34,4.69
10.4526,70,0.23532,-0.22731,-0.56505,0.86182,0.44895,-0.22538,-0.07007,1,0.26160,-0.07595,0.32815,-0.07921,0.50318,0.85474,-0.09977,0.26859,-0.07183,0.33319,-0.08151,0.50214,0.85550,-0.09660,6.99,4.13,5.05
10.4698,71,0.23533,-0.22341,-0.56554,0.86067,0.45332,-0.22230,-0.06588,1,0.26248,-0.07565,0.32867,-0.07953,0.50360,0.85453,-0.09919,0.26993,-0.07123,0.33399,-0.08036,0.50142,0.85606,-0.09635,7.44,4.42,5.32
10.4866,72,0.23535,-0.21978,-0.56591,0.85960,0.45628,-0.22051,-0.06534,1,0.26352,-0.07512,0.32946,-0.07998,0.50370,0.85450,-0.09859,0.27126,-0.07066,0.33482,-0.07944,0.50088,0.85656,-0.09541,7.74,4.46,5.35
10.5032,73,0.23496,-0.21273,-0.56690,0.85713,0.46111,-0.21987,-0.06608,1,0.26456,-0.07448,0.33034,-0.08043,0.50355,0.85461,-0.09804,0.27258,-0.06998,0.33558,-0.07855,0.50097,0.85673,-0.09422,8.02,4.50,5.24
10.5199,74,0.23489,-0.20952,-0.56744,0.85589,0.46314,-0.21944,-0.06935,1,0.26575,-0.07373,0.33136,-0.08068,0.50319,0.85486,-0.09749,0.27394,-0.06935,0.33629,-0.07836,0.50123,0.85674,-0.09287,8.20,4.38,4.93
10.5368,75,0.23467,-0.20668,-0.56764,0.85497,0.46460,-0.21929,-0.07139,1,0.26700,-0.07292,0.33238,-0.08067,0.50269,0.85522,-0.09691,0.27520,-0.06866,0.33714,-0.07844,0.50163,0.85665,-0.09143,8.20,4.26,4.75
10.5533,76,0.23447,-0.20388,-0.56780,0.85438,0.46562,-0.21896,-0.07275,1,0.26823,-0.07219,0.33326,-0.08046,0.50224,0.85557,-0.09629,0.27646,-0.06798,0.33799,-0.07854,0.50188,0.85665,-0.08996,8.24,4.20,4.73
10.5707,77,0.23430,-0.20147,-0.56797,0.85300,0.46791,-0.21949,-0.07264,1,0.26965,-0.07147,0.33419,-0.07998,0.50192,0.85590,-0.09549,0.27774,-0.06730,0.33883,-0.07797,0.50219,0.85664,-0.08880,8.09,4.16,4.64
10.5872,78,0.23341,-0.19726,-0.56851,0.85172,0.47060,-0.21915,-0.07135,1,0.27094,-0.07085,0.33498,-0.07954,0.50173,0.85615,-0.09455,0.27892,-0.06640,0.33958,-0.07688,0.50217,0.85684,-0.08802,7.98,4.45,4.60
10.6038,79,0.23281,-0.19561,-0.56869,0.85225,0.47084,-0.21669,-0.07090,1,0.27229,-0.07017,0.33581,-0.07919,0.50165,0.85636,-0.09342,0.27995,-0.06533,0.34033,-0.07628,0.50166,0.85724,-0.08745,7.66,4.84,4.52
10.6203,80,0.23220,-0.19426,-0.56888,0.85229,0.47166,-0.21501,-0.07005,1,0.27351,-0.06951,0.33657,-0.07890,0.50167,0.85649,-0.09236,0.28082,-0.06429,0.34096,-0.07578,0.50053,0.85798,-0.08712,7.31,5.22,4.39
10.6374,81,0.23103,-0.19353,-0.56893,0.85281,0.47174,-0.21323,-0.06857,1,0.27480,-0.06877,0.33736,-0.07850,0.50175,0.85660,-0.09125,0.28090,-0.06299,0.34141,-0.07550,0.49929,0.85870,-0.08746,6.10,5.78,4.05
10.6538,82,0.23003,-0.19333,-0.56902,0.85382,0.47103,-0.21112,-0.06743,1,0.27604,-0.06799,0.33816,-0.07798,0.50173,0.85677,-0.09023,0.28067,-0.06200,0.34153,-0.07579,0.49805,0.85934,-0.08794,4.62,6.00,3.37
10.6705,83,0.22758,-0.19404,-0.56838,0.85523,0.47031,-0.20781,-0.06483,1,0.27720,-0.06711,0.33897,-0.07742,0.50148,0.85706,-0.08934,0.27947,-0.06086,0.34176,-0.07579,0.49682,0.86000,-0.08846,2.27,6.25,2.79
10.6872,84,0.22603,-0.19424,-0.56825,0.85589,0.46997,-0.20567,-0.06546,1,0.27810,-0.06617,0.33970,-0.07695,0.50103,0.85742,-0.08874,0.27860,-0.05955,0.34189,-0.07628,0.49570,0.86061,-0.08844,0.50,6.62,2.19
10.7039,85,0.22466,-0.19393,-0.56816,0.85623,0.47017,-0.20365,-0.06586,1,0.27882,-0.06509,0.34040,-0.07659,0.50036,0.85789,-0.08835,0.27824,-0.05824,0.34225,-0.07676,0.49461,0.86125,-0.08780,-0.58,6.85,1.85
10.7207,86,0.22337,-0.19337,-0.56811,0.85633,0.47057,-0.20229,-0.06589,1,0.27925,-0.06396,0.34097,-0.07641,0.49949,0.85843,-0.08817,0.27812,-0.05691,0.34270,-0.07685,0.49354,0.86192,-0.08715,-1.13,7.05,1.73
10.7374,87,0.22178,-0.19294,-0.56774,0.85554,0.47216,-0.20169,-0.06664,1,0.27936,-0.06285,0.34136,-0.07638,0.49861,0.85895,-0.08813,0.27764,-0.05546,0.34335,-0.07663,0.49299,0.86236,-0.08613,-1.72,7.39,1.99
10.7541,88,0.21902,-0.19239,-0.56744,0.85481,0.47307,-0.20063,-0.07241,1,0.27927,-0.06166,0.34171,-0.07638,0.49765,0.85951,-0.08805,0.27714,-0.05393,0.34380,-0.07693,0.49289,0.86251,-0.08499,-2.13,7.73,2.10
10.7710,89,0.21790,-0.19218,-0.56705,0.85469,0.47294,-0.20079,-0.07433,1,0.27904,-0.06044,0.34204,-0.07644,0.49661,0.86013,-0.08783,0.27666,-0.05296,0.34432,-0.07767,0.49327,0.86232,-0.08399,-2.37,7.48,2.27
10.7881,90,0.21683,-0.19206,-0.56659,0.85422,0.47337,-0.20127,-0.07562,1,0.27870,-0.05916,0.34237,-0.07659,0.49566,0.86071,-0.08741,0.27610,-0.05207,0.34482,-0.07793,0.49414,0.86190,-0.08288,-2.60,7.09,2.45
10.8044,91,0.21557,-0.19187,-0.56575,0.85385,0.47396,-0.20069,-0.07766,1,0.27832,-0.05789,0.34272,-0.07676,0.49491,0.86118,-0.08687,0.27532,-0.05110,0.34571,-0.07849,0.49445,0.86181,-0.08156,-3.00,6.80,2.99
10.8212,92,0.21445,-0.19157,-0.56508,0.85371,0.47438,-0.19941,-0.07991,1,0.27794,-0.05671,0.34309,-0.07693,0.49443,0.86150,-0.08622,0.27478,-0.05016,0.34650,-0.07929,0.49430,0.86193,-0.08031,-3.16,6.55,3.41
10.8380,93,0.21216,-0.19005,-0.56405,0.85315,0.47621,-0.19698,-0.08094,1,0.27748,-0.05547,0.34357,-0.07719,0.49417,0.86171,-0.08541,0.27463,-0.04886,0.34753,-0.07950,0.49379,0.86232,-0.07907,-2.85,6.61,3.96
10.8545,94,0.21094,-0.18900,-0.56363,0.85215,0.47835,-0.19601,-0.08128,1,0.27696,-0.05424,0.34411,-0.07754,0.49412,0.86180,-0.08448,0.27475,-0.04752,0.34851,-0.07897,0.49346,0.86267,-0.07784,-2.21,6.72,4.40
10.8713,95,0.20944,-0.18772,-0.56327,0.85117,0.48054,-0.19483,-0.08144,1,0.27644,-0.05312,0.34471,-0.07787,0.49412,0.86186,-0.08354,0.27493,-0.04611,0.34938,-0.07820,0.49306,0.86307,-0.07669,-1.51,7.01,4.67
10.8883,96,0.20787,-0.18632,-0.56277,0.84998,0.48305,-0.19363,-0.08186,1,0.27594,-0.05194,0.34544,-0.07818,0.49406,0.86197,-0.08244,0.27511,-0.04475,0.35033,-0.07746,0.49276,0.86342,-0.07546,-0.83,7.19,4.90
10.9049,97,0.20625,-0.18474,-0.56225,0.84874,0.48554,-0.19221,-0.08330,1,0.27553,-0.05076,0.34621,-0.07845,0.49394,0.86213,-0.08127,0.27535,-0.04342,0.35130,-0.07711,0.49257,0.86368,-0.07404,-0.17,7.35,5.09
10.9215,98,0.20273,-0.18091,-0.56121,0.84631,0.49078,-0.18795,-0.08697,1,0.27526,-0.04961,0.34700,-0.07853,0.49376,0.86233,-0.08008,0.27571,-0.04209,0.35225,-0.07694,0.49225,0.86400,-0.07262,0.45,7.51,5.24
10.9383,99,0.20078,-0.17909,-0.56050,0.84509,0.49364,-0.18512,-0.08871,1,0.27517,-0.04850,0.34778,-0.07839,0.49356,0.86257,-0.07893,0.27592,-0.04075,0.35322,-0.07677,0.49178,0.86440,-0.07126,0.75,7.75,5.43
10.9551,100,0.19880,-0.17735,-0.55973,0.84398,0.49640,-0.18228,-0.08980,1,0.27516,-0.04727,0.34865,-0.07814,0.49330,0.86285,-0.07770,0.27608,-0.03941,0.35419,-0.07649,0.49118,0.86487,-0.07000,0.91,7.87,5.53
10.9717,101,0.19697,-0.17541,-0.55907,0.84276,0.49925,-0.17966,-0.09067,1,0.27524,-0.04597,0.34954,-0.07787,0.49301,0.86315,-0.07647,0.27641,-0.03808,0.35514,-0.07610,0.49061,0.86533,-0.06875,1.17,7.89,5.61
10.9886,102,0.19528,-0.17297,-0.55838,0.84173,0.50178,-0.17704,-0.09148,1,0.27538,-0.04463,0.35045,-0.07757,0.49271,0.86346,-0.07524,0.27696,-0.03687,0.35615,-0.07578,0.48997,0.86581,-0.06753,1.58,7.76,5.70
11.0055,103,0.19161,-0.16658,-0.55640,0.83921,0.50690,-0.17334,-0.09345,1,0.27555,-0.04327,0.35138,-0.07727,0.49238,0.86378,-0.07397,0.27759,-0.03576,0.35721,-0.07533,0.48957,0.86618,-0.06620,2.04,7.51,5.83
11.0222,104,0.18961,-0.16307,-0.55521,0.83691,0.51134,-0.17068,-0.09475,1,0.27575,-0.04201,0.35227,-0.07702,0.49197,0.86414,-0.07276,0.27822,-0.03466,0.35830,-0.07475,0.48922,0.86652,-0.06491,2.47,7.35,6.03
11.0391,105,0.18768,-0.15941,-0.55407,0.83397,0.51680,-0.16778,-0.09630,1,0.27602,-0.04068,0.35319,-0.07674,0.49149,0.86454,-0.07149,0.27892,-0.03358,0.35935,-0.07412,0.48893,0.86684,-0.06362,2.90,7.11,6.16
11.0557,106,0.18567,-0.15561,-0.55258,0.83038,0.52291,-0.16489,-0.09921,1,0.27639,-0.03940,0.35416,-0.07635,0.49105,0.86493,-0.07020,0.27957,-0.03253,0.36047,-0.07360,0.48879,0.86706,-0.06224,3.19,6.87,6.31
11.0723,107,0.18369,-0.15186,-0.55088,0.82693,0.52846,-0.16163,-0.10388,1,0.27680,-0.03821,0.35513,-0.07593,0.49062,0.86531,-0.06899,0.28020,-0.03151,0.36163,-0.07338,0.48872,0.86722,-0.06076,3.40,6.70,6.50
11.0890,108,0.17941,-0.14406,-0.54690,0.81980,0.53866,-0.15689,-0.11469,1,0.27727,-0.03697,0.35618,-0.07549,0.49019,0.86570,-0.06769,0.28078,-0.03048,0.36281,-0.07323,0.48883,0.86728,-0.05927,3.50,6.49,6.62
11.1057,109,0.17661,-0.13995,-0.54473,0.81671,0.54310,-0.15274,-0.12124,1,0.27779,-0.03579,0.35726,-0.07504,0.48984,0.86604,-0.06636,0.28127,-0.02932,0.36390,-0.07337,0.48878,0.86740,-0.05779,3.48,6.47,6.65
11.1224,110,0.17340,-0.13567,-0.54241,0.81389,0.54790,-0.14645,-0.12628,1,0.27835,-0.03466,0.35834,-0.07461,0.48955,0.86634,-0.06501,0.28172,-0.02811,0.36495,-0.07348,0.48837,0.86771,-0.05638,3.37,6.56,6.61
11.1391,111,0.16979,-0.13122,-0.53978,0.81135,0.55332,-0.13819,-0.12826,1,0.27889,-0.03361,0.35938,-0.07427,0.48933,0.86660,-0.06367,0.28212,-0.02686,0.36599,-0.07338,0.48759,0.86823,-0.05522,3.23,6.75,6.61
11.1561,112,0.16567,-0.12690,-0.53697,0.80914,0.55925,-0.12786,-0.12719,1,0.27946,-0.03252,0.36049,-0.07398,0.48915,0.86683,-0.06224,0.28243,-0.02556,0.36698,-0.07315,0.48656,0.86888,-0.05438,2.97,6.96,6.49
11.1728,113,0.15636,-0.11785,-0.53049,0.80392,0.57335,-0.10540,-0.11779,1,0.28002,-0.03143,0.36162,-0.07379,0.48896,0.86705,-0.06080,0.28271,-0.02425,0.36796,-0.07269,0.48544,0.86958,-0.05381,2.69,7.18,6.35
11.1895,114,0.15138,-0.11314,-0.52700,0.80092,0.58089,-0.09281,-0.11174,1,0.28056,-0.03032,0.36275,-0.07362,0.48867,0.86732,-0.05939,0.28306,-0.02293,0.36893,-0.07222,0.48431,0.87028,-0.05331,2.50,7.39,6.18
11.2062,115,0.14586,-0.10761,-0.52349,0.79691,0.58939,-0.07921,-0.10620,1,0.28100,-0.02926,0.36380,-0.07351,0.48825,0.86765,-0.05815,0.28352,-0.02161,0.36982,-0.07174,0.48322,0.87096,-0.05271,2.52,7.65,6.02
11.2231,116,0.14003,-0.10186,-0.51999,0.79259,0.59765,-0.06405,-0.10247,1,0.28145,-0.02809,0.36489,-0.07337,0.48765,0.86808,-0.05698,0.28405,-0.02027,0.37067,-0.07140,0.48215,0.87163,-0.05198,2.61,7.82,5.78
11.2402,117,0.13376,-0.09619,-0.51597,0.78886,0.60452,-0.04837,-0.09953,1,0.28188,-0.02688,0.36595,-0.07315,0.48691,0.86859,-0.05594,0.28455,-0.01893,0.37153,-0.07119,0.48105,0.87230,-0.05123,2.66,7.95,5.58
11.2565,118,0.12090,-0.08395,-0.50651,0.78127,0.61652,-0.02046,-0.09542,1,0.28188,-0.02688,0.36595,-0.07315,0.48691,0.86859,-0.05594,0.28509,-0.01764,0.37243,-0.07100,0.47998,0.87295,-0.05043,3.21,9.24,6.48
11.2731,119,0.11451,-0.07746,-0.50083,0.77606,0.62368,-0.00890,-0.09314,1,0.28277,-0.02442,0.36787,-0.07257,0.48521,0.86969,-0.05425,0.28569,-0.01641,0.37339,-0.07054,0.47899,0.87357,-0.04960,2.93,8.01,5.51
11.2899,120,0.10813,-0.07060,-0.49434,0.77067,0.63051,0.00240,-0.09227,1,0.28323,-0.02311,0.36882,-0.07228,0.48424,0.87030,-0.05348,0.28633,-0.01524,0.37439,-0.07014,0.47807,0.87416,-0.04866,3.10,7.87,5.57
11.3068,121,0.10213,-0.06369,-0.48758,0.76410,0.63829,0.01403,-0.09243,1,0.28372,-0.02179,0.36975,-0.07196,0.48323,0.87094,-0.05273,0.28701,-0.01412,0.37541,-0.06970,0.47725,0.87471,-0.04762,3.29,7.67,5.66
11.3234,122,0.09586,-0.05634,-0.47998,0.75618,0.64697,0.02616,-0.09455,1,0.28424,-0.02047,0.37068,-0.07161,0.48218,0.87159,-0.05195,0.28772,-0.01302,0.37645,-0.06927,0.47655,0.87518,-0.04646,3.47,7.45,5.76
11.3402,123,0.08289,-0.04023,-0.46285,0.74071,0.66127,0.05416,-0.10549,1,0.28475,-0.01924,0.37157,-0.07128,0.48123,0.87219,-0.05120,0.28846,-0.01195,0.37748,-0.06911,0.47594,0.87560,-0.04516,3.71,7.29,5.91
11.3572,124,0.07634,-0.03134,-0.45317,0.73247,0.66784,0.07018,-0.11203,1,0.28532,-0.01795,0.37252,-0.07091,0.48025,0.87281,-0.05036,0.28929,-0.01090,0.37848,-0.06906,0.47532,0.87600,-0.04386,3.97,7.05,5.97
11.3736,125,0.06996,-0.02235,-0.44281,0.72223,0.67637,0.08709,-0.11544,1,0.28592,-0.01669,0.37348,-0.07052,0.47931,0.87341,-0.04944,0.29013,-0.00986,0.37948,-0.06881,0.47458,0.87648,-0.04267,4.21,6.83,6.01
11.3905,126,0.06401,-0.01308,-0.43204,0.70977,0.68706,0.10477,-0.11488,1,0.28652,-0.01555,0.37440,-0.07015,0.47850,0.87393,-0.04852,0.29102,-0.00887,0.38047,-0.06835,0.47372,0.87703,-0.04167,4.50,6.68,6.08
11.4072,127,0.05837,-0.00393,-0.42049,0.69783,0.69711,0.12103,-0.11145,1,0.28721,-0.01436,0.37539,-0.06982,0.47769,0.87446,-0.04745,0.29194,-0.00791,0.38148,-0.06784,0.47278,0.87762,-0.04081,4.74,6.45,6.09
11.4240,128,0.04890,0.01582,-0.39183,0.67335,0.71728,0.14690,-0.10260,1,0.28792,-0.01322,0.37641,-0.06951,0.47691,0.87497,-0.04634,0.29286,-0.00708,0.38259,-0.06714,0.47186,0.87820,-0.04004,4.94,6.15,6.19
11.4407,129,0.04449,0.02610,-0.37517,0.65651,0.72946,0.16113,-0.10453,1,0.28867,-0.01214,0.37743,-0.06920,0.47613,0.87548,-0.04522,0.29383,-0.00632,0.38372,-0.06644,0.47124,0.87864,-0.03895,5.16,5.82,6.29
11.4575,130,0.04066,0.03616,-0.35806,0.63444,0.74434,0.17814,-0.10820,1,0.28946,-0.01110,0.37846,-0.06886,0.47533,0.87600,-0.04410,0.29484,-0.00559,0.38483,-0.06572,0.47067,0.87904,-0.03784,5.38,5.51,6.37
11.4744,131,0.03760,0.04611,-0.34034,0.60586,0.76168,0.19916,-0.11455,1,0.29024,-0.01017,0.37944,-0.06847,0.47454,0.87651,-0.04309,0.29589,-0.00491,0.38593,-0.06502,0.47015,0.87942,-0.03668,5.65,5.26,6.49
11.4910,132,0.03452,0.06386,-0.30500,0.55108,0.78953,0.23723,-0.12911,1,0.29111,-0.00921,0.38049,-0.06799,0.47372,0.87704,-0.04203,0.29698,-0.00430,0.38703,-0.06434,0.46968,0.87978,-0.03548,5.86,4.90,6.54
11.5078,133,0.03402,0.07197,-0.28696,0.52686,0.80053,0.25065,-0.13690,1,0.29203,-0.00827,0.38157,-0.06744,0.47296,0.87754,-0.04099,0.29816,-0.00372,0.38805,-0.06360,0.46931,0.88007,-0.03426,6.14,4.55,6.48
11.5246,134,0.03475,0.07927,-0.26894,0.50130,0.81183,0.26167,-0.14547,1,0.29297,-0.00741,0.38266,-0.06683,0.47227,0.87801,-0.03994,0.29936,-0.00319,0.38908,-0.06276,0.46902,0.88033,-0.03308,6.39,4.22,6.42
11.5416,135,0.03649,0.08525,-0.25137,0.47267,0.82427,0.27183,-0.15256,1,0.29396,-0.00659,0.38376,-0.06619,0.47162,0.87846,-0.03886,0.30055,-0.00268,0.39014,-0.06184,0.46869,0.88062,-0.03198,6.58,3.91,6.38
11.5582,136,0.03924,0.09074,-0.23545,0.44271,0.83628,0.28252,-0.15757,1,0.29493,-0.00588,0.38479,-0.06556,0.47105,0.87885,-0.03780,0.30180,-0.00227,0.39116,-0.06092,0.46828,0.88094,-0.03091,6.86,3.61,6.37
11.5750,137,0.04311,0.09609,-0.22144,0.41334,0.84890,0.28932,-0.15750,1,0.29600,-0.00518,0.38588,-0.06486,0.47052,0.87924,-0.03666,0.30312,-0.00202,0.39214,-0.05987,0.46776,0.88131,-0.03005,7.12,3.16,6.26
11.5917,138,0.05421,0.10730,-0.19666,0.35960,0.87367,0.29003,-0.15255,1,0.29708,-0.00453,0.38693,-0.06413,0.47005,0.87959,-0.03552,0.30450,-0.00203,0.39308,-0.05864,0.46727,0.88168,-0.02945,7.42,2.51,6.14
11.6086,139,0.06152,0.11262,-0.18492,0.33460,0.88717,0.27829,-0.15338,1,0.29814,-0.00397,0.38793,-0.06340,0.46963,0.87991,-0.03446,0.30589,-0.00228,0.39395,-0.05717,0.46715,0.88184,-0.02924,7.75,1.69,6.02
11.6252,140,0.06985,0.11770,-0.17377,0.31034,0.89825,0.26560,-0.16211,1,0.29932,-0.00344,0.38900,-0.06256,0.46917,0.88026,-0.03335,0.30728,-0.00268,0.39480,-0.05573,0.46737,0.88183,-0.02889,7.95,0.76,5.79
11.6420,141,0.07934,0.12203,-0.16371,0.28530,0.90797,0.25206,-0.17512,1,0.30056,-0.00304,0.39008,-0.06160,0.46872,0.88060,-0.03236,0.30861,-0.00322,0.39564,-0.05434,0.46773,0.88174,-0.02847,8.05,-0.18,5.56
11.6590,142,0.10103,0.12901,-0.14774,0.24389,0.91801,0.23605,-0.20508,1,0.30185,-0.00275,0.39114,-0.06054,0.46833,0.88091,-0.03145,0.30983,-0.00398,0.39648,-0.05310,0.46825,0.88156,-0.02782,7.98,-1.23,5.34
11.6757,143,0.11326,0.13182,-0.14169,0.22673,0.92181,0.22720,-0.21734,1,0.30314,-0.00265,0.39216,-0.05939,0.46803,0.88118,-0.03070,0.31097,-0.00491,0.39725,-0.05182,0.46878,0.88137,-0.02728,7.84,-2.27,5.09
11.6923,144,0.12633,0.13434,-0.13653,0.21287,0.92569,0.21290,-0.22903,1,0.30437,-0.00270,0.39308,-0.05824,0.46789,0.88135,-0.03008,0.31206,-0.00593,0.39800,-0.05049,0.46941,0.88112,-0.02714,7.70,-3.23,4.93
11.7090,145,0.13948,0.13652,-0.13176,0.20150,0.92873,0.19411,-0.24328,1,0.30567,-0.00291,0.39399,-0.05696,0.46793,0.88143,-0.02949,0.31316,-0.00696,0.39872,-0.04925,0.47018,0.88077,-0.02723,7.48,-4.05,4.73
11.7257,146,0.15283,0.13799,-0.12772,0.19417,0.93071,0.16863,-0.26009,1,0.30696,-0.00328,0.39487,-0.05565,0.46809,0.88145,-0.02895,0.31422,-0.00803,0.39943,-0.04815,0.47104,0.88036,-0.02760,7.26,-4.75,4.56
11.7424,147,0.17891,0.13844,-0.12106,0.18570,0.92780,0.12405,-0.29886,1,0.30813,-0.00379,0.39566,-0.05441,0.46836,0.88140,-0.02850,0.31523,-0.00911,0.40019,-0.04725,0.47207,0.87985,-0.02794,7.10,-5.33,4.53
11.7591,148,0.19126,0.13738,-0.11871,0.18222,0.92449,0.11098,-0.31590,1,0.30934,-0.00448,0.39647,-0.05311,0.46876,0.88128,-0.02815,0.31623,-0.01020,0.40096,-0.04653,0.47324,0.87926,-0.02805,6.90,-5.72,4.49
11.7759,149,0.20317,0.13554,-0.11713,0.17628,0.92398,0.10009,-0.32430,1,0.31051,-0.00529,0.39725,-0.05184,0.46928,0.88109,-0.02791,0.31718,-0.01131,0.40177,-0.04538,0.47411,0.87885,-0.02813,6.66,-6.02,4.51
11.7926,150,0.21508,0.13364,-0.11600,0.16707,0.92740,0.08331,-0.32415,1,0.31164,-0.00620,0.39801,-0.05067,0.46992,0.88082,-0.02779,0.31811,-0.01245,0.40254,-0.04399,0.47439,0.87876,-0.02841,6.47,-6.25,4.53
11.8093,151,0.22670,0.13154,-0.11514,0.15829,0.93133,0.06149,-0.32215,1,0.31269,-0.00711,0.39873,-0.04961,0.47063,0.88050,-0.02775,0.31903,-0.01363,0.40328,-0.04259,0.47445,0.87877,-0.02894,6.35,-6.53,4.55
11.8260,152,0.24846,0.12625,-0.11328,0.15062,0.93432,0.01585,-0.32267,1,0.31376,-0.00811,0.39949,-0.04851,0.47140,0.88014,-0.02780,0.31994,-0.01481,0.40403,-0.04134,0.47470,0.87867,-0.02973,6.18,-6.70,4.54
11.8427,153,0.25857,0.12315,-0.11235,0.14764,0.93373,-0.00599,-0.32605,1,0.31481,-0.00916,0.40025,-0.04739,0.47215,0.87980,-0.02792,0.32086,-0.01601,0.40474,-0.04017,0.47517,0.87845,-0.03052,6.05,-6.85,4.48
11.8595,154,0.26827,0.11955,-0.11158,0.14463,0.93192,-0.02444,-0.33167,1,0.31584,-0.01025,0.40104,-0.04621,0.47279,0.87952,-0.02813,0.32174,-0.01722,0.40546,-0.03906,0.47581,0.87813,-0.03122,5.91,-6.98,4.42
11.8762,155,0.27792,0.11571,-0.11108,0.14048,0.93001,-0.03908,-0.33737,1,0.31678,-0.01130,0.40178,-0.04507,0.47330,0.87929,-0.02844,0.32261,-0.01847,0.40615,-0.03791,0.47653,0.87777,-0.03175,5.84,-7.17,4.36
11.8929,156,0.28729,0.11135,-0.11057,0.13574,0.92901,-0.05592,-0.33968,1,0.31775,-0.01244,0.40256,-0.04387,0.47381,0.87906,-0.02886,0.32347,-0.01969,0.40688,-0.03663,0.47698,0.87756,-0.03236,5.72,-7.26,4.31
11.9096,157,0.30534,0.10196,-0.11033,0.12756,0.92764,-0.09134,-0.33891,1,0.31871,-0.01359,0.40333,-0.04267,0.47433,0.87882,-0.02934,0.32428,-0.02096,0.40760,-0.03534,0.47723,0.87745,-0.03307,5.57,-7.37,4.27
11.9264,158,0.31409,0.09714,-0.11070,0.12389,0.92655,-0.11401,-0.33638,1,0.31958,-0.01470,0.40404,-0.04154,0.47483,0.87859,-0.02985,0.32504,-0.02230,0.40822,-0.03408,0.47737,0.87739,-0.03387,5.46,-7.61,4.18
11.9432,159,0.32243,0.09232,-0.11128,0.12080,0.92365,-0.13881,-0.33617,1,0.32049,-0.01590,0.40480,-0.04033,0.47534,0.87835,-0.03044,0.32578,-0.02369,0.40879,-0.03288,0.47766,0.87724,-0.03472,5.29,-7.79,4.00
11.9601,160,0.33042,0.08736,-0.11180,0.12012,0.91851,-0.16112,-0.34052,1,0.32139,-0.01712,0.40554,-0.03910,0.47582,0.87812,-0.03104,0.32652,-0.02508,0.40934,-0.03188,0.47820,0.87695,-0.03565,5.14,-7.95,3.79
11.9766,161,0.33788,0.08204,-0.11230,0.12054,0.91211,-0.18101,-0.34751,1,0.32224,-0.01837,0.40626,-0.03789,0.47624,0.87793,-0.03168,0.32725,-0.02646,0.40990,-0.03103,0.47890,0.87656,-0.03659,5.00,-8.09,3.65
11.9934,162,0.35158,0.07151,-0.11382,0.12001,0.89846,-0.21092,-0.36590,1,0.32304,-0.01958,0.40691,-0.03673,0.47661,0.87775,-0.03232,0.32794,-0.02788,0.41045,-0.03034,0.47982,0.87604,-0.03740,4.90,-8.30,3.53
12.0103,163,0.35757,0.06617,-0.11492,0.11852,0.89168,-0.22602,-0.37387,1,0.32385,-0.02091,0.40757,-0.03554,0.47702,0.87755,-0.03307,0.32858,-0.02932,0.41097,-0.02954,0.48071,0.87555,-0.03816,4.74,-8.42,3.40
12.0270,164,0.36307,0.06113,-0.11649,0.11676,0.88578,-0.24295,-0.37782,1,0.32463,-0.02225,0.40821,-0.03439,0.47746,0.87732,-0.03386,0.32917,-0.03082,0.41142,-0.02852,0.48134,0.87520,-0.03899,4.54,-8.57,3.21
12.0438,165,0.36798,0.05657,-0.11858,0.11677,0.87992,-0.26434,-0.37714,1,0.32539,-0.02361,0.40882,-0.03331,0.47801,0.87703,-0.03468,0.32965,-0.03238,0.41175,-0.02742,0.48164,0.87503,-0.03994,4.26,-8.77,2.93
12.0603,166,0.37198,0.05231,-0.12116,0.12167,0.87380,-0.28836,-0.37219,1,0.32608,-0.02491,0.40938,-0.03235,0.47858,0.87673,-0.03547,0.32993,-0.03400,0.41201,-0.02644,0.48167,0.87499,-0.04108,3.86,-9.09,2.63
12.0771,167,0.37812,0.04441,-0.12640,0.13548,0.86049,-0.32407,-0.36903,1,0.32677,-0.02631,0.40994,-0.03136,0.47921,0.87639,-0.03632,0.33005,-0.03565,0.41225,-0.02570,0.48179,0.87488,-0.04238,3.28,-9.34,2.30
12.0940,168,0.38022,0.04135,-0.12933,0.14320,0.85517,-0.33377,-0.36984,1,0.32742,-0.02777,0.41047,-0.03036,0.47980,0.87606,-0.03723,0.32988,-0.03731,0.41223,-0.02542,0.48195,0.87473,-0.04383,2.46,-9.54,1.76
12.1107,169,0.38222,0.03841,-0.13250,0.15035,0.84954,-0.34376,-0.37082,1,0.32800,-0.02927,0.41095,-0.02937,0.48031,0.87577,-0.03817,0.32963,-0.03895,0.41212,-0.02508,0.48216,0.87455,-0.04527,1.64,-9.68,1.17
12.1274,170,0.38232,0.03594,-0.13620,0.15946,0.84440,-0.34828,-0.37450,1,0.32846,-0.03072,0.41134,-0.02851,0.48076,0.87552,-0.03912,0.32872,-0.04034,0.41206,-0.02547,0.48242,0.87432,-0.04667,0.26,-9.62,0.72
12.1441,171,0.38221,0.03376,-0.14018,0.16858,0.83995,-0.35105,-0.37794,1,0.32882,-0.03230,0.41165,-0.02771,0.48111,0.87530,-0.04024,0.32770,-0.04165,0.41187,-0.02606,0.48261,0.87413,-0.04803,-1.11,-9.36,0.22
12.1608,172,0.38046,0.03065,-0.14828,0.19221,0.83370,-0.35686,-0.37503,1,0.32903,-0.03390,0.41188,-0.02704,0.48140,0.87510,-0.04145,0.32644,-0.04271,0.41159,-0.02648,0.48220,0.87427,-0.04940,-2.59,-8.81,-0.29
12.1776,173,0.37909,0.02944,-0.15238,0.20678,0.83122,-0.36064,-0.36913,1,0.32904,-0.03549,0.41204,-0.02656,0.48166,0.87491,-0.04272,0.32505,-0.04354,0.41123,-0.02670,0.48150,0.87457,-0.05068,-3.99,-8.05,-0.82
12.1943,174,0.37741,0.02812,-0.15637,0.22027,0.82865,-0.36460,-0.36315,1,0.32882,-0.03695,0.41211,-0.02634,0.48188,0.87474,-0.04396,0.32360,-0.04431,0.41093,-0.02687,0.48081,0.87487,-0.05196,-5.22,-7.36,-1.19
12.2110,175,0.37576,0.02684,-0.16036,0.23181,0.82655,-0.36716,-0.35815,1,0.32837,-0.03841,0.41208,-0.02628,0.48200,0.87460,-0.04529,0.32214,-0.04503,0.41057,-0.02710,0.48008,0.87519,-0.05321,-6.23,-6.62,-1.51
12.2277,176,0.37385,0.02601,-0.16459,0.24175,0.82524,-0.36828,-0.35342,1,0.32770,-0.03977,0.41195,-0.02634,0.48197,0.87455,-0.04663,0.32064,-0.04557,0.41008,-0.02741,0.47925,0.87556,-0.05436,-7.06,-5.80,-1.86
12.2445,177,0.37002,0.02468,-0.17302,0.26069,0.82288,-0.36738,-0.34632,1,0.32681,-0.04100,0.41176,-0.02649,0.48176,0.87459,-0.04797,0.31914,-0.04604,0.40954,-0.02796,0.47842,0.87593,-0.05543,-7.67,-5.04,-2.22
12.2612,178,0.36783,0.02382,-0.17694,0.27195,0.82022,-0.36561,-0.34585,1,0.32582,-0.04202,0.41153,-0.02669,0.48144,0.87469,-0.04920,0.31758,-0.04643,0.40909,-0.02888,0.47791,0.87612,-0.05648,-8.24,-4.41,-2.44
12.2779,179,0.36550,0.02307,-0.18060,0.28357,0.81722,-0.36339,-0.34596,1,0.32465,-0.04298,0.41123,-0.02694,0.48096,0.87487,-0.05051,0.31600,-0.04673,0.40865,-0.02987,0.47744,0.87627,-0.05750,-8.65,-3.75,-2.58
12.2946,180,0.36294,0.02236,-0.18399,0.29415,0.81496,-0.35967,-0.34635,1,0.32338,-0.04379,0.41091,-0.02724,0.48038,0.87511,-0.05177,0.31439,-0.04693,0.40826,-0.03098,0.47693,0.87646,-0.05833,-8.99,-3.14,-2.65
12.3113,181,0.36294,0.02236,-0.18399,0.29415,0.81496,-0.35967,-0.34635,1,0.32210,-0.04444,0.41057,-0.02765,0.47982,0.87533,-0.05292,0.31375,-0.04701,0.40811,-0.03154,0.47667,0.87655,-0.05875,-8.35,-2.57,-2.46
12.3281,182,0.35583,0.02144,-0.19495,0.31788,0.81517,-0.34683,-0.33787,1,0.32067,-0.04502,0.41017,-0.02820,0.47923,0.87557,-0.05408,0.31221,-0.04714,0.40751,-0.03239,0.47581,0.87695,-0.05930,-8.46,-2.11,-2.66
12.3448,183,0.35349,0.02134,-0.19869,0.32615,0.81405,-0.34550,-0.33404,1,0.31921,-0.04552,0.40973,-0.02889,0.47864,0.87580,-0.05516,0.31071,-0.04716,0.40678,-0.03296,0.47491,0.87735,-0.06027,-8.50,-1.64,-2.95
12.3616,184,0.35113,0.02129,-0.20222,0.33419,0.81181,-0.34539,-0.33166,1,0.31777,-0.04594,0.40928,-0.02962,0.47808,0.87602,-0.05616,0.30921,-0.04712,0.40605,-0.03356,0.47426,0.87760,-0.06146,-8.56,-1.18,-3.24
12.3783,185,0.34871,0.02156,-0.20552,0.34199,0.80963,-0.34335,-0.33113,1,0.31643,-0.04627,0.40888,-0.03029,0.47750,0.87625,-0.05708,0.30775,-0.04692,0.40529,-0.03456,0.47370,0.87779,-0.06241,-8.68,-0.64,-3.60
12.3950,186,0.34636,0.02200,-0.20871,0.34926,0.80859,-0.34028,-0.32924,1,0.31500,-0.04652,0.40844,-0.03099,0.47686,0.87652,-0.05798,0.30632,-0.04664,0.40447,-0.03549,0.47287,0.87815,-0.06316,-8.68,-0.12,-3.97
12.4117,187,0.34184,0.02308,-0.21476,0.36157,0.80942,-0.33227,-0.32204,1,0.31355,-0.04667,0.40796,-0.03171,0.47622,0.87678,-0.05884,0.30492,-0.04630,0.40362,-0.03621,0.47176,0.87868,-0.06362,-8.62,0.37,-4.33
12.4284,188,0.33969,0.02367,-0.21774,0.36662,0.80924,-0.32928,-0.31982,1,0.31216,-0.04674,0.40744,-0.03242,0.47561,0.87703,-0.05966,0.30358,-0.04592,0.40271,-0.03706,0.47075,0.87915,-0.06417,-8.58,0.82,-4.73
12.4452,189,0.33749,0.02429,-0.22050,0.37107,0.80791,-0.32771,-0.31968,1,0.31069,-0.04673,0.40680,-0.03322,0.47491,0.87732,-0.06052,0.30224,-0.04546,0.40184,-0.03815,0.47020,0.87934,-0.06501,-8.45,1.27,-4.97
12.4619,190,0.33527,0.02496,-0.22319,0.37590,0.80610,-0.32580,-0.32055,1,0.30926,-0.04664,0.40607,-0.03403,0.47414,0.87765,-0.06131,0.30091,-0.04496,0.40096,-0.03939,0.46987,0.87940,-0.06578,-8.34,1.68,-5.11
12.4787,191,0.33326,0.02568,-0.22565,0.38054,0.80480,-0.32300,-0.32118,1,0.30785,-0.04650,0.40528,-0.03482,0.47336,0.87799,-0.06209,0.29963,-0.04442,0.40004,-0.04069,0.46938,0.87956,-0.06633,-8.22,2.07,-5.25
12.4954,192,0.32976,0.02681,-0.23005,0.38938,0.80551,-0.31586,-0.31585,1,0.30656,-0.04629,0.40451,-0.03560,0.47263,0.87830,-0.06281,0.29835,-0.04392,0.39911,-0.04156,0.46838,0.88002,-0.06672,-8.21,2.37,-5.40
12.5121,193,0.32812,0.02723,-0.23227,0.39356,0.80606,-0.31307,-0.31203,1,0.30518,-0.04597,0.40366,-0.03651,0.47190,0.87860,-0.06356,0.29706,-0.04349,0.39814,-0.04202,0.46716,0.88061,-0.06717,-8.12,2.48,-5.52
12.5288,194,0.32682,0.02757,-0.23459,0.39730,0.80661,-0.31167,-0.30725,1,0.30381,-0.04558,0.40280,-0.03750,0.47123,0.87887,-0.06428,0.29583,-0.04321,0.39705,-0.04210,0.46594,0.88121,-0.06779,-7.98,2.37,-5.75
12.5456,195,0.32545,0.02782,-0.23680,0.40002,0.80646,-0.31223,-0.30350,1,0.30252,-0.04516,0.40199,-0.03841,0.47055,0.87914,-0.06493,0.29455,-0.04290,0.39602,-0.04185,0.46494,0.88168,-0.06877,-7.97,2.26,-5.97
12.5630,196,0.32406,0.02814,-0.23931,0.40270,0.80575,-0.31334,-0.30069,1,0.30111,-0.04468,0.40107,-0.03937,0.46972,0.87950,-0.06560,0.29332,-0.04261,0.39493,-0.04167,0.46416,0.88200,-0.07001,-7.78,2.07,-6.13
12.5791,197,0.32208,0.02886,-0.24410,0.41123,0.80442,-0.31093,-0.29518,1,0.29986,-0.04427,0.40021,-0.04011,0.46889,0.87986,-0.06619,0.29221,-0.04240,0.39371,-0.04212,0.46317,0.88242,-0.07092,-7.65,1.87,-6.49
12.5959,198,0.32118,0.02913,-0.24650,0.41535,0.80382,-0.30974,-0.29226,1,0.29857,-0.04388,0.39924,-0.04071,0.46797,0.88027,-0.06687,0.29111,-0.04225,0.39247,-0.04259,0.46213,0.88287,-0.07178,-7.46,1.63,-6.77
12.6128,199,0.32032,0.02935,-0.24881,0.42000,0.80244,-0.30750,-0.29177,1,0.29729,-0.04354,0.39823,-0.04115,0.46705,0.88068,-0.06761,0.29001,-0.04210,0.39123,-0.04367,0.46143,0.88313,-0.07249,-7.28,1.44,-7.00
12.6295,200,0.31959,0.02948,-0.25106,0.42456,0.80073,-0.30419,-0.29334,1,0.29610,-0.04327,0.39725,-0.04151,0.46615,0.88108,-0.06835,0.28893,-0.04204,0.38996,-0.04508,0.46109,0.88321,-0.07284,-7.17,1.23,-7.29
12.6463,201,0.31881,0.02933,-0.25320,0.42804,0.79918,-0.30164,-0.29514,1,0.29488,-0.04299,0.39618,-0.04188,0.46518,0.88151,-0.06915,0.28772,-0.04208,0.38881,-0.04653,0.46090,0.88321,-0.07316,-7.16,0.92,-7.37
12.6632,202,0.31761,0.02906,-0.25791,0.43308,0.79653,-0.29931,-0.29732,1,0.29368,-0.04275,0.39504,-0.04238,0.46428,0.88191,-0.06995,0.28664,-0.04222,0.38755,-0.04791,0.46078,0.88314,-0.07374,-7.04,0.52,-7.48
12.6797,203,0.31687,0.02903,-0.26049,0.43623,0.79449,-0.29961,-0.29787,1,0.29247,-0.04254,0.39384,-0.04302,0.46347,0.88224,-0.07072,0.28557,-0.04229,0.38627,-0.04884,0.46079,0.88299,-0.07491,-6.90,0.25,-7.56
12.6966,204,0.31615,0.02886,-0.26301,0.43962,0.79201,-0.30044,-0.29864,1,0.29137,-0.04240,0.39273,-0.04371,0.46283,0.88249,-0.07136,0.28448,-0.04241,0.38503,-0.04967,0.46094,0.88276,-0.07613,-6.90,-0.01,-7.71
12.7132,205,0.31534,0.02885,-0.26555,0.44329,0.78970,-0.30105,-0.29872,1,0.29020,-0.04228,0.39153,-0.04462,0.46224,0.88270,-0.07202,0.28341,-0.04242,0.38375,-0.05046,0.46086,0.88265,-0.07740,-6.79,-0.14,-7.79
12.7299,206,0.31458,0.02910,-0.26799,0.44706,0.78788,-0.30061,-0.29835,1,0.28902,-0.04222,0.39031,-0.04563,0.46182,0.88281,-0.07272,0.28245,-0.04231,0.38238,-0.05137,0.46044,0.88272,-0.07851,-6.57,-0.09,-7.92
12.7466,207,0.31355,0.02921,-0.27327,0.45234,0.78659,-0.29842,-0.29599,1,0.28783,-0.04225,0.38907,-0.04666,0.46157,0.88282,-0.07351,0.28154,-0.04241,0.38099,-0.05214,0.45952,0.88308,-0.07934,-6.29,-0.16,-8.07
12.7633,208,0.31306,0.02943,-0.27624,0.45463,0.78596,-0.29750,-0.29508,1,0.28674,-0.04228,0.38788,-0.04764,0.46133,0.88283,-0.07432,0.28073,-0.04247,0.37954,-0.05295,0.45865,0.88341,-0.08019,-6.01,-0.18,-8.35
12.7800,209,0.31266,0.02939,-0.27931,0.45768,0.78420,-0.29740,-0.29514,1,0.28564,-0.04230,0.38659,-0.04864,0.46108,0.88283,-0.07518,0.27988,-0.04266,0.37812,-0.05389,0.45837,0.88339,-0.08130,-5.77,-0.36,-8.47
12.7968,210,0.31239,0.02912,-0.28217,0.46176,0.78068,-0.29924,-0.29625,1,0.28461,-0.04237,0.38529,-0.04956,0.46076,0.88286,-0.07613,0.27900,-0.04299,0.37674,-0.05459,0.45867,0.88308,-0.08255,-5.61,-0.62,-8.55
12.8137,211,0.31216,0.02874,-0.28473,0.46554,0.77657,-0.30177,-0.29859,1,0.28361,-0.04245,0.38396,-0.05047,0.46034,0.88295,-0.07711,0.27811,-0.04339,0.37539,-0.05528,0.45924,0.88263,-0.08367,-5.50,-0.94,-8.58
12.8304,212,0.31182,0.02824,-0.28994,0.46987,0.77088,-0.30630,-0.30191,1,0.28270,-0.04253,0.38269,-0.05134,0.45994,0.88302,-0.07805,0.27730,-0.04374,0.37397,-0.05579,0.45995,0.88213,-0.08478,-5.40,-1.21,-8.72
12.8472,213,0.31157,0.02779,-0.29275,0.47167,0.76896,-0.30847,-0.30178,1,0.28176,-0.04265,0.38133,-0.05223,0.45962,0.88305,-0.07910,0.27643,-0.04414,0.37261,-0.05587,0.46033,0.88179,-0.08619,-5.32,-1.48,-8.72
12.8641,214,0.31133,0.02713,-0.29562,0.47453,0.76668,-0.31065,-0.30086,1,0.28083,-0.04282,0.37995,-0.05308,0.45938,0.88302,-0.08016,0.27552,-0.04461,0.37129,-0.05600,0.46037,0.88161,-0.08767,-5.31,-1.79,-8.65
12.8807,215,0.31110,0.02641,-0.29836,0.47793,0.76379,-0.31253,-0.30088,1,0.27993,-0.04303,0.37855,-0.05383,0.45941,0.88286,-0.08128,0.27460,-0.04512,0.37000,-0.05648,0.46053,0.88136,-0.08907,-5.32,-2.09,-8.55
12.8974,216,0.31090,0.02554,-0.30094,0.48136,0.76000,-0.31514,-0.30231,1,0.27908,-0.04326,0.37723,-0.05442,0.45956,0.88264,-0.08241,0.27365,-0.04570,0.36876,-0.05703,0.46102,0.88094,-0.09030,-5.42,-2.44,-8.47
12.9139,217,0.31010,0.02431,-0.30553,0.48702,0.75056,-0.32294,-0.30852,1,0.27819,-0.04357,0.37586,-0.05493,0.45975,0.88239,-0.08365,0.27265,-0.04611,0.36749,-0.05752,0.46184,0.88037,-0.09131,-5.53,-2.53,-8.37
12.9306,218,0.30965,0.02374,-0.30771,0.48950,0.74658,-0.32623,-0.31078,1,0.27733,-0.04391,0.37457,-0.05538,0.45994,0.88215,-0.08485,0.27165,-0.04647,0.36621,-0.05797,0.46261,0.87983,-0.09239,-5.68,-2.56,-8.36
12.9475,219,0.30911,0.02323,-0.31004,0.49236,0.74306,-0.32920,-0.31155,1,0.27641,-0.04428,0.37321,-0.05585,0.46018,0.88187,-0.08613,0.27066,-0.04675,0.36490,-0.05830,0.46312,0.87940,-0.09369,-5.75,-2.47,-8.30
12.9642,220,0.30858,0.02246,-0.31234,0.49665,0.73902,-0.33237,-0.31098,1,0.27547,-0.04468,0.37185,-0.05630,0.46052,0.88154,-0.08742,0.26961,-0.04717,0.36367,-0.05856,0.46329,0.87914,-0.09514,-5.86,-2.49,-8.17
12.9809,221,0.30731,0.02005,-0.31634,0.50705,0.73095,-0.33447,-0.31102,1,0.27452,-0.04508,0.37050,-0.05675,0.46097,0.88115,-0.08867,0.26839,-0.04776,0.36270,-0.05926,0.46324,0.87898,-0.09645,-6.12,-2.67,-7.80
12.9977,222,0.30686,0.01932,-0.31817,0.51190,0.72855,-0.33256,-0.31076,1,0.27354,-0.04551,0.36917,-0.05718,0.46147,0.88073,-0.08992,0.26734,-0.04820,0.36149,-0.06028,0.46268,0.87910,-0.09738,-6.20,-2.70,-7.68
13.0143,223,0.30633,0.01878,-0.31994,0.51477,0.72714,-0.33231,-0.30960,1,0.27260,-0.04592,0.36795,-0.05758,0.46188,0.88037,-0.09110,0.26629,-0.04848,0.36022,-0.06082,0.46205,0.87925,-0.09862,-6.31,-2.55,-7.73
13.0311,224,0.30575,0.01824,-0.32173,0.51672,0.72615,-0.33260,-0.30837,1,0.27156,-0.04637,0.36667,-0.05806,0.46220,0.88004,-0.09235,0.26522,-0.04872,0.35896,-0.06101,0.46146,0.87940,-0.09997,-6.34,-2.35,-7.71
13.0479,225,0.30524,0.01769,-0.32387,0.51781,0.72582,-0.33206,-0.30788,1,0.27050,-0.04679,0.36542,-0.05858,0.46236,0.87979,-0.09361,0.26427,-0.04899,0.35762,-0.06160,0.46061,0.87971,-0.10078,-6.23,-2.20,-7.80
13.0646,226,0.30441,0.01654,-0.32838,0.52240,0.72249,-0.33340,-0.30652,1,0.26943,-0.04716,0.36419,-0.05911,0.46237,0.87961,-0.09488,0.26338,-0.04930,0.35625,-0.06206,0.46024,0.87972,-0.10205,-6.05,-2.15,-7.94
13.0814,227,0.30418,0.01605,-0.33044,0.52568,0.72008,-0.33456,-0.30530,1,0.26843,-0.04750,0.36303,-0.05961,0.46228,0.87950,-0.09606,0.26260,-0.04966,0.35482,-0.06239,0.46002,0.87965,-0.10350,-5.84,-2.16,-8.21
13.0982,228,0.30382,0.01547,-0.33250,0.52828,0.71804,-0.33646,-0.30354,1,0.26738,-0.04785,0.36177,-0.06015,0.46200,0.87947,-0.09728,0.26172,-0.04999,0.35344,-0.06231,0.45987,0.87955,-0.10499,-5.66,-2.14,-8.33
13.1148,229,0.30343,0.01505,-0.33454,0.53057,0.71669,-0.33795,-0.30107,1,0.26637,-0.04819,0.36049,-0.06068,0.46159,0.87952,-0.09848,0.26088,-0.05021,0.35202,-0.06199,0.45946,0.87962,-0.10639,-5.48,-2.02,-8.47
13.1316,230,0.30307,0.01462,-0.33672,0.53269,0.71574,-0.33912,-0.29825,1,0.26539,-0.04851,0.35917,-0.06115,0.46118,0.87956,-0.09972,0.26008,-0.05042,0.35057,-0.06157,0.45888,0.87979,-0.10770,-5.31,-1.91,-8.60
13.1484,231,0.30193,0.01397,-0.34133,0.53685,0.71424,-0.33949,-0.29395,1,0.26451,-0.04881,0.35791,-0.06150,0.46085,0.87957,-0.10093,0.25923,-0.05047,0.34914,-0.06146,0.45807,0.88008,-0.10892,-5.27,-1.66,-8.77
13.1652,232,0.30135,0.01367,-0.34373,0.53954,0.71324,-0.33843,-0.29267,1,0.26360,-0.04913,0.35653,-0.06173,0.46047,0.87960,-0.10226,0.25841,-0.05049,0.34769,-0.06205,0.45715,0.88039,-0.10989,-5.19,-1.36,-8.84
13.1823,233,0.30072,0.01329,-0.34629,0.54258,0.71185,-0.33764,-0.29133,1,0.26272,-0.04945,0.35513,-0.06185,0.46009,0.87964,-0.10358,0.25757,-0.05053,0.34625,-0.06265,0.45634,0.88063,-0.11099,-5.15,-1.08,-8.88
13.1989,234,0.30008,0.01305,-0.34863,0.54584,0.71003,-0.33846,-0.28872,1,0.26185,-0.04973,0.35371,-0.06192,0.45965,0.87971,-0.10486,0.25675,-0.05047,0.34480,-0.06267,0.45577,0.88075,-0.11237,-5.10,-0.74,-8.91
13.2153,235,0.29923,0.01290,-0.35110,0.54807,0.70890,-0.33960,-0.28592,1,0.26104,-0.04995,0.35235,-0.06200,0.45912,0.87984,-0.10603,0.25590,-0.05028,0.34338,-0.06232,0.45521,0.88089,-0.11371,-5.14,-0.34,-8.97
13.2320,236,0.29719,0.01249,-0.35649,0.55144,0.70818,-0.34072,-0.27982,1,0.26019,-0.05011,0.35089,-0.06212,0.45846,0.88003,-0.10727,0.25500,-0.05007,0.34199,-0.06177,0.45440,0.88121,-0.11480,-5.19,0.03,-8.90
13.2488,237,0.29580,0.01203,-0.35931,0.55448,0.70747,-0.33907,-0.27762,1,0.25934,-0.05021,0.34945,-0.06224,0.45783,0.88019,-0.10852,0.25395,-0.04985,0.34072,-0.06189,0.45337,0.88161,-0.11569,-5.38,0.37,-8.73
13.2654,238,0.29455,0.01146,-0.36213,0.55949,0.70673,-0.33256,-0.27733,1,0.25852,-0.05026,0.34811,-0.06232,0.45722,0.88036,-0.10968,0.25291,-0.04970,0.33942,-0.06258,0.45236,0.88203,-0.11607,-5.61,0.56,-8.68
13.2821,239,0.29352,0.01070,-0.36530,0.56410,0.70605,-0.32700,-0.27632,1,0.25766,-0.05029,0.34670,-0.06232,0.45657,0.88055,-0.11087,0.25197,-0.04971,0.33805,-0.06350,0.45129,0.88249,-0.11625,-5.70,0.58,-8.65
13.2991,240,0.29222,0.01025,-0.36848,0.56868,0.70423,-0.32535,-0.27352,1,0.25674,-0.05026,0.34526,-0.06236,0.45584,0.88078,-0.11200,0.25104,-0.04951,0.33668,-0.06408,0.45031,0.88284,-0.11708,-5.70,0.75,-8.58
13.3157,241,0.28899,0.00917,-0.37528,0.57595,0.69829,-0.32890,-0.26926,1,0.25581,-0.05020,0.34385,-0.06242,0.45497,0.88109,-0.11306,0.25005,-0.04926,0.33536,-0.06439,0.44982,0.88290,-0.11832,-5.76,0.94,-8.49
13.3325,242,0.28736,0.00853,-0.37897,0.57872,0.69576,-0.32901,-0.26974,1,0.25491,-0.05010,0.34253,-0.06259,0.45414,0.88139,-0.11395,0.24910,-0.04904,0.33401,-0.06530,0.44970,0.88275,-0.11945,-5.82,1.06,-8.52
13.3496,243,0.28554,0.00796,-0.38278,0.58181,0.69366,-0.32839,-0.26923,1,0.25389,-0.04991,0.34108,-0.06289,0.45321,0.88173,-0.11483,0.24814,-0.04875,0.33268,-0.06617,0.44917,0.88280,-0.12055,-5.75,1.17,-8.40
13.3661,244,0.28357,0.00726,-0.38622,0.58616,0.69164,-0.32643,-0.26736,1,0.25389,-0.04991,0.34108,-0.06289,0.45321,0.88173,-0.11483,0.24709,-0.04844,0.33142,-0.06685,0.44826,0.88308,-0.12149,-6.80,1.48,-9.66
13.3828,245,0.28190,0.00648,-0.38938,0.59214,0.68929,-0.32123,-0.26658,1,0.25194,-0.04960,0.33840,-0.06380,0.45170,0.88223,-0.11651,0.24605,-0.04820,0.33014,-0.06787,0.44732,0.88341,-0.12196,-5.90,1.40,-8.26
13.3996,246,0.27855,0.00411,-0.39591,0.60119,0.68475,-0.31729,-0.26270,1,0.25096,-0.04942,0.33702,-0.06434,0.45097,0.88244,-0.11744,0.24495,-0.04810,0.32889,-0.06857,0.44645,0.88367,-0.12293,-6.01,1.32,-8.13
13.4163,247,0.27684,0.00279,-0.39950,0.60474,0.68248,-0.31626,-0.26171,1,0.25003,-0.04921,0.33575,-0.06491,0.45028,0.88263,-0.11832,0.24391,-0.04801,0.32760,-0.06937,0.44578,0.88380,-0.12399,-6.13,1.20,-8.15
13.4330,248,0.27501,0.00130,-0.40323,0.60863,0.67995,-0.31554,-0.26012,1,0.24903,-0.04899,0.33442,-0.06560,0.44957,0.88282,-0.11923,0.24284,-0.04794,0.32632,-0.07002,0.44512,0.88391,-0.12517,-6.19,1.05,-8.10
13.4499,249,0.27322,-0.00004,-0.40659,0.61337,0.67664,-0.31548,-0.25771,1,0.24799,-0.04875,0.33310,-0.06637,0.44883,0.88301,-0.12015,0.24176,-0.04782,0.32506,-0.07051,0.44456,0.88397,-0.12647,-6.24,0.93,-8.04
13.4665,250,0.27160,-0.00188,-0.40996,0.61771,0.67360,-0.31450,-0.25649,1,0.24702,-0.04855,0.33186,-0.06710,0.44813,0.88319,-0.12105,0.24063,-0.04788,0.32383,-0.07130,0.44396,0.88405,-0.12759,-6.39,0.68,-8.03
13.4832,251,0.26809,-0.00545,-0.41664,0.62443,0.66809,-0.31292,-0.25657,1,0.24600,-0.04837,0.33055,-0.06785,0.44736,0.88338,-0.12205,0.23950,-0.04788,0.32261,-0.07234,0.44356,0.88402,-0.12859,-6.50,0.49,-7.94
13.5001,252,0.26647,-0.00749,-0.41985,0.62741,0.66573,-0.31305,-0.25529,1,0.24497,-0.04820,0.32926,-0.06858,0.44663,0.88355,-0.12309,0.23835,-0.04799,0.32140,-0.07289,0.44312,0.88400,-0.12992,-6.61,0.22,-7.85
13.5168,253,0.26470,-0.00926,-0.42327,0.63015,0.66411,-0.31296,-0.25283,1,0.24390,-0.04807,0.32797,-0.06935,0.44597,0.88368,-0.12415,0.23726,-0.04796,0.32014,-0.07304,0.44238,0.88416,-0.13121,-6.65,0.11,-7.82
13.5337,254,0.26283,-0.01070,-0.42686,0.63326,0.66296,-0.31218,-0.24903,1,0.24282,-0.04798,0.32669,-0.07010,0.44532,0.88379,-0.12527,0.23624,-0.04780,0.31883,-0.07297,0.44142,0.88449,-0.13231,-6.58,0.18,-7.86
13.5505,255,0.26109,-0.01263,-0.43050,0.63742,0.66123,-0.31153,-0.24378,1,0.24179,-0.04791,0.32550,-0.07077,0.44474,0.88387,-0.12637,0.23518,-0.04779,0.31755,-0.07286,0.44051,0.88478,-0.13346,-6.60,0.12,-7.96
13.5672,256,0.25760,-0.01756,-0.43786,0.64610,0.65529,-0.31038,-0.23835,1,0.24068,-0.04785,0.32424,-0.07140,0.44411,0.88397,-0.12755,0.23406,-0.04790,0.31632,-0.07330,0.43981,0.88490,-0.13471,-6.63,-0.05,-7.91
13.5837,257,0.25603,-0.02000,-0.44161,0.65040,0.65156,-0.31065,-0.23653,1,0.23958,-0.04780,0.32296,-0.07190,0.44348,0.88407,-0.12873,0.23299,-0.04801,0.31504,-0.07388,0.43940,0.88486,-0.13602,-6.59,-0.21,-7.92
13.6006,258,0.25475,-0.02265,-0.44537,0.65487,0.64671,-0.31360,-0.23360,1,0.23849,-0.04779,0.32169,-0.07230,0.44280,0.88421,-0.12991,0.23197,-0.04824,0.31375,-0.07410,0.43933,0.88464,-0.13749,-6.51,-0.45,-7.95
13.6172,259,0.25352,-0.02520,-0.44906,0.65903,0.64112,-0.31977,-0.22891,1,0.23745,-0.04780,0.32049,-0.07263,0.44215,0.88434,-0.13103,0.23097,-0.04844,0.31243,-0.07393,0.43950,0.88435,-0.13894,-6.47,-0.64,-8.06
13.6341,260,0.25218,-0.02758,-0.45240,0.66101,0.63681,-0.32856,-0.22270,1,0.23635,-0.04783,0.31922,-0.07296,0.44147,0.88448,-0.13223,0.22993,-0.04857,0.31114,-0.07334,0.43985,0.88402,-0.14023,-6.42,-0.73,-8.09
13.6510,261,0.24873,-0.03208,-0.45913,0.65959,0.63751,-0.34240,-0.20318,1,0.23525,-0.04791,0.31795,-0.07326,0.44088,0.88456,-0.13347,0.22883,-0.04854,0.30988,-0.07220,0.43991,0.88393,-0.14117,-6.41,-0.63,-8.07
13.6678,262,0.24742,-0.03460,-0.46262,0.65994,0.63990,-0.34203,-0.19499,1,0.23415,-0.04801,0.31667,-0.07346,0.44049,0.88454,-0.13476,0.22777,-0.04861,0.30860,-0.07107,0.43939,0.88419,-0.14177,-6.38,-0.60,-8.08
13.6845,263,0.24612,-0.03718,-0.46578,0.66176,0.64084,-0.34110,-0.18721,1,0.23312,-0.04813,0.31547,-0.07350,0.44027,0.88446,-0.13598,0.22664,-0.04871,0.30738,-0.07021,0.43846,0.88461,-0.14244,-6.49,-0.59,-8.09
13.7011,264,0.24475,-0.03964,-0.46883,0.66466,0.63929,-0.34176,-0.18092,1,0.23204,-0.04829,0.31420,-0.07335,0.44009,0.88437,-0.13724,0.22548,-0.04875,0.30618,-0.06968,0.43772,0.88483,-0.14361,-6.56,-0.46,-8.01
13.7177,265,0.24327,-0.04200,-0.47167,0.66589,0.63705,-0.34549,-0.17717,1,0.23097,-0.04844,0.31292,-0.07298,0.43989,0.88432,-0.13838,0.22428,-0.04872,0.30503,-0.06910,0.43764,0.88470,-0.14493,-6.70,-0.28,-7.89
13.7345,266,0.23931,-0.04637,-0.47770,0.66194,0.63475,-0.35915,-0.17300,1,0.22996,-0.04854,0.31169,-0.07252,0.43961,0.88434,-0.13935,0.22305,-0.04847,0.30392,-0.06838,0.43816,0.88434,-0.14590,-6.90,0.07,-7.77
13.7512,267,0.23730,-0.04843,-0.48055,0.66277,0.63277,-0.36155,-0.17211,1,0.22887,-0.04862,0.31040,-0.07192,0.43923,0.88442,-0.14040,0.22179,-0.04819,0.30287,-0.06829,0.43860,0.88390,-0.14725,-7.08,0.43,-7.53
13.7682,268,0.23569,-0.05051,-0.48291,0.66669,0.62942,-0.36194,-0.16839,1,0.22776,-0.04869,0.30913,-0.07127,0.43890,0.88446,-0.14147,0.22050,-0.04805,0.30183,-0.06832,0.43838,0.88378,-0.14859,-7.27,0.63,-7.30
13.7850,269,0.23375,-0.05237,-0.48514,0.67136,0.62365,-0.36975,-0.15366,1,0.22661,-0.04871,0.30790,-0.07062,0.43870,0.88444,-0.14254,0.21916,-0.04774,0.30089,-0.06763,0.43813,0.88374,-0.14991,-7.45,0.97,-7.01
13.8016,270,0.23215,-0.05475,-0.48769,0.67396,0.62010,-0.37669,-0.13913,1,0.22540,-0.04865,0.30669,-0.07007,0.43853,0.88439,-0.14365,0.21787,-0.04762,0.29983,-0.06675,0.43788,0.88373,-0.15109,-7.52,1.03,-6.86
13.8182,271,0.22897,-0.05962,-0.49267,0.67664,0.61729,-0.38421,-0.11619,1,0.22422,-0.04853,0.30557,-0.06961,0.43842,0.88430,-0.14478,0.21657,-0.04748,0.29880,-0.06575,0.43749,0.88382,-0.15214,-7.65,1.04,-6.77
13.8350,272,0.22782,-0.06195,-0.49478,0.67899,0.61705,-0.38214,-0.11045,1,0.22295,-0.04836,0.30442,-0.06910,0.43834,0.88417,-0.14602,0.21526,-0.04743,0.29777,-0.06507,0.43656,0.88420,-0.15289,-7.69,0.93,-6.64
13.8519,273,0.22688,-0.06421,-0.49643,0.68243,0.61656,-0.37722,-0.10887,1,0.22170,-0.04818,0.30333,-0.06853,0.43822,0.88408,-0.14724,0.21391,-0.04751,0.29681,-0.06498,0.43544,0.88469,-0.15327,-7.79,0.67,-6.52
13.8685,274,0.22599,-0.06639,-0.49810,0.68595,0.61631,-0.37102,-0.10941,1,0.22048,-0.04802,0.30232,-0.06795,0.43803,0.88402,-0.14838,0.21257,-0.04756,0.29581,-0.06548,0.43432,0.88522,-0.15317,-7.91,0.47,-6.52
13.8852,275,0.22496,-0.06887,-0.49943,0.69037,0.61515,-0.36449,-0.11007,1,0.21917,-0.04786,0.30125,-0.06733,0.43770,0.88404,-0.14952,0.21113,-0.04772,0.29500,-0.06635,0.43322,0.88572,-0.15301,-8.05,0.14,-6.26
13.9020,276,0.22472,-0.07254,-0.50039,0.71390,0.60481,-0.33192,-0.11993,1,0.21787,-0.04770,0.30019,-0.06675,0.43726,0.88413,-0.15051,0.20981,-0.04845,0.29429,-0.06744,0.43227,0.88613,-0.15287,-8.06,-0.76,-5.91
13.9186,277,0.22526,-0.07482,-0.50122,0.72240,0.60202,-0.31411,-0.13056,1,0.21655,-0.04760,0.29915,-0.06637,0.43664,0.88433,-0.15132,0.20886,-0.04942,0.29331,-0.06857,0.43155,0.88649,-0.15231,-7.69,-1.81,-5.84
13.9356,278,0.22511,-0.07711,-0.50216,0.72557,0.60009,-0.30615,-0.14039,1,0.21520,-0.04760,0.29814,-0.06627,0.43586,0.88463,-0.15189,0.20764,-0.05003,0.29236,-0.06984,0.43128,0.88665,-0.15158,-7.56,-2.43,-5.78
13.9525,279,0.22344,-0.07924,-0.50341,0.72270,0.59673,-0.31810,-0.14292,1,0.21391,-0.04770,0.29721,-0.06640,0.43505,0.88495,-0.15227,0.20619,-0.04979,0.29156,-0.07071,0.43145,0.88656,-0.15122,-7.72,-2.09,-5.65
13.9692,280,0.22146,-0.08013,-0.50442,0.72366,0.59187,-0.32635,-0.13964,1,0.21258,-0.04793,0.29624,-0.06676,0.43422,0.88530,-0.15242,0.20491,-0.04891,0.29097,-0.07117,0.43179,0.88632,-0.15145,-7.67,-0.98,-5.27
13.9859,281,0.22086,-0.08268,-0.50583,0.73297,0.58379,-0.30882,-0.16301,1,0.21127,-0.04825,0.29532,-0.06734,0.43348,0.88563,-0.15238,0.20366,-0.04896,0.29003,-0.07212,0.43180,0.88627,-0.15126,-7.61,-0.70,-5.29
14.0025,282,0.22025,-0.08372,-0.50635,0.73574,0.58043,-0.30294,-0.17327,1,0.21003,-0.04857,0.29447,-0.06802,0.43294,0.88587,-0.15222,0.20254,-0.04898,0.28933,-0.07350,0.43172,0.88629,-0.15067,-7.48,-0.41,-5.14
14.0197,283,0.21919,-0.08483,-0.50691,0.73789,0.57806,-0.30103,-0.17536,1,0.20863,-0.04886,0.29352,-0.06885,0.43254,0.88605,-0.15193,0.20111,-0.04872,0.28860,-0.07494,0.43134,0.88634,-0.15077,-7.53,0.14,-4.92
14.0362,284,0.21825,-0.08615,-0.50759,0.73957,0.57746,-0.29942,-0.17297,1,0.20738,-0.04907,0.29269,-0.06968,0.43233,0.88614,-0.15166,0.20000,-0.04864,0.28767,-0.07578,0.43065,0.88654,-0.15115,-7.38,0.43,-5.01
14.0529,285,0.21697,-0.08894,-0.50911,0.74385,0.57680,-0.29341,-0.16706,1,0.20607,-0.04918,0.29181,-0.07065,0.43207,0.88623,-0.15139,0.19974,-0.04881,0.28628,-0.07604,0.42955,0.88697,-0.15162,-6.33,0.37,-5.53
14.0696,286,0.21624,-0.08993,-0.50974,0.74546,0.57621,-0.29203,-0.16427,1,0.20480,-0.04915,0.29097,-0.07165,0.43183,0.88630,-0.15119,0.20000,-0.04868,0.28547,-0.07583,0.42842,0.88738,-0.15250,-4.80,0.48,-5.50
14.0865,287,0.21554,-0.09081,-0.51034,0.74684,0.57515,-0.29070,-0.16406,1,0.20365,-0.04908,0.29021,-0.07262,0.43156,0.88637,-0.15111,0.20000,-0.04850,0.28471,-0.07633,0.42738,0.88773,-0.15317,-3.65,0.57,-5.50
14.1033,288,0.21497,-0.09168,-0.51097,0.74793,0.57447,-0.28865,-0.16513,1,0.20253,-0.04900,0.28935,-0.07359,0.43112,0.88650,-0.15115,0.20000,-0.04840,0.28391,-0.07725,0.42649,0.88806,-0.15323,-2.53,0.60,-5.44
14.1199,289,0.21444,-0.09262,-0.51163,0.74915,0.57349,-0.28655,-0.16664,1,0.20160,-0.04895,0.28844,-0.07445,0.43048,0.88670,-0.15136,0.20000,-0.04838,0.28306,-0.07855,0.42586,0.88831,-0.15292,-1.60,0.57,-5.39
14.1366,290,0.21377,-0.09472,-0.51273,0.75183,0.57027,-0.28427,-0.16950,1,0.20095,-0.04886,0.28750,-0.07510,0.42968,0.88698,-0.15168,0.20000,-0.04881,0.28146,-0.08001,0.42553,0.88832,-0.15302,-0.95,0.05,-6.05
14.1535,291,0.21352,-0.09541,-0.51336,0.75326,0.56772,-0.28395,-0.17224,1,0.20054,-0.04873,0.28660,-0.07566,0.42884,0.88728,-0.15200,0.20000,-0.04886,0.28067,-0.08148,0.42573,0.88807,-0.15312,-0.54,-0.14,-5.93
14.1702,292,0.21328,-0.09611,-0.51395,0.75458,0.56531,-0.28347,-0.17515,1,0.20024,-0.04857,0.28564,-0.07639,0.42797,0.88760,-0.15225,0.20000,-0.04895,0.27992,-0.08295,0.42593,0.88784,-0.15312,-0.24,-0.38,-5.72
14.1869,293,0.21303,-0.09698,-0.51462,0.75599,0.56313,-0.28327,-0.17640,1,0.20002,-0.04850,0.28467,-0.07726,0.42715,0.88787,-0.15250,0.20000,-0.04910,0.27903,-0.08434,0.42594,0.88761,-0.15363,-0.02,-0.61,-5.63
14.2038,294,0.21263,-0.09808,-0.51525,0.75722,0.56158,-0.28370,-0.17539,1,0.19986,-0.04848,0.28369,-0.07829,0.42660,0.88801,-0.15268,0.20000,-0.04930,0.27812,-0.08518,0.42581,0.88742,-0.15464,0.14,-0.82,-5.57
14.2205,295,0.21168,-0.10099,-0.51649,0.76030,0.55859,-0.28186,-0.17456,1,0.19973,-0.04850,0.28277,-0.07941,0.42633,0.88802,-0.15282,0.20000,-0.04980,0.27659,-0.08608,0.42502,0.88756,-0.15552,0.27,-1.30,-6.18
14.2372,296,0.21124,-0.10243,-0.51718,0.76194,0.55696,-0.28062,-0.17463,1,0.19963,-0.04861,0.28180,-0.08069,0.42613,0.88796,-0.15304,0.20000,-0.05013,0.27550,-0.08720,0.42426,0.88770,-0.15616,0.37,-1.53,-6.29
14.2539,297,0.21077,-0.10311,-0.51797,0.76290,0.55613,-0.28029,-0.17362,1,0.19958,-0.04881,0.28083,-0.08191,0.42597,0.88787,-0.15338,0.20000,-0.04998,0.27456,-0.08770,0.42347,0.88784,-0.15721,0.42,-1.17,-6.27
14.2706,298,0.21048,-0.10445,-0.51853,0.76381,0.55502,-0.28081,-0.17230,1,0.19958,-0.04905,0.27986,-0.08304,0.42570,0.88781,-0.15385,0.20000,-0.05039,0.27362,-0.08777,0.42312,0.88775,-0.15862,0.42,-1.35,-6.25
14.2874,0,0.21001,-0.10516,-0.51898,0.76548,0.55300,-0.28053,-0.17188,1,0.19957,-0.04923,0.27890,-0.08411,0.42531,0.88781,-0.15438,0.20000,-0.05033,0.27298,-0.08854,0.42269,0.88767,-0.15977,0.43,-1.09,-5.92
14.3041,1,0.20963,-0.10637,-0.51967,0.76872,0.54863,-0.27789,-0.17566,1,0.19957,-0.04944,0.27784,-0.08512,0.42484,0.88781,-0.15510,0.20000,-0.05056,0.27195,-0.08973,0.42235,0.88762,-0.16030,0.43,-1.11,-5.88
14.3208,2,0.20937,-0.10747,-0.51950,0.76977,0.54691,-0.27781,-0.17653,1,0.19956,-0.04969,0.27676,-0.08600,0.42437,0.88780,-0.15596,0.20000,-0.05103,0.27175,-0.09110,0.42236,0.88738,-0.16087,0.44,-1.33,-5.01
14.3376,3,0.20961,-0.10824,-0.51886,0.77105,0.54521,-0.27684,-0.17773,1,0.19959,-0.04993,0.27578,-0.08672,0.42394,0.88779,-0.15681,0.20000,-0.05181,0.27208,-0.09254,0.42202,0.88735,-0.16110,0.41,-1.87,-3.70
14.3543,4,0.21037,-0.10904,-0.51798,0.77240,0.54342,-0.27665,-0.17766,1,0.19963,-0.05018,0.27483,-0.08752,0.42350,0.88776,-0.15771,0.20000,-0.05307,0.27262,-0.09364,0.42169,0.88723,-0.16199,0.37,-2.89,-2.21
14.3710,5,0.21091,-0.10950,-0.51659,0.77462,0.54106,-0.27612,-0.17599,1,0.19965,-0.05044,0.27404,-0.08845,0.42310,0.88771,-0.15856,0.20000,-0.05408,0.27374,-0.09418,0.42105,0.88724,-0.16323,0.35,-3.63,-0.30
14.3878,6,0.21366,-0.10763,-0.51302,0.77947,0.53737,-0.26984,-0.17562,1,0.19964,-0.05079,0.27345,-0.08953,0.42277,0.88762,-0.15931,0.20073,-0.05474,0.27508,-0.09497,0.42012,0.88748,-0.16388,1.10,-3.95,1.63
14.4045,7,0.21566,-0.10551,-0.51078,0.77894,0.53988,-0.26695,-0.17468,1,0.19963,-0.05130,0.27316,-0.09053,0.42246,0.88754,-0.16004,0.20172,-0.05515,0.27636,-0.09524,0.41917,0.88788,-0.16400,2.09,-3.86,3.20
14.4212,8,0.21787,-0.10279,-0.50848,0.77680,0.54555,-0.26335,-0.17202,1,0.19969,-0.05198,0.27318,-0.09145,0.42212,0.88746,-0.16081,0.20281,-0.05546,0.27759,-0.09490,0.41836,0.88835,-0.16374,3.11,-3.48,4.41
14.4380,9,0.21984,-0.09962,-0.50621,0.77523,0.55154,-0.25824,-0.16772,1,0.19983,-0.05270,0.27350,-0.09231,0.42163,0.88747,-0.16155,0.20394,-0.05558,0.27880,-0.09395,0.41748,0.88895,-0.16326,4.11,-2.88,5.30
14.4547,10,0.22198,-0.09533,-0.50399,0.77486,0.55623,-0.25210,-0.16324,1,0.20011,-0.05338,0.27409,-0.09309,0.42102,0.88758,-0.16214,0.20520,-0.05554,0.27990,-0.09323,0.41638,0.88960,-0.16293,5.08,-2.16,5.81
14.4714,11,0.22664,-0.08327,-0.49934,0.77487,0.56532,-0.23740,-0.15370,1,0.20057,-0.05394,0.27485,-0.09359,0.42039,0.88774,-0.16255,0.20652,-0.05534,0.28090,-0.09263,0.41522,0.89026,-0.16262,5.95,-1.40,6.04
14.4881,12,0.22966,-0.07620,-0.49672,0.77228,0.57331,-0.23114,-0.14653,1,0.20128,-0.05442,0.27583,-0.09380,0.41967,0.88802,-0.16279,0.20788,-0.05523,0.28184,-0.09157,0.41438,0.89082,-0.16229,6.61,-0.81,6.01
14.5048,13,0.23296,-0.06864,-0.49390,0.76779,0.58284,-0.22693,-0.13890,1,0.20214,-0.05476,0.27690,-0.09380,0.41887,0.88838,-0.16285,0.20927,-0.05516,0.28276,-0.09032,0.41380,0.89129,-0.16192,7.13,-0.40,5.87
14.5216,14,0.23654,-0.06014,-0.49089,0.76239,0.59274,-0.22326,-0.13260,1,0.20306,-0.05497,0.27794,-0.09361,0.41808,0.88879,-0.16281,0.21069,-0.05508,0.28364,-0.08905,0.41335,0.89172,-0.16142,7.62,-0.12,5.70
14.5383,15,0.24049,-0.05126,-0.48758,0.75720,0.60180,-0.21913,-0.12832,1,0.20414,-0.05509,0.27903,-0.09321,0.41718,0.88927,-0.16268,0.21212,-0.05506,0.28449,-0.08788,0.41290,0.89216,-0.16074,7.97,0.02,5.47
14.5550,16,0.25021,-0.02974,-0.47994,0.74459,0.62142,-0.21050,-0.12290,1,0.20532,-0.05512,0.28008,-0.09260,0.41631,0.88978,-0.16248,0.21358,-0.05506,0.28530,-0.08677,0.41257,0.89258,-0.15987,8.26,0.06,5.22
14.5718,17,0.25548,-0.01793,-0.47557,0.73780,0.63142,-0.20675,-0.11919,1,0.20655,-0.05511,0.28109,-0.09182,0.41553,0.89028,-0.16221,0.21506,-0.05507,0.28605,-0.08558,0.41227,0.89297,-0.15910,8.51,0.04,4.97
14.5885,18,0.26076,-0.00585,-0.47110,0.73055,0.64184,-0.20296,-0.11466,1,0.20774,-0.05508,0.28199,-0.09100,0.41487,0.89073,-0.16190,0.21657,-0.05508,0.28678,-0.08436,0.41195,0.89336,-0.15839,8.83,-0.01,4.78
14.6052,19,0.26645,0.00691,-0.46552,0.72237,0.65282,-0.20088,-0.10792,1,0.20907,-0.05503,0.28291,-0.08998,0.41424,0.89120,-0.16144,0.21805,-0.05513,0.28754,-0.08301,0.41170,0.89369,-0.15789,8.97,-0.11,4.63
14.6220,20,0.27233,0.01969,-0.45975,0.71312,0.66454,-0.19889,-0.10141,1,0.21045,-0.05497,0.28379,-0.08890,0.41369,0.89167,-0.16090,0.21954,-0.05522,0.28827,-0.08166,0.41151,0.89400,-0.15735,9.09,-0.25,4.48
14.6387,21,0.28428,0.04601,-0.44759,0.69237,0.68884,-0.19686,-0.08586,1,0.21187,-0.05492,0.28464,-0.08773,0.41318,0.89212,-0.16031,0.22105,-0.05532,0.28896,-0.08026,0.41136,0.89427,-0.15690,9.18,-0.40,4.33
14.6554,22,0.29006,0.05970,-0.44117,0.68185,0.70035,-0.19577,-0.07920,1,0.21322,-0.05491,0.28541,-0.08661,0.41279,0.89251,-0.15975,0.22260,-0.05541,0.28958,-0.07888,0.41126,0.89453,-0.15639,9.38,-0.50,4.17
14.6721,23,0.29576,0.07409,-0.43374,0.67196,0.71112,-0.19276,-0.07500,1,0.21467,-0.05493,0.28621,-0.08539,0.41242,0.89291,-0.15914,0.22414,-0.05549,0.29021,-0.07762,0.41113,0.89483,-0.15564,9.47,-0.56,4.00
14.6889,24,0.30163,0.08899,-0.42550,0.66264,0.72133,-0.18857,-0.07102,1,0.21615,-0.05499,0.28697,-0.08413,0.41211,0.89328,-0.15854,0.22568,-0.05559,0.29083,-0.07642,0.41091,0.89518,-0.15484,9.54,-0.60,3.86
14.7055,25,0.30734,0.10373,-0.41698,0.65259,0.73189,-0.18475,-0.06580,1,0.21757,-0.05506,0.28767,-0.08288,0.41187,0.89361,-0.15798,0.22723,-0.05569,0.29144,-0.07517,0.41068,0.89551,-0.15413,9.66,-0.63,3.77
14.7222,26,0.31919,0.13304,-0.39831,0.62985,0.75374,-0.18027,-0.05158,1,0.21910,-0.05513,0.28838,-0.08155,0.41164,0.89394,-0.15737,0.22877,-0.05583,0.29207,-0.07381,0.41049,0.89580,-0.15359,9.67,-0.70,3.69
14.7390,27,0.32486,0.14750,-0.38820,0.61757,0.76451,-0.17972,-0.04275,1,0.22063,-0.05521,0.28908,-0.08024,0.41141,0.89428,-0.15673,0.23032,-0.05601,0.29266,-0.07238,0.41034,0.89605,-0.15323,9.69,-0.79,3.58
14.7557,28,0.33050,0.16194,-0.37758,0.60514,0.77482,-0.17994,-0.03285,1,0.22217,-0.05529,0.28975,-0.07893,0.41120,0.89461,-0.15609,0.23187,-0.05620,0.29323,-0.07093,0.41017,0.89629,-0.15296,9.70,-0.91,3.48
14.7724,29,0.33582,0.17631,-0.36670,0.59286,0.78463,-0.17973,-0.02385,1,0.22361,-0.05537,0.29036,-0.07770,0.41102,0.89490,-0.15550,0.23343,-0.05639,0.29378,-0.06950,0.41002,0.89652,-0.15264,9.82,-1.02,3.41
14.7893,30,0.34115,0.19076,-0.35495,0.58113,0.79377,-0.17876,-0.01651,1,0.22517,-0.05549,0.29101,-0.07633,0.41082,0.89521,-0.15491,0.23499,-0.05662,0.29432,-0.06808,0.40989,0.89676,-0.15222,9.82,-1.13,3.31
14.8060,31,0.35163,0.22000,-0.33004,0.55773,0.81069,-0.17783,-0.00916,1,0.22673,-0.05561,0.29165,-0.07495,0.41062,0.89552,-0.15436,0.23656,-0.05684,0.29485,-0.06672,0.41001,0.89691,-0.15162,9.83,-1.23,3.20
14.8230,32,0.35662,0.23430,-0.31697,0.54531,0.81879,-0.17934,-0.00781,1,0.22830,-0.05576,0.29228,-0.07356,0.41040,0.89582,-0.15384,0.23813,-0.05708,0.29535,-0.06540,0.41040,0.89693,-0.15103,9.83,-1.31,3.07
14.8398,33,0.36107,0.24881,-0.30395,0.53285,0.82669,-0.18062,-0.00606,1,0.22987,-0.05593,0.29289,-0.07215,0.41024,0.89609,-0.15335,0.23972,-0.05726,0.29581,-0.06406,0.41076,0.89696,-0.15046,9.86,-1.32,2.92
14.8563,34,0.36520,0.26305,-0.29022,0.52010,0.83436,-0.18261,-0.00157,1,0.23133,-0.05611,0.29343,-0.07085,0.41018,0.89630,-0.15289,0.24131,-0.05742,0.29627,-0.06263,0.41097,0.89703,-0.15007,9.98,-1.31,2.85
14.8729,35,0.36929,0.27692,-0.27638,0.50779,0.84182,-0.18292,0.00498,1,0.23291,-0.05632,0.29398,-0.06945,0.41016,0.89651,-0.15238,0.24291,-0.05760,0.29672,-0.06119,0.41094,0.89721,-0.14969,10.00,-1.28,2.74
14.8899,36,0.37674,0.30378,-0.24782,0.48101,0.85656,-0.18493,0.02729,1,0.23451,-0.05655,0.29451,-0.06804,0.41023,0.89667,-0.15186,0.24450,-0.05779,0.29717,-0.05973,0.41071,0.89744,-0.14953,10.00,-1.24,2.66
14.9064,37,0.38066,0.31642,-0.23272,0.46668,0.86335,-0.18771,0.04006,1,0.23601,-0.05676,0.29500,-0.06671,0.41035,0.89680,-0.15138,0.24609,-0.05807,0.29759,-0.05826,0.41049,0.89763,-0.14953,10.08,-1.30,2.59
14.9232,38,0.38421,0.32847,-0.21799,0.45370,0.86906,-0.19058,0.05074,1,0.23762,-0.05698,0.29550,-0.06530,0.41044,0.89694,-0.15089,0.24769,-0.05836,0.29797,-0.05678,0.41033,0.89780,-0.14953,10.07,-1.38,2.47
14.9399,39,0.38786,0.34032,-0.20317,0.44096,0.87449,-0.19290,0.06019,1,0.23922,-0.05720,0.29599,-0.06389,0.41049,0.89709,-0.15047,0.24929,-0.05869,0.29831,-0.05529,0.41021,0.89796,-0.14947,10.07,-1.50,2.32
14.9568,40,0.39110,0.35165,-0.18719,0.42950,0.87892,-0.19572,0.06868,1,0.24082,-0.05742,0.29646,-0.06246,0.41049,0.89725,-0.15013,0.25087,-0.05904,0.29869,-0.05380,0.41011,0.89809,-0.14948,10.05,-1.62,2.23
14.9735,41,0.39755,0.37351,-0.15500,0.40762,0.88681,-0.20039,0.08516,1,0.24233,-0.05764,0.29690,-0.06108,0.41049,0.89739,-0.14987,0.25245,-0.05942,0.29906,-0.05232,0.40998,0.89824,-0.14948,10.12,-1.78,2.16
14.9902,42,0.40069,0.38356,-0.13881,0.39662,0.88996,-0.20435,0.09439,1,0.24395,-0.05787,0.29735,-0.05962,0.41043,0.89755,-0.14965,0.25402,-0.05986,0.29940,-0.05084,0.40984,0.89836,-0.14967,10.08,-1.98,2.05
15.0071,43,0.40351,0.39330,-0.12248,0.38608,0.89254,-0.20791,0.10528,1,0.24556,-0.05815,0.29779,-0.05816,0.41034,0.89772,-0.14948,0.25560,-0.06030,0.29973,-0.04940,0.40955,0.89853,-0.14989,10.04,-2.15,1.94
15.0240,44,0.40666,0.40212,-0.10614,0.37581,0.89390,-0.21337,0.11906,1,0.24717,-0.05846,0.29821,-0.05671,0.41025,0.89787,-0.14938,0.25714,-0.06083,0.30005,-0.04803,0.40916,0.89871,-0.15034,9.98,-2.36,1.85
15.0407,45,0.40938,0.41098,-0.08950,0.36644,0.89436,-0.21967,0.13260,1,0.24870,-0.05879,0.29859,-0.05530,0.41014,0.89801,-0.14933,0.25870,-0.06135,0.30036,-0.04671,0.40875,0.89887,-0.15090,10.00,-2.56,1.77
15.0572,46,0.41238,0.42833,-0.05573,0.34539,0.89508,-0.23532,0.15544,1,0.25030,-0.05917,0.29898,-0.05382,0.41000,0.89817,-0.14935,0.26026,-0.06183,0.30070,-0.04535,0.40856,0.89893,-0.15150,9.95,-2.66,1.72
15.0740,47,0.41387,0.43497,-0.03790,0.33387,0.89604,-0.24305,0.16303,1,0.25191,-0.05958,0.29936,-0.05233,0.40981,0.89832,-0.14945,0.26175,-0.06245,0.30110,-0.04394,0.40866,0.89886,-0.15201,9.84,-2.86,1.74
15.0906,48,0.41555,0.44085,-0.02091,0.32259,0.89742,-0.24870,0.16949,1,0.25350,-0.06001,0.29973,-0.05087,0.40959,0.89847,-0.14964,0.26324,-0.06311,0.30147,-0.04249,0.40879,0.89882,-0.15236,9.73,-3.10,1.74
15.1074,49,0.41673,0.44626,-0.00459,0.31223,0.89795,-0.25449,0.17730,1,0.25498,-0.06045,0.30008,-0.04952,0.40937,0.89860,-0.14994,0.26472,-0.06376,0.30184,-0.04106,0.40877,0.89882,-0.15281,9.75,-3.30,1.76
15.1242,50,0.41759,0.45146,0.01092,0.30332,0.89797,-0.25935,0.18542,1,0.25653,-0.06094,0.30044,-0.04810,0.40916,0.89871,-0.15030,0.26623,-0.06440,0.30217,-0.03964,0.40861,0.89888,-0.15327,9.69,-3.46,1.74
15.1409,51,0.41852,0.46057,0.04170,0.28644,0.89607,-0.27417,0.19959,1,0.25810,-0.06147,0.30078,-0.04666,0.40901,0.89879,-0.15069,0.26771,-0.06505,0.30254,-0.03833,0.40857,0.89882,-0.15399,9.62,-3.58,1.76
15.1578,52,0.41854,0.46373,0.05688,0.27799,0.89530,-0.28383,0.20151,1,0.25966,-0.06205,0.30112,-0.04521,0.40891,0.89884,-0.15112,0.26916,-0.06577,0.30297,-0.03725,0.40906,0.89850,-0.15485,9.50,-3.72,1.85
15.1746,53,0.41831,0.46605,0.07205,0.26908,0.89535,-0.29197,0.20172,1,0.26111,-0.06262,0.30145,-0.04386,0.40882,0.89887,-0.15158,0.27058,-0.06650,0.30344,-0.03616,0.40974,0.89812,-0.15552,9.47,-3.88,1.99
15.1912,54,0.41781,0.46757,0.08726,0.25896,0.89593,-0.29854,0.20280,1,0.26264,-0.06325,0.30182,-0.04244,0.40878,0.89887,-0.15211,0.27197,-0.06725,0.30396,-0.03491,0.41037,0.89780,-0.15598,9.33,-4.01,2.15
15.2079,55,0.41716,0.46849,0.10203,0.24839,0.89709,-0.30255,0.20493,1,0.26416,-0.06389,0.30220,-0.04106,0.40880,0.89883,-0.15267,0.27335,-0.06802,0.30451,-0.03353,0.41088,0.89759,-0.15615,9.19,-4.13,2.31
15.2247,56,0.41595,0.47202,0.13046,0.22941,0.89920,-0.30845,0.20899,1,0.26565,-0.06453,0.30259,-0.03977,0.40893,0.89872,-0.15326,0.27479,-0.06873,0.30495,-0.03213,0.41137,0.89740,-0.15624,9.14,-4.20,2.36
15.2414,57,0.41629,0.47625,0.14497,0.21954,0.89976,-0.31240,0.21128,1,0.26704,-0.06516,0.30297,-0.03857,0.40917,0.89857,-0.15383,0.27633,-0.06937,0.30505,-0.03073,0.41183,0.89720,-0.15647,9.29,-4.21,2.08
15.2581,58,0.41625,0.48008,0.15833,0.21065,0.90113,-0.31448,0.21139,1,0.26851,-0.06585,0.30339,-0.03732,0.40951,0.89838,-0.15436,0.27787,-0.06998,0.30514,-0.02945,0.41255,0.89692,-0.15641,9.37,-4.13,1.75
15.2748,59,0.41421,0.47996,0.17060,0.20040,0.90336,-0.31572,0.20999,1,0.26999,-0.06656,0.30383,-0.03602,0.40990,0.89817,-0.15481,0.27929,-0.07064,0.30574,-0.02829,0.41342,0.89661,-0.15615,9.30,-4.07,1.91
15.2915,60,0.41203,0.47978,0.18261,0.19176,0.90489,-0.31731,0.20909,1,0.27140,-0.06723,0.30424,-0.03478,0.41032,0.89798,-0.15515,0.28071,-0.07127,0.30633,-0.02710,0.41425,0.89628,-0.15600,9.31,-4.03,2.09
15.3083,61,0.40608,0.47911,0.20614,0.17643,0.90687,-0.32030,0.20944,1,0.27291,-0.06793,0.30467,-0.03344,0.41081,0.89775,-0.15543,0.28215,-0.07181,0.30698,-0.02580,0.41494,0.89602,-0.15590,9.24,-3.88,2.31
15.3251,62,0.40251,0.47790,0.21791,0.16615,0.90881,-0.32097,0.20842,1,0.27439,-0.06858,0.30507,-0.03217,0.41136,0.89752,-0.15559,0.28355,-0.07233,0.30771,-0.02461,0.41576,0.89573,-0.15559,9.16,-3.75,2.64
15.3419,63,0.39856,0.47666,0.22953,0.15573,0.91099,-0.32108,0.20678,1,0.27587,-0.06922,0.30547,-0.03090,0.41201,0.89725,-0.15567,0.28497,-0.07280,0.30844,-0.02349,0.41662,0.89542,-0.15520,9.11,-3.58,2.98
15.3587,64,0.39435,0.47454,0.24062,0.14546,0.91351,-0.32011,0.20462,1,0.27726,-0.06984,0.30587,-0.02969,0.41266,0.89699,-0.15569,0.28634,-0.07327,0.30927,-0.02246,0.41752,0.89513,-0.15466,9.08,-3.44,3.40
15.3756,65,0.39034,0.47287,0.25073,0.13634,0.91568,-0.31833,0.20399,1,0.27874,-0.07050,0.30636,-0.02839,0.41338,0.89671,-0.15562,0.28775,-0.07369,0.31006,-0.02135,0.41825,0.89493,-0.15399,9.01,-3.19,3.70
15.3921,66,0.38171,0.47105,0.26833,0.12081,0.91868,-0.31318,0.20822,1,0.28022,-0.07113,0.30693,-0.02712,0.41412,0.89643,-0.15547,0.28921,-0.07393,0.31082,-0.02010,0.41855,0.89495,-0.15322,8.99,-2.81,3.89
15.4089,67,0.37677,0.46988,0.27633,0.11220,0.92004,-0.31076,0.21064,1,0.28167,-0.07169,0.30758,-0.02588,0.41491,0.89615,-0.15524,0.29065,-0.07406,0.31165,-0.01881,0.41884,0.89496,-0.15251,8.98,-2.37,4.08
15.4258,68,0.37209,0.46817,0.28488,0.10270,0.92166,-0.30876,0.21135,1,0.28310,-0.07217,0.30826,-0.02470,0.41566,0.89589,-0.15489,0.29208,-0.07431,0.31247,-0.01758,0.41939,0.89484,-0.15186,8.97,-2.13,4.21
15.4423,69,0.36697,0.46677,0.29283,0.09478,0.92328,-0.30635,0.21147,1,0.28445,-0.07258,0.30894,-0.02360,0.41632,0.89569,-0.15450,0.29352,-0.07442,0.31330,-0.01645,0.41999,0.89471,-0.15109,9.07,-1.84,4.35
15.4590,70,0.36171,0.46557,0.30012,0.08708,0.92516,-0.30242,0.21221,1,0.28590,-0.07296,0.30969,-0.02241,0.41697,0.89550,-0.15399,0.29497,-0.07444,0.31412,-0.01541,0.42046,0.89468,-0.15011,9.08,-1.48,4.43
15.4758,71,0.35148,0.46272,0.31336,0.07125,0.92778,-0.29445,0.21783,1,0.28735,-0.07330,0.31046,-0.02121,0.41759,0.89534,-0.15342,0.29640,-0.07444,0.31498,-0.01424,0.42063,0.89477,-0.14919,9.05,-1.13,4.53
15.4926,72,0.34645,0.46122,0.31964,0.06365,0.92869,-0.29066,0.22137,1,0.28873,-0.07359,0.31120,-0.02006,0.41812,0.89522,-0.15282,0.29783,-0.07441,0.31583,-0.01304,0.42068,0.89491,-0.14831,9.10,-0.82,4.63
15.5094,73,0.34148,0.45993,0.32571,0.05656,0.92951,-0.28667,0.22503,1,0.29020,-0.07383,0.31200,-0.01886,0.41866,0.89511,-0.15213,0.29929,-0.07436,0.31663,-0.01187,0.42068,0.89508,-0.14738,9.09,-0.53,4.63
15.5264,74,0.33642,0.45895,0.33121,0.04968,0.93047,-0.28288,0.22747,1,0.29167,-0.07402,0.31282,-0.01767,0.41915,0.89503,-0.15140,0.30076,-0.07420,0.31741,-0.01073,0.42084,0.89517,-0.14643,9.09,-0.18,4.59
15.5430,75,0.32675,0.45607,0.34177,0.03835,0.93332,-0.27582,0.22663,1,0.29311,-0.07415,0.31363,-0.01651,0.41955,0.89500,-0.15060,0.30220,-0.07409,0.31824,-0.00984,0.42145,0.89507,-0.14540,9.09,0.06,4.61
15.5599,76,0.32235,0.45465,0.34631,0.03379,0.93538,-0.27145,0.22415,1,0.29458,-0.07422,0.31446,-0.01533,0.41986,0.89502,-0.14974,0.30363,-0.07395,0.31909,-0.00941,0.42231,0.89485,-0.14427,9.05,0.27,4.64
15.5764,77,0.31801,0.45333,0.35066,0.02970,0.93704,-0.26697,0.22318,1,0.29595,-0.07425,0.31523,-0.01425,0.42011,0.89506,-0.14891,0.30506,-0.07376,0.31993,-0.00888,0.42293,0.89476,-0.14301,9.11,0.49,4.70
15.5930,78,0.31390,0.45175,0.35496,0.02603,0.93808,-0.26297,0.22397,1,0.29741,-0.07424,0.31604,-0.01313,0.42043,0.89508,-0.14798,0.30648,-0.07363,0.32079,-0.00816,0.42319,0.89485,-0.14173,9.07,0.61,4.74
15.6099,79,0.30977,0.44981,0.35952,0.02271,0.93866,-0.25948,0.22601,1,0.29887,-0.07419,0.31686,-0.01212,0.42083,0.89507,-0.14701,0.30788,-0.07357,0.32168,-0.00730,0.42310,0.89509,-0.14052,9.02,0.62,4.82
15.6268,80,0.30152,0.44386,0.36999,0.01207,0.94215,-0.24833,0.22479,1,0.30033,-0.07411,0.31769,-0.01116,0.42128,0.89504,-0.14598,0.30924,-0.07370,0.32264,-0.00668,0.42364,0.89504,-0.13927,8.91,0.41,4.95
15.6434,81,0.29751,0.44064,0.37545,0.00481,0.94493,-0.24007,0.22238,1,0.30169,-0.07402,0.31850,-0.01036,0.42168,0.89502,-0.14495,0.31060,-0.07386,0.32359,-0.00620,0.42431,0.89492,-0.13802,8.91,0.16,5.09
15.6603,82,0.29338,0.43784,0.38085,-0.00226,0.94711,-0.23243,0.22125,1,0.30314,-0.07393,0.31936,-0.00958,0.42207,0.89503,-0.14380,0.31202,-0.07393,0.32445,-0.00561,0.42487,0.89485,-0.13676,8.88,-0.00,5.09
15.6769,83,0.28883,0.43524,0.38653,-0.00770,0.94806,-0.22800,0.22169,1,0.30458,-0.07389,0.32022,-0.00884,0.42247,0.89504,-0.14263,0.31349,-0.07391,0.32525,-0.00475,0.42524,0.89485,-0.13559,8.91,-0.02,5.03
15.6937,84,0.28438,0.43268,0.39230,-0.01694,0.94845,-0.22521,0.22237,1,0.30602,-0.07389,0.32111,-0.00811,0.42290,0.89504,-0.14143,0.31497,-0.07390,0.32602,-0.00351,0.42566,0.89477,-0.13487,8.94,-0.01,4.90
15.7106,85,0.27502,0.42774,0.40400,-0.03292,0.95082,-0.21873,0.21684,1,0.30739,-0.07389,0.32197,-0.00744,0.42332,0.89503,-0.14028,0.31647,-0.07385,0.32674,-0.00259,0.42653,0.89448,-0.13410,9.08,0.04,4.77
15.7271,86,0.27140,0.42375,0.41062,-0.04197,0.95307,-0.21315,0.21087,1,0.30883,-0.07390,0.32288,-0.00673,0.42377,0.89500,-0.13908,0.31791,-0.07413,0.32752,-0.00200,0.42756,0.89411,-0.13327,9.09,-0.22,4.63
15.7439,87,0.26871,0.42018,0.41647,-0.04991,0.95492,-0.20888,0.20497,1,0.31027,-0.07393,0.32378,-0.00599,0.42426,0.89496,-0.13792,0.31936,-0.07448,0.32826,-0.00142,0.42866,0.89369,-0.13254,9.09,-0.55,4.48
15.7606,88,0.26651,0.41645,0.42215,-0.05610,0.95642,-0.20512,0.20010,1,0.31165,-0.07398,0.32460,-0.00526,0.42478,0.89487,-0.13689,0.32079,-0.07491,0.32901,-0.00089,0.42976,0.89328,-0.13177,9.14,-0.93,4.41
15.7773,89,0.26433,0.41234,0.42784,-0.06149,0.95722,-0.20325,0.19658,1,0.31312,-0.07405,0.32542,-0.00447,0.42541,0.89473,-0.13586,0.32219,-0.07535,0.32979,-0.00015,0.43084,0.89285,-0.13118,9.08,-1.30,4.38
15.7940,90,0.26151,0.40489,0.43787,-0.07950,0.95682,-0.20238,0.19291,1,0.31460,-0.07415,0.32620,-0.00369,0.42613,0.89454,-0.13492,0.32357,-0.07590,0.33055,0.00109,0.43153,0.89256,-0.13081,8.97,-1.75,4.35
15.8110,91,0.26046,0.40079,0.44287,-0.08757,0.95712,-0.20077,0.18957,1,0.31607,-0.07431,0.32697,-0.00293,0.42697,0.89427,-0.13407,0.32492,-0.07653,0.33130,0.00210,0.43245,0.89219,-0.13031,8.85,-2.23,4.32
15.8275,92,0.25918,0.39674,0.44749,-0.09493,0.95772,-0.19868,0.18516,1,0.31745,-0.07451,0.32771,-0.00220,0.42782,0.89397,-0.13334,0.32627,-0.07710,0.33209,0.00293,0.43350,0.89175,-0.12979,8.82,-2.58,4.38
15.8443,93,0.25806,0.39259,0.45210,-0.10180,0.95852,-0.19552,0.18070,1,0.31889,-0.07482,0.32850,-0.00139,0.42873,0.89364,-0.13264,0.32762,-0.07769,0.33287,0.00363,0.43456,0.89133,-0.12911,8.73,-2.87,4.37
15.8611,94,0.25665,0.38919,0.45606,-0.10813,0.95909,-0.19238,0.17733,1,0.32031,-0.07520,0.32928,-0.00056,0.42965,0.89330,-0.13197,0.32903,-0.07812,0.33364,0.00438,0.43554,0.89096,-0.12834,8.72,-2.92,4.36
15.8780,95,0.25401,0.38276,0.46290,-0.12022,0.95757,-0.19227,0.17789,1,0.32173,-0.07563,0.33006,0.00031,0.43059,0.89295,-0.13131,0.33043,-0.07853,0.33446,0.00561,0.43605,0.89077,-0.12786,8.70,-2.90,4.40
15.8945,96,0.25289,0.37958,0.46591,-0.12599,0.95648,-0.19283,0.17916,1,0.32305,-0.07607,0.33078,0.00112,0.43148,0.89260,-0.13070,0.33179,-0.07898,0.33532,0.00708,0.43616,0.89075,-0.12758,8.74,-2.91,4.53
15.9116,97,0.25151,0.37734,0.46899,-0.13127,0.95514,-0.19455,0.18063,1,0.32446,-0.07655,0.33155,0.00197,0.43242,0.89224,-0.13007,0.33331,-0.07925,0.33593,0.00858,0.43613,0.89075,-0.12761,8.85,-2.70,4.38
15.9280,98,0.25001,0.37491,0.47136,-0.13956,0.95259,-0.19906,0.18293,1,0.32588,-0.07703,0.33233,0.00286,0.43332,0.89189,-0.12947,0.33473,-0.07944,0.33678,0.01006,0.43605,0.89073,-0.12789,8.85,-2.41,4.45
15.9447,99,0.24886,0.37310,0.47323,-0.14789,0.95021,-0.20190,0.18565,1,0.32723,-0.07749,0.33307,0.00379,0.43403,0.89161,-0.12895,0.33619,-0.07964,0.33756,0.01155,0.43596,0.89075,-0.12793,8.96,-2.15,4.49
15.9614,100,0.24777,0.37220,0.47450,-0.16324,0.94576,-0.20515,0.19182,1,0.32869,-0.07798,0.33388,0.00489,0.43463,0.89138,-0.12851,0.33774,-0.07950,0.33817,0.01304,0.43582,0.89082,-0.12778,9.05,-1.53,4.29
15.9783,101,0.24832,0.37273,0.47411,-0.16888,0.94335,-0.20931,0.19435,1,0.33014,-0.07841,0.33471,0.00610,0.43506,0.89121,-0.12818,0.33839,-0.07946,0.33834,0.01445,0.43553,0.89088,-0.12819,8.24,-1.05,3.63
15.9951,102,0.24954,0.37351,0.47296,-0.17224,0.94150,-0.21383,0.19541,1,0.33159,-0.07876,0.33552,0.00737,0.43533,0.89110,-0.12793,0.33810,-0.07957,0.33820,0.01568,0.43529,0.89086,-0.12901,6.50,-0.81,2.68
16.0121,103,0.25056,0.37510,0.47126,-0.17168,0.94056,-0.21734,0.19657,1,0.33302,-0.07900,0.33629,0.00871,0.43547,0.89105,-0.12779,0.33692,-0.07940,0.33769,0.01632,0.43470,0.89098,-0.13012,3.90,-0.41,1.40
16.0285,104,0.25133,0.37674,0.46953,-0.16990,0.94027,-0.21968,0.19688,1,0.33427,-0.07914,0.33694,0.01004,0.43552,0.89100,-0.12780,0.33544,-0.07897,0.33706,0.01622,0.43406,0.89111,-0.13133,1.17,0.17,0.12
16.0453,105,0.25426,0.37985,0.46546,-0.16984,0.94107,-0.21839,0.19453,1,0.33542,-0.07925,0.33751,0.01144,0.43545,0.89099,-0.12801,0.33387,-0.07889,0.33650,0.01596,0.43396,0.89105,-0.13209,-1.54,0.36,-1.02
16.0620,106,0.25568,0.38143,0.46343,-0.16881,0.94198,-0.21694,0.19268,1,0.33627,-0.07934,0.33791,0.01273,0.43527,0.89100,-0.12844,0.33231,-0.07880,0.33593,0.01535,0.43427,0.89087,-0.13236,-3.95,0.54,-1.98
16.0787,107,0.25636,0.38344,0.46136,-0.16746,0.94236,-0.21696,0.19195,1,0.33674,-0.07937,0.33812,0.01372,0.43500,0.89103,-0.12903,0.33087,-0.07824,0.33530,0.01401,0.43449,0.89072,-0.13280,-5.87,1.14,-2.82
16.0956,108,0.25707,0.38594,0.45835,-0.16555,0.94223,-0.21896,0.19198,1,0.33685,-0.07936,0.33815,0.01446,0.43468,0.89107,-0.12979,0.32940,-0.07763,0.33482,0.01307,0.43428,0.89071,-0.13368,-7.46,1.74,-3.34
16.1122,109,0.25810,0.38955,0.45410,-0.16346,0.94180,-0.22152,0.19293,1,0.33651,-0.07927,0.33798,0.01482,0.43442,0.89107,-0.13057,0.32794,-0.07701,0.33430,0.01259,0.43355,0.89090,-0.13478,-8.58,2.26,-3.68
16.1291,110,0.26073,0.39733,0.44517,-0.16020,0.93993,-0.22846,0.19663,1,0.33575,-0.07912,0.33763,0.01489,0.43426,0.89104,-0.13135,0.32647,-0.07644,0.33375,0.01265,0.43259,0.89120,-0.13589,-9.28,2.68,-3.88
16.1457,111,0.26264,0.40071,0.44075,-0.15948,0.93872,-0.23274,0.19798,1,0.33462,-0.07885,0.33709,0.01468,0.43424,0.89095,-0.13200,0.32494,-0.07604,0.33323,0.01300,0.43186,0.89136,-0.13714,-9.69,2.81,-3.86
16.1627,112,0.26447,0.40439,0.43604,-0.15784,0.93778,-0.23672,0.19903,1,0.33326,-0.07850,0.33651,0.01432,0.43406,0.89095,-0.13265,0.32342,-0.07557,0.33272,0.01303,0.43111,0.89152,-0.13843,-9.84,2.92,-3.79
16.1792,113,0.26593,0.40860,0.43080,-0.15407,0.93755,-0.23962,0.19962,1,0.33185,-0.07810,0.33596,0.01396,0.43376,0.89101,-0.13330,0.32195,-0.07496,0.33223,0.01233,0.43039,0.89171,-0.13951,-9.90,3.14,-3.73
16.1959,114,0.26735,0.41321,0.42479,-0.14804,0.93808,-0.24162,0.19928,1,0.33026,-0.07764,0.33535,0.01358,0.43336,0.89109,-0.13411,0.32049,-0.07431,0.33177,0.01113,0.42990,0.89185,-0.14026,-9.77,3.33,-3.58
16.2128,115,0.27025,0.42473,0.41039,-0.13005,0.93966,-0.24332,0.20229,1,0.32872,-0.07719,0.33477,0.01328,0.43288,0.89119,-0.13499,0.31906,-0.07360,0.33128,0.00990,0.42920,0.89214,-0.14063,-9.66,3.59,-3.49
16.2293,116,0.27176,0.43098,0.40194,-0.11988,0.93950,-0.24652,0.20542,1,0.32711,-0.07670,0.33419,0.01304,0.43233,0.89130,-0.13601,0.31764,-0.07287,0.33081,0.00891,0.42831,0.89248,-0.14124,-9.47,3.83,-3.37
16.2461,117,0.27346,0.43746,0.39268,-0.10953,0.93927,-0.24973,0.20837,1,0.32549,-0.07614,0.33364,0.01267,0.43172,0.89145,-0.13698,0.31621,-0.07214,0.33035,0.00791,0.42744,0.89281,-0.14186,-9.28,4.00,-3.29
16.2629,118,0.27524,0.44386,0.38289,-0.09944,0.93922,-0.25243,0.21036,1,0.32387,-0.07550,0.33309,0.01208,0.43108,0.89163,-0.13791,0.31478,-0.07141,0.32990,0.00681,0.42666,0.89310,-0.14245,-9.08,4.09,-3.19
16.2796,119,0.27713,0.45015,0.37258,-0.08830,0.93906,-0.25507,0.21287,1,0.32235,-0.07489,0.33259,0.01141,0.43045,0.89182,-0.13874,0.31335,-0.07069,0.32947,0.00572,0.42584,0.89341,-0.14301,-9.00,4.21,-3.12
16.2963,120,0.28114,0.46290,0.35087,-0.06573,0.93614,-0.26077,0.22653,1,0.32078,-0.07425,0.33210,0.01064,0.42975,0.89204,-0.13952,0.31191,-0.06996,0.32903,0.00496,0.42472,0.89387,-0.14344,-8.87,4.29,-3.07
16.3131,121,0.28319,0.46921,0.33911,-0.05311,0.93413,-0.26295,0.23544,1,0.31924,-0.07356,0.33161,0.00975,0.42896,0.89232,-0.14024,0.31050,-0.06918,0.32860,0.00425,0.42355,0.89438,-0.14376,-8.74,4.38,-3.01
16.3299,122,0.28546,0.47513,0.32692,-0.04038,0.93260,-0.26385,0.24292,1,0.31772,-0.07284,0.33113,0.00882,0.42815,0.89261,-0.14092,0.30909,-0.06841,0.32819,0.00341,0.42243,0.89488,-0.14399,-8.64,4.44,-2.94
16.3466,123,0.28772,0.48053,0.31444,-0.02861,0.93134,-0.26514,0.24797,1,0.31632,-0.07218,0.33070,0.00795,0.42737,0.89290,-0.14153,0.30767,-0.06762,0.32781,0.00244,0.42142,0.89531,-0.14432,-8.66,4.55,-2.89
16.3635,124,0.29039,0.48606,0.30019,-0.01508,0.93107,-0.26547,0.24980,1,0.31485,-0.07145,0.33024,0.00701,0.42644,0.89326,-0.14210,0.30624,-0.06685,0.32744,0.00119,0.42070,0.89561,-0.14458,-8.62,4.60,-2.80
16.3803,125,0.29599,0.49684,0.26784,0.01947,0.93064,-0.26285,0.25386,1,0.31341,-0.07072,0.32978,0.00609,0.42548,0.89364,-0.14260,0.30480,-0.06607,0.32711,-0.00010,0.42001,0.89591,-0.14471,-8.61,4.65,-2.67
16.3968,126,0.29912,0.50161,0.25017,0.03692,0.92906,-0.26079,0.25975,1,0.31198,-0.06998,0.32933,0.00516,0.42448,0.89405,-0.14304,0.30336,-0.06531,0.32676,-0.00120,0.41908,0.89633,-0.14477,-8.62,4.67,-2.58
16.4136,127,0.30245,0.50605,0.23164,0.05497,0.92686,-0.25876,0.26637,1,0.31065,-0.06926,0.32892,0.00425,0.42358,0.89443,-0.14340,0.30193,-0.06454,0.32639,-0.00227,0.41812,0.89677,-0.14484,-8.72,4.72,-2.53
16.4308,128,0.30537,0.50982,0.21352,0.07147,0.92477,-0.25607,0.27227,1,0.30914,-0.06843,0.32847,0.00315,0.42259,0.89484,-0.14377,0.30051,-0.06373,0.32603,-0.00335,0.41717,0.89720,-0.14485,-8.63,4.70,-2.44
16.4471,129,0.30841,0.51257,0.19454,0.08688,0.92319,-0.25343,0.27559,1,0.30780,-0.06770,0.32809,0.00212,0.42174,0.89520,-0.14405,0.29909,-0.06294,0.32571,-0.00455,0.41636,0.89758,-0.14485,-8.72,4.77,-2.39
16.4639,130,0.31568,0.51591,0.15352,0.12900,0.92277,-0.24373,0.26916,1,0.30638,-0.06693,0.32770,0.00099,0.42085,0.89559,-0.14427,0.29763,-0.06219,0.32541,-0.00599,0.41599,0.89776,-0.14474,-8.75,4.75,-2.29
16.4805,131,0.31935,0.51698,0.13159,0.15249,0.92110,-0.23952,0.26636,1,0.30503,-0.06621,0.32734,-0.00007,0.41999,0.89596,-0.14443,0.29619,-0.06144,0.32502,-0.00741,0.41556,0.89795,-0.14473,-8.84,4.77,-2.32
16.4973,132,0.32262,0.51720,0.10823,0.17608,0.91754,-0.23685,0.26648,1,0.30360,-0.06544,0.32699,-0.00121,0.41912,0.89635,-0.14454,0.29476,-0.06068,0.32463,-0.00876,0.41496,0.89819,-0.14485,-8.84,4.76,-2.35
16.5142,133,0.32568,0.51647,0.08452,0.19756,0.91308,-0.23470,0.26865,1,0.30214,-0.06465,0.32665,-0.00241,0.41828,0.89673,-0.14461,0.29333,-0.05991,0.32424,-0.01003,0.41424,0.89848,-0.14502,-8.81,4.75,-2.41
16.5308,134,0.32813,0.51511,0.06086,0.21946,0.90845,-0.23103,0.27053,1,0.30067,-0.06384,0.32630,-0.00367,0.41753,0.89707,-0.14465,0.29193,-0.05910,0.32384,-0.01131,0.41353,0.89878,-0.14510,-8.73,4.74,-2.47
16.5476,135,0.33272,0.50920,0.01445,0.26373,0.89929,-0.21922,0.27141,1,0.29927,-0.06309,0.32596,-0.00492,0.41687,0.89736,-0.14469,0.29051,-0.05831,0.32346,-0.01263,0.41287,0.89908,-0.14503,-8.76,4.78,-2.49
16.5644,136,0.33521,0.50425,-0.00914,0.28353,0.89614,-0.21269,0.26704,1,0.29781,-0.06233,0.32559,-0.00623,0.41621,0.89766,-0.14473,0.28909,-0.05754,0.32306,-0.01405,0.41250,0.89926,-0.14481,-8.72,4.79,-2.53
16.5810,137,0.33775,0.49802,-0.03253,0.30243,0.89382,-0.20660,0.25874,1,0.29638,-0.06158,0.32521,-0.00755,0.41554,0.89795,-0.14475,0.28765,-0.05682,0.32265,-0.01552,0.41237,0.89934,-0.14455,-8.74,4.77,-2.56
16.5979,138,0.33974,0.49093,-0.05615,0.32304,0.89094,-0.19934,0.24928,1,0.29494,-0.06083,0.32483,-0.00888,0.41488,0.89824,-0.14479,0.28621,-0.05609,0.32224,-0.01699,0.41225,0.89942,-0.14426,-8.74,4.74,-2.59
16.6146,139,0.34113,0.48296,-0.07936,0.34463,0.88682,-0.19201,0.24064,1,0.29359,-0.06011,0.32448,-0.01013,0.41430,0.89849,-0.14478,0.28476,-0.05537,0.32183,-0.01845,0.41206,0.89951,-0.14401,-8.83,4.75,-2.65
16.6312,140,0.34177,0.46480,-0.12371,0.38350,0.87797,-0.17628,0.22588,1,0.29214,-0.05932,0.32409,-0.01149,0.41377,0.89873,-0.14472,0.28331,-0.05463,0.32145,-0.01989,0.41181,0.89964,-0.14371,-8.82,4.69,-2.64
16.6479,141,0.34149,0.45502,-0.14518,0.40020,0.87345,-0.16853,0.22026,1,0.29068,-0.05853,0.32369,-0.01287,0.41332,0.89894,-0.14462,0.28188,-0.05390,0.32100,-0.02131,0.41149,0.89981,-0.14339,-8.80,4.62,-2.68
16.6646,142,0.34238,0.45289,-0.15620,0.41550,0.86856,-0.16286,0.21551,1,0.28930,-0.05779,0.32330,-0.01420,0.41298,0.89910,-0.14448,0.28066,-0.05320,0.32012,-0.02275,0.41115,0.89996,-0.14320,-8.65,4.59,-3.18
16.6816,143,0.34205,0.45038,-0.16596,0.43229,0.86291,-0.15759,0.20900,1,0.28784,-0.05703,0.32286,-0.01563,0.41264,0.89926,-0.14429,0.27943,-0.05238,0.31934,-0.02422,0.41092,0.90006,-0.14304,-8.41,4.65,-3.52
16.6983,144,0.34108,0.44537,-0.17845,0.44890,0.85778,-0.15182,0.19912,1,0.28639,-0.05627,0.32240,-0.01707,0.41234,0.89940,-0.14407,0.27813,-0.05156,0.31870,-0.02570,0.41087,0.90008,-0.14276,-8.26,4.71,-3.70
16.7149,145,0.33236,0.40539,-0.24174,0.48013,0.84657,-0.14206,0.18061,1,0.28498,-0.05551,0.32191,-0.01849,0.41203,0.89956,-0.14383,0.27671,-0.05080,0.31828,-0.02718,0.41083,0.90009,-0.14254,-8.27,4.71,-3.63
16.7317,146,0.32760,0.38727,-0.26880,0.49239,0.84134,-0.14102,0.17267,1,0.28359,-0.05474,0.32138,-0.01991,0.41173,0.89970,-0.14360,0.27531,-0.05004,0.31780,-0.02867,0.41093,0.90000,-0.14255,-8.28,4.70,-3.58
16.7485,147,0.32392,0.37293,-0.28995,0.50521,0.83563,-0.13971,0.16421,1,0.28228,-0.05398,0.32085,-0.02129,0.41152,0.89980,-0.14338,0.27391,-0.04930,0.31727,-0.03017,0.41102,0.89991,-0.14253,-8.37,4.68,-3.58
16.7654,148,0.32015,0.35884,-0.30961,0.51780,0.82909,-0.14006,0.15772,1,0.28088,-0.05317,0.32026,-0.02278,0.41131,0.89989,-0.14317,0.27250,-0.04858,0.31673,-0.03165,0.41105,0.89981,-0.14275,-8.38,4.59,-3.52
16.7819,149,0.31375,0.33443,-0.33679,0.54296,0.81453,-0.14289,0.14601,1,0.27948,-0.05237,0.31965,-0.02427,0.41119,0.89994,-0.14298,0.27104,-0.04789,0.31632,-0.03310,0.41106,0.89970,-0.14310,-8.44,4.47,-3.33
16.7986,150,0.31026,0.32162,-0.35094,0.55605,0.80740,-0.13927,0.13974,1,0.27818,-0.05166,0.31910,-0.02565,0.41110,0.89996,-0.14287,0.26960,-0.04722,0.31582,-0.03459,0.41087,0.89974,-0.14306,-8.58,4.43,-3.28
16.8154,151,0.30692,0.30896,-0.36443,0.56764,0.80104,-0.13500,0.13375,1,0.27680,-0.05090,0.31853,-0.02714,0.41108,0.89994,-0.14279,0.26816,-0.04657,0.31529,-0.03607,0.41065,0.89980,-0.14293,-8.64,4.33,-3.24
16.8322,152,0.30441,0.29637,-0.37700,0.57738,0.79570,-0.13161,0.12719,1,0.27539,-0.05015,0.31799,-0.02865,0.41105,0.89991,-0.14276,0.26670,-0.04600,0.31473,-0.03755,0.41057,0.89981,-0.14273,-8.69,4.15,-3.26
16.8490,153,0.30203,0.28430,-0.38888,0.58752,0.78951,-0.13016,0.12061,1,0.27397,-0.04943,0.31746,-0.03019,0.41099,0.89988,-0.14279,0.26524,-0.04545,0.31414,-0.03905,0.41058,0.89974,-0.14274,-8.73,3.98,-3.33
16.8657,154,0.29723,0.26254,-0.40992,0.60865,0.77449,-0.13068,0.11235,1,0.27262,-0.04876,0.31697,-0.03164,0.41093,0.89985,-0.14282,0.26379,-0.04489,0.31353,-0.04050,0.41047,0.89967,-0.14309,-8.83,3.87,-3.44
16.8822,155,0.29513,0.25239,-0.41916,0.61721,0.76783,-0.13240,0.10932,1,0.27119,-0.04806,0.31644,-0.03314,0.41087,0.89983,-0.14282,0.26235,-0.04436,0.31288,-0.04190,0.41044,0.89953,-0.14362,-8.84,3.70,-3.57
16.8990,156,0.29315,0.24287,-0.42800,0.62573,0.76133,-0.13293,0.10568,1,0.26975,-0.04739,0.31592,-0.03464,0.41079,0.89980,-0.14284,0.26094,-0.04384,0.31218,-0.04335,0.41037,0.89944,-0.14399,-8.81,3.56,-3.75
16.9157,157,0.29146,0.23303,-0.43592,0.63379,0.75531,-0.13279,0.10094,1,0.26829,-0.04674,0.31538,-0.03614,0.41069,0.89978,-0.14289,0.25947,-0.04338,0.31153,-0.04483,0.41036,0.89934,-0.14418,-8.82,3.36,-3.86
16.9325,158,0.29013,0.22365,-0.44394,0.64310,0.74862,-0.13118,0.09374,1,0.26689,-0.04616,0.31484,-0.03755,0.41064,0.89973,-0.14302,0.25804,-0.04296,0.31078,-0.04633,0.41039,0.89925,-0.14413,-8.85,3.20,-4.06
16.9493,159,0.28809,0.20667,-0.45810,0.65888,0.73521,-0.13353,0.08664,1,0.26541,-0.04558,0.31424,-0.03904,0.41057,0.89967,-0.14320,0.25661,-0.04258,0.31001,-0.04776,0.41038,0.89911,-0.14457,-8.80,3.00,-4.23
16.9660,160,0.28744,0.19911,-0.46426,0.66355,0.73035,-0.13871,0.08396,1,0.26395,-0.04503,0.31360,-0.04051,0.41051,0.89960,-0.14339,0.25520,-0.04226,0.30918,-0.04884,0.41086,0.89870,-0.14538,-8.75,2.77,-4.43
16.9829,161,0.28690,0.19166,-0.47029,0.66879,0.72495,-0.14398,0.08029,1,0.26248,-0.04452,0.31293,-0.04198,0.41047,0.89952,-0.14360,0.25380,-0.04197,0.30832,-0.04999,0.41137,0.89829,-0.14610,-8.68,2.55,-4.61
16.9994,162,0.28692,0.18389,-0.47568,0.67329,0.72033,-0.14806,0.07673,1,0.26111,-0.04406,0.31228,-0.04335,0.41047,0.89941,-0.14383,0.25236,-0.04182,0.30751,-0.05118,0.41188,0.89789,-0.14673,-8.76,2.24,-4.77
17.0162,163,0.28772,0.17661,-0.48075,0.67851,0.71502,-0.15097,0.07472,1,0.25966,-0.04363,0.31157,-0.04477,0.41050,0.89928,-0.14416,0.25094,-0.04182,0.30663,-0.05244,0.41204,0.89762,-0.14748,-8.72,1.81,-4.94
17.0329,164,0.29063,0.16432,-0.48887,0.68710,0.70540,-0.15638,0.07648,1,0.25821,-0.04324,0.31083,-0.04615,0.41061,0.89910,-0.14455,0.24956,-0.04199,0.30572,-0.05341,0.41191,0.89744,-0.14861,-8.66,1.24,-5.11
17.0498,165,0.29271,0.15928,-0.49228,0.68907,0.70241,-0.16032,0.07812,1,0.25676,-0.04290,0.31007,-0.04748,0.41087,0.89883,-0.14503,0.24828,-0.04237,0.30472,-0.05383,0.41208,0.89710,-0.15000,-8.48,0.53,-5.35
17.0664,166,0.29531,0.15526,-0.49526,0.69002,0.70012,-0.16542,0.07963,1,0.25540,-0.04265,0.30933,-0.04868,0.41111,0.89857,-0.14559,0.24715,-0.04294,0.30363,-0.05394,0.41254,0.89666,-0.15135,-8.25,-0.29,-5.70
17.0832,167,0.29821,0.15162,-0.49783,0.69013,0.69824,-0.17230,0.08054,1,0.25395,-0.04247,0.30851,-0.04988,0.41132,0.89829,-0.14630,0.24610,-0.04365,0.30256,-0.05390,0.41329,0.89612,-0.15253,-7.85,-1.18,-5.95
17.1000,168,0.30106,0.14738,-0.49980,0.69109,0.69559,-0.18006,0.07831,1,0.25253,-0.04241,0.30765,-0.05094,0.41154,0.89799,-0.14714,0.24490,-0.04441,0.30167,-0.05432,0.41426,0.89549,-0.15339,-7.62,-2.00,-5.98
17.1166,169,0.30577,0.14130,-0.50444,0.69985,0.68418,-0.19389,0.06715,1,0.25123,-0.04248,0.30680,-0.05179,0.41175,0.89770,-0.14802,0.24388,-0.04507,0.30053,-0.05538,0.41497,0.89500,-0.15400,-7.35,-2.59,-6.26
17.1334,170,0.30778,0.13930,-0.50609,0.70240,0.67926,-0.20279,0.06422,1,0.24992,-0.04271,0.30586,-0.05248,0.41209,0.89734,-0.14905,0.24306,-0.04587,0.29933,-0.05605,0.41579,0.89442,-0.15490,-6.86,-3.17,-6.53
17.1501,171,0.31032,0.13871,-0.50748,0.70251,0.67533,-0.21558,0.06278,1,0.24860,-0.04306,0.30487,-0.05315,0.41254,0.89691,-0.15011,0.24301,-0.04695,0.29805,-0.05621,0.41674,0.89380,-0.15587,-5.60,-3.88,-6.82
17.1669,172,0.31187,0.13830,-0.50783,0.70105,0.67121,-0.23304,0.06081,1,0.24738,-0.04352,0.30385,-0.05376,0.41308,0.89647,-0.15108,0.24294,-0.04829,0.29712,-0.05625,0.41776,0.89316,-0.15676,-4.44,-4.77,-6.73
17.1836,173,0.31273,0.13809,-0.50883,0.70182,0.66988,-0.23755,0.04780,1,0.24634,-0.04402,0.30285,-0.05429,0.41368,0.89602,-0.15190,0.24295,-0.04869,0.29584,-0.05670,0.41877,0.89261,-0.15704,-3.39,-4.67,-7.01
17.2005,174,0.31441,0.13869,-0.51119,0.70246,0.66760,-0.24532,0.02591,1,0.24537,-0.04471,0.30178,-0.05478,0.41436,0.89551,-0.15285,0.24351,-0.04891,0.29429,-0.05756,0.41979,0.89214,-0.15669,-1.85,-4.20,-7.49
17.2171,175,0.31474,0.13744,-0.51342,0.70443,0.66459,-0.24876,0.01470,1,0.24458,-0.04548,0.30067,-0.05520,0.41512,0.89498,-0.15374,0.24312,-0.04887,0.29277,-0.05867,0.42066,0.89171,-0.15641,-1.46,-3.39,-7.90
17.2341,176,0.31520,0.13516,-0.51582,0.70852,0.65833,-0.25410,0.00581,1,0.24397,-0.04628,0.29948,-0.05562,0.41599,0.89442,-0.15450,0.24211,-0.04899,0.29145,-0.05987,0.42137,0.89124,-0.15669,-1.86,-2.70,-8.03
17.2509,177,0.31570,0.13179,-0.51818,0.71259,0.65188,-0.25935,-0.00243,1,0.24356,-0.04703,0.29822,-0.05606,0.41691,0.89387,-0.15508,0.24091,-0.04925,0.29032,-0.06107,0.42206,0.89077,-0.15703,-2.65,-2.22,-7.90
17.2674,178,0.31658,0.12796,-0.52066,0.71364,0.64836,-0.26512,-0.00752,1,0.24327,-0.04760,0.29698,-0.05657,0.41776,0.89337,-0.15547,0.23977,-0.04967,0.28918,-0.06190,0.42307,0.89016,-0.15745,-3.50,-2.07,-7.80
17.2843,179,0.31882,0.12068,-0.52555,0.71352,0.64383,-0.27615,-0.01043,1,0.24292,-0.04805,0.29564,-0.05729,0.41864,0.89286,-0.15579,0.23871,-0.05017,0.28799,-0.06218,0.42411,0.88950,-0.15826,-4.21,-2.11,-7.64
17.3013,180,0.32033,0.11802,-0.52737,0.71401,0.64123,-0.28089,-0.01065,1,0.24242,-0.04841,0.29429,-0.05815,0.41952,0.89233,-0.15609,0.23788,-0.05090,0.28675,-0.06245,0.42492,0.88891,-0.15934,-4.54,-2.49,-7.54
17.3179,181,0.32232,0.11593,-0.52883,0.71448,0.63825,-0.28642,-0.01085,1,0.24180,-0.04872,0.29304,-0.05901,0.42031,0.89185,-0.15641,0.23734,-0.05188,0.28551,-0.06268,0.42573,0.88831,-0.16043,-4.46,-3.16,-7.53
17.3348,182,0.32455,0.11500,-0.52988,0.71354,0.63584,-0.29411,-0.00827,1,0.24102,-0.04910,0.29169,-0.05986,0.42126,0.89127,-0.15684,0.23742,-0.05302,0.28430,-0.06229,0.42645,0.88778,-0.16157,-3.61,-3.92,-7.40
17.3515,183,0.32979,0.11547,-0.53123,0.70529,0.63643,-0.31227,0.00205,1,0.24030,-0.04951,0.29054,-0.06052,0.42210,0.89074,-0.15734,0.23825,-0.05412,0.28337,-0.06132,0.42714,0.88737,-0.16238,-2.05,-4.62,-7.17
17.3682,184,0.33247,0.11568,-0.53188,0.69952,0.63807,-0.32171,0.00704,1,0.23956,-0.05005,0.28935,-0.06108,0.42300,0.89015,-0.15802,0.23907,-0.05520,0.28239,-0.06027,0.42791,0.88696,-0.16299,-0.49,-5.15,-6.95
17.3849,185,0.33519,0.11488,-0.53280,0.69451,0.63851,-0.33139,0.01147,1,0.23892,-0.05073,0.28817,-0.06147,0.42387,0.88957,-0.15880,0.23932,-0.05635,0.28122,-0.05933,0.42871,0.88650,-0.16372,0.41,-5.62,-6.96
17.4015,186,0.33788,0.11323,-0.53386,0.69080,0.63696,-0.34175,0.01707,1,0.23852,-0.05148,0.28710,-0.06153,0.42469,0.88904,-0.15955,0.23917,-0.05749,0.28001,-0.05853,0.42937,0.88605,-0.16471,0.65,-6.01,-7.09
17.4182,187,0.34043,0.11188,-0.53523,0.68871,0.63432,-0.35044,0.02255,1,0.23833,-0.05235,0.28599,-0.06134,0.42549,0.88853,-0.16033,0.23911,-0.05844,0.27864,-0.05784,0.42987,0.88564,-0.16587,0.77,-6.09,-7.35
17.4349,188,0.34558,0.10810,-0.53742,0.68448,0.62789,-0.36777,0.04449,1,0.23830,-0.05321,0.28492,-0.06101,0.42621,0.88807,-0.16110,0.23883,-0.05951,0.27739,-0.05695,0.42997,0.88542,-0.16705,0.53,-6.30,-7.53
17.4516,189,0.34800,0.10572,-0.53831,0.68090,0.62652,-0.37498,0.05689,1,0.23836,-0.05421,0.28378,-0.06045,0.42701,0.88757,-0.16194,0.23831,-0.06056,0.27621,-0.05583,0.43000,0.88529,-0.16805,-0.06,-6.35,-7.57
17.4684,190,0.35068,0.10327,-0.53902,0.67706,0.62585,-0.38121,0.06762,1,0.23846,-0.05527,0.28265,-0.05973,0.42775,0.88710,-0.16284,0.23783,-0.06167,0.27506,-0.05466,0.43007,0.88515,-0.16897,-0.63,-6.40,-7.59
17.4851,191,0.35380,0.10126,-0.53944,0.67404,0.62458,-0.38734,0.07439,1,0.23847,-0.05630,0.28150,-0.05901,0.42833,0.88670,-0.16377,0.23761,-0.06287,0.27393,-0.05364,0.43037,0.88488,-0.16999,-0.86,-6.57,-7.57
17.5020,192,0.35705,0.09916,-0.53971,0.66980,0.62191,-0.39783,0.07960,1,0.23837,-0.05735,0.28032,-0.05824,0.42882,0.88633,-0.16472,0.23739,-0.06411,0.27283,-0.05295,0.43103,0.88440,-0.17104,-0.99,-6.76,-7.49
17.5187,193,0.36179,0.09551,-0.54020,0.66755,0.61216,-0.41441,0.08888,1,0.23821,-0.05839,0.27920,-0.05745,0.42922,0.88603,-0.16563,0.23704,-0.06530,0.27172,-0.05257,0.43141,0.88397,-0.17238,-1.17,-6.91,-7.47
17.5353,194,0.36332,0.09410,-0.53999,0.66730,0.60888,-0.41821,0.09525,1,0.23801,-0.05954,0.27799,-0.05657,0.42954,0.88574,-0.16660,0.23659,-0.06663,0.27082,-0.05184,0.43124,0.88384,-0.17367,-1.42,-7.10,-7.17
17.5522,195,0.36458,0.09281,-0.54000,0.66622,0.60750,-0.42114,0.09866,1,0.23778,-0.06069,0.27677,-0.05572,0.42986,0.88545,-0.16762,0.23604,-0.06782,0.26979,-0.05097,0.43142,0.88358,-0.17485,-1.74,-7.13,-6.98
17.5689,196,0.36534,0.09187,-0.53994,0.66540,0.60723,-0.42333,0.09646,1,0.23754,-0.06189,0.27559,-0.05490,0.43024,0.88511,-0.16870,0.23554,-0.06869,0.26911,-0.05062,0.43196,0.88317,-0.17565,-2.00,-6.80,-6.47
17.5856,197,0.36508,0.09124,-0.53990,0.66378,0.60677,-0.42664,0.09595,1,0.23727,-0.06305,0.27453,-0.05413,0.43053,0.88480,-0.16980,0.23488,-0.06884,0.26911,-0.05044,0.43313,0.88249,-0.17628,-2.39,-5.79,-5.42
17.6024,198,0.36229,0.08859,-0.54136,0.66063,0.60535,-0.42987,0.11107,1,0.23694,-0.06426,0.27348,-0.05332,0.43082,0.88450,-0.17093,0.23350,-0.06829,0.26915,-0.04986,0.43373,0.88208,-0.17698,-3.45,-4.03,-4.34
17.6193,199,0.36027,0.08667,-0.54260,0.65975,0.60569,-0.42734,0.12354,1,0.23650,-0.06538,0.27247,-0.05266,0.43108,0.88419,-0.17207,0.23201,-0.06754,0.26915,-0.04901,0.43373,0.88202,-0.17755,-4.49,-2.16,-3.32
17.6566,200,0.35567,0.08321,-0.54525,0.66157,0.60294,-0.42023,0.14897,1,0.23521,-0.06730,0.27062,-0.05115,0.43217,0.88328,-0.17442,0.23062,-0.06664,0.26928,-0.04807,0.43307,0.88229,-0.17808,-4.60,0.67,-1.34
17.6733,201,0.35142,0.08132,-0.54704,0.65611,0.60514,-0.41559,0.17497,1,0.23444,-0.06782,0.27009,-0.05051,0.43261,0.88292,-0.17534,0.22945,-0.06554,0.26973,-0.04677,0.43248,0.88257,-0.17843,-4.99,2.29,-0.35
17.6899,202,0.34956,0.08096,-0.54814,0.64878,0.60757,-0.41781,0.18810,1,0.23361,-0.06799,0.26970,-0.05005,0.43290,0.88267,-0.17601,0.22865,-0.06414,0.27016,-0.04533,0.43246,0.88257,-0.17885,-4.95,3.85,0.46
17.7067,203,0.34748,0.08032,-0.54905,0.64345,0.60629,-0.42197,0.20079,1,0.23283,-0.06783,0.26948,-0.04954,0.43303,0.88254,-0.17650,0.22771,-0.06291,0.27078,-0.04408,0.43237,0.88251,-0.17968,-5.12,4.92,1.30
17.7234,204,0.34548,0.08062,-0.54989,0.64248,0.60378,-0.42390,0.20730,1,0.23202,-0.06741,0.26943,-0.04884,0.43304,0.88247,-0.17701,0.22742,-0.06149,0.27160,-0.04315,0.43197,0.88253,-0.18079,-4.60,5.92,2.17
17.7401,205,0.34363,0.08151,-0.55046,0.64124,0.60200,-0.42720,0.20955,1,0.23119,-0.06677,0.26960,-0.04802,0.43296,0.88245,-0.17753,0.22761,-0.06016,0.27259,-0.04253,0.43215,0.88221,-0.18205,-3.59,6.61,2.99
17.7569,206,0.34031,0.08327,-0.55108,0.63359,0.60291,-0.43472,0.21468,1,0.23036,-0.06589,0.26988,-0.04723,0.43274,0.88250,-0.17803,0.22789,-0.05896,0.27371,-0.04159,0.43279,0.88178,-0.18283,-2.47,6.93,3.84
17.7736,207,0.33899,0.08346,-0.54890,0.63732,0.60153,-0.42914,0.21869,1,0.22963,-0.06494,0.27022,-0.04645,0.43249,0.88255,-0.17860,0.22803,-0.05872,0.27504,-0.04088,0.43285,0.88168,-0.18335,-1.60,6.22,4.82
17.7910,208,0.34023,0.08467,-0.54749,0.63844,0.60086,-0.42825,0.21900,1,0.22895,-0.06384,0.27075,-0.04540,0.43246,0.88246,-0.17938,0.22867,-0.05912,0.27578,-0.04064,0.43240,0.88183,-0.18372,-0.28,4.73,5.02
17.8071,209,0.33904,0.08552,-0.54686,0.62736,0.60118,-0.44101,0.22475,1,0.22858,-0.06280,0.27142,-0.04432,0.43247,0.88236,-0.18011,0.22921,-0.05881,0.27722,-0.04012,0.43256,0.88167,-0.18426,0.63,3.98,5.80
17.8240,210,0.33872,0.08632,-0.54704,0.61946,0.60346,-0.44672,0.22925,1,0.22830,-0.06168,0.27230,-0.04339,0.43241,0.88228,-0.18090,0.22984,-0.05833,0.27768,-0.03912,0.43323,0.88129,-0.18469,1.53,3.35,5.39
17.8405,211,0.34021,0.08893,-0.54454,0.62324,0.59689,-0.44660,0.23633,1,0.22818,-0.06077,0.27321,-0.04267,0.43239,0.88217,-0.18162,0.23093,-0.05873,0.27801,-0.03841,0.43329,0.88115,-0.18536,2.75,2.04,4.80
17.8573,212,0.33989,0.09022,-0.54306,0.62407,0.59263,-0.44128,0.25415,1,0.22825,-0.06001,0.27425,-0.04185,0.43243,0.88204,-0.18234,0.23202,-0.05938,0.27908,-0.03753,0.43271,0.88135,-0.18592,3.77,0.63,4.83
17.8740,213,0.34033,0.09232,-0.54191,0.62196,0.59587,-0.43107,0.26886,1,0.22856,-0.05944,0.27531,-0.04101,0.43258,0.88189,-0.18293,0.23356,-0.05990,0.27947,-0.03641,0.43198,0.88178,-0.18583,5.00,-0.47,4.16
17.8907,214,0.34098,0.09385,-0.54106,0.61723,0.59890,-0.42270,0.28577,1,0.22903,-0.05910,0.27629,-0.04025,0.43268,0.88177,-0.18346,0.23508,-0.06058,0.27957,-0.03510,0.43136,0.88215,-0.18576,6.05,-1.48,3.28
17.9075,215,0.34213,0.09532,-0.54023,0.61099,0.59963,-0.41511,0.30791,1,0.22965,-0.05899,0.27724,-0.03948,0.43266,0.88168,-0.18406,0.23647,-0.06144,0.27924,-0.03379,0.43074,0.88246,-0.18595,6.82,-2.44,2.00
17.9243,216,0.34438,0.09779,-0.53881,0.59585,0.59846,-0.40776,0.34720,1,0.23044,-0.05908,0.27804,-0.03862,0.43255,0.88168,-0.18454,0.23778,-0.06235,0.27875,-0.03243,0.43026,0.88267,-0.18634,7.33,-3.27,0.72
17.9409,217,0.34563,0.09812,-0.53838,0.59300,0.59422,-0.40483,0.36244,1,0.23139,-0.05934,0.27868,-0.03774,0.43228,0.88178,-0.18486,0.23822,-0.06325,0.27782,-0.03133,0.42949,0.88296,-0.18693,6.83,-3.91,-0.86
17.9578,218,0.34602,0.09910,-0.53773,0.59248,0.58990,-0.40055,0.37490,1,0.23247,-0.05976,0.27910,-0.03678,0.43192,0.88195,-0.18509,0.23920,-0.06397,0.27771,-0.03037,0.42852,0.88336,-0.18742,6.74,-4.20,-1.39
17.9744,219,0.34678,0.09968,-0.53681,0.58933,0.59170,-0.39803,0.37968,1,0.23356,-0.06036,0.27929,-0.03576,0.43154,0.88214,-0.18529,0.23982,-0.06509,0.27739,-0.02908,0.42805,0.88362,-0.18746,6.26,-4.73,-1.90
17.9911,220,0.34780,0.09935,-0.53658,0.58607,0.59344,-0.39913,0.38085,1,0.23471,-0.06109,0.27932,-0.03463,0.43099,0.88239,-0.18558,0.23966,-0.06579,0.27663,-0.02786,0.42824,0.88355,-0.18754,4.95,-4.69,-2.69
18.0079,221,0.34962,0.09933,-0.53643,0.57647,0.58756,-0.39550,0.40747,1,0.23578,-0.06186,0.27915,-0.03351,0.43036,0.88267,-0.18591,0.23967,-0.06657,0.27516,-0.02663,0.42782,0.88369,-0.18802,3.89,-4.71,-3.99
18.0247,222,0.35046,0.09890,-0.53650,0.56701,0.57840,-0.39687,0.43180,1,0.23668,-0.06265,0.27886,-0.03238,0.42979,0.88292,-0.18623,0.23922,-0.06680,0.27436,-0.02553,0.42731,0.88379,-0.18889,2.54,-4.15,-4.50
18.0414,223,0.35370,0.09978,-0.53229,0.55914,0.56770,-0.39758,0.45499,1,0.23749,-0.06353,0.27840,-0.03117,0.42926,0.88315,-0.18657,0.23921,-0.06792,0.27372,-0.02450,0.42669,0.88392,-0.18979,1.71,-4.38,-4.68
18.0582,224,0.34892,0.10562,-0.53023,0.56316,0.58320,-0.39968,0.42777,1,0.23812,-0.06439,0.27780,-0.02993,0.42880,0.88334,-0.18693,0.23976,-0.06864,0.27381,-0.02395,0.42645,0.88395,-0.19025,1.64,-4.25,-3.99
18.0751,225,0.35181,0.10397,-0.53283,0.57822,0.57686,-0.39674,0.41892,1,0.23854,-0.06523,0.27708,-0.02871,0.42833,0.88351,-0.18738,0.23978,-0.06879,0.27328,-0.02408,0.42607,0.88409,-0.19045,1.24,-3.56,-3.80
18.0920,226,0.35261,0.10606,-0.53240,0.61228,0.57864,-0.37485,0.38701,1,0.23879,-0.06604,0.27629,-0.02758,0.42786,0.88366,-0.18791,0.24077,-0.06919,0.27278,-0.02470,0.42571,0.88432,-0.19009,1.98,-3.15,-3.51
18.1087,227,0.35195,0.10749,-0.53055,0.60914,0.58867,-0.36913,0.38230,1,0.23895,-0.06677,0.27553,-0.02665,0.42741,0.88380,-0.18845,0.24171,-0.06997,0.27321,-0.02490,0.42578,0.88445,-0.18930,2.76,-3.20,-2.32
18.1252,228,0.35283,0.10756,-0.53095,0.60595,0.58994,-0.36868,0.38585,1,0.23917,-0.06748,0.27478,-0.02579,0.42695,0.88393,-0.18898,0.24218,-0.07033,0.27287,-0.02445,0.42585,0.88452,-0.18888,3.01,-2.85,-1.91
18.1419,229,0.35330,0.10882,-0.53079,0.60094,0.59022,-0.36833,0.39351,1,0.23953,-0.06811,0.27420,-0.02514,0.42656,0.88407,-0.18930,0.24342,-0.07072,0.27252,-0.02346,0.42578,0.88456,-0.18898,3.89,-2.60,-1.68
18.1586,230,0.35405,0.11000,-0.53095,0.59820,0.58954,-0.36799,0.39898,1,0.23995,-0.06863,0.27380,-0.02482,0.42622,0.88422,-0.18940,0.24459,-0.07093,0.27176,-0.02216,0.42538,0.88466,-0.18959,4.65,-2.30,-2.04
18.1754,231,0.35420,0.11215,-0.53135,0.59531,0.59094,-0.36393,0.40490,1,0.24046,-0.06911,0.27349,-0.02463,0.42596,0.88437,-0.18930,0.24623,-0.07077,0.27151,-0.02080,0.42490,0.88494,-0.18949,5.77,-1.66,-1.98
18.1922,232,0.35408,0.11384,-0.53048,0.59694,0.59297,-0.36225,0.40102,1,0.24110,-0.06957,0.27323,-0.02435,0.42587,0.88447,-0.18909,0.24770,-0.07143,0.27183,-0.02007,0.42466,0.88516,-0.18907,6.60,-1.86,-1.40
18.2089,233,0.35296,0.11377,-0.53186,0.59967,0.59714,-0.35828,0.39428,1,0.24194,-0.06998,0.27301,-0.02381,0.42577,0.88457,-0.18892,0.24864,-0.07123,0.27218,-0.01994,0.42465,0.88534,-0.18828,6.70,-1.25,-0.83
18.2257,234,0.35245,0.11532,-0.53155,0.60212,0.60093,-0.35422,0.38841,1,0.24287,-0.07030,0.27282,-0.02313,0.42558,0.88470,-0.18882,0.25019,-0.07136,0.27273,-0.02041,0.42484,0.88549,-0.18707,7.33,-1.06,-0.09
18.2422,235,0.35285,0.11591,-0.53165,0.59954,0.60266,-0.35465,0.38933,1,0.24395,-0.07057,0.27265,-0.02236,0.42533,0.88486,-0.18875,0.25104,-0.07148,0.27258,-0.02029,0.42523,0.88548,-0.18625,7.09,-0.90,-0.07
18.2590,236,0.35317,0.11700,-0.53225,0.59328,0.60267,-0.35782,0.39594,1,0.24511,-0.07079,0.27255,-0.02161,0.42512,0.88501,-0.18858,0.25213,-0.07113,0.27200,-0.01976,0.42554,0.88539,-0.18605,7.02,-0.33,-0.55
18.2758,237,0.35356,0.11770,-0.53245,0.59163,0.60513,-0.35727,0.39515,1,0.24623,-0.07097,0.27253,-0.02106,0.42498,0.88516,-0.18826,0.25281,-0.07115,0.27154,-0.01913,0.42633,0.88518,-0.18528,6.58,-0.18,-0.99
18.2925,238,0.35370,0.11807,-0.53295,0.59053,0.60739,-0.35808,0.39258,1,0.24745,-0.07112,0.27256,-0.02063,0.42497,0.88529,-0.18774,0.25318,-0.07076,0.27118,-0.01914,0.42746,0.88478,-0.18459,5.74,0.35,-1.39
18.3094,239,0.35395,0.11848,-0.53336,0.58845,0.60968,-0.36014,0.39029,1,0.24865,-0.07121,0.27259,-0.02029,0.42510,0.88536,-0.18713,0.25357,-0.07052,0.27075,-0.01912,0.42881,0.88417,-0.18439,4.92,0.69,-1.84
18.3263,240,0.35424,0.11865,-0.53381,0.58351,0.61246,-0.36210,0.39152,1,0.24976,-0.07122,0.27252,-0.02001,0.42541,0.88535,-0.18649,0.25373,-0.07024,0.27029,-0.01845,0.42990,0.88365,-0.18440,3.97,0.97,-2.23
18.3427,241,0.35501,0.11813,-0.53498,0.57202,0.62106,-0.36226,0.39477,1,0.25065,-0.07116,0.27233,-0.01982,0.42592,0.88524,-0.18590,0.25323,-0.06956,0.26920,-0.01722,0.43066,0.88337,-0.18412,2.58,1.59,-3.14
18.3596,242,0.35562,0.11824,-0.53532,0.57023,0.62433,-0.36246,0.39200,1,0.25141,-0.07104,0.27203,-0.01958,0.42663,0.88501,-0.18536,0.25328,-0.06952,0.26849,-0.01664,0.43165,0.88302,-0.18353,1.87,1.52,-3.54
18.3763,243,0.35609,0.11865,-0.53507,0.57222,0.62415,-0.36464,0.38735,1,0.25202,-0.07084,0.27166,-0.01921,0.42749,0.88469,-0.18494,0.25366,-0.06994,0.26814,-0.01676,0.43249,0.88268,-0.18314,1.65,0.90,-3.52
18.3930,244,0.35648,0.11888,-0.53482,0.57411,0.62470,-0.36590,0.38245,1,0.25244,-0.07059,0.27124,-0.01875,0.42845,0.88432,-0.18456,0.25388,-0.07033,0.26788,-0.01762,0.43320,0.88239,-0.18277,1.44,0.25,-3.36
18.4098,245,0.35763,0.11913,-0.53465,0.57751,0.62465,-0.37309,0.37027,1,0.25271,-0.07040,0.27076,-0.01830,0.42933,0.88397,-0.18421,0.25407,-0.07098,0.26690,-0.01884,0.43397,0.88198,-0.18283,1.35,-0.58,-3.87
18.4265,246,0.35796,0.11903,-0.53470,0.57895,0.62649,-0.37488,0.36303,1,0.25293,-0.07029,0.27014,-0.01796,0.43024,0.88363,-0.18379,0.25396,-0.07109,0.26660,-0.01994,0.43481,0.88164,-0.18235,1.03,-0.80,-3.54
18.4432,247,0.35903,0.11902,-0.53484,0.57937,0.62878,-0.37681,0.35635,1,0.25313,-0.07028,0.26944,-0.01780,0.43118,0.88327,-0.18329,0.25392,-0.07146,0.26558,-0.02087,0.43579,0.88124,-0.18185,0.79,-1.18,-3.86
18.4600,248,0.35988,0.11852,-0.53461,0.57941,0.63104,-0.37836,0.35060,1,0.25330,-0.07048,0.26881,-0.01781,0.43205,0.88291,-0.18301,0.25343,-0.07208,0.26495,-0.02173,0.43681,0.88082,-0.18131,0.13,-1.61,-3.87
18.4767,249,0.36093,0.11803,-0.53407,0.58011,0.63235,-0.37576,0.34986,1,0.25342,-0.07072,0.26829,-0.01810,0.43285,0.88257,-0.18270,0.25298,-0.07308,0.26429,-0.02230,0.43732,0.88074,-0.18043,-0.44,-2.36,-4.00
18.4935,250,0.36269,0.11753,-0.53395,0.57974,0.63767,-0.37378,0.34289,1,0.25341,-0.07097,0.26768,-0.01881,0.43364,0.88225,-0.18233,0.25252,-0.07397,0.26296,-0.02277,0.43811,0.88057,-0.17926,-0.89,-3.00,-4.73
18.5101,251,0.36290,0.11754,-0.53455,0.57843,0.63866,-0.37646,0.34030,1,0.25331,-0.07129,0.26701,-0.01963,0.43446,0.88191,-0.18194,0.25232,-0.07405,0.26215,-0.02320,0.43914,0.88015,-0.17874,-0.99,-2.77,-4.86
18.5269,252,0.36290,0.11782,-0.53446,0.57832,0.63957,-0.37801,0.33705,1,0.25315,-0.07173,0.26633,-0.02034,0.43530,0.88157,-0.18146,0.25260,-0.07410,0.26218,-0.02406,0.44023,0.87964,-0.17849,-0.55,-2.37,-4.15
18.5439,253,0.36368,0.11792,-0.53454,0.57776,0.64135,-0.38010,0.33226,1,0.25297,-0.07222,0.26562,-0.02098,0.43608,0.88130,-0.18087,0.25270,-0.07441,0.26145,-0.02480,0.44137,0.87912,-0.17813,-0.27,-2.19,-4.17
18.5609,254,0.36423,0.11787,-0.53440,0.57657,0.64325,-0.37940,0.33144,1,0.25276,-0.07270,0.26487,-0.02161,0.43692,0.88099,-0.18023,0.25267,-0.07480,0.26105,-0.02495,0.44235,0.87877,-0.17739,-0.09,-2.10,-3.83
18.5773,255,0.36439,0.11964,-0.53423,0.58278,0.63778,-0.38098,0.32933,1,0.25258,-0.07315,0.26418,-0.02227,0.43778,0.88067,-0.17965,0.25361,-0.07499,0.26080,-0.02544,0.44285,0.87857,-0.17708,1.03,-1.84,-3.38
18.5940,256,0.36467,0.11991,-0.53401,0.58785,0.63647,-0.38241,0.32111,1,0.25244,-0.07359,0.26348,-0.02295,0.43872,0.88030,-0.17907,0.25391,-0.07530,0.26066,-0.02666,0.44317,0.87841,-0.17687,1.46,-1.71,-2.82
18.6109,257,0.36500,0.12039,-0.53358,0.59649,0.63348,-0.38342,0.30966,1,0.25244,-0.07396,0.26289,-0.02353,0.43962,0.87995,-0.17851,0.25444,-0.07578,0.26058,-0.02815,0.44326,0.87835,-0.17671,1.99,-1.82,-2.31
18.6276,258,0.36512,0.12090,-0.53310,0.60665,0.63010,-0.38349,0.29646,1,0.25258,-0.07436,0.26236,-0.02415,0.44053,0.87958,-0.17800,0.25500,-0.07619,0.26073,-0.02963,0.44329,0.87833,-0.17648,2.42,-1.83,-1.63
18.6446,259,0.36555,0.12134,-0.53273,0.61392,0.62585,-0.38441,0.28920,1,0.25284,-0.07475,0.26193,-0.02479,0.44132,0.87926,-0.17755,0.25551,-0.07668,0.26058,-0.03112,0.44316,0.87833,-0.17657,2.66,-1.92,-1.35
18.6613,260,0.36475,0.12116,-0.53150,0.61582,0.61592,-0.38404,0.30646,1,0.25317,-0.07510,0.26162,-0.02558,0.44190,0.87902,-0.17717,0.25560,-0.07725,0.26134,-0.03196,0.44278,0.87842,-0.17693,2.43,-2.15,-0.28
18.6902,261,0.36624,0.12022,-0.53072,0.63063,0.61896,-0.36457,0.29374,1,0.25379,-0.07562,0.26129,-0.02738,0.44247,0.87878,-0.17671,0.25529,-0.07822,0.26127,-0.03279,0.44232,0.87869,-0.17656,1.50,-2.60,-0.02
18.7065,262,0.36642,0.11976,-0.52980,0.62810,0.62120,-0.36832,0.28970,1,0.25413,-0.07599,0.26126,-0.02841,0.44258,0.87869,-0.17667,0.25488,-0.07911,0.26161,-0.03340,0.44250,0.87864,-0.17627,0.75,-3.13,0.36
18.7232,263,0.36666,0.11836,-0.52896,0.62864,0.62485,-0.37038,0.27784,1,0.25444,-0.07641,0.26134,-0.02944,0.44266,0.87862,-0.17666,0.25355,-0.08007,0.26181,-0.03426,0.44326,0.87834,-0.17566,-0.88,-3.66,0.47
18.7399,264,0.36676,0.11743,-0.52845,0.62688,0.62573,-0.37802,0.26943,1,0.25465,-0.07689,0.26150,-0.03042,0.44265,0.87860,-0.17661,0.25266,-0.08065,0.26196,-0.03497,0.44435,0.87777,-0.17565,-1.98,-3.76,0.46
18.7567,265,0.36637,0.11695,-0.52824,0.62841,0.62888,-0.38067,0.25437,1,0.25468,-0.07740,0.26165,-0.03133,0.44255,0.87864,-0.17650,0.25215,-0.08066,0.26236,-0.03601,0.44519,0.87742,-0.17506,-2.52,-3.26,0.71
18.7735,266,0.36640,0.11615,-0.52590,0.63131,0.64062,-0.37888,0.21795,1,0.25447,-0.07800,0.26180,-0.03222,0.44267,0.87859,-0.17633,0.25172,-0.08160,0.26310,-0.03695,0.44590,0.87720,-0.17416,-2.75,-3.60,1.31
18.7901,267,0.36584,0.11560,-0.52454,0.63024,0.64657,-0.37968,0.20146,1,0.25407,-0.07870,0.26197,-0.03302,0.44303,0.87841,-0.17617,0.25122,-0.08240,0.26436,-0.03774,0.44679,0.87688,-0.17330,-2.85,-3.70,2.39
18.8069,268,0.36635,0.11532,-0.52306,0.62824,0.65034,-0.38056,0.19377,1,0.25356,-0.07937,0.26213,-0.03387,0.44352,0.87819,-0.17583,0.25120,-0.08382,0.26500,-0.03827,0.44782,0.87651,-0.17242,-2.36,-4.45,2.87
18.8238,269,0.36629,0.11467,-0.52170,0.62362,0.65313,-0.38352,0.19348,1,0.25307,-0.07995,0.26236,-0.03466,0.44407,0.87797,-0.17538,0.25074,-0.08494,0.26590,-0.03813,0.44889,0.87607,-0.17189,-2.32,-4.98,3.54
18.8407,270,0.36599,0.11418,-0.52043,0.61745,0.65919,-0.38324,0.19327,1,0.25257,-0.08063,0.26274,-0.03549,0.44476,0.87770,-0.17485,0.25039,-0.08580,0.26693,-0.03736,0.44972,0.87583,-0.17112,-2.18,-5.18,4.19
18.8573,271,0.36404,0.11563,-0.51905,0.61346,0.67288,-0.37197,0.18039,1,0.25213,-0.08138,0.26327,-0.03619,0.44555,0.87738,-0.17430,0.25067,-0.08594,0.26822,-0.03714,0.45029,0.87577,-0.16996,-1.46,-4.55,4.94
18.8740,272,0.36263,0.11684,-0.51834,0.61618,0.67833,-0.36253,0.16958,1,0.25176,-0.08223,0.26397,-0.03664,0.44645,0.87702,-0.17371,0.25150,-0.08530,0.26951,-0.03757,0.45051,0.87588,-0.16872,-0.26,-3.06,5.54
18.8907,273,0.36038,0.11894,-0.51741,0.61816,0.68393,-0.35457,0.15621,1,0.25146,-0.08309,0.26477,-0.03690,0.44727,0.87672,-0.17304,0.25238,-0.08452,0.27070,-0.03839,0.45078,0.87594,-0.16750,0.92,-1.43,5.93
18.9074,274,0.35813,0.12136,-0.51648,0.62002,0.68963,-0.34737,0.13902,1,0.25115,-0.08391,0.26566,-0.03717,0.44805,0.87648,-0.17220,0.25334,-0.08371,0.27179,-0.03929,0.45120,0.87590,-0.16637,2.19,0.20,6.12
18.9241,275,0.35587,0.12390,-0.51557,0.62021,0.69397,-0.34401,0.12410,1,0.25101,-0.08455,0.26662,-0.03735,0.44871,0.87632,-0.17125,0.25431,-0.08284,0.27282,-0.04016,0.45184,0.87572,-0.16535,3.30,1.71,6.21
18.9409,276,0.35072,0.13026,-0.51436,0.61833,0.70200,-0.33971,0.09725,1,0.25110,-0.08495,0.26765,-0.03749,0.44931,0.87621,-0.17021,0.25531,-0.08181,0.27368,-0.04096,0.45259,0.87549,-0.16434,4.21,3.14,6.02
18.9577,277,0.34760,0.13359,-0.51379,0.61728,0.70752,-0.33332,0.08536,1,0.25139,-0.08504,0.26872,-0.03773,0.44983,0.87613,-0.16921,0.25616,-0.08064,0.27451,-0.04161,0.45302,0.87547,-0.16306,4.77,4.39,5.79
18.9743,278,0.34490,0.13663,-0.51347,0.61689,0.71375,-0.32397,0.07104,1,0.25188,-0.08479,0.26986,-0.03820,0.45031,0.87606,-0.16817,0.25703,-0.07942,0.27523,-0.04232,0.45332,0.87552,-0.16178,5.15,5.38,5.37
18.9911,279,0.34281,0.13956,-0.51293,0.61697,0.71834,-0.31621,0.05787,1,0.25251,-0.08426,0.27095,-0.03881,0.45081,0.87597,-0.16714,0.25804,-0.07829,0.27593,-0.04312,0.45365,0.87554,-0.16055,5.53,5.97,4.98
19.0080,280,0.34064,0.14261,-0.51200,0.61533,0.71994,-0.31732,0.04865,1,0.25325,-0.08349,0.27194,-0.03950,0.45126,0.87591,-0.16608,0.25906,-0.07723,0.27671,-0.04384,0.45452,0.87521,-0.15971,5.81,6.25,4.77
19.0250,281,0.33747,0.15025,-0.50972,0.60995,0.72165,-0.32644,0.02470,1,0.25408,-0.08253,0.27285,-0.04020,0.45171,0.87585,-0.16498,0.26033,-0.07636,0.27735,-0.04444,0.45570,0.87463,-0.15930,6.25,6.17,4.49
19.0412,282,0.33606,0.15417,-0.50869,0.60777,0.72315,-0.32798,0.00961,1,0.25492,-0.08153,0.27366,-0.04081,0.45220,0.87577,-0.16397,0.26160,-0.07543,0.27790,-0.04522,0.45669,0.87420,-0.15863,6.68,6.10,4.24
19.0580,283,0.33442,0.15745,-0.50747,0.60482,0.72584,-0.32761,-0.00458,1,0.25587,-0.08047,0.27451,-0.04147,0.45281,0.87561,-0.16293,0.26272,-0.07444,0.27864,-0.04593,0.45762,0.87384,-0.15776,6.85,6.03,4.12
19.0748,284,0.33268,0.15998,-0.50635,0.60290,0.72850,-0.32455,-0.02160,1,0.25686,-0.07943,0.27534,-0.04217,0.45345,0.87543,-0.16193,0.26364,-0.07334,0.27949,-0.04679,0.45836,0.87357,-0.15682,6.78,6.09,4.15
19.0915,285,0.33128,0.16180,-0.50563,0.60263,0.72995,-0.31998,-0.04023,1,0.25785,-0.07846,0.27608,-0.04286,0.45413,0.87521,-0.16104,0.26446,-0.07213,0.28029,-0.04781,0.45898,0.87335,-0.15593,6.60,6.33,4.21
19.1081,286,0.32829,0.16341,-0.50523,0.60495,0.72942,-0.31217,-0.06727,1,0.25892,-0.07742,0.27683,-0.04360,0.45492,0.87493,-0.16014,0.26453,-0.07063,0.28102,-0.04897,0.45950,0.87315,-0.15516,5.61,6.79,4.19
19.1249,287,0.32711,0.16319,-0.50548,0.60715,0.72815,-0.30950,-0.07334,1,0.25999,-0.07639,0.27756,-0.04435,0.45574,0.87462,-0.15926,0.26386,-0.06965,0.28133,-0.05035,0.45971,0.87306,-0.15463,3.87,6.74,3.77
19.1417,288,0.32627,0.16281,-0.50596,0.60919,0.72711,-0.30756,-0.07485,1,0.26095,-0.07541,0.27824,-0.04512,0.45650,0.87434,-0.15842,0.26302,-0.06906,0.28121,-0.05175,0.45930,0.87322,-0.15444,2.07,6.35,2.97
19.1585,289,0.32547,0.16209,-0.50677,0.61151,0.72615,-0.30533,-0.07441,1,0.26182,-0.07432,0.27897,-0.04604,0.45723,0.87407,-0.15755,0.26182,-0.06859,0.28080,-0.05277,0.45837,0.87363,-0.15454,0.00,5.73,1.83
19.1755,290,0.32490,0.16146,-0.50701,0.61375,0.72525,-0.30319,-0.07353,1,0.26246,-0.07317,0.27966,-0.04709,0.45787,0.87383,-0.15674,0.26096,-0.06841,0.28082,-0.05352,0.45720,0.87415,-0.15480,-1.50,4.76,1.16
19.1918,291,0.32424,0.16015,-0.50739,0.61674,0.72343,-0.30248,-0.06922,1,0.26282,-0.07208,0.28026,-0.04818,0.45827,0.87368,-0.15606,0.25945,-0.06847,0.28077,-0.05372,0.45611,0.87457,-0.15556,-3.37,3.61,0.51
19.2086,292,0.32409,0.15989,-0.50763,0.61797,0.72233,-0.30246,-0.06989,1,0.26287,-0.07097,0.28077,-0.04948,0.45842,0.87362,-0.15552,0.25893,-0.06843,0.28063,-0.05445,0.45548,0.87473,-0.15628,-3.94,2.54,-0.14
19.2253,293,0.32391,0.16011,-0.50768,0.61945,0.72090,-0.30194,-0.07357,1,0.26257,-0.07002,0.28111,-0.05075,0.45835,0.87364,-0.15522,0.25902,-0.06816,0.28064,-0.05549,0.45533,0.87469,-0.15656,-3.55,1.86,-0.48
19.2422,294,0.32374,0.16007,-0.50747,0.62245,0.71873,-0.29956,-0.07906,1,0.26204,-0.06933,0.28132,-0.05181,0.45797,0.87379,-0.15516,0.25895,-0.06809,0.28090,-0.05696,0.45543,0.87460,-0.15628,-3.09,1.23,-0.42
19.2588,295,0.32369,0.15973,-0.50738,0.62594,0.71648,-0.29597,-0.08518,1,0.26136,-0.06889,0.28135,-0.05273,0.45737,0.87402,-0.15528,0.25865,-0.06827,0.28101,-0.05841,0.45541,0.87458,-0.15590,-2.70,0.63,-0.34
19.2755,296,0.32356,0.15731,-0.50798,0.62944,0.71419,-0.29376,-0.08626,1,0.26062,-0.06862,0.28125,-0.05367,0.45676,0.87424,-0.15553,0.25748,-0.06882,0.28083,-0.05975,0.45490,0.87472,-0.15606,-3.14,-0.19,-0.41
19.2922,0,0.32353,0.15657,-0.50830,0.63063,0.71332,-0.29401,-0.08387,1,0.25998,-0.06852,0.28110,-0.05460,0.45627,0.87439,-0.15580,0.25677,-0.06910,0.28056,-0.06046,0.45427,0.87490,-0.15660,-3.21,-0.59,-0.54
19.3090,1,0.32351,0.15602,-0.50875,0.63198,0.71249,-0.29361,-0.08219,1,0.25946,-0.06850,0.28101,-0.05554,0.45589,0.87449,-0.15600,0.25622,-0.06926,0.28016,-0.06064,0.45329,0.87523,-0.15752,-3.24,-0.76,-0.84
19.3257,2,0.32353,0.15600,-0.50903,0.63323,0.71211,-0.29202,-0.08151,1,0.25902,-0.06850,0.28101,-0.05646,0.45554,0.87460,-0.15609,0.25616,-0.06922,0.27989,-0.06114,0.45211,0.87576,-0.15782,-2.86,-0.72,-1.12
19.3424,3,0.32346,0.15693,-0.50921,0.63373,0.71227,-0.29034,-0.08225,1,0.25841,-0.06854,0.28097,-0.05766,0.45512,0.87472,-0.15623,0.25688,-0.06863,0.27972,-0.06187,0.45122,0.87623,-0.15747,-1.53,-0.09,-1.25
19.3592,4,0.32382,0.15949,-0.50836,0.63832,0.70902,-0.28749,-0.08473,1,0.25776,-0.06865,0.28084,-0.05874,0.45467,0.87484,-0.15644,0.25842,-0.06813,0.28010,-0.06309,0.45064,0.87643,-0.15752,0.66,0.52,-0.74
19.3761,5,0.32421,0.16089,-0.50769,0.64019,0.70772,-0.28642,-0.08519,1,0.25723,-0.06880,0.28065,-0.05956,0.45407,0.87506,-0.15667,0.25993,-0.06789,0.28059,-0.06438,0.45000,0.87660,-0.15791,2.70,0.90,-0.06
19.3928,6,0.32491,0.16202,-0.50644,0.64049,0.70765,-0.28616,-0.08434,1,0.25690,-0.06885,0.28045,-0.06021,0.45332,0.87538,-0.15682,0.26131,-0.06817,0.28148,-0.06492,0.44932,0.87683,-0.15832,4.41,0.68,1.02
19.4098,7,0.32594,0.16226,-0.50530,0.63936,0.70898,-0.28565,-0.08351,1,0.25677,-0.06883,0.28026,-0.06094,0.45247,0.87574,-0.15697,0.26221,-0.06917,0.28225,-0.06485,0.44878,0.87711,-0.15831,5.43,-0.34,1.99
19.4267,8,0.32694,0.16149,-0.50481,0.63852,0.70999,-0.28532,-0.08248,1,0.25694,-0.06871,0.28013,-0.06173,0.45166,0.87607,-0.15713,0.26227,-0.07046,0.28254,-0.06410,0.44833,0.87745,-0.15802,5.33,-1.75,2.40
19.4429,9,0.32887,0.15818,-0.50435,0.64011,0.70798,-0.28707,-0.08134,1,0.25746,-0.06857,0.28018,-0.06245,0.45094,0.87637,-0.15728,0.26148,-0.07192,0.28251,-0.06369,0.44801,0.87758,-0.15835,4.02,-3.35,2.33
19.4596,10,0.32925,0.15597,-0.50431,0.64264,0.70540,-0.28727,-0.08310,1,0.25823,-0.06851,0.28043,-0.06297,0.45040,0.87658,-0.15743,0.26021,-0.07300,0.28247,-0.06399,0.44784,0.87757,-0.15880,1.98,-4.49,2.04
19.4764,11,0.32974,0.15398,-0.50430,0.64577,0.70282,-0.28572,-0.08594,1,0.25919,-0.06858,0.28087,-0.06338,0.44985,0.87680,-0.15758,0.25901,-0.07416,0.28238,-0.06502,0.44767,0.87753,-0.15905,-0.17,-5.58,1.51
19.4931,12,0.33008,0.15279,-0.50390,0.64801,0.70118,-0.28439,-0.08692,1,0.26019,-0.06887,0.28144,-0.06361,0.44936,0.87701,-0.15776,0.25822,-0.07515,0.28266,-0.06639,0.44715,0.87765,-0.15933,-1.97,-6.28,1.22
19.5101,13,0.33020,0.15299,-0.50286,0.64941,0.70160,-0.28072,-0.08504,1,0.26107,-0.06941,0.28208,-0.06372,0.44900,0.87714,-0.15800,0.25818,-0.07567,0.28338,-0.06720,0.44628,0.87802,-0.15938,-2.89,-6.26,1.31
19.5269,14,0.33074,0.15343,-0.50210,0.64883,0.70300,-0.27952,-0.08171,1,0.26169,-0.07015,0.28272,-0.06397,0.44863,0.87726,-0.15828,0.25893,-0.07608,0.28395,-0.06727,0.44539,0.87846,-0.15941,-2.76,-5.93,1.23
19.5433,15,0.33167,0.15297,-0.50129,0.64837,0.70378,-0.28030,-0.07579,1,0.26194,-0.07100,0.28325,-0.06443,0.44819,0.87741,-0.15853,0.25910,-0.07728,0.28446,-0.06669,0.44465,0.87881,-0.15978,-2.85,-6.28,1.21
19.5600,16,0.33249,0.15184,-0.50058,0.64909,0.70339,-0.28114,-0.06995,1,0.26183,-0.07202,0.28366,-0.06508,0.44769,0.87757,-0.15877,0.25860,-0.07871,0.28490,-0.06582,0.44394,0.87906,-0.16075,-3.23,-6.70,1.25
19.5768,17,0.33342,0.15094,-0.49964,0.64975,0.70336,-0.28094,-0.06468,1,0.26147,-0.07308,0.28392,-0.06561,0.44722,0.87773,-0.15897,0.25838,-0.08017,0.28551,-0.06498,0.44305,0.87943,-0.16153,-3.09,-7.09,1.59
19.5936,18,0.33626,0.15176,-0.49592,0.64688,0.70696,-0.27997,-0.05811,1,0.26093,-0.07428,0.28416,-0.06599,0.44660,0.87798,-0.15919,0.25907,-0.08129,0.28638,-0.06378,0.44240,0.87981,-0.16170,-1.87,-7.01,2.22
19.6102,19,0.33883,0.15213,-0.49331,0.64244,0.71079,-0.28032,-0.05894,1,0.26037,-0.07551,0.28441,-0.06609,0.44586,0.87830,-0.15948,0.25992,-0.08252,0.28713,-0.06268,0.44228,0.88001,-0.16138,-0.45,-7.01,2.72
19.6270,20,0.34121,0.15189,-0.49081,0.63808,0.71367,-0.28224,-0.06212,1,0.25984,-0.07673,0.28471,-0.06595,0.44509,0.87862,-0.15991,0.26053,-0.08386,0.28790,-0.06188,0.44275,0.87994,-0.16079,0.69,-7.14,3.19
19.6439,21,0.34354,0.15057,-0.48855,0.63574,0.71467,-0.28411,-0.06602,1,0.25948,-0.07793,0.28509,-0.06558,0.44441,0.87892,-0.16032,0.26067,-0.08538,0.28857,-0.06160,0.44367,0.87961,-0.16015,1.19,-7.45,3.48
19.6611,22,0.34553,0.14787,-0.48688,0.63483,0.71431,-0.28601,-0.07034,1,0.25936,-0.07915,0.28554,-0.06498,0.44384,0.87920,-0.16061,0.26016,-0.08690,0.28903,-0.06198,0.44480,0.87909,-0.15972,0.79,-7.75,3.49
19.6778,23,0.34758,0.13772,-0.48502,0.63888,0.70825,-0.28947,-0.08010,1,0.25946,-0.08034,0.28605,-0.06424,0.44355,0.87938,-0.16071,0.25897,-0.08805,0.28925,-0.06291,0.44564,0.87860,-0.15973,-0.49,-7.71,3.20
19.6943,24,0.34783,0.13148,-0.48498,0.64294,0.70381,-0.28971,-0.08566,1,0.25966,-0.08164,0.28673,-0.06350,0.44347,0.87949,-0.16065,0.25757,-0.08896,0.28927,-0.06429,0.44597,0.87828,-0.15999,-2.09,-7.31,2.54
19.7108,25,0.34738,0.12555,-0.48503,0.64673,0.69992,-0.28946,-0.08979,1,0.25978,-0.08285,0.28735,-0.06308,0.44358,0.87949,-0.16049,0.25609,-0.08971,0.28930,-0.06572,0.44611,0.87805,-0.16032,-3.69,-6.86,1.95
19.7275,26,0.34602,0.12036,-0.48524,0.64909,0.69786,-0.28839,-0.09226,1,0.25973,-0.08414,0.28792,-0.06291,0.44395,0.87935,-0.16029,0.25449,-0.09019,0.28935,-0.06721,0.44602,0.87796,-0.16043,-5.24,-6.05,1.43
19.7442,27,0.34420,0.11632,-0.48544,0.65034,0.69723,-0.28693,-0.09276,1,0.25943,-0.08547,0.28843,-0.06304,0.44446,0.87911,-0.16018,0.25284,-0.09041,0.28946,-0.06848,0.44534,0.87822,-0.16035,-6.59,-4.94,1.03
19.7611,28,0.34203,0.11383,-0.48505,0.65375,0.69497,-0.28475,-0.09246,1,0.25884,-0.08670,0.28886,-0.06351,0.44487,0.87887,-0.16012,0.25126,-0.09021,0.28994,-0.06953,0.44445,0.87849,-0.16087,-7.58,-3.51,1.08
19.7781,29,0.33719,0.11380,-0.48291,0.66282,0.68983,-0.27692,-0.09007,1,0.25795,-0.08777,0.28920,-0.06425,0.44514,0.87867,-0.16017,0.25032,-0.08938,0.29084,-0.07041,0.44338,0.87889,-0.16127,-7.64,-1.61,1.64
19.7945,30,0.33478,0.11493,-0.48100,0.66719,0.68756,-0.27275,-0.08789,1,0.25691,-0.08852,0.28938,-0.06521,0.44525,0.87854,-0.16017,0.25028,-0.08832,0.29211,-0.07110,0.44220,0.87935,-0.16169,-6.62,0.20,2.73
19.8115,31,0.33243,0.11592,-0.47883,0.67081,0.68544,-0.26954,-0.08683,1,0.25564,-0.08912,0.28952,-0.06629,0.44517,0.87849,-0.16028,0.25025,-0.08736,0.29347,-0.07196,0.44111,0.87975,-0.16210,-5.39,1.75,3.96
19.8282,32,0.32986,0.11588,-0.47619,0.67518,0.68171,-0.26802,-0.08705,1,0.25435,-0.08946,0.28975,-0.06726,0.44485,0.87854,-0.16046,0.24977,-0.08669,0.29492,-0.07313,0.44050,0.87983,-0.16281,-4.58,2.78,5.17
19.8452,33,0.32384,0.11158,-0.47103,0.68313,0.67747,-0.25814,-0.08800,1,0.25313,-0.08950,0.29014,-0.06823,0.44425,0.87873,-0.16070,0.24861,-0.08637,0.29607,-0.07420,0.43957,0.88019,-0.16290,-4.51,3.13,5.94
19.8621,34,0.32035,0.10890,-0.46857,0.68381,0.67999,-0.25000,-0.08673,1,0.25203,-0.08924,0.29067,-0.06927,0.44347,0.87898,-0.16102,0.24733,-0.08599,0.29707,-0.07473,0.43856,0.88072,-0.16252,-4.70,3.25,6.40
19.8783,35,0.31656,0.10663,-0.46614,0.68324,0.68460,-0.23920,-0.08538,1,0.25118,-0.08882,0.29135,-0.07023,0.44273,0.87921,-0.16137,0.24613,-0.08544,0.29809,-0.07471,0.43759,0.88137,-0.16164,-5.05,3.39,6.73
19.8951,36,0.31231,0.10491,-0.46354,0.68350,0.68843,-0.22808,-0.08286,1,0.25042,-0.08826,0.29229,-0.07118,0.44192,0.87947,-0.16179,0.24509,-0.08468,0.29915,-0.07466,0.43650,0.88205,-0.16087,-5.33,3.58,6.85
19.9120,37,0.30774,0.10391,-0.46091,0.68390,0.69151,-0.21827,-0.08037,1,0.24972,-0.08761,0.29346,-0.07199,0.44108,0.87977,-0.16210,0.24425,-0.08372,0.30022,-0.07461,0.43538,0.88274,-0.16015,-5.47,3.89,6.75
19.9285,38,0.29684,0.10359,-0.45561,0.68391,0.69678,-0.20296,-0.07462,1,0.24897,-0.08695,0.29465,-0.07272,0.44022,0.88012,-0.16221,0.24363,-0.08254,0.30122,-0.07442,0.43423,0.88344,-0.15951,-5.34,4.41,6.56
19.9453,39,0.29059,0.10393,-0.45301,0.68225,0.70117,-0.19419,-0.07200,1,0.24807,-0.08620,0.29588,-0.07343,0.43926,0.88056,-0.16209,0.24316,-0.08122,0.30213,-0.07406,0.43326,0.88410,-0.15865,-4.92,4.98,6.24
19.9622,40,0.28401,0.10440,-0.45004,0.68166,0.70488,-0.18353,-0.06927,1,0.24715,-0.08547,0.29699,-0.07398,0.43827,0.88107,-0.16175,0.24274,-0.07991,0.30306,-0.07391,0.43219,0.88478,-0.15786,-4.41,5.56,6.07
19.9789,41,0.27734,0.10516,-0.44664,0.68239,0.70751,-0.17134,-0.06644,1,0.24630,-0.08471,0.29806,-0.07419,0.43728,0.88163,-0.16129,0.24243,-0.07860,0.30405,-0.07398,0.43104,0.88545,-0.15717,-3.86,6.11,5.99
19.9962,42,0.27110,0.10537,-0.44268,0.68308,0.71023,-0.15796,-0.06339,1,0.24554,-0.08390,0.29914,-0.07416,0.43630,0.88222,-0.16070,0.24207,-0.07740,0.30514,-0.07405,0.42990,0.88613,-0.15647,-3.47,6.50,6.00
20.0127,43,0.26058,0.10497,-0.43354,0.67937,0.71978,-0.13143,-0.05568,1,0.24488,-0.08300,0.30013,-0.07418,0.43530,0.88283,-0.16005,0.24170,-0.07637,0.30640,-0.07380,0.42884,0.88680,-0.15568,-3.17,6.63,6.27
20.0293,44,0.25667,0.10383,-0.42842,0.67673,0.72443,-0.12062,-0.05195,1,0.24420,-0.08199,0.30113,-0.07426,0.43427,0.88346,-0.15934,0.24126,-0.07562,0.30782,-0.07340,0.42783,0.88746,-0.15488,-2.94,6.37,6.70
20.0464,45,0.25357,0.10293,-0.42252,0.67410,0.72853,-0.11175,-0.04836,1,0.24361,-0.08097,0.30210,-0.07422,0.43327,0.88408,-0.15863,0.24097,-0.07506,0.30937,-0.07292,0.42683,0.88811,-0.15412,-2.63,5.91,7.27
20.0625,46,0.25102,0.10155,-0.41565,0.67194,0.73183,-0.10433,-0.04511,1,0.24314,-0.07998,0.30309,-0.07406,0.43228,0.88471,-0.15791,0.24068,-0.07470,0.31097,-0.07243,0.42581,0.88877,-0.15339,-2.46,5.28,7.88
20.0793,47,0.24898,0.09895,-0.40821,0.66891,0.73574,-0.09686,-0.04311,1,0.24267,-0.07893,0.30422,-0.07392,0.43117,0.88540,-0.15714,0.24022,-0.07452,0.31256,-0.07191,0.42495,0.88938,-0.15246,-2.45,4.42,8.34
20.0963,48,0.24593,0.09031,-0.39385,0.66138,0.74473,-0.07924,-0.04098,1,0.24220,-0.07795,0.30541,-0.07376,0.43011,0.88606,-0.15640,0.23948,-0.07449,0.31405,-0.07146,0.42419,0.88996,-0.15140,-2.72,3.46,8.64
20.1132,49,0.24430,0.08477,-0.38672,0.65860,0.74798,-0.07191,-0.04003,1,0.24180,-0.07708,0.30673,-0.07343,0.42906,0.88673,-0.15566,0.23860,-0.07443,0.31547,-0.07108,0.42337,0.89056,-0.15035,-3.20,2.65,8.74
20.1295,50,0.24238,0.07879,-0.37941,0.65799,0.74885,-0.06663,-0.04285,1,0.24143,-0.07634,0.30806,-0.07307,0.42807,0.88736,-0.15494,0.23770,-0.07431,0.31686,-0.07131,0.42289,0.89098,-0.14909,-3.72,2.04,8.80
20.1462,51,0.23988,0.07240,-0.37175,0.65829,0.74848,-0.06358,-0.04875,1,0.24097,-0.07571,0.30954,-0.07272,0.42708,0.88801,-0.15411,0.23679,-0.07410,0.31824,-0.07195,0.42295,0.89111,-0.14788,-4.19,1.61,8.70
20.1629,52,0.23661,0.06555,-0.36395,0.65765,0.74857,-0.06190,-0.05753,1,0.24044,-0.07524,0.31103,-0.07239,0.42616,0.88863,-0.15325,0.23584,-0.07379,0.31957,-0.07261,0.42367,0.89089,-0.14677,-4.60,1.45,8.54
20.1797,53,0.22773,0.05049,-0.34904,0.65337,0.75096,-0.05154,-0.08069,1,0.23987,-0.07488,0.31241,-0.07217,0.42536,0.88919,-0.15232,0.23480,-0.07333,0.32080,-0.07313,0.42414,0.89084,-0.14545,-5.07,1.55,8.39
20.1966,54,0.22207,0.04250,-0.34211,0.65169,0.75209,-0.04389,-0.08799,1,0.23918,-0.07460,0.31382,-0.07209,0.42469,0.88969,-0.15129,0.23370,-0.07271,0.32188,-0.07365,0.42411,0.89104,-0.14405,-5.48,1.89,8.06
20.2133,55,0.21573,0.03440,-0.33494,0.65267,0.75086,-0.03634,-0.09433,1,0.23841,-0.07437,0.31520,-0.07210,0.42431,0.89006,-0.15020,0.23262,-0.07201,0.32294,-0.07459,0.42394,0.89123,-0.14292,-5.79,2.36,7.74
20.2301,56,0.20890,0.02595,-0.32728,0.65533,0.74786,-0.03026,-0.10161,1,0.23758,-0.07409,0.31660,-0.07219,0.42413,0.89033,-0.14906,0.23155,-0.07126,0.32398,-0.07580,0.42396,0.89126,-0.14203,-6.03,2.83,7.39
20.2471,57,0.20107,0.01787,-0.31889,0.65874,0.74372,-0.02351,-0.11131,1,0.23665,-0.07372,0.31793,-0.07252,0.42406,0.89054,-0.14784,0.23056,-0.07041,0.32502,-0.07703,0.42409,0.89122,-0.14118,-6.09,3.31,7.09
20.2634,58,0.18332,0.00130,-0.30393,0.65655,0.74332,-0.00096,-0.12812,1,0.23572,-0.07336,0.31911,-0.07300,0.42410,0.89068,-0.14667,0.22951,-0.06946,0.32589,-0.07778,0.42389,0.89145,-0.13994,-6.21,3.90,6.78
20.2802,59,0.17379,-0.00655,-0.29694,0.65620,0.74289,0.01506,-0.13149,1,0.23471,-0.07295,0.32032,-0.07361,0.42412,0.89081,-0.14549,0.22848,-0.06838,0.32663,-0.07840,0.42311,0.89193,-0.13892,-6.23,4.57,6.31
20.2972,60,0.16449,-0.01417,-0.29015,0.65669,0.74147,0.02958,-0.13455,1,0.23370,-0.07240,0.32150,-0.07430,0.42406,0.89096,-0.14435,0.22747,-0.06726,0.32734,-0.07912,0.42233,0.89238,-0.13797,-6.24,5.14,5.84
20.3137,61,0.15502,-0.02157,-0.28330,0.65817,0.73848,0.04313,-0.14004,1,0.23275,-0.07171,0.32256,-0.07505,0.42396,0.89111,-0.14332,0.22649,-0.06608,0.32800,-0.08006,0.42177,0.89271,-0.13699,-6.26,5.63,5.45
20.3304,62,0.14550,-0.02837,-0.27707,0.65910,0.73511,0.05669,-0.14830,1,0.23171,-0.07089,0.32361,-0.07593,0.42381,0.89128,-0.14228,0.22554,-0.06483,0.32857,-0.08099,0.42141,0.89296,-0.13591,-6.17,6.06,4.96
20.3472,63,0.12513,-0.04221,-0.26488,0.66181,0.72563,0.07545,-0.17258,1,0.23069,-0.06999,0.32455,-0.07681,0.42352,0.89150,-0.14124,0.22460,-0.06354,0.32903,-0.08203,0.42153,0.89298,-0.13483,-6.09,6.45,4.48
20.3642,64,0.11474,-0.04914,-0.25856,0.66554,0.71782,0.08440,-0.18616,1,0.22968,-0.06904,0.32542,-0.07766,0.42315,0.89176,-0.14025,0.22365,-0.06222,0.32941,-0.08323,0.42174,0.89290,-0.13396,-6.03,6.82,3.99
20.3807,65,0.10497,-0.05528,-0.25250,0.67018,0.70798,0.09775,-0.20015,1,0.22874,-0.06805,0.32617,-0.07845,0.42277,0.89202,-0.13930,0.22272,-0.06088,0.32975,-0.08447,0.42173,0.89291,-0.13312,-6.03,7.16,3.58
20.3975,66,0.09609,-0.06140,-0.24618,0.67575,0.69645,0.11356,-0.21311,1,0.22774,-0.06691,0.32688,-0.07936,0.42242,0.89227,-0.13828,0.22175,-0.05958,0.33010,-0.08576,0.42159,0.89296,-0.13236,-5.99,7.33,3.22
20.4143,67,0.08808,-0.06708,-0.24024,0.67828,0.68751,0.12923,-0.22485,1,0.22675,-0.06571,0.32749,-0.08032,0.42219,0.89244,-0.13728,0.22076,-0.05827,0.33040,-0.08693,0.42138,0.89309,-0.13146,-5.98,7.45,2.91
20.4311,68,0.07332,-0.07749,-0.22958,0.68229,0.67478,0.14304,-0.24225,1,0.22576,-0.06451,0.32803,-0.08132,0.42204,0.89257,-0.13632,0.21977,-0.05695,0.33061,-0.08814,0.42148,0.89305,-0.13058,-5.99,7.57,2.59
20.4477,69,0.06598,-0.08207,-0.22494,0.68412,0.66911,0.14563,-0.25115,1,0.22485,-0.06336,0.32850,-0.08228,0.42192,0.89268,-0.13542,0.21880,-0.05559,0.33065,-0.08926,0.42202,0.89280,-0.12977,-6.05,7.76,2.15
20.4644,70,0.05886,-0.08610,-0.22010,0.68772,0.66113,0.15148,-0.25887,1,0.22386,-0.06210,0.32896,-0.08338,0.42180,0.89278,-0.13447,0.21787,-0.05421,0.33071,-0.09061,0.42217,0.89268,-0.12916,-5.98,7.90,1.75
20.4811,71,0.05301,-0.08966,-0.21592,0.69041,0.65239,0.16529,-0.26533,1,0.22285,-0.06081,0.32938,-0.08456,0.42173,0.89285,-0.13350,0.21691,-0.05285,0.33076,-0.09187,0.42176,0.89284,-0.12848,-5.94,7.97,1.38
20.4980,72,0.04841,-0.09264,-0.21233,0.69149,0.64551,0.18217,-0.26828,1,0.22192,-0.05960,0.32970,-0.08569,0.42175,0.89286,-0.13262,0.21594,-0.05149,0.33082,-0.09295,0.42100,0.89318,-0.12786,-5.98,8.10,1.11
20.5147,73,0.04294,-0.09692,-0.20881,0.68791,0.64095,0.21297,-0.26574,1,0.22092,-0.05831,0.32998,-0.08693,0.42180,0.89285,-0.13172,0.21484,-0.05024,0.33069,-0.09362,0.41990,0.89371,-0.12730,-6.08,8.07,0.70
20.5313,74,0.04140,-0.09842,-0.20903,0.68473,0.64364,0.22044,-0.26128,1,0.21995,-0.05701,0.33021,-0.08817,0.42179,0.89285,-0.13089,0.21365,-0.04955,0.32975,-0.09363,0.41863,0.89434,-0.12702,-6.30,7.46,-0.46
20.5480,75,0.04065,-0.09959,-0.21065,0.68340,0.64614,0.22433,-0.25523,1,0.21899,-0.05567,0.33038,-0.08935,0.42163,0.89293,-0.13011,0.21274,-0.04975,0.32847,-0.09329,0.41737,0.89492,-0.12740,-6.25,5.93,-1.92
20.5649,76,0.04097,-0.09976,-0.21357,0.68497,0.64575,0.22798,-0.24871,1,0.21799,-0.05434,0.33049,-0.09046,0.42129,0.89308,-0.12941,0.21251,-0.05067,0.32727,-0.09353,0.41621,0.89531,-0.12820,-5.48,3.66,-3.22
20.5816,77,0.04234,-0.09893,-0.21724,0.68701,0.64606,0.22973,-0.24052,1,0.21703,-0.05314,0.33047,-0.09135,0.42076,0.89332,-0.12886,0.21295,-0.05207,0.32647,-0.09356,0.41527,0.89558,-0.12934,-4.08,1.08,-4.00
20.5983,78,0.04847,-0.09422,-0.22870,0.68831,0.64754,0.23866,-0.22354,1,0.21599,-0.05203,0.33026,-0.09210,0.42001,0.89365,-0.12843,0.21360,-0.05349,0.32589,-0.09358,0.41406,0.89603,-0.13011,-2.39,-1.46,-4.37
20.6150,79,0.05333,-0.09039,-0.23689,0.68690,0.65260,0.23975,-0.21167,1,0.21499,-0.05120,0.32982,-0.09263,0.41912,0.89404,-0.12827,0.21425,-0.05493,0.32537,-0.09293,0.41313,0.89639,-0.13101,-0.74,-3.73,-4.45
20.6319,80,0.05902,-0.08562,-0.24665,0.68629,0.65891,0.23684,-0.19683,1,0.21412,-0.05073,0.32921,-0.09299,0.41821,0.89441,-0.12840,0.21490,-0.05636,0.32482,-0.09216,0.41252,0.89659,-0.13212,0.78,-5.63,-4.39
20.6487,81,0.06553,-0.07977,-0.25770,0.68644,0.66602,0.23006,-0.17968,1,0.21330,-0.05056,0.32841,-0.09325,0.41715,0.89482,-0.12880,0.21557,-0.05778,0.32425,-0.09138,0.41212,0.89668,-0.13334,2.27,-7.22,-4.17
20.6653,82,0.07302,-0.07259,-0.26975,0.68788,0.67206,0.22208,-0.16072,1,0.21273,-0.05071,0.32750,-0.09326,0.41611,0.89523,-0.12930,0.21627,-0.05918,0.32367,-0.09071,0.41175,0.89672,-0.13463,3.53,-8.47,-3.83
20.6820,83,0.09207,-0.05332,-0.29523,0.69459,0.67812,0.20604,-0.12348,1,0.21246,-0.05127,0.32657,-0.09302,0.41519,0.89559,-0.12993,0.21705,-0.06057,0.32318,-0.09027,0.41141,0.89671,-0.13602,4.59,-9.29,-3.40
20.6989,84,0.10339,-0.04096,-0.30824,0.69701,0.68108,0.19645,-0.10825,1,0.21245,-0.05216,0.32574,-0.09269,0.41440,0.89588,-0.13067,0.21790,-0.06192,0.32271,-0.08974,0.41127,0.89662,-0.13741,5.45,-9.76,-3.03
20.7155,85,0.11558,-0.02634,-0.32139,0.69620,0.68759,0.18415,-0.09276,1,0.21276,-0.05341,0.32499,-0.09223,0.41372,0.89612,-0.13152,0.21883,-0.06323,0.32227,-0.08889,0.41125,0.89652,-0.13865,6.08,-9.83,-2.71
20.7322,86,0.12841,-0.01058,-0.33407,0.69557,0.69437,0.16821,-0.07578,1,0.21335,-0.05483,0.32439,-0.09172,0.41315,0.89630,-0.13243,0.21979,-0.06452,0.32184,-0.08807,0.41134,0.89637,-0.13989,6.45,-9.70,-2.55
20.7490,87,0.14214,0.00758,-0.34559,0.69449,0.70115,0.15114,-0.05677,1,0.21415,-0.05635,0.32393,-0.09119,0.41265,0.89644,-0.13344,0.22084,-0.06577,0.32147,-0.08727,0.41140,0.89622,-0.14115,6.68,-9.41,-2.47
20.7657,88,0.17205,0.04874,-0.36322,0.68630,0.71708,0.12105,-0.01134,1,0.21502,-0.05783,0.32356,-0.09070,0.41229,0.89650,-0.13444,0.22196,-0.06697,0.32123,-0.08636,0.41126,0.89619,-0.14233,6.94,-9.15,-2.34
20.7825,89,0.18810,0.07034,-0.37028,0.67510,0.72957,0.10821,0.01641,1,0.21602,-0.05943,0.32322,-0.09009,0.41194,0.89654,-0.13564,0.22307,-0.06819,0.32096,-0.08524,0.41096,0.89628,-0.14329,7.05,-8.76,-2.26
20.7992,90,0.20548,0.09299,-0.37571,0.65622,0.74685,0.09348,0.05337,1,0.21709,-0.06096,0.32287,-0.08941,0.41169,0.89654,-0.13687,0.22415,-0.06943,0.32070,-0.08406,0.41063,0.89641,-0.14414,7.06,-8.47,-2.17
20.8159,91,0.22326,0.11618,-0.37901,0.63597,0.76281,0.07009,0.09353,1,0.21813,-0.06235,0.32253,-0.08871,0.41153,0.89650,-0.13805,0.22520,-0.07070,0.32042,-0.08293,0.41042,0.89645,-0.14511,7.06,-8.35,-2.10
20.8327,92,0.24080,0.13943,-0.37944,0.62026,0.77366,0.04304,0.12198,1,0.21927,-0.06378,0.32216,-0.08791,0.41136,0.89647,-0.13929,0.22623,-0.07198,0.32015,-0.08189,0.41047,0.89635,-0.14618,6.96,-8.20,-2.01
20.8495,93,0.27358,0.18425,-0.37107,0.60363,0.78511,-0.00561,0.13859,1,0.22042,-0.06517,0.32179,-0.08702,0.41118,0.89645,-0.14051,0.22731,-0.07324,0.32000,-0.08108,0.41107,0.89598,-0.14722,6.88,-8.07,-1.79
20.8661,94,0.28975,0.20680,-0.36358,0.58916,0.79367,-0.01754,0.15057,1,0.22158,-0.06653,0.32144,-0.08605,0.41100,0.89644,-0.14167,0.22845,-0.07445,0.31990,-0.07979,0.41129,0.89588,-0.14792,6.87,-7.92,-1.55
20.8829,95,0.30696,0.22897,-0.35419,0.56668,0.80443,-0.03095,0.17552,1,0.22272,-0.06786,0.32113,-0.08505,0.41087,0.89642,-0.14278,0.22955,-0.07569,0.31981,-0.07846,0.41116,0.89594,-0.14860,6.83,-7.84,-1.32
20.8998,96,0.32452,0.25005,-0.34296,0.54006,0.81422,-0.05034,0.20699,1,0.22379,-0.06910,0.32086,-0.08411,0.41083,0.89636,-0.14380,0.23059,-0.07700,0.31971,-0.07719,0.41103,0.89598,-0.14939,6.80,-7.89,-1.15
20.9165,97,0.35952,0.28977,-0.31754,0.48321,0.82527,-0.09931,0.27490,1,0.22490,-0.07042,0.32060,-0.08308,0.41086,0.89628,-0.14483,0.23156,-0.07834,0.31956,-0.07601,0.41092,0.89598,-0.15030,6.66,-7.92,-1.04
20.9331,98,0.37639,0.30849,-0.30290,0.46028,0.82590,-0.12453,0.30088,1,0.22604,-0.07172,0.32040,-0.08192,0.41090,0.89622,-0.14576,0.23245,-0.07971,0.31922,-0.07494,0.41089,0.89591,-0.15135,6.41,-7.99,-1.18
20.9499,99,0.39298,0.32561,-0.28754,0.44137,0.82617,-0.14717,0.31776,1,0.22716,-0.07300,0.32025,-0.08073,0.41092,0.89617,-0.14665,0.23327,-0.08110,0.31882,-0.07391,0.41103,0.89575,-0.15242,6.12,-8.10,-1.43
20.9666,100,0.40951,0.34054,-0.27179,0.42568,0.82640,-0.17028,0.32691,1,0.22815,-0.07422,0.32012,-0.07965,0.41089,0.89614,-0.14748,0.23402,-0.08253,0.31838,-0.07304,0.41142,0.89545,-0.15354,5.87,-8.31,-1.74
20.9834,101,0.42566,0.35349,-0.25658,0.41311,0.82659,-0.19168,0.33067,1,0.22917,-0.07554,0.31997,-0.07849,0.41091,0.89609,-0.14836,0.23471,-0.08397,0.31789,-0.07232,0.41199,0.89505,-0.15465,5.53,-8.42,-2.07
21.0003,102,0.45789,0.37529,-0.22649,0.39232,0.82238,-0.23211,0.34045,1,0.23016,-0.07691,0.31976,-0.07736,0.41095,0.89602,-0.14926,0.23533,-0.08542,0.31739,-0.07166,0.41244,0.89468,-0.15587,5.17,-8.51,-2.37
21.0169,103,0.47412,0.38471,-0.21180,0.37967,0.81796,-0.25446,0.34935,1,0.23109,-0.07833,0.31949,-0.07626,0.41106,0.89591,-0.15023,0.23590,-0.08686,0.31676,-0.07092,0.41271,0.89440,-0.15712,4.81,-8.54,-2.73
21.0338,104,0.49048,0.39142,-0.19800,0.37024,0.81001,-0.28182,0.35690,1,0.23191,-0.07968,0.31920,-0.07528,0.41124,0.89575,-0.15117,0.23632,-0.08833,0.31610,-0.07047,0.41296,0.89408,-0.15849,4.41,-8.66,-3.10
21.0509,105,0.50647,0.39614,-0.18457,0.36647,0.80161,-0.31402,0.35285,1,0.23271,-0.08112,0.31884,-0.07432,0.41147,0.89554,-0.15223,0.23665,-0.08981,0.31541,-0.07055,0.41349,0.89360,-0.15980,3.94,-8.70,-3.43
21.0672,106,0.52148,0.39931,-0.17128,0.36931,0.79305,-0.34536,0.33973,1,0.23344,-0.08255,0.31842,-0.07344,0.41173,0.89530,-0.15334,0.23697,-0.09130,0.31473,-0.07107,0.41410,0.89306,-0.16095,3.53,-8.75,-3.69
21.0839,107,0.54923,0.39894,-0.14673,0.38053,0.76987,-0.41257,0.30378,1,0.23406,-0.08391,0.31796,-0.07272,0.41201,0.89505,-0.15444,0.23715,-0.09285,0.31413,-0.07173,0.41470,0.89254,-0.16204,3.09,-8.94,-3.83
21.1009,108,0.56114,0.39603,-0.13666,0.38765,0.75843,-0.44562,0.27556,1,0.23465,-0.08538,0.31742,-0.07210,0.41234,0.89473,-0.15568,0.23726,-0.09439,0.31351,-0.07257,0.41539,0.89199,-0.16291,2.61,-9.01,-3.91
21.1176,109,0.57219,0.39163,-0.12724,0.39252,0.75003,-0.47337,0.24354,1,0.23518,-0.08685,0.31683,-0.07169,0.41273,0.89437,-0.15691,0.23734,-0.09595,0.31294,-0.07347,0.41619,0.89142,-0.16359,2.16,-9.10,-3.90
21.1341,110,0.58186,0.38641,-0.11871,0.39403,0.74639,-0.49279,0.21163,1,0.23561,-0.08833,0.31622,-0.07153,0.41318,0.89396,-0.15814,0.23742,-0.09753,0.31241,-0.07441,0.41712,0.89083,-0.16399,1.80,-9.20,-3.81
21.1508,111,0.59130,0.38140,-0.11001,0.39297,0.74373,-0.50890,0.18292,1,0.23595,-0.08973,0.31564,-0.07159,0.41364,0.89354,-0.15925,0.23765,-0.09910,0.31190,-0.07529,0.41812,0.89023,-0.16433,1.69,-9.37,-3.74
21.1675,112,0.60633,0.37151,-0.09244,0.38015,0.74398,-0.53602,0.12110,1,0.23625,-0.09122,0.31503,-0.07188,0.41422,0.89306,-0.16031,0.23800,-0.10070,0.31158,-0.07606,0.41925,0.88961,-0.16443,1.75,-9.48,-3.45
21.1843,113,0.61171,0.36810,-0.08343,0.37544,0.74247,-0.54843,0.08372,1,0.23649,-0.09273,0.31441,-0.07237,0.41489,0.89254,-0.16125,0.23875,-0.10218,0.31152,-0.07696,0.42030,0.88903,-0.16451,2.27,-9.45,-2.89
21.2010,114,0.61479,0.36599,-0.07490,0.37154,0.74314,-0.55485,0.04295,1,0.23671,-0.09429,0.31381,-0.07299,0.41565,0.89200,-0.16203,0.23974,-0.10350,0.31179,-0.07796,0.42127,0.88850,-0.16437,3.03,-9.21,-2.02
21.2177,115,0.61620,0.36589,-0.06770,0.37061,0.74844,-0.54984,0.01306,1,0.23696,-0.09579,0.31330,-0.07361,0.41644,0.89146,-0.16264,0.24101,-0.10442,0.31235,-0.07909,0.42201,0.88816,-0.16380,4.06,-8.63,-0.95
21.2345,116,0.61673,0.36711,-0.06037,0.37004,0.75446,-0.54208,0.00402,1,0.23730,-0.09735,0.31284,-0.07431,0.41732,0.89091,-0.16312,0.24241,-0.10494,0.31310,-0.08001,0.42235,0.88811,-0.16271,5.11,-7.59,0.26
21.2513,117,0.61753,0.36907,-0.04713,0.36457,0.76018,-0.53683,0.03191,1,0.23776,-0.09887,0.31250,-0.07508,0.41823,0.89036,-0.16344,0.24378,-0.10545,0.31390,-0.08031,0.42238,0.88822,-0.16187,6.01,-6.58,1.39
21.2679,118,0.61848,0.36995,-0.04062,0.36061,0.76037,-0.53765,0.05217,1,0.23834,-0.10024,0.31232,-0.07590,0.41909,0.88986,-0.16354,0.24519,-0.10610,0.31451,-0.08002,0.42217,0.88844,-0.16140,6.85,-5.86,2.19
21.2848,119,0.61875,0.37176,-0.03218,0.35417,0.76061,-0.54019,0.06505,1,0.23914,-0.10156,0.31233,-0.07676,0.41992,0.88942,-0.16344,0.24661,-0.10661,0.31522,-0.07907,0.42194,0.88865,-0.16129,7.47,-5.05,2.89
21.3017,120,0.61767,0.37562,-0.02219,0.34679,0.76223,-0.54220,0.06907,1,0.24013,-0.10268,0.31255,-0.07756,0.42056,0.88910,-0.16314,0.24807,-0.10682,0.31599,-0.07777,0.42232,0.88862,-0.16108,7.94,-4.15,3.43
21.3184,121,0.61536,0.38021,-0.01069,0.33691,0.76584,-0.54402,0.06344,1,0.24126,-0.10363,0.31297,-0.07818,0.42106,0.88888,-0.16276,0.24950,-0.10696,0.31684,-0.07698,0.42316,0.88837,-0.16067,8.23,-3.32,3.87
21.3353,122,0.60865,0.39039,0.01354,0.31844,0.78151,-0.53485,0.04203,1,0.24251,-0.10445,0.31355,-0.07852,0.42142,0.88875,-0.16235,0.25089,-0.10699,0.31775,-0.07682,0.42406,0.88810,-0.15985,8.38,-2.54,4.21
21.3518,123,0.60487,0.39502,0.02583,0.30901,0.79038,-0.52779,0.03542,1,0.24377,-0.10508,0.31417,-0.07858,0.42168,0.88870,-0.16196,0.25226,-0.10695,0.31870,-0.07684,0.42476,0.88800,-0.15853,8.49,-1.86,4.53
21.3685,124,0.60096,0.39920,0.03820,0.29956,0.79762,-0.52246,0.03314,1,0.24516,-0.10561,0.31484,-0.07844,0.42202,0.88862,-0.16157,0.25362,-0.10690,0.31966,-0.07647,0.42539,0.88796,-0.15722,8.46,-1.29,4.83
21.3851,125,0.59646,0.40439,0.04978,0.29100,0.80310,-0.51886,0.03361,1,0.24658,-0.10603,0.31555,-0.07814,0.42249,0.88850,-0.16111,0.25498,-0.10665,0.32060,-0.07576,0.42592,0.88798,-0.15601,8.40,-0.62,5.04
21.4019,126,0.59148,0.40897,0.06223,0.28199,0.80783,-0.51634,0.03578,1,0.24793,-0.10630,0.31629,-0.07778,0.42296,0.88841,-0.16057,0.25631,-0.10646,0.32157,-0.07480,0.42639,0.88802,-0.15495,8.38,-0.16,5.29
21.4187,127,0.58043,0.41693,0.08895,0.26394,0.81677,-0.51160,0.03851,1,0.24939,-0.10644,0.31711,-0.07735,0.42351,0.88832,-0.15982,0.25763,-0.10634,0.32258,-0.07389,0.42695,0.88801,-0.15390,8.25,0.11,5.47
21.4354,128,0.57442,0.42103,0.10183,0.25704,0.82083,-0.50856,0.03913,1,0.25076,-0.10652,0.31797,-0.07698,0.42408,0.88823,-0.15899,0.25896,-0.10612,0.32358,-0.07316,0.42746,0.88804,-0.15270,8.20,0.40,5.61
21.4521,129,0.56714,0.42480,0.11589,0.24905,0.82560,-0.50489,0.03802,1,0.25212,-0.10654,0.31884,-0.07652,0.42467,0.88816,-0.15804,0.26023,-0.10592,0.32463,-0.07262,0.42812,0.88797,-0.15146,8.11,0.62,5.79
21.4689,130,0.55882,0.42931,0.13029,0.23947,0.83224,-0.49868,0.03675,1,0.25340,-0.10652,0.31967,-0.07598,0.42521,0.88812,-0.15707,0.26149,-0.10561,0.32568,-0.07219,0.42867,0.88797,-0.15014,8.09,0.91,6.00
21.4855,131,0.54954,0.43396,0.14509,0.22749,0.84006,-0.49117,0.03602,1,0.25478,-0.10646,0.32061,-0.07528,0.42574,0.88810,-0.15604,0.26273,-0.10524,0.32673,-0.07168,0.42919,0.88798,-0.14882,7.96,1.21,6.11
21.5025,132,0.52977,0.44086,0.17528,0.19915,0.85747,-0.47297,0.03716,1,0.25613,-0.10633,0.32159,-0.07459,0.42630,0.88808,-0.15497,0.26394,-0.10492,0.32783,-0.07111,0.42962,0.88804,-0.14751,7.81,1.42,6.24
21.5191,133,0.51943,0.44321,0.19040,0.18472,0.86604,-0.46293,0.03932,1,0.25746,-0.10614,0.32260,-0.07392,0.42690,0.88805,-0.15379,0.26516,-0.10458,0.32892,-0.07048,0.42996,0.88814,-0.14619,7.69,1.56,6.32
21.5359,134,0.50869,0.44512,0.20514,0.17008,0.87360,-0.45408,0.04138,1,0.25868,-0.10594,0.32358,-0.07335,0.42743,0.88804,-0.15265,0.26636,-0.10421,0.33001,-0.06978,0.43034,0.88822,-0.14492,7.68,1.73,6.43
21.5530,135,0.49671,0.44590,0.22030,0.15473,0.88097,-0.44506,0.04330,1,0.26004,-0.10568,0.32470,-0.07272,0.42800,0.88805,-0.15130,0.26753,-0.10385,0.33114,-0.06907,0.43074,0.88829,-0.14366,7.49,1.83,6.44
21.5696,136,0.48478,0.44641,0.23524,0.13728,0.88829,-0.43604,0.04430,1,0.26122,-0.10542,0.32571,-0.07217,0.42847,0.88807,-0.15009,0.26871,-0.10347,0.33225,-0.06835,0.43124,0.88830,-0.14245,7.49,1.96,6.54
21.5863,137,0.46022,0.44599,0.26501,0.09960,0.90149,-0.41846,0.04783,1,0.26248,-0.10513,0.32679,-0.07155,0.42896,0.88811,-0.14880,0.26989,-0.10308,0.33336,-0.06754,0.43172,0.88831,-0.14128,7.42,2.04,6.57
21.6032,138,0.45023,0.44683,0.28246,0.07760,0.90741,-0.40952,0.05366,1,0.26372,-0.10481,0.32788,-0.07091,0.42940,0.88816,-0.14751,0.27132,-0.10274,0.33415,-0.06657,0.43206,0.88839,-0.14019,7.61,2.07,6.27
21.6199,139,0.43986,0.44629,0.30044,0.05531,0.91258,-0.40040,0.06177,1,0.26486,-0.10450,0.32892,-0.07029,0.42983,0.88820,-0.14631,0.27276,-0.10246,0.33494,-0.06554,0.43229,0.88852,-0.13914,7.90,2.04,6.03
21.6367,140,0.42694,0.44276,0.31684,0.03200,0.91653,-0.39228,0.07117,1,0.26609,-0.10415,0.33001,-0.06958,0.43029,0.88824,-0.14505,0.27406,-0.10218,0.33595,-0.06443,0.43250,0.88866,-0.13816,7.97,1.97,5.94
21.6534,141,0.41232,0.43741,0.33164,0.00615,0.91951,-0.38467,0.08061,1,0.26734,-0.10379,0.33108,-0.06883,0.43070,0.88830,-0.14381,0.27527,-0.10188,0.33706,-0.06327,0.43274,0.88876,-0.13724,7.93,1.91,5.98
21.6700,142,0.38294,0.42436,0.35824,-0.04981,0.92269,-0.36772,0.10458,1,0.26863,-0.10343,0.33211,-0.06800,0.43111,0.88836,-0.14262,0.27645,-0.10160,0.33820,-0.06209,0.43292,0.88889,-0.13635,7.82,1.83,6.09
21.6868,143,0.36924,0.41648,0.37109,-0.08044,0.92163,-0.35921,0.12289,1,0.26985,-0.10310,0.33306,-0.06716,0.43145,0.88843,-0.14156,0.27774,-0.10142,0.33924,-0.06084,0.43291,0.88911,-0.13554,7.89,1.69,6.18
21.7034,144,0.35549,0.40778,0.38433,-0.11474,0.91706,-0.35365,0.14413,1,0.27115,-0.10278,0.33407,-0.06620,0.43179,0.88851,-0.14047,0.27909,-0.10129,0.34020,-0.05951,0.43287,0.88932,-0.13488,7.95,1.50,6.13
21.7201,145,0.34098,0.39887,0.39670,-0.14941,0.90827,-0.35363,0.16634,1,0.27242,-0.10249,0.33507,-0.06520,0.43207,0.88861,-0.13942,0.28048,-0.10113,0.34111,-0.05809,0.43278,0.88952,-0.13445,8.06,1.36,6.04
21.7368,146,0.32577,0.38979,0.40905,-0.18346,0.89665,-0.35610,0.18853,1,0.27366,-0.10223,0.33604,-0.06417,0.43226,0.88874,-0.13847,0.28193,-0.10099,0.34193,-0.05664,0.43266,0.88972,-0.13413,8.27,1.23,5.89
21.7535,147,0.29312,0.36634,0.43273,-0.24733,0.86597,-0.36976,0.22847,1,0.27496,-0.10197,0.33707,-0.06303,0.43243,0.88888,-0.13756,0.28336,-0.10097,0.34277,-0.05516,0.43253,0.88990,-0.13402,8.40,0.99,5.70
21.7703,148,0.27697,0.35202,0.44380,-0.28276,0.84758,-0.37745,0.24330,1,0.27628,-0.10172,0.33811,-0.06185,0.43253,0.88904,-0.13675,0.28485,-0.10118,0.34350,-0.05367,0.43256,0.88998,-0.13400,8.57,0.53,5.39
21.7871,149,0.26127,0.33700,0.45405,-0.32094,0.82929,-0.37848,0.25696,1,0.27766,-0.10149,0.33913,-0.06057,0.43261,0.88920,-0.13603,0.28635,-0.10149,0.34415,-0.05219,0.43272,0.89002,-0.13378,8.70,0.01,5.02
21.8038,150,0.24605,0.32176,0.46399,-0.36154,0.80951,-0.37636,0.26894,1,0.27897,-0.10132,0.34004,-0.05935,0.43263,0.88937,-0.13542,0.28789,-0.10184,0.34468,-0.05074,0.43296,0.89003,-0.13350,8.93,-0.52,4.64
21.8206,151,0.23055,0.30616,0.47193,-0.40399,0.78986,-0.36936,0.27657,1,0.28037,-0.10126,0.34099,-0.05800,0.43262,0.88953,-0.13495,0.28944,-0.10220,0.34520,-0.04934,0.43337,0.88996,-0.13315,9.06,-0.94,4.21
21.8373,152,0.21444,0.29078,0.47828,-0.44273,0.77136,-0.36132,0.28007,1,0.28181,-0.10127,0.34185,-0.05660,0.43264,0.88967,-0.13457,0.29101,-0.10249,0.34568,-0.04797,0.43387,0.88984,-0.13282,9.20,-1.22,3.83
21.8542,153,0.18316,0.25800,0.48668,0.50556,-0.74528,0.33162,-0.28106,1,0.28328,-0.10135,0.34263,-0.05515,0.43270,0.88978,-0.13423,0.29256,-0.10282,0.34617,-0.04678,0.43455,0.88965,-0.13226,9.28,-1.47,3.53
21.8708,154,0.16932,0.24037,0.48911,0.53123,-0.73570,0.31472,-0.27836,1,0.28468,-0.10149,0.34332,-0.05374,0.43284,0.88984,-0.13395,0.29413,-0.10321,0.34656,-0.04574,0.43540,0.88939,-0.13162,9.46,-1.72,3.24
21.8875,155,0.15623,0.22281,0.49017,0.55260,-0.72911,0.29785,-0.27261,1,0.28618,-0.10169,0.34401,-0.05226,0.43306,0.88987,-0.13363,0.29571,-0.10358,0.34697,-0.04487,0.43639,0.88904,-0.13101,9.53,-1.90,2.96
21.9042,156,0.14480,0.20522,0.49033,0.57715,-0.72144,0.27539,-0.26569,1,0.28769,-0.10192,0.34460,-0.05087,0.43336,0.88986,-0.13324,0.29727,-0.10400,0.34738,-0.04406,0.43740,0.88868,-0.13034,9.58,-2.08,2.78
21.9209,157,0.12620,0.17545,0.48876,0.63207,-0.70075,0.21671,-0.24995,1,0.28912,-0.10219,0.34510,-0.04960,0.43376,0.88980,-0.13284,0.29884,-0.10437,0.34779,-0.04330,0.43840,0.88833,-0.12960,9.72,-2.18,2.68
21.9376,158,0.11837,0.16395,0.48693,0.65370,-0.69228,0.18816,-0.24088,1,0.29066,-0.10251,0.34561,-0.04831,0.43434,0.88966,-0.13237,0.30047,-0.10447,0.34814,-0.04265,0.43947,0.88794,-0.12886,9.80,-1.96,2.53
21.9544,159,0.11178,0.15358,0.48521,0.66734,-0.68754,0.16377,-0.23479,1,0.29223,-0.10285,0.34609,-0.04711,0.43501,0.88947,-0.13184,0.30211,-0.10453,0.34842,-0.04220,0.44056,0.88755,-0.12802,9.88,-1.68,2.33
21.9711,160,0.10726,0.14333,0.48386,0.67457,-0.68538,0.14720,-0.23137,1,0.29378,-0.10320,0.34654,-0.04606,0.43577,0.88924,-0.13125,0.30374,-0.10477,0.34865,-0.04190,0.44165,0.88715,-0.12712,9.96,-1.57,2.11
21.9878,161,0.10451,0.13393,0.48276,0.68126,-0.68160,0.13986,-0.22745,1,0.29526,-0.10352,0.34692,-0.04518,0.43657,0.88899,-0.13064,0.30535,-0.10517,0.34885,-0.04108,0.44269,0.88675,-0.12656,10.09,-1.65,1.93
22.0045,162,0.10124,0.11927,0.48169,0.69578,-0.66998,0.13292,-0.22214,1,0.29687,-0.10383,0.34730,-0.04433,0.43750,0.88868,-0.12992,0.30694,-0.10566,0.34898,-0.03982,0.44338,0.88652,-0.12618,10.07,-1.83,1.68
22.0213,163,0.10072,0.11535,0.48168,0.70129,-0.66540,0.13016,-0.22023,1,0.29849,-0.10412,0.34767,-0.04356,0.43846,0.88835,-0.12920,0.30849,-0.10627,0.34895,-0.03856,0.44405,0.88629,-0.12577,9.99,-2.16,1.28
22.0380,164,0.10106,0.11321,0.48211,0.70598,-0.66184,0.12927,-0.21646,1,0.30012,-0.10437,0.34803,-0.04282,0.43945,0.88799,-0.12850,0.30976,-0.10730,0.34863,-0.03730,0.44478,0.88596,-0.12591,9.64,-2.93,0.60
22.0553,165,0.10220,0.11371,0.48300,0.70863,-0.66040,0.13030,-0.21151,1,0.30174,-0.10465,0.34836,-0.04208,0.44042,0.88764,-0.12787,0.31004,-0.10826,0.34815,-0.03636,0.44547,0.88554,-0.12672,8.31,-3.61,-0.21
22.0716,166,0.10413,0.11630,0.48452,0.70806,-0.66182,0.13246,-0.20761,1,0.30326,-0.10500,0.34859,-0.04128,0.44132,0.88731,-0.12732,0.30939,-0.10887,0.34764,-0.03605,0.44594,0.88514,-0.12788,6.13,-3.88,-0.95
22.0882,167,0.10955,0.12650,0.48781,0.69352,-0.67679,0.14267,-0.20157,1,0.30483,-0.10551,0.34873,-0.04039,0.44220,0.88698,-0.12687,0.30789,-0.10899,0.34730,-0.03639,0.44607,0.88491,-0.12896,3.06,-3.48,-1.43
22.1049,168,0.11302,0.13319,0.48917,0.67973,-0.69006,0.14911,-0.19888,1,0.30618,-0.10610,0.34873,-0.03950,0.44298,0.88665,-0.12672,0.30624,-0.10899,0.34707,-0.03735,0.44589,0.88483,-0.12982,0.06,-2.89,-1.66
22.1217,169,0.11616,0.14060,0.49008,0.66587,-0.70319,0.15304,-0.19678,1,0.30735,-0.10680,0.34864,-0.03857,0.44380,0.88626,-0.12686,0.30459,-0.10884,0.34688,-0.03869,0.44565,0.88481,-0.13045,-2.76,-2.04,-1.76
22.1384,170,0.11976,0.14928,0.49080,0.65158,-0.71687,0.15342,-0.19494,1,0.30817,-0.10754,0.34843,-0.03787,0.44452,0.88587,-0.12728,0.30294,-0.10867,0.34668,-0.04012,0.44555,0.88473,-0.13088,-5.22,-1.13,-1.75
22.1555,171,0.12384,0.15882,0.49160,0.63671,-0.73135,0.15067,-0.19241,1,0.30855,-0.10826,0.34808,-0.03753,0.44505,0.88552,-0.12793,0.30130,-0.10853,0.34642,-0.04159,0.44561,0.88459,-0.13115,-7.25,-0.27,-1.66
22.1719,172,0.13369,0.18370,0.49181,0.60046,-0.76346,0.14761,-0.18652,1,0.30853,-0.10888,0.34766,-0.03753,0.44541,0.88524,-0.12864,0.29966,-0.10835,0.34620,-0.04304,0.44560,0.88448,-0.13151,-8.87,0.52,-1.47
22.1886,173,0.13947,0.19791,0.49138,0.58052,-0.77908,0.15078,-0.18248,1,0.30809,-0.10940,0.34722,-0.03787,0.44562,0.88501,-0.12938,0.29803,-0.10821,0.34588,-0.04440,0.44545,0.88439,-0.13212,-10.06,1.19,-1.34
22.2055,174,0.14548,0.21298,0.49038,0.55829,-0.79488,0.15769,-0.17779,1,0.30725,-0.10970,0.34682,-0.03847,0.44578,0.88482,-0.13000,0.29641,-0.10806,0.34553,-0.04568,0.44522,0.88433,-0.13286,-10.84,1.65,-1.29
22.2223,175,0.15144,0.22833,0.48872,0.53335,-0.81095,0.16588,-0.17428,1,0.30599,-0.10977,0.34648,-0.03941,0.44576,0.88469,-0.13061,0.29480,-0.10788,0.34515,-0.04695,0.44490,0.88431,-0.13360,-11.19,1.89,-1.33
22.2394,176,0.15766,0.24476,0.48559,0.50562,-0.82731,0.17419,-0.17192,1,0.30445,-0.10962,0.34618,-0.04059,0.44574,0.88459,-0.13103,0.29318,-0.10766,0.34480,-0.04823,0.44454,0.88432,-0.13428,-11.27,1.96,-1.38
22.2555,177,0.17140,0.28048,0.47625,-0.45348,0.85633,-0.18244,0.16667,1,0.30288,-0.10939,0.34596,-0.04172,0.44566,0.88452,-0.13143,0.29157,-0.10743,0.34444,-0.04959,0.44424,0.88431,-0.13485,-11.31,1.96,-1.52
22.2724,178,0.17860,0.29914,0.46955,-0.42605,0.86985,-0.18816,0.16261,1,0.30114,-0.10908,0.34579,-0.04293,0.44548,0.88448,-0.13192,0.28998,-0.10719,0.34402,-0.05091,0.44396,0.88428,-0.13551,-11.16,1.89,-1.77
22.2891,179,0.18640,0.31789,0.46147,-0.39816,0.88254,-0.19232,0.16003,1,0.29933,-0.10872,0.34562,-0.04420,0.44528,0.88443,-0.13249,0.28838,-0.10697,0.34359,-0.05225,0.44364,0.88427,-0.13608,-10.95,1.75,-2.03
22.3058,180,0.19491,0.33670,0.45179,-0.36716,0.89530,-0.19694,0.15765,1,0.29758,-0.10837,0.34542,-0.04549,0.44507,0.88439,-0.13305,0.28678,-0.10678,0.34316,-0.05359,0.44329,0.88428,-0.13666,-10.80,1.59,-2.25
22.3226,181,0.21263,0.37540,0.42704,-0.30339,0.91714,-0.20928,0.15168,1,0.29574,-0.10803,0.34511,-0.04688,0.44481,0.88435,-0.13366,0.28518,-0.10657,0.34277,-0.05490,0.44292,0.88428,-0.13731,-10.56,1.46,-2.34
22.3395,182,0.22144,0.39422,0.41144,-0.26424,0.92801,-0.21695,0.14802,1,0.29395,-0.10775,0.34475,-0.04821,0.44453,0.88433,-0.13426,0.28358,-0.10633,0.34234,-0.05619,0.44254,0.88429,-0.13797,-10.37,1.41,-2.40
22.3562,183,0.23036,0.41184,0.39402,-0.22358,0.93742,-0.22472,0.14407,1,0.29220,-0.10750,0.34439,-0.04948,0.44423,0.88432,-0.13489,0.28199,-0.10611,0.34192,-0.05747,0.44215,0.88429,-0.13865,-10.21,1.39,-2.47
22.3733,184,0.23954,0.42806,0.37428,-0.18575,0.94426,-0.23296,0.14001,1,0.29045,-0.10725,0.34403,-0.05076,0.44390,0.88432,-0.13550,0.28038,-0.10590,0.34151,-0.05872,0.44176,0.88429,-0.13937,-10.07,1.35,-2.52
22.3896,185,0.24869,0.44291,0.35291,-0.15036,0.94985,-0.23838,0.13545,1,0.28881,-0.10700,0.34367,-0.05202,0.44357,0.88432,-0.13609,0.27878,-0.10570,0.34109,-0.06002,0.44140,0.88428,-0.14003,-10.03,1.30,-2.58
22.4063,186,0.26678,0.47101,0.30393,-0.08545,0.95748,-0.24364,0.12876,1,0.28709,-0.10676,0.34327,-0.05338,0.44323,0.88431,-0.13671,0.27718,-0.10549,0.34070,-0.06135,0.44101,0.88429,-0.14060,-9.91,1.27,-2.57
22.4231,187,0.27527,0.48434,0.27503,-0.05504,0.95951,-0.24490,0.12779,1,0.28539,-0.10656,0.34284,-0.05473,0.44286,0.88432,-0.13735,0.27559,-0.10522,0.34026,-0.06267,0.44052,0.88436,-0.14113,-9.80,1.34,-2.59
22.4398,188,0.28345,0.49586,0.24523,-0.02216,0.96020,-0.24760,0.12737,1,0.28383,-0.10639,0.34244,-0.05598,0.44251,0.88432,-0.13794,0.27401,-0.10496,0.33981,-0.06394,0.44000,0.88444,-0.14172,-9.83,1.42,-2.62
22.4566,189,0.29108,0.50452,0.21244,0.01090,0.95956,-0.25025,0.12844,1,0.28220,-0.10620,0.34201,-0.05733,0.44212,0.88433,-0.13857,0.27240,-0.10471,0.33944,-0.06518,0.43942,0.88454,-0.14232,-9.80,1.49,-2.57
22.4734,190,0.29839,0.51127,0.17863,0.04269,0.95714,-0.25560,0.12932,1,0.28058,-0.10598,0.34157,-0.05869,0.44170,0.88435,-0.13922,0.27080,-0.10444,0.33907,-0.06636,0.43885,0.88462,-0.14305,-9.78,1.54,-2.51
22.4902,191,0.31064,0.51836,0.10612,0.09798,0.94897,-0.26983,0.13054,1,0.27897,-0.10574,0.34116,-0.06000,0.44129,0.88436,-0.13987,0.26919,-0.10416,0.33876,-0.06746,0.43829,0.88467,-0.14390,-9.79,1.58,-2.39
22.5069,192,0.31527,0.51942,0.06694,0.12244,0.94502,-0.27269,0.13262,1,0.27746,-0.10549,0.34079,-0.06122,0.44087,0.88440,-0.14048,0.26759,-0.10380,0.33843,-0.06861,0.43763,0.88480,-0.14459,-9.86,1.69,-2.36
22.5237,193,0.31858,0.51793,0.02483,0.14994,0.94098,-0.26998,0.13848,1,0.27583,-0.10521,0.34039,-0.06254,0.44038,0.88444,-0.14115,0.26600,-0.10340,0.33814,-0.06974,0.43678,0.88506,-0.14500,-9.83,1.81,-2.25
22.5404,194,0.32040,0.51302,-0.01882,0.18551,0.93449,-0.26583,0.14711,1,0.27420,-0.10494,0.33998,-0.06384,0.43987,0.88449,-0.14182,0.26440,-0.10298,0.33791,-0.07085,0.43590,0.88534,-0.14540,-9.80,1.95,-2.07
22.5571,195,0.32107,0.50293,-0.06371,0.23236,0.92526,-0.25688,0.15464,1,0.27259,-0.10466,0.33958,-0.06508,0.43933,0.88456,-0.14249,0.26280,-0.10256,0.33775,-0.07204,0.43507,0.88560,-0.14570,-9.79,2.10,-1.83
22.5739,196,0.31046,0.47031,-0.15646,0.32954,0.90180,-0.23466,0.15200,1,0.27109,-0.10439,0.33923,-0.06620,0.43877,0.88466,-0.14311,0.26123,-0.10200,0.33772,-0.07337,0.43444,0.88577,-0.14594,-9.86,2.39,-1.51
22.5907,197,0.30228,0.44777,-0.20298,0.37769,0.88909,-0.22144,0.13356,1,0.26948,-0.10406,0.33890,-0.06739,0.43811,0.88480,-0.14372,0.25969,-0.10137,0.33756,-0.07485,0.43417,0.88577,-0.14599,-9.79,2.69,-1.34
22.6076,198,0.29796,0.42480,-0.24692,0.42718,0.87409,-0.20518,0.10671,1,0.26787,-0.10368,0.33861,-0.06859,0.43738,0.88497,-0.14427,0.25814,-0.10088,0.33721,-0.07634,0.43403,0.88572,-0.14594,-9.73,2.80,-1.40
22.6245,199,0.29206,0.39697,-0.28907,0.47871,0.85415,-0.18742,0.07836,1,0.26626,-0.10324,0.33834,-0.06980,0.43669,0.88514,-0.14475,0.25658,-0.10045,0.33683,-0.07783,0.43387,0.88567,-0.14592,-9.68,2.79,-1.51
22.6412,200,0.28502,0.36482,-0.32862,0.53019,0.82873,-0.16852,0.06085,1,0.26466,-0.10277,0.33809,-0.07104,0.43606,0.88529,-0.14513,0.25501,-0.10010,0.33640,-0.07928,0.43351,0.88570,-0.14602,-9.66,2.67,-1.69
22.6579,201,0.27255,0.29157,-0.39912,0.61238,0.77642,-0.13947,0.05210,1,0.26316,-0.10232,0.33784,-0.07229,0.43556,0.88539,-0.14541,0.25342,-0.09984,0.33594,-0.08063,0.43294,0.88580,-0.14634,-9.73,2.48,-1.91
22.6745,202,0.26689,0.25013,-0.43090,0.64673,0.74832,-0.13692,0.05487,1,0.26157,-0.10186,0.33757,-0.07367,0.43510,0.88547,-0.14563,0.25189,-0.09962,0.33532,-0.08185,0.43244,0.88582,-0.14705,-9.68,2.24,-2.25
22.6913,203,0.26033,0.20751,-0.45890,0.68176,0.71640,-0.13710,0.05646,1,0.25998,-0.10141,0.33728,-0.07505,0.43467,0.88553,-0.14582,0.25037,-0.09936,0.33469,-0.08307,0.43201,0.88578,-0.14781,-9.61,2.05,-2.59
22.7081,204,0.25483,0.16489,-0.48294,0.71503,0.68450,-0.13112,0.05479,1,0.25846,-0.10102,0.33699,-0.07634,0.43427,0.88559,-0.14600,0.24887,-0.09914,0.33400,-0.08437,0.43153,0.88580,-0.14839,-9.60,1.88,-2.98
22.7247,205,0.25032,0.12145,-0.50274,0.74537,0.65331,-0.12342,0.04876,1,0.25686,-0.10062,0.33664,-0.07770,0.43383,0.88565,-0.14624,0.24737,-0.09896,0.33329,-0.08573,0.43108,0.88582,-0.14882,-9.49,1.66,-3.35
22.7415,206,0.24164,0.03424,-0.52922,0.79618,0.59274,-0.11900,0.02468,1,0.25525,-0.10025,0.33620,-0.07909,0.43336,0.88570,-0.14658,0.24584,-0.09883,0.33264,-0.08717,0.43088,0.88571,-0.14920,-9.41,1.42,-3.56
22.7582,207,0.23653,-0.01026,-0.53761,0.81855,0.56059,-0.12499,0.00973,1,0.25367,-0.09993,0.33569,-0.08046,0.43292,0.88572,-0.14699,0.24435,-0.09875,0.33191,-0.08858,0.43097,0.88545,-0.14963,-9.32,1.19,-3.78
22.7751,208,0.23044,-0.05350,-0.54309,0.83908,0.52830,-0.12980,-0.00090,1,0.25212,-0.09967,0.33511,-0.08180,0.43249,0.88573,-0.14743,0.24287,-0.09868,0.33114,-0.08996,0.43098,0.88522,-0.15017,-9.25,0.99,-3.97
22.7920,209,0.22367,-0.09470,-0.54569,0.85726,0.49810,-0.13039,-0.00288,1,0.25068,-0.09945,0.33453,-0.08307,0.43212,0.88573,-0.14786,0.24140,-0.09863,0.33036,-0.09123,0.43073,0.88508,-0.15092,-9.28,0.82,-4.16
22.8086,210,0.21661,-0.13406,-0.54827,0.87350,0.47027,-0.12572,-0.00586,1,0.24915,-0.09924,0.33387,-0.08447,0.43178,0.88568,-0.14833,0.23998,-0.09854,0.32948,-0.09253,0.43032,0.88504,-0.15152,-9.16,0.70,-4.39
22.8255,211,0.20354,-0.20823,-0.54099,0.89742,0.42266,-0.12643,-0.00303,1,0.24762,-0.09906,0.33320,-0.08585,0.43152,0.88559,-0.14884,0.23849,-0.09851,0.32874,-0.09372,0.43003,0.88491,-0.15239,-9.13,0.56,-4.46
22.8422,212,0.19637,-0.24254,-0.53505,0.90811,0.39628,-0.13516,-0.00542,1,0.24611,-0.09891,0.33251,-0.08720,0.43129,0.88548,-0.14937,0.23703,-0.09842,0.32795,-0.09493,0.43017,0.88457,-0.15319,-9.08,0.49,-4.56
22.8590,213,0.18816,-0.27704,-0.52704,0.91766,0.36925,-0.14656,-0.00892,1,0.24469,-0.09879,0.33185,-0.08847,0.43107,0.88537,-0.14990,0.23556,-0.09833,0.32716,-0.09614,0.43044,0.88418,-0.15395,-9.13,0.45,-4.68
22.8755,214,0.17914,-0.30919,-0.51712,0.92681,0.33941,-0.15964,-0.01834,1,0.24317,-0.09868,0.33111,-0.08982,0.43084,0.88524,-0.15050,0.23408,-0.09824,0.32641,-0.09743,0.43077,0.88378,-0.15451,-9.09,0.45,-4.70
22.8922,215,0.16989,-0.33830,-0.50684,0.93634,0.30586,-0.16913,-0.03344,1,0.24165,-0.09860,0.33035,-0.09114,0.43067,0.88508,-0.15114,0.23261,-0.09815,0.32562,-0.09883,0.43097,0.88346,-0.15488,-9.04,0.45,-4.72
22.9092,216,0.15248,-0.38976,-0.48183,0.94852,0.25538,-0.18040,-0.05046,1,0.24015,-0.09853,0.32958,-0.09244,0.43056,0.88489,-0.15180,0.23111,-0.09814,0.32489,-0.10020,0.43111,0.88316,-0.15538,-9.03,0.39,-4.69
22.9257,217,0.14444,-0.41208,-0.46911,0.95346,0.23491,-0.18272,-0.04830,1,0.23873,-0.09846,0.32883,-0.09366,0.43057,0.88465,-0.15242,0.22965,-0.09818,0.32409,-0.10128,0.43104,0.88289,-0.15639,-9.08,0.28,-4.75
22.9425,218,0.13648,-0.43252,-0.45633,0.95768,0.21728,-0.18408,-0.04180,1,0.23723,-0.09839,0.32804,-0.09497,0.43062,0.88438,-0.15306,0.22819,-0.09821,0.32329,-0.10208,0.43091,0.88264,-0.15762,-9.04,0.18,-4.75
22.9593,219,0.12717,-0.45334,-0.44235,0.95906,0.20475,-0.19025,-0.04563,1,0.23573,-0.09833,0.32725,-0.09628,0.43069,0.88409,-0.15369,0.22673,-0.09817,0.32249,-0.10321,0.43117,0.88225,-0.15834,-9.00,0.16,-4.76
22.9759,220,0.12218,-0.46809,-0.43170,0.96302,0.18600,-0.19187,-0.03449,1,0.23432,-0.09828,0.32652,-0.09747,0.43077,0.88381,-0.15434,0.22527,-0.09830,0.32169,-0.10389,0.43114,0.88196,-0.15956,-9.05,-0.03,-4.83
22.9928,221,0.11614,-0.49625,-0.40698,0.96770,0.14945,-0.19840,-0.04321,1,0.23282,-0.09825,0.32574,-0.09871,0.43084,0.88351,-0.15508,0.22382,-0.09862,0.32094,-0.10511,0.43118,0.88167,-0.16027,-9.01,-0.36,-4.79
23.0098,222,0.11358,-0.50624,-0.39925,0.96955,0.13619,-0.19876,-0.04372,1,0.23132,-0.09825,0.32495,-0.09988,0.43091,0.88320,-0.15587,0.22246,-0.09887,0.32001,-0.10632,0.43103,0.88145,-0.16113,-8.86,-0.62,-4.94
23.0268,223,0.11518,-0.51466,-0.39158,0.97013,0.12802,-0.20177,-0.04176,1,0.22983,-0.09828,0.32416,-0.10098,0.43098,0.88289,-0.15671,0.22127,-0.09967,0.31916,-0.10721,0.43133,0.88099,-0.16220,-8.57,-1.38,-5.00
23.0433,224,0.11736,-0.52226,-0.38503,0.96848,0.12068,-0.21317,-0.04518,1,0.22835,-0.09835,0.32337,-0.10206,0.43101,0.88260,-0.15757,0.22018,-0.10056,0.31826,-0.10811,0.43208,0.88043,-0.16269,-8.17,-2.21,-5.10
23.0598,225,0.12026,-0.52864,-0.38005,0.96630,0.11252,-0.22657,-0.04773,1,0.22697,-0.09846,0.32261,-0.10307,0.43105,0.88232,-0.15841,0.21930,-0.10163,0.31734,-0.10892,0.43313,0.87977,-0.16292,-7.66,-3.17,-5.27
23.0766,226,0.12609,-0.54260,-0.37520,0.96331,0.09954,-0.24609,-0.03950,1,0.22554,-0.09867,0.32178,-0.10410,0.43115,0.88199,-0.15927,0.21885,-0.10260,0.31606,-0.10927,0.43414,0.87908,-0.16372,-6.69,-3.93,-5.72
23.0934,227,0.12944,-0.54772,-0.37403,0.96347,0.09366,-0.24868,-0.03349,1,0.22417,-0.09902,0.32094,-0.10510,0.43135,0.88163,-0.16010,0.21877,-0.10370,0.31481,-0.10943,0.43462,0.87859,-0.16498,-5.39,-4.69,-6.13
23.1105,228,0.13340,-0.55059,-0.37279,0.96395,0.09098,-0.24879,-0.02487,1,0.22284,-0.09952,0.32008,-0.10612,0.43164,0.88121,-0.16091,0.21890,-0.10515,0.31399,-0.10898,0.43474,0.87833,-0.16632,-3.94,-5.63,-6.09
23.1268,229,0.13801,-0.55205,-0.37277,0.96541,0.08918,-0.24440,-0.01754,1,0.22178,-0.10013,0.31922,-0.10691,0.43207,0.88078,-0.16158,0.21958,-0.10659,0.31350,-0.10837,0.43425,0.87842,-0.16753,-2.20,-6.46,-5.72
23.1437,230,0.14297,-0.55115,-0.37228,0.96743,0.08984,-0.23656,-0.00714,1,0.22085,-0.10094,0.31826,-0.10752,0.43267,0.88027,-0.16235,0.22027,-0.10808,0.31381,-0.10746,0.43351,0.87872,-0.16842,-0.58,-7.13,-4.45
23.1602,231,0.15327,-0.54750,-0.37489,0.97146,0.09572,-0.21596,0.02162,1,0.22015,-0.10192,0.31729,-0.10793,0.43317,0.87981,-0.16321,0.22140,-0.10922,0.31423,-0.10641,0.43285,0.87903,-0.16920,1.25,-7.30,-3.06
23.1770,232,0.15866,-0.54537,-0.37866,0.97256,0.09967,-0.20762,0.03297,1,0.21973,-0.10297,0.31642,-0.10809,0.43348,0.87948,-0.16412,0.22285,-0.11002,0.31446,-0.10527,0.43222,0.87935,-0.16987,3.11,-7.05,-1.96
23.1937,233,0.16428,-0.54208,-0.38430,0.97259,0.10656,-0.20237,0.04197,1,0.21958,-0.10417,0.31561,-0.10797,0.43359,0.87925,-0.16510,0.22439,-0.11058,0.31477,-0.10387,0.43188,0.87962,-0.17020,4.80,-6.40,-0.84
23.2104,234,0.17059,-0.53937,-0.39057,0.97195,0.11488,-0.19950,0.04818,1,0.21972,-0.10543,0.31500,-0.10764,0.43352,0.87914,-0.16607,0.22594,-0.11118,0.31489,-0.10239,0.43180,0.87984,-0.17017,6.22,-5.74,-0.11
23.2273,235,0.17749,-0.53544,-0.39928,0.97051,0.12432,-0.20077,0.04841,1,0.22018,-0.10668,0.31462,-0.10707,0.43330,0.87916,-0.16694,0.22754,-0.11160,0.31504,-0.10115,0.43211,0.87994,-0.16956,7.36,-4.92,0.42
23.2441,236,0.18932,-0.52298,-0.41763,0.96600,0.14177,-0.21098,0.04718,1,0.22095,-0.10784,0.31446,-0.10629,0.43302,0.87925,-0.16770,0.22913,-0.11187,0.31545,-0.10029,0.43298,0.87976,-0.16877,8.18,-4.03,0.99
23.2607,237,0.19381,-0.51509,-0.42627,0.96351,0.15067,-0.21641,0.04606,1,0.22192,-0.10879,0.31447,-0.10539,0.43276,0.87938,-0.16825,0.23068,-0.11196,0.31607,-0.09953,0.43393,0.87955,-0.16792,8.75,-3.17,1.60
23.2777,238,0.19777,-0.50667,-0.43458,0.96161,0.15928,-0.21906,0.04411,1,0.22312,-0.10963,0.31460,-0.10438,0.43258,0.87952,-0.16861,0.23219,-0.11199,0.31676,-0.09873,0.43461,0.87951,-0.16685,9.07,-2.36,2.16
23.2942,239,0.20115,-0.49744,-0.44329,0.95978,0.16903,-0.22017,0.04222,1,0.22446,-0.11027,0.31480,-0.10334,0.43258,0.87962,-0.16871,0.23369,-0.11191,0.31749,-0.09782,0.43507,0.87959,-0.16575,9.23,-1.64,2.68
23.3109,240,0.20642,-0.47615,-0.46167,0.95513,0.19192,-0.22165,0.04191,1,0.22579,-0.11073,0.31508,-0.10236,0.43276,0.87966,-0.16862,0.23515,-0.11172,0.31828,-0.09672,0.43547,0.87969,-0.16482,9.36,-0.99,3.20
23.3277,241,0.20827,-0.46454,-0.47104,0.95252,0.20456,-0.22161,0.04183,1,0.22727,-0.11108,0.31546,-0.10135,0.43309,0.87968,-0.16829,0.23659,-0.11145,0.31907,-0.09560,0.43579,0.87982,-0.16389,9.32,-0.36,3.61
23.3445,242,0.20974,-0.45241,-0.48034,0.94968,0.21749,-0.22150,0.04171,1,0.22878,-0.11130,0.31593,-0.10040,0.43351,0.87969,-0.16775,0.23802,-0.11113,0.31987,-0.09448,0.43611,0.87996,-0.16295,9.24,0.17,3.94
23.3616,243,0.21048,-0.43998,-0.48885,0.94682,0.22992,-0.22134,0.04085,1,0.23030,-0.11144,0.31649,-0.09945,0.43397,0.87970,-0.16708,0.23940,-0.11077,0.32072,-0.09341,0.43642,0.88010,-0.16195,9.11,0.67,4.23
23.3780,244,0.21112,-0.42749,-0.49707,0.94401,0.24322,-0.21985,0.03688,1,0.23172,-0.11148,0.31708,-0.09852,0.43440,0.87972,-0.16637,0.24079,-0.11040,0.32157,-0.09259,0.43663,0.88031,-0.16073,9.07,1.08,4.49
23.3947,245,0.21166,-0.39974,-0.51284,0.93633,0.27360,-0.21821,0.02866,1,0.23325,-0.11143,0.31776,-0.09749,0.43480,0.87980,-0.16552,0.24214,-0.11001,0.32247,-0.09174,0.43691,0.88048,-0.15954,8.88,1.41,4.71
23.4115,246,0.21153,-0.38560,-0.52023,0.93268,0.28752,-0.21621,0.02649,1,0.23473,-0.11130,0.31848,-0.09651,0.43520,0.87988,-0.16463,0.24349,-0.10957,0.32334,-0.09076,0.43707,0.88070,-0.15844,8.76,1.72,4.85
23.4282,247,0.21124,-0.37198,-0.52692,0.93002,0.29978,-0.21102,0.02592,1,0.23621,-0.11111,0.31926,-0.09550,0.43556,0.87998,-0.16372,0.24484,-0.10913,0.32420,-0.08973,0.43687,0.88108,-0.15744,8.63,1.99,4.95
23.4449,248,0.21035,-0.35912,-0.53292,0.92696,0.31268,-0.20533,0.02865,1,0.23758,-0.11087,0.32002,-0.09456,0.43588,0.88009,-0.16281,0.24617,-0.10863,0.32507,-0.08850,0.43661,0.88146,-0.15672,8.59,2.25,5.06
23.4618,249,0.20944,-0.34704,-0.53832,0.92394,0.32550,-0.19834,0.03243,1,0.23903,-0.11054,0.32084,-0.09358,0.43617,0.88025,-0.16174,0.24752,-0.10814,0.32593,-0.08726,0.43624,0.88188,-0.15608,8.49,2.41,5.09
23.4786,250,0.20799,-0.32689,-0.54690,0.91909,0.34657,-0.18184,0.04584,1,0.24045,-0.11018,0.32169,-0.09260,0.43635,0.88045,-0.16070,0.24888,-0.10768,0.32677,-0.08600,0.43566,0.88235,-0.15576,8.44,2.50,5.07
23.4952,251,0.20709,-0.31749,-0.55085,0.91729,0.35450,-0.17320,0.05395,1,0.24184,-0.10979,0.32255,-0.09160,0.43646,0.88068,-0.15970,0.25028,-0.10724,0.32756,-0.08479,0.43492,0.88285,-0.15569,8.45,2.55,5.01
23.5119,252,0.20618,-0.30942,-0.55447,0.91524,0.36226,-0.16522,0.06166,1,0.24314,-0.10941,0.32336,-0.09060,0.43645,0.88095,-0.15883,0.25172,-0.10681,0.32829,-0.08356,0.43421,0.88332,-0.15561,8.58,2.61,4.93
23.5288,253,0.20504,-0.30304,-0.55752,0.91326,0.36904,-0.15810,0.06913,1,0.24454,-0.10901,0.32423,-0.08947,0.43631,0.88128,-0.15801,0.25315,-0.10630,0.32898,-0.08232,0.43350,0.88379,-0.15560,8.61,2.71,4.75
23.5456,254,0.20418,-0.29768,-0.56007,0.91124,0.37477,-0.15251,0.07701,1,0.24591,-0.10859,0.32508,-0.08832,0.43602,0.88166,-0.15733,0.25461,-0.10585,0.32964,-0.08104,0.43286,0.88420,-0.15575,8.69,2.74,4.56
23.5623,255,0.20348,-0.29075,-0.56297,0.90838,0.38221,-0.14580,0.08660,1,0.24731,-0.10815,0.32594,-0.08712,0.43563,0.88207,-0.15678,0.25608,-0.10553,0.33034,-0.07973,0.43225,0.88459,-0.15587,8.78,2.62,4.41
23.5791,256,0.20397,-0.28882,-0.56373,0.90743,0.38472,-0.14518,0.08657,1,0.24871,-0.10766,0.32675,-0.08593,0.43514,0.88251,-0.15633,0.25764,-0.10576,0.33089,-0.07850,0.43207,0.88488,-0.15539,8.93,1.90,4.14
23.5958,257,0.20460,-0.28753,-0.56391,0.90608,0.38751,-0.14682,0.08549,1,0.25003,-0.10723,0.32748,-0.08478,0.43465,0.88291,-0.15609,0.25882,-0.10635,0.33148,-0.07753,0.43251,0.88486,-0.15475,8.79,0.87,4.00
23.6125,258,0.20534,-0.28686,-0.56393,0.90525,0.38895,-0.14894,0.08405,1,0.25147,-0.10682,0.32822,-0.08353,0.43411,0.88333,-0.15591,0.25947,-0.10707,0.33173,-0.07703,0.43345,0.88456,-0.15411,8.00,-0.25,3.51
23.6292,259,0.20622,-0.28648,-0.56409,0.90459,0.38999,-0.15066,0.08327,1,0.25293,-0.10652,0.32893,-0.08226,0.43362,0.88372,-0.15573,0.26003,-0.10786,0.33165,-0.07673,0.43474,0.88403,-0.15365,7.11,-1.34,2.72
23.6461,260,0.20816,-0.28891,-0.56393,0.90413,0.38901,-0.15402,0.08658,1,0.25438,-0.10638,0.32962,-0.08101,0.43329,0.88403,-0.15550,0.25980,-0.10875,0.33096,-0.07639,0.43574,0.88352,-0.15389,5.43,-2.37,1.34
23.6631,261,0.20910,-0.29140,-0.56290,0.90472,0.38718,-0.15356,0.08935,1,0.25572,-0.10642,0.33024,-0.07988,0.43322,0.88422,-0.15519,0.25859,-0.10945,0.33023,-0.07615,0.43614,0.88324,-0.15451,2.87,-3.03,-0.02
23.6796,262,0.21035,-0.29494,-0.56161,0.90554,0.38499,-0.15278,0.09191,1,0.25684,-0.10664,0.33071,-0.07897,0.43346,0.88424,-0.15488,0.25727,-0.11007,0.32943,-0.07611,0.43593,0.88318,-0.15545,0.43,-3.43,-1.28
23.6963,263,0.21141,-0.29956,-0.56009,0.90679,0.38130,-0.15275,0.09494,1,0.25780,-0.10708,0.33104,-0.07816,0.43397,0.88411,-0.15461,0.25588,-0.11050,0.32861,-0.07650,0.43538,0.88318,-0.15679,-1.92,-3.42,-2.43
23.7130,264,0.21252,-0.30506,-0.55853,0.90821,0.37704,-0.15281,0.09819,1,0.25842,-0.10764,0.33117,-0.07756,0.43455,0.88390,-0.15450,0.25452,-0.11087,0.32772,-0.07695,0.43485,0.88316,-0.15812,-3.90,-3.22,-3.44
23.7297,265,0.21503,-0.31775,-0.55398,0.91230,0.36502,-0.15406,0.10359,1,0.25871,-0.10833,0.33110,-0.07711,0.43509,0.88366,-0.15461,0.25311,-0.11125,0.32692,-0.07771,0.43445,0.88308,-0.15935,-5.60,-2.91,-4.18
23.7467,266,0.21625,-0.32501,-0.55086,0.91433,0.35809,-0.15630,0.10655,1,0.25860,-0.10905,0.33079,-0.07687,0.43543,0.88345,-0.15495,0.25166,-0.11160,0.32618,-0.07847,0.43430,0.88285,-0.16061,-6.94,-2.55,-4.61
23.7633,267,0.21722,-0.33337,-0.54657,0.91699,0.34948,-0.15903,0.10818,1,0.25811,-0.10970,0.33023,-0.07684,0.43555,0.88329,-0.15555,0.25015,-0.11191,0.32553,-0.07947,0.43420,0.88261,-0.16170,-7.96,-2.21,-4.70
23.7800,268,0.21826,-0.34246,-0.54199,0.92049,0.33908,-0.16180,0.10748,1,0.25732,-0.11024,0.32957,-0.07696,0.43548,0.88318,-0.15629,0.24866,-0.11221,0.32485,-0.08071,0.43411,0.88240,-0.16252,-8.65,-1.98,-4.72
23.7967,269,0.21882,-0.35178,-0.53677,0.92372,0.32817,-0.16528,0.10829,1,0.25622,-0.11070,0.32883,-0.07722,0.43531,0.88309,-0.15717,0.24714,-0.11247,0.32422,-0.08182,0.43404,0.88215,-0.16350,-9.08,-1.77,-4.61
23.8135,270,0.21903,-0.37034,-0.52399,0.92972,0.30789,-0.17104,0.10757,1,0.25492,-0.11106,0.32806,-0.07772,0.43505,0.88300,-0.15814,0.24557,-0.11271,0.32371,-0.08302,0.43397,0.88191,-0.16436,-9.35,-1.65,-4.35
23.8302,271,0.21838,-0.37983,-0.51640,0.93289,0.29730,-0.17334,0.10618,1,0.25359,-0.11134,0.32732,-0.07836,0.43483,0.88287,-0.15912,0.24398,-0.11291,0.32327,-0.08430,0.43383,0.88172,-0.16510,-9.61,-1.57,-4.05
23.8470,272,0.21776,-0.38964,-0.50908,0.93595,0.28660,-0.17516,0.10571,1,0.25212,-0.11162,0.32653,-0.07911,0.43465,0.88271,-0.16015,0.24241,-0.11309,0.32274,-0.08552,0.43363,0.88154,-0.16593,-9.71,-1.46,-3.79
23.8640,273,0.21709,-0.39937,-0.50184,0.93900,0.27562,-0.17578,0.10680,1,0.25059,-0.11190,0.32578,-0.08002,0.43446,0.88253,-0.16120,0.24085,-0.11326,0.32218,-0.08660,0.43325,0.88144,-0.16689,-9.74,-1.35,-3.60
23.8805,274,0.21613,-0.40930,-0.49371,0.94263,0.26327,-0.17545,0.10660,1,0.24900,-0.11216,0.32509,-0.08104,0.43429,0.88233,-0.16223,0.23927,-0.11342,0.32166,-0.08778,0.43280,0.88139,-0.16771,-9.73,-1.26,-3.43
23.8973,275,0.21372,-0.42814,-0.47851,0.94918,0.23867,-0.17554,0.10617,1,0.24739,-0.11241,0.32449,-0.08207,0.43412,0.88213,-0.16324,0.23771,-0.11353,0.32111,-0.08896,0.43238,0.88132,-0.16853,-9.68,-1.12,-3.38
23.9140,276,0.21234,-0.43695,-0.47154,0.95198,0.22706,-0.17565,0.10642,1,0.24587,-0.11258,0.32395,-0.08310,0.43391,0.88197,-0.16413,0.23617,-0.11359,0.32047,-0.09010,0.43197,0.88124,-0.16940,-9.70,-1.01,-3.48
23.9306,277,0.21039,-0.44559,-0.46366,0.95499,0.21486,-0.17507,0.10578,1,0.24424,-0.11270,0.32339,-0.08426,0.43364,0.88183,-0.16505,0.23459,-0.11361,0.31992,-0.09130,0.43150,0.88120,-0.17018,-9.65,-0.91,-3.47
23.9476,278,0.20878,-0.45436,-0.45607,0.95804,0.20277,-0.17334,0.10484,1,0.24261,-0.11285,0.32283,-0.08543,0.43337,0.88168,-0.16596,0.23305,-0.11365,0.31928,-0.09248,0.43092,0.88122,-0.17089,-9.56,-0.80,-3.54
23.9642,279,0.20686,-0.46275,-0.44822,0.96060,0.19162,-0.17121,0.10591,1,0.24110,-0.11300,0.32231,-0.08650,0.43306,0.88156,-0.16680,0.23150,-0.11366,0.31868,-0.09349,0.43027,0.88126,-0.17179,-9.60,-0.67,-3.63
23.9809,280,0.20391,-0.47879,-0.43427,0.96488,0.17157,-0.16734,0.10759,1,0.23952,-0.11314,0.32176,-0.08765,0.43268,0.88148,-0.16764,0.22999,-0.11368,0.31797,-0.09451,0.42962,0.88129,-0.17268,-9.53,-0.54,-3.79
23.9977,281,0.20209,-0.48614,-0.42768,0.96686,0.16192,-0.16492,0.10844,1,0.23791,-0.11328,0.32118,-0.08887,0.43227,0.88140,-0.16847,0.22849,-0.11362,0.31726,-0.09550,0.42891,0.88136,-0.17355,-9.42,-0.34,-3.93
24.0144,282,0.20019,-0.49299,-0.42171,0.96873,0.15277,-0.16228,0.10901,1,0.23632,-0.11340,0.32057,-0.09008,0.43179,0.88135,-0.16928,0.22700,-0.11349,0.31651,-0.09649,0.42816,0.88145,-0.17438,-9.32,-0.08,-4.06
24.0310,283,0.19787,-0.49945,-0.41564,0.97038,0.14488,-0.15949,0.10924,1,0.23487,-0.11351,0.31997,-0.09116,0.43130,0.88134,-0.17005,0.22550,-0.11329,0.31581,-0.09748,0.42734,0.88159,-0.17515,-9.36,0.22,-4.16
24.0478,284,0.19541,-0.50562,-0.40978,0.97198,0.13757,-0.15626,0.10910,1,0.23333,-0.11358,0.31932,-0.09229,0.43074,0.88133,-0.17089,0.22400,-0.11305,0.31512,-0.09845,0.42645,0.88178,-0.17584,-9.32,0.53,-4.20
24.0645,285,0.19008,-0.51695,-0.39873,0.97528,0.12182,-0.15041,0.10663,1,0.23179,-0.11360,0.31865,-0.09339,0.43012,0.88135,-0.17174,0.22251,-0.11273,0.31445,-0.09956,0.42562,0.88194,-0.17640,-9.28,0.87,-4.20
24.0813,286,0.18742,-0.52194,-0.39369,0.97639,0.11482,-0.14921,0.10593,1,0.23025,-0.11355,0.31796,-0.09446,0.42945,0.88140,-0.17260,0.22103,-0.11235,0.31378,-0.10074,0.42500,0.88197,-0.17707,-9.22,1.20,-4.18
24.0981,287,0.18427,-0.52661,-0.38894,0.97739,0.10799,-0.14866,0.10462,1,0.22881,-0.11346,0.31731,-0.09544,0.42877,0.88147,-0.17338,0.21957,-0.11184,0.31316,-0.10204,0.42449,0.88195,-0.17764,-9.24,1.62,-4.15
24.1152,288,0.18079,-0.53084,-0.38466,0.97827,0.10211,-0.14795,0.10333,1,0.22719,-0.11329,0.31657,-0.09655,0.42797,0.88157,-0.17420,0.21815,-0.11121,0.31257,-0.10332,0.42394,0.88196,-0.17817,-9.04,2.08,-4.00
24.1315,289,0.17800,-0.53443,-0.38257,0.97905,0.09748,-0.14669,0.10221,1,0.22574,-0.11309,0.31592,-0.09757,0.42728,0.88166,-0.17489,0.21697,-0.11035,0.31176,-0.10454,0.42322,0.88207,-0.17865,-8.77,2.74,-4.16
24.1484,290,0.17502,-0.54330,-0.38270,0.98023,0.08686,-0.15212,0.09199,1,0.22421,-0.11282,0.31523,-0.09868,0.42656,0.88175,-0.17558,0.21650,-0.10958,0.31036,-0.10592,0.42304,0.88198,-0.17869,-7.71,3.25,-4.87
24.1651,291,0.17332,-0.54475,-0.38309,0.98015,0.08244,-0.15940,0.08433,1,0.22270,-0.11247,0.31454,-0.09984,0.42586,0.88183,-0.17622,0.21620,-0.10816,0.30954,-0.10718,0.42347,0.88169,-0.17833,-6.50,4.32,-4.99
24.1818,292,0.17131,-0.54536,-0.38380,0.98000,0.07735,-0.16776,0.07397,1,0.22134,-0.11206,0.31384,-0.10098,0.42524,0.88189,-0.17676,0.21617,-0.10651,0.30932,-0.10841,0.42403,0.88139,-0.17776,-5.17,5.55,-4.52
24.1986,293,0.16925,-0.54536,-0.38535,0.97965,0.07370,-0.17519,0.06458,1,0.22002,-0.11150,0.31304,-0.10218,0.42469,0.88192,-0.17722,0.21668,-0.10492,0.30941,-0.10958,0.42463,0.88109,-0.17710,-3.35,6.58,-3.63
24.2153,294,0.16783,-0.54457,-0.38768,0.97928,0.07295,-0.17996,0.05754,1,0.21891,-0.11078,0.31221,-0.10338,0.42421,0.88195,-0.17752,0.21774,-0.10371,0.30983,-0.11057,0.42524,0.88085,-0.17618,-1.16,7.07,-2.38
24.2320,295,0.16797,-0.53831,-0.39584,0.97846,0.07902,-0.18464,0.04769,1,0.21803,-0.10993,0.31145,-0.10452,0.42402,0.88189,-0.17762,0.21914,-0.10334,0.31066,-0.11093,0.42581,0.88079,-0.17489,1.11,6.58,-0.78
24.2488,296,0.17002,-0.53205,-0.40202,0.97742,0.08339,-0.18879,0.04535,1,0.21735,-0.10882,0.31071,-0.10571,0.42407,0.88174,-0.17754,0.22052,-0.10335,0.31160,-0.11072,0.42677,0.88056,-0.17382,3.17,5.47,0.89
24.2656,297,0.17260,-0.52421,-0.40928,0.97577,0.08918,-0.19482,0.04427,1,0.21698,-0.10760,0.31011,-0.10683,0.42426,0.88157,-0.17726,0.22189,-0.10336,0.31255,-0.11022,0.42791,0.88023,-0.17306,4.91,4.23,2.44
24.2824,298,0.17526,-0.51565,-0.41731,0.97387,0.09758,-0.20044,0.04334,1,0.21697,-0.10634,0.30975,-0.10777,0.42457,0.88141,-0.17678,0.22326,-0.10333,0.31350,-0.10948,0.42888,0.88001,-0.17221,6.29,3.01,3.75
24.2992,0,0.17856,-0.50543,-0.42672,0.97156,0.10977,-0.20571,0.04128,1,0.21729,-0.10521,0.30970,-0.10844,0.42499,0.88124,-0.17618,0.22464,-0.10330,0.31443,-0.10867,0.42967,0.87992,-0.17123,7.35,1.91,4.73
24.3158,1,0.18885,-0.48056,-0.44773,0.96554,0.13969,-0.21730,0.03156,1,0.21796,-0.10415,0.30996,-0.10891,0.42561,0.88103,-0.17546,0.22603,-0.10338,0.31534,-0.10799,0.43038,0.87988,-0.17009,8.08,0.77,5.39
24.3326,2,0.19496,-0.46582,-0.45759,0.96185,0.15163,-0.22610,0.02700,1,0.21890,-0.10335,0.31051,-0.10913,0.42631,0.88081,-0.17471,0.22739,-0.10350,0.31631,-0.10750,0.43134,0.87966,-0.16908,8.48,-0.15,5.80
24.3494,3,0.20201,-0.44782,-0.46891,0.95782,0.16272,-0.23588,0.02152,1,0.22005,-0.10286,0.31128,-0.10913,0.42705,0.88061,-0.17392,0.22873,-0.10357,0.31728,-0.10713,0.43236,0.87939,-0.16808,8.68,-0.71,6.00
24.3663,4,0.20941,-0.42729,-0.48071,0.95318,0.17655,-0.24487,0.01759,1,0.22136,-0.10262,0.31221,-0.10893,0.42784,0.88043,-0.17300,0.23006,-0.10360,0.31829,-0.10652,0.43330,0.87920,-0.16710,8.70,-0.98,6.09
24.3829,5,0.21681,-0.40543,-0.49229,0.94806,0.19638,-0.24982,0.01455,1,0.22263,-0.10263,0.31318,-0.10865,0.42861,0.88025,-0.17216,0.23138,-0.10359,0.31931,-0.10563,0.43389,0.87921,-0.16605,8.75,-0.96,6.13
24.3996,6,0.23098,-0.35808,-0.51365,0.93646,0.24461,-0.25129,0.00834,1,0.22400,-0.10276,0.31423,-0.10828,0.42949,0.88006,-0.17118,0.23267,-0.10356,0.32037,-0.10466,0.43423,0.87936,-0.16496,8.67,-0.80,6.14
24.4163,7,0.23801,-0.33320,-0.52317,0.93068,0.26594,-0.25105,0.00878,1,0.22540,-0.10292,0.31526,-0.10784,0.43038,0.87989,-0.17013,0.23400,-0.10349,0.32137,-0.10354,0.43451,0.87953,-0.16402,8.60,-0.57,6.11
24.4337,8,0.24493,-0.30397,-0.53238,0.92548,0.28643,-0.24758,0.01196,1,0.22681,-0.10310,0.31629,-0.10730,0.43123,0.87974,-0.16906,0.23530,-0.10340,0.32241,-0.10231,0.43458,0.87979,-0.16321,8.49,-0.30,6.12
24.4500,9,0.25252,-0.27145,-0.53973,0.92134,0.30531,-0.24024,0.01415,1,0.22813,-0.10325,0.31725,-0.10671,0.43196,0.87965,-0.16806,0.23657,-0.10337,0.32348,-0.10116,0.43438,0.88018,-0.16236,8.44,-0.11,6.24
24.4669,10,0.26708,-0.19408,-0.55192,0.90199,0.36189,-0.23487,0.01712,1,0.22954,-0.10338,0.31827,-0.10595,0.43263,0.87961,-0.16702,0.23780,-0.10333,0.32461,-0.09999,0.43457,0.88039,-0.16145,8.26,0.06,6.33
24.4834,11,0.27258,-0.15153,-0.55483,0.88565,0.39936,-0.23645,0.01522,1,0.23095,-0.10345,0.31930,-0.10511,0.43315,0.87965,-0.16601,0.23905,-0.10324,0.32571,-0.09892,0.43498,0.88048,-0.16049,8.10,0.21,6.40
24.5001,12,0.27734,-0.10628,-0.55457,0.86877,0.43687,-0.23287,0.01199,1,0.23235,-0.10346,0.32033,-0.10418,0.43354,0.87974,-0.16506,0.24030,-0.10313,0.32680,-0.09789,0.43525,0.88065,-0.15945,7.95,0.33,6.47
24.5169,13,0.28170,-0.05972,-0.55112,0.85079,0.47500,-0.22460,0.00894,1,0.23364,-0.10344,0.32132,-0.10322,0.43387,0.87985,-0.16421,0.24157,-0.10302,0.32788,-0.09687,0.43539,0.88089,-0.15838,7.93,0.42,6.56
24.5337,14,0.28526,-0.01167,-0.54354,0.83193,0.51170,-0.21440,0.00912,1,0.23496,-0.10340,0.32239,-0.10217,0.43415,0.88000,-0.16333,0.24283,-0.10290,0.32897,-0.09579,0.43544,0.88116,-0.15738,7.87,0.50,6.57
24.5506,15,0.29006,0.08728,-0.51624,0.78583,0.58647,-0.19583,0.01358,1,0.23630,-0.10332,0.32348,-0.10109,0.43443,0.88016,-0.16240,0.24406,-0.10281,0.33009,-0.09465,0.43553,0.88141,-0.15644,7.76,0.52,6.60
24.5674,16,0.29169,0.13642,-0.49778,0.75857,0.62334,-0.18900,0.01743,1,0.23761,-0.10322,0.32456,-0.10002,0.43470,0.88033,-0.16142,0.24538,-0.10272,0.33110,-0.09344,0.43568,0.88161,-0.15558,7.77,0.50,6.54
24.5838,17,0.29269,0.18532,-0.47147,0.72645,0.66144,-0.18485,0.02448,1,0.23883,-0.10312,0.32558,-0.09901,0.43489,0.88051,-0.16051,0.24667,-0.10268,0.33216,-0.09217,0.43588,0.88178,-0.15483,7.84,0.44,6.57
24.6006,18,0.29355,0.23237,-0.44179,0.69152,0.69810,-0.18291,0.03162,1,0.24012,-0.10301,0.32668,-0.09790,0.43505,0.88074,-0.15954,0.24799,-0.10268,0.33317,-0.09088,0.43614,0.88191,-0.15412,7.87,0.33,6.49
24.6174,19,0.29364,0.27685,-0.40840,0.65531,0.73193,-0.18239,0.03985,1,0.24139,-0.10290,0.32780,-0.09672,0.43523,0.88095,-0.15858,0.24934,-0.10270,0.33415,-0.08956,0.43641,0.88203,-0.15347,7.94,0.20,6.35
24.6342,20,0.29230,0.35721,-0.33479,0.57792,0.79464,-0.17798,0.05371,1,0.24266,-0.10281,0.32892,-0.09556,0.43540,0.88116,-0.15764,0.25068,-0.10275,0.33513,-0.08827,0.43669,0.88214,-0.15278,8.02,0.06,6.22
24.6510,21,0.29058,0.39065,-0.29311,0.53487,0.82433,-0.17536,0.06045,1,0.24386,-0.10274,0.32994,-0.09445,0.43555,0.88136,-0.15678,0.25208,-0.10285,0.33604,-0.08697,0.43697,0.88225,-0.15209,8.21,-0.11,6.10
24.6678,22,0.28837,0.41852,-0.24960,0.49136,0.85035,-0.17500,0.06958,1,0.24513,-0.10271,0.33100,-0.09326,0.43576,0.88153,-0.15594,0.25347,-0.10298,0.33694,-0.08562,0.43724,0.88235,-0.15150,8.34,-0.27,5.94
24.6842,23,0.28580,0.44290,-0.20655,0.44859,0.87226,-0.17683,0.08162,1,0.24645,-0.10269,0.33206,-0.09199,0.43597,0.88171,-0.15511,0.25491,-0.10313,0.33778,-0.08422,0.43748,0.88245,-0.15103,8.45,-0.44,5.71
24.7012,24,0.28311,0.46462,-0.16286,0.40548,0.89117,-0.17964,0.09555,1,0.24772,-0.10269,0.33302,-0.09080,0.43615,0.88188,-0.15435,0.25638,-0.10332,0.33854,-0.08279,0.43767,0.88255,-0.15063,8.66,-0.63,5.51
24.7177,25,0.27405,0.49417,-0.07254,0.30878,0.92241,-0.18642,0.13807,1,0.24906,-0.10270,0.33401,-0.08952,0.43639,0.88202,-0.15357,0.25780,-0.10355,0.33937,-0.08133,0.43774,0.88270,-0.15034,8.74,-0.86,5.36
24.7344,26,0.26845,0.50239,-0.02650,0.25736,0.93398,-0.19107,0.15791,1,0.25043,-0.10277,0.33498,-0.08819,0.43665,0.88214,-0.15291,0.25927,-0.10390,0.34009,-0.07986,0.43786,0.88282,-0.15008,8.83,-1.13,5.10
24.7511,27,0.26221,0.50653,0.01796,0.20679,0.94280,-0.19475,0.17445,1,0.25183,-0.10287,0.33591,-0.08682,0.43689,0.88227,-0.15230,0.26074,-0.10430,0.34076,-0.07840,0.43802,0.88292,-0.14980,8.91,-1.43,4.84
24.7678,28,0.25509,0.50728,0.06015,0.15600,0.94925,-0.19829,0.18781,1,0.25317,-0.10300,0.33676,-0.08549,0.43710,0.88238,-0.15178,0.26222,-0.10473,0.34138,-0.07695,0.43825,0.88299,-0.14951,9.06,-1.73,4.63
24.7846,29,0.24663,0.50458,0.10143,0.10381,0.95397,-0.20107,0.19684,1,0.25460,-0.10318,0.33761,-0.08408,0.43728,0.88251,-0.15130,0.26372,-0.10516,0.34198,-0.07552,0.43857,0.88300,-0.14919,9.11,-1.99,4.38
24.8013,30,0.22808,0.49145,0.17637,0.00568,0.95778,-0.20232,0.20419,1,0.25607,-0.10340,0.33842,-0.08262,0.43747,0.88263,-0.15087,0.26521,-0.10559,0.34259,-0.07413,0.43899,0.88298,-0.14881,9.14,-2.19,4.17
24.8180,31,0.21811,0.48167,0.21237,-0.03828,0.95759,-0.20025,0.20363,1,0.25745,-0.10365,0.33914,-0.08126,0.43763,0.88273,-0.15053,0.26676,-0.10601,0.34304,-0.07280,0.43951,0.88291,-0.14836,9.31,-2.35,3.90
24.8349,32,0.20720,0.46783,0.24655,-0.08002,0.95622,-0.19643,0.20163,1,0.25895,-0.10396,0.33987,-0.07980,0.43785,0.88282,-0.15018,0.26830,-0.10640,0.34353,-0.07149,0.44005,0.88282,-0.14786,9.35,-2.45,3.66
24.8518,33,0.19574,0.45150,0.27846,-0.12210,0.95360,-0.18974,0.19932,1,0.26046,-0.10430,0.34056,-0.07835,0.43810,0.88288,-0.14982,0.26985,-0.10677,0.34403,-0.07022,0.44060,0.88275,-0.14729,9.39,-2.47,3.47
24.8685,34,0.18439,0.43165,0.30889,-0.16669,0.94942,-0.18115,0.19494,1,0.26198,-0.10469,0.34122,-0.07693,0.43841,0.88292,-0.14945,0.27138,-0.10715,0.34456,-0.06899,0.44119,0.88265,-0.14668,9.41,-2.46,3.34
24.8855,35,0.16313,0.38333,0.36187,-0.25920,0.93300,-0.16647,0.18605,1,0.26350,-0.10509,0.34183,-0.07553,0.43878,0.88292,-0.14904,0.27288,-0.10755,0.34518,-0.06771,0.44175,0.88256,-0.14614,9.38,-2.46,3.35
24.9019,36,0.15332,0.35775,0.38214,-0.30032,0.92189,-0.16032,0.18499,1,0.26494,-0.10547,0.34238,-0.07423,0.43917,0.88291,-0.14861,0.27440,-0.10790,0.34576,-0.06639,0.44220,0.88253,-0.14559,9.46,-2.43,3.37
24.9186,37,0.14523,0.33011,0.39938,-0.34086,0.90874,-0.15319,0.18585,1,0.26646,-0.10588,0.34296,-0.07288,0.43963,0.88288,-0.14814,0.27590,-0.10831,0.34636,-0.06506,0.44259,0.88253,-0.14501,9.43,-2.44,3.40
24.9353,38,0.13871,0.30123,0.41379,-0.38318,0.89237,-0.14497,0.18931,1,0.26790,-0.10625,0.34349,-0.07163,0.44007,0.88284,-0.14766,0.27738,-0.10878,0.34697,-0.06373,0.44289,0.88257,-0.14439,9.47,-2.53,3.48
24.9520,39,0.13262,0.27163,0.42567,-0.42819,0.87211,-0.13823,0.19227,1,0.26945,-0.10664,0.34404,-0.07029,0.44054,0.88280,-0.14712,0.27886,-0.10926,0.34756,-0.06237,0.44319,0.88261,-0.14384,9.41,-2.62,3.52
24.9687,40,0.11857,0.21221,0.44108,0.51544,-0.82559,0.12687,-0.19137,1,0.27099,-0.10705,0.34460,-0.06897,0.44104,0.88275,-0.14658,0.28035,-0.10966,0.34820,-0.06099,0.44353,0.88262,-0.14336,9.36,-2.61,3.60
24.9857,41,0.11152,0.18313,0.44609,0.55925,-0.79778,0.11864,-0.19160,1,0.27254,-0.10746,0.34518,-0.06763,0.44149,0.88272,-0.14602,0.28191,-0.11001,0.34866,-0.05963,0.44386,0.88263,-0.14281,9.38,-2.55,3.48
25.0027,42,0.10516,0.15515,0.44794,0.60042,-0.76799,0.11351,-0.19181,1,0.27408,-0.10789,0.34577,-0.06632,0.44190,0.88270,-0.14547,0.28348,-0.11035,0.34911,-0.05823,0.44413,0.88266,-0.14234,9.40,-2.46,3.34
25.0193,43,0.09889,0.12925,0.44750,0.63441,-0.74046,0.11179,-0.19171,1,0.27562,-0.10831,0.34636,-0.06500,0.44229,0.88269,-0.14493,0.28507,-0.11065,0.34952,-0.05680,0.44435,0.88271,-0.14194,9.45,-2.34,3.17
25.0362,44,0.09268,0.10420,0.44514,0.66494,-0.71390,0.11077,-0.18956,1,0.27708,-0.10871,0.34692,-0.06373,0.44267,0.88268,-0.14441,0.28666,-0.11093,0.34992,-0.05537,0.44459,0.88274,-0.14160,9.59,-2.21,3.00
25.0530,45,0.08456,0.05671,0.43248,0.72399,-0.65969,0.08939,-0.18070,1,0.27864,-0.10912,0.34751,-0.06235,0.44303,0.88269,-0.14385,0.28820,-0.11128,0.35045,-0.05405,0.44507,0.88266,-0.14105,9.56,-2.16,2.94
25.0695,46,0.08221,0.03625,0.42491,0.75339,-0.62987,0.07091,-0.17502,1,0.28018,-0.10951,0.34808,-0.06099,0.44334,0.88272,-0.14332,0.28976,-0.11164,0.35090,-0.05286,0.44569,0.88253,-0.14039,9.58,-2.14,2.81
25.0864,47,0.08006,0.01896,0.41671,0.77796,-0.60323,0.05464,-0.16704,1,0.28172,-0.10987,0.34861,-0.05963,0.44367,0.88273,-0.14281,0.29135,-0.11192,0.35134,-0.05167,0.44636,0.88236,-0.13980,9.63,-2.05,2.72
25.1034,48,0.07793,0.00443,0.40799,0.79747,-0.58138,0.04379,-0.15534,1,0.28327,-0.11024,0.34909,-0.05826,0.44400,0.88274,-0.14229,0.29294,-0.11209,0.35180,-0.05042,0.44707,0.88212,-0.13945,9.67,-1.85,2.72
25.1197,49,0.07575,-0.00813,0.39802,0.81403,-0.56230,0.03581,-0.14103,1,0.28476,-0.11058,0.34953,-0.05694,0.44437,0.88272,-0.14179,0.29451,-0.11215,0.35237,-0.04916,0.44782,0.88184,-0.13930,9.74,-1.57,2.84
25.1365,50,0.07254,-0.02518,0.37901,0.84603,-0.51922,0.01758,-0.11974,1,0.28634,-0.11091,0.35001,-0.05558,0.44484,0.88265,-0.14128,0.29600,-0.11212,0.35311,-0.04789,0.44851,0.88161,-0.13895,9.66,-1.21,3.10
25.1533,51,0.07130,-0.02970,0.37067,0.86009,-0.49760,0.01270,-0.11168,1,0.28782,-0.11120,0.35047,-0.05433,0.44533,0.88256,-0.14080,0.29739,-0.11195,0.35401,-0.04653,0.44901,0.88149,-0.13860,9.57,-0.75,3.54
25.1701,52,0.06994,-0.03241,0.36330,0.87094,-0.47997,0.01237,-0.10460,1,0.28939,-0.11146,0.35099,-0.05301,0.44589,0.88243,-0.14032,0.29869,-0.11165,0.35501,-0.04508,0.44934,0.88142,-0.13841,9.30,-0.19,4.02
25.1867,53,0.06835,-0.03375,0.35672,0.87896,-0.46614,0.01746,-0.09913,1,0.29096,-0.11167,0.35155,-0.05171,0.44649,0.88227,-0.13989,0.29986,-0.11121,0.35611,-0.04358,0.44932,0.88150,-0.13845,8.90,0.45,4.56
25.2035,54,0.06649,-0.03339,0.35069,0.88479,-0.45552,0.02565,-0.09482,1,0.29250,-0.11179,0.35216,-0.05041,0.44710,0.88210,-0.13949,0.30074,-0.11061,0.35739,-0.04216,0.44897,0.88171,-0.13871,8.25,1.17,5.23
25.2201,55,0.06180,-0.02715,0.34157,0.89054,-0.44464,0.03233,-0.09049,1,0.29401,-0.11182,0.35285,-0.04908,0.44764,0.88196,-0.13915,0.30087,-0.10976,0.35882,-0.04070,0.44873,0.88187,-0.13890,6.87,2.06,5.97
25.2371,56,0.05806,-0.02163,0.33850,0.88896,-0.44769,0.03001,-0.09177,1,0.29545,-0.11175,0.35364,-0.04771,0.44810,0.88184,-0.13889,0.30042,-0.10867,0.36000,-0.03996,0.44864,0.88194,-0.13897,4.97,3.08,6.36
25.2538,57,0.05345,-0.01537,0.33588,0.88417,-0.45585,0.02357,-0.09943,1,0.29671,-0.11156,0.35449,-0.04641,0.44837,0.88179,-0.13875,0.29986,-0.10749,0.36104,-0.03994,0.44861,0.88198,-0.13882,3.15,4.07,6.55
25.2704,58,0.04923,-0.00854,0.33454,0.87621,-0.46758,0.01754,-0.11542,1,0.29788,-0.11122,0.35550,-0.04507,0.44854,0.88179,-0.13868,0.29902,-0.10636,0.36192,-0.04060,0.44848,0.88208,-0.13840,1.14,4.86,6.42
25.2873,59,0.04531,-0.00219,0.33332,0.86852,-0.47867,0.01784,-0.12736,1,0.29883,-0.11073,0.35657,-0.04379,0.44863,0.88181,-0.13865,0.29815,-0.10519,0.36273,-0.04189,0.44797,0.88233,-0.13806,-0.68,5.54,6.16
25.3040,60,0.03877,0.01251,0.33213,0.85435,-0.49923,0.02510,-0.14218,1,0.29938,-0.11015,0.35764,-0.04285,0.44864,0.88184,-0.13874,0.29706,-0.10416,0.36347,-0.04319,0.44728,0.88260,-0.13814,-2.32,5.98,5.83
25.3210,61,0.03548,0.02044,0.33226,0.84828,-0.50751,0.02745,-0.14867,1,0.29963,-0.10931,0.35874,-0.04220,0.44862,0.88189,-0.13869,0.29586,-0.10314,0.36401,-0.04452,0.44663,0.88287,-0.13814,-3.76,6.17,5.27
25.3380,62,0.03254,0.02760,0.33264,0.84290,-0.51410,0.03129,-0.15567,1,0.29952,-0.10835,0.35978,-0.04196,0.44858,0.88193,-0.13860,0.29464,-0.10212,0.36448,-0.04568,0.44577,0.88325,-0.13811,-4.89,6.23,4.69
25.3543,63,0.03020,0.03421,0.33321,0.83837,-0.51889,0.03904,-0.16238,1,0.29912,-0.10733,0.36075,-0.04208,0.44831,0.88207,-0.13853,0.29335,-0.10114,0.36490,-0.04646,0.44461,0.88376,-0.13829,-5.77,6.18,4.15
25.3712,64,0.02860,0.03967,0.33383,0.83490,-0.52156,0.04765,-0.16928,1,0.29853,-0.10633,0.36158,-0.04247,0.44794,0.88225,-0.13848,0.29201,-0.10022,0.36528,-0.04697,0.44334,0.88436,-0.13842,-6.52,6.10,3.70
25.3878,65,0.02690,0.04790,0.33621,0.82931,-0.52421,0.05936,-0.18419,1,0.29772,-0.10525,0.36237,-0.04312,0.44744,0.88248,-0.13844,0.29055,-0.09944,0.36543,-0.04746,0.44209,0.88499,-0.13820,-7.17,5.80,3.06
25.4046,66,0.02655,0.05105,0.33773,0.82741,-0.52566,0.06441,-0.18687,1,0.29675,-0.10419,0.36304,-0.04390,0.44682,0.88276,-0.13843,0.28901,-0.09881,0.36531,-0.04792,0.44082,0.88554,-0.13858,-7.73,5.39,2.27
25.4213,67,0.02619,0.05366,0.33921,0.82562,-0.52803,0.06853,-0.18666,1,0.29567,-0.10320,0.36362,-0.04468,0.44604,0.88311,-0.13844,0.28750,-0.09815,0.36508,-0.04851,0.43990,0.88581,-0.13955,-8.17,5.04,1.47
25.4380,68,0.02581,0.05531,0.34081,0.82364,-0.53068,0.07090,-0.18701,1,0.29457,-0.10231,0.36407,-0.04536,0.44519,0.88350,-0.13846,0.28609,-0.09755,0.36443,-0.04954,0.43914,0.88601,-0.14031,-8.49,4.76,0.36
25.4549,69,0.02545,0.05650,0.34240,0.82136,-0.53373,0.07203,-0.18791,1,0.29332,-0.10139,0.36446,-0.04604,0.44416,0.88397,-0.13854,0.28479,-0.09701,0.36354,-0.05088,0.43860,0.88614,-0.14069,-8.53,4.38,-0.92
25.4716,70,0.02587,0.05647,0.34530,0.81643,-0.53993,0.07685,-0.18976,1,0.29197,-0.10054,0.36471,-0.04673,0.44312,0.88443,-0.13874,0.28395,-0.09723,0.36219,-0.05200,0.43783,0.88637,-0.14127,-8.02,3.31,-2.52
25.4883,71,0.02642,0.05578,0.34651,0.81639,-0.54054,0.07818,-0.18765,1,0.29059,-0.09976,0.36476,-0.04748,0.44213,0.88484,-0.13903,0.28385,-0.09810,0.36098,-0.05261,0.43740,0.88639,-0.14222,-6.74,1.66,-3.78
25.5053,72,0.02706,0.05461,0.34757,0.81759,-0.54014,0.07611,-0.18440,1,0.28918,-0.09910,0.36455,-0.04836,0.44121,0.88519,-0.13939,0.28420,-0.09920,0.35977,-0.05285,0.43755,0.88618,-0.14296,-4.97,-0.10,-4.77
25.5218,73,0.02770,0.05313,0.34874,0.81979,-0.53867,0.07330,-0.18002,1,0.28791,-0.09861,0.36413,-0.04922,0.44040,0.88548,-0.13983,0.28470,-0.10023,0.35857,-0.05262,0.43820,0.88579,-0.14345,-3.22,-1.62,-5.56
25.5385,74,0.02862,0.05063,0.35099,0.82489,-0.53352,0.07590,-0.17073,1,0.28670,-0.09827,0.36350,-0.05005,0.43963,0.88573,-0.14041,0.28514,-0.10117,0.35726,-0.05171,0.43869,0.88549,-0.14417,-1.56,-2.89,-6.24
25.5552,75,0.02898,0.04968,0.35180,0.82697,-0.53118,0.07886,-0.16660,1,0.28566,-0.09816,0.36273,-0.05075,0.43906,0.88587,-0.14102,0.28550,-0.10189,0.35624,-0.05059,0.43873,0.88537,-0.14516,-0.16,-3.73,-6.49
25.5719,76,0.02910,0.04886,0.35248,0.82873,-0.52934,0.08034,-0.16294,1,0.28490,-0.09822,0.36187,-0.05132,0.43868,0.88594,-0.14156,0.28588,-0.10233,0.35535,-0.04947,0.43905,0.88513,-0.14608,0.97,-4.11,-6.52
25.5888,77,0.02931,0.04777,0.35314,0.83045,-0.52783,0.08059,-0.15888,1,0.28442,-0.09856,0.36082,-0.05162,0.43843,0.88594,-0.14219,0.28646,-0.10294,0.35436,-0.04850,0.43971,0.88471,-0.14691,2.03,-4.38,-6.45
25.6058,78,0.02922,0.04693,0.35353,0.83192,-0.52699,0.07995,-0.15427,1,0.28430,-0.09917,0.35971,-0.05147,0.43841,0.88585,-0.14288,0.28703,-0.10316,0.35367,-0.04780,0.44061,0.88417,-0.14772,2.73,-3.99,-6.04
25.6223,79,0.02858,0.04583,0.35409,0.83449,-0.52572,0.07662,-0.14624,1,0.28447,-0.09993,0.35862,-0.05100,0.43854,0.88569,-0.14363,0.28791,-0.10295,0.35261,-0.04725,0.44173,0.88355,-0.14829,3.44,-3.03,-6.01
25.6392,80,0.02772,0.04608,0.35414,0.83602,-0.52433,0.07532,-0.14311,1,0.28481,-0.10069,0.35754,-0.05040,0.43877,0.88549,-0.14436,0.28820,-0.10228,0.35222,-0.04638,0.44276,0.88301,-0.14868,3.39,-1.59,-5.32
25.6559,81,0.02663,0.04619,0.35407,0.83762,-0.52262,0.07438,-0.14048,1,0.28523,-0.10136,0.35655,-0.04978,0.43918,0.88521,-0.14508,0.28844,-0.10122,0.35215,-0.04533,0.44367,0.88256,-0.14899,3.21,0.14,-4.40
25.6726,82,0.02580,0.04631,0.35398,0.83879,-0.52162,0.07329,-0.13776,1,0.28579,-0.10188,0.35552,-0.04905,0.43976,0.88484,-0.14583,0.28860,-0.10039,0.35215,-0.04453,0.44472,0.88199,-0.14943,2.81,1.50,-3.37
25.6892,83,0.02474,0.04623,0.35384,0.83950,-0.52166,0.07071,-0.13457,1,0.28638,-0.10215,0.35457,-0.04827,0.44049,0.88440,-0.14653,0.28902,-0.09940,0.35207,-0.04437,0.44600,0.88130,-0.14975,2.64,2.75,-2.49
25.7059,84,0.02040,0.04911,0.35200,0.83508,-0.53254,0.05196,-0.12786,1,0.28692,-0.10212,0.35380,-0.04751,0.44127,0.88396,-0.14712,0.28890,-0.09792,0.35268,-0.04488,0.44714,0.88069,-0.14980,1.98,4.21,-1.12
25.7226,85,0.01746,0.05122,0.35069,0.83099,-0.54036,0.03828,-0.12647,1,0.28743,-0.10184,0.35311,-0.04682,0.44219,0.88344,-0.14769,0.28863,-0.09642,0.35336,-0.04592,0.44806,0.88023,-0.14947,1.19,5.43,0.24
25.7396,86,0.01761,0.05240,0.35005,0.82703,-0.54679,0.02435,-0.12827,1,0.28788,-0.10131,0.35263,-0.04617,0.44319,0.88288,-0.14825,0.28799,-0.09581,0.35430,-0.04696,0.44887,0.87986,-0.14885,0.11,5.50,1.66
25.7561,87,0.01727,0.05296,0.34956,0.82476,-0.55002,0.01673,-0.13026,1,0.28822,-0.10059,0.35248,-0.04562,0.44420,0.88232,-0.14870,0.28774,-0.09530,0.35489,-0.04800,0.44958,0.87957,-0.14810,-0.48,5.29,2.41
25.7729,88,0.01609,0.05316,0.34859,0.82521,-0.54893,0.01662,-0.13200,1,0.28846,-0.09965,0.35257,-0.04534,0.44519,0.88177,-0.14907,0.28813,-0.09402,0.35561,-0.04854,0.44985,0.87956,-0.14717,-0.33,5.64,3.04
25.7898,89,0.01418,0.05433,0.34647,0.83007,-0.54045,0.02159,-0.13575,1,0.28845,-0.09857,0.35281,-0.04561,0.44615,0.88125,-0.14919,0.28819,-0.09274,0.35667,-0.04845,0.44978,0.87972,-0.14643,-0.26,5.84,3.86
25.8065,90,0.01330,0.05521,0.34544,0.83269,-0.53581,0.02248,-0.13795,1,0.28835,-0.09749,0.35323,-0.04611,0.44706,0.88078,-0.14910,0.28799,-0.09156,0.35777,-0.04766,0.44951,0.88003,-0.14566,-0.36,5.94,4.54
25.8230,91,0.01265,0.05607,0.34424,0.83541,-0.53132,0.02303,-0.13878,1,0.28828,-0.09651,0.35378,-0.04660,0.44780,0.88043,-0.14878,0.28787,-0.09058,0.35904,-0.04632,0.44936,0.88028,-0.14505,-0.41,5.93,5.26
25.8398,92,0.01202,0.05643,0.34315,0.83791,-0.52725,0.02260,-0.13931,1,0.28824,-0.09549,0.35451,-0.04709,0.44839,0.88020,-0.14826,0.28813,-0.08977,0.36003,-0.04502,0.44946,0.88042,-0.14432,-0.11,5.72,5.52
25.8566,93,0.01166,0.05682,0.34221,0.83993,-0.52380,0.02182,-0.14029,1,0.28820,-0.09446,0.35536,-0.04739,0.44877,0.88009,-0.14765,0.28827,-0.08922,0.36095,-0.04386,0.44956,0.88057,-0.14339,0.07,5.25,5.59
25.8734,94,0.01124,0.05741,0.34134,0.84256,-0.51838,0.02185,-0.14458,1,0.28818,-0.09348,0.35630,-0.04738,0.44907,0.88005,-0.14700,0.28823,-0.08857,0.36187,-0.04298,0.44918,0.88099,-0.14232,0.06,4.91,5.58
25.8900,95,0.01129,0.05803,0.34109,0.84329,-0.51687,0.02319,-0.14549,1,0.28821,-0.09256,0.35718,-0.04707,0.44925,0.88008,-0.14634,0.28780,-0.08842,0.36236,-0.04198,0.44838,0.88152,-0.14185,-0.41,4.14,5.18
25.9067,96,0.01156,0.05861,0.34120,0.84389,-0.51598,0.02471,-0.14492,1,0.28828,-0.09165,0.35813,-0.04642,0.44931,0.88021,-0.14560,0.28719,-0.08854,0.36257,-0.04089,0.44770,0.88188,-0.14209,-1.09,3.11,4.45
25.9236,97,0.01202,0.05915,0.34139,0.84410,-0.51580,0.02542,-0.14422,1,0.28834,-0.09083,0.35913,-0.04553,0.44928,0.88039,-0.14483,0.28656,-0.08885,0.36274,-0.04016,0.44740,0.88195,-0.14278,-1.78,1.98,3.60
25.9404,98,0.01251,0.05959,0.34152,0.84321,-0.51745,0.02488,-0.14360,1,0.28830,-0.09010,0.36010,-0.04461,0.44909,0.88066,-0.14408,0.28602,-0.08922,0.36292,-0.04012,0.44736,0.88186,-0.14343,-2.28,0.89,2.81
25.9571,99,0.01337,0.06060,0.34224,0.84138,-0.52089,0.02186,-0.14239,1,0.28812,-0.08961,0.36089,-0.04377,0.44880,0.88095,-0.14352,0.28465,-0.08985,0.36289,-0.04066,0.44772,0.88159,-0.14386,-3.47,-0.24,2.00
25.9741,100,0.01369,0.06147,0.34261,0.83963,-0.52397,0.02095,-0.14158,1,0.28779,-0.08937,0.36156,-0.04290,0.44848,0.88121,-0.14316,0.28366,-0.08996,0.36300,-0.04193,0.44808,0.88126,-0.14440,-4.13,-0.58,1.44
25.9908,101,0.01420,0.06233,0.34302,0.83759,-0.52745,0.01976,-0.14090,1,0.28735,-0.08939,0.36203,-0.04210,0.44815,0.88143,-0.14308,0.28263,-0.09027,0.36310,-0.04328,0.44844,0.88094,-0.14485,-4.71,-0.88,1.07
26.0076,102,0.01475,0.06310,0.34362,0.83542,-0.53108,0.01793,-0.14037,1,0.28676,-0.08952,0.36235,-0.04147,0.44788,0.88156,-0.14327,0.28159,-0.09067,0.36299,-0.04463,0.44889,0.88059,-0.14513,-5.16,-1.15,0.64
26.0243,103,0.01532,0.06371,0.34431,0.83393,-0.53363,0.01804,-0.13959,1,0.28598,-0.08969,0.36257,-0.04117,0.44780,0.88157,-0.14362,0.28065,-0.09114,0.36275,-0.04585,0.44897,0.88035,-0.14597,-5.33,-1.45,0.19
26.0412,104,0.01648,0.06529,0.34548,0.83022,-0.53979,0.01939,-0.13777,1,0.28509,-0.08988,0.36271,-0.04130,0.44787,0.88146,-0.14401,0.27911,-0.09177,0.36262,-0.04702,0.44889,0.88018,-0.14690,-5.97,-1.89,-0.09
26.0578,105,0.01687,0.06625,0.34599,0.82829,-0.54293,0.01962,-0.13704,1,0.28419,-0.09005,0.36274,-0.04185,0.44799,0.88131,-0.14439,0.27797,-0.09197,0.36260,-0.04827,0.44889,0.87998,-0.14769,-6.22,-1.92,-0.14
26.0746,106,0.01709,0.06730,0.34651,0.82618,-0.54621,0.01931,-0.13676,1,0.28322,-0.09028,0.36272,-0.04270,0.44822,0.88107,-0.14487,0.27678,-0.09198,0.36257,-0.04966,0.44894,0.87978,-0.14823,-6.43,-1.69,-0.15
26.0912,107,0.01737,0.06765,0.34706,0.82393,-0.54964,0.01885,-0.13670,1,0.28225,-0.09057,0.36270,-0.04366,0.44844,0.88083,-0.14538,0.27620,-0.09222,0.36225,-0.05108,0.44898,0.87960,-0.14869,-6.05,-1.65,-0.45
26.1079,108,0.01753,0.06853,0.34737,0.82172,-0.55311,0.01841,-0.13602,1,0.28115,-0.09091,0.36265,-0.04487,0.44861,0.88059,-0.14591,0.27525,-0.09220,0.36232,-0.05241,0.44913,0.87934,-0.14930,-5.90,-1.29,-0.33
26.1245,109,0.01760,0.07003,0.34796,0.81805,-0.55898,0.01605,-0.13443,1,0.28002,-0.09128,0.36256,-0.04618,0.44874,0.88037,-0.14645,0.27366,-0.09197,0.36232,-0.05373,0.44956,0.87897,-0.14974,-6.37,-0.69,-0.24
26.1414,110,0.01748,0.07098,0.34819,0.81576,-0.56240,0.01481,-0.13421,1,0.27895,-0.09162,0.36246,-0.04749,0.44881,0.88017,-0.14702,0.27272,-0.09166,0.36241,-0.05515,0.44981,0.87870,-0.15006,-6.22,-0.03,-0.05
26.1583,111,0.01739,0.07196,0.34826,0.81341,-0.56578,0.01499,-0.13424,1,0.27791,-0.09185,0.36237,-0.04884,0.44892,0.87994,-0.14761,0.27182,-0.09135,0.36265,-0.05652,0.44966,0.87859,-0.15063,-6.09,0.50,0.27
26.1752,112,0.01731,0.07288,0.34820,0.81134,-0.56867,0.01539,-0.13454,1,0.27690,-0.09195,0.36233,-0.05015,0.44910,0.87968,-0.14816,0.27102,-0.09105,0.36298,-0.05789,0.44938,0.87855,-0.15118,-5.89,0.91,0.66
26.1916,113,0.01725,0.07332,0.34819,0.80985,-0.57055,0.01547,-0.13560,1,0.27581,-0.09200,0.36232,-0.05158,0.44927,0.87941,-0.14875,0.27062,-0.09088,0.36313,-0.05931,0.44892,0.87867,-0.15128,-5.19,1.11,0.80
26.2083,114,0.01704,0.07500,0.34780,0.80704,-0.57443,0.01383,-0.13612,1,0.27482,-0.09194,0.36234,-0.05294,0.44936,0.87920,-0.14925,0.26948,-0.09035,0.36381,-0.06078,0.44908,0.87847,-0.15139,-5.34,1.59,1.48
26.2251,115,0.01695,0.07576,0.34761,0.80596,-0.57599,0.01312,-0.13597,1,0.27384,-0.09178,0.36239,-0.05436,0.44939,0.87902,-0.14974,0.26886,-0.09006,0.36420,-0.06219,0.44941,0.87816,-0.15164,-4.98,1.73,1.81
26.2424,116,0.01696,0.07654,0.34747,0.80548,-0.57672,0.01343,-0.13570,1,0.27291,-0.09154,0.36254,-0.05584,0.44933,0.87887,-0.15025,0.26818,-0.08986,0.36456,-0.06303,0.44941,0.87800,-0.15222,-4.72,1.68,2.02
26.2585,117,0.01691,0.07718,0.34731,0.80585,-0.57608,0.01477,-0.13608,1,0.27208,-0.09125,0.36278,-0.05716,0.44929,0.87873,-0.15067,0.26765,-0.08964,0.36489,-0.06326,0.44904,0.87809,-0.15270,-4.42,1.61,2.11
26.2753,118,0.01678,0.07777,0.34716,0.80662,-0.57467,0.01693,-0.13719,1,0.27121,-0.09092,0.36314,-0.05853,0.44930,0.87857,-0.15105,0.26718,-0.08936,0.36518,-0.06293,0.44834,0.87843,-0.15294,-4.03,1.57,2.04
26.2920,119,0.01625,0.07913,0.34671,0.80945,-0.56941,0.02258,-0.14165,1,0.27041,-0.09060,0.36351,-0.05978,0.44928,0.87843,-0.15142,0.26618,-0.08847,0.36590,-0.06209,0.44741,0.87900,-0.15274,-4.23,2.13,2.39
26.3087,120,0.01594,0.07986,0.34640,0.81193,-0.56531,0.02566,-0.14329,1,0.26961,-0.09026,0.36391,-0.06091,0.44920,0.87832,-0.15185,0.26568,-0.08794,0.36636,-0.06087,0.44671,0.87948,-0.15250,-3.92,2.32,2.45
26.3255,121,0.01571,0.08046,0.34599,0.81476,-0.56102,0.02821,-0.14362,1,0.26889,-0.08995,0.36433,-0.06169,0.44899,0.87830,-0.15226,0.26533,-0.08751,0.36689,-0.05948,0.44628,0.87981,-0.15238,-3.56,2.43,2.56
26.3426,122,0.01562,0.08121,0.34558,0.81602,-0.55887,0.02977,-0.14453,1,0.26821,-0.08957,0.36479,-0.06210,0.44862,0.87841,-0.15257,0.26482,-0.08718,0.36749,-0.05828,0.44558,0.88030,-0.15211,-3.40,2.39,2.71
26.3590,123,0.01566,0.08129,0.34518,0.81683,-0.55746,0.03111,-0.14510,1,0.26763,-0.08917,0.36519,-0.06217,0.44814,0.87863,-0.15271,0.26489,-0.08716,0.36789,-0.05711,0.44478,0.88080,-0.15201,-2.74,2.02,2.70
26.3760,124,0.01559,0.08219,0.34399,0.81733,-0.55618,0.03461,-0.14645,1,0.26706,-0.08874,0.36562,-0.06183,0.44762,0.87891,-0.15277,0.26459,-0.08677,0.36915,-0.05645,0.44360,0.88139,-0.15226,-2.46,1.97,3.53
26.3925,125,0.01568,0.08288,0.34337,0.81735,-0.55584,0.03498,-0.14752,1,0.26660,-0.08836,0.36610,-0.06106,0.44709,0.87924,-0.15271,0.26419,-0.08659,0.36997,-0.05617,0.44265,0.88194,-0.15192,-2.41,1.77,3.86
26.4092,126,0.01566,0.08364,0.34269,0.81726,-0.55587,0.03539,-0.14779,1,0.26622,-0.08803,0.36664,-0.06012,0.44644,0.87965,-0.15260,0.26378,-0.08629,0.37084,-0.05619,0.44217,0.88218,-0.15196,-2.44,1.74,4.21
26.4259,127,0.01544,0.08436,0.34196,0.81716,-0.55588,0.03565,-0.14823,1,0.26584,-0.08773,0.36718,-0.05928,0.44573,0.88009,-0.15251,0.26345,-0.08581,0.37171,-0.05629,0.44173,0.88241,-0.15182,-2.39,1.92,4.53
26.4426,128,0.01525,0.08470,0.34153,0.81727,-0.55549,0.03567,-0.14911,1,0.26545,-0.08742,0.36782,-0.05847,0.44492,0.88057,-0.15241,0.26335,-0.08548,0.37218,-0.05615,0.44127,0.88278,-0.15108,-2.10,1.93,4.36
26.4594,129,0.01512,0.08526,0.34045,0.81780,-0.55447,0.03592,-0.14992,1,0.26503,-0.08707,0.36851,-0.05782,0.44411,0.88104,-0.15233,0.26329,-0.08508,0.37334,-0.05527,0.44073,0.88325,-0.15027,-1.74,1.99,4.83
26.4760,130,0.01520,0.08555,0.34002,0.81793,-0.55434,0.03627,-0.14960,1,0.26467,-0.08674,0.36926,-0.05726,0.44344,0.88143,-0.15220,0.26317,-0.08503,0.37386,-0.05486,0.44048,0.88346,-0.14989,-1.50,1.72,4.59
26.4929,131,0.01500,0.08589,0.33958,0.81786,-0.55433,0.03625,-0.15003,1,0.26432,-0.08633,0.37011,-0.05679,0.44274,0.88185,-0.15194,0.26308,-0.08469,0.37433,-0.05501,0.44026,0.88361,-0.14958,-1.24,1.64,4.21
26.5096,132,0.01482,0.08605,0.33926,0.81748,-0.55452,0.03567,-0.15156,1,0.26398,-0.08589,0.37095,-0.05638,0.44213,0.88225,-0.15160,0.26310,-0.08444,0.37463,-0.05559,0.43992,0.88390,-0.14867,-0.88,1.45,3.68
26.5264,133,0.01453,0.08636,0.33887,0.81692,-0.55502,0.03495,-0.15288,1,0.26373,-0.08552,0.37176,-0.05595,0.44163,0.88260,-0.15119,0.26304,-0.08403,0.37505,-0.05663,0.43969,0.88412,-0.14765,-0.69,1.48,3.29
26.5432,134,0.01366,0.08661,0.33882,0.81648,-0.55513,0.03437,-0.15494,1,0.26354,-0.08521,0.37246,-0.05564,0.44121,0.88290,-0.15074,0.26303,-0.08313,0.37498,-0.05730,0.43919,0.88452,-0.14647,-0.51,2.08,2.53
26.5600,135,0.01338,0.08675,0.33891,0.81628,-0.55536,0.03426,-0.15524,1,0.26340,-0.08490,0.37312,-0.05553,0.44081,0.88321,-0.15016,0.26293,-0.08283,0.37489,-0.05764,0.43894,0.88472,-0.14588,-0.47,2.07,1.77
26.5767,136,0.01304,0.08692,0.33906,0.81615,-0.55555,0.03388,-0.15530,1,0.26327,-0.08456,0.37368,-0.05569,0.44046,0.88348,-0.14949,0.26280,-0.08248,0.37474,-0.05795,0.43916,0.88462,-0.14568,-0.47,2.08,1.06
26.5934,137,0.01267,0.08709,0.33933,0.81563,-0.55623,0.03410,-0.15555,1,0.26316,-0.08415,0.37409,-0.05606,0.44011,0.88376,-0.14873,0.26263,-0.08210,0.37447,-0.05869,0.43891,0.88467,-0.14585,-0.53,2.05,0.38
26.6101,138,0.01228,0.08719,0.33976,0.81503,-0.55694,0.03360,-0.15624,1,0.26307,-0.08378,0.37433,-0.05650,0.43985,0.88399,-0.14797,0.26247,-0.08176,0.37402,-0.05981,0.43882,0.88471,-0.14540,-0.60,2.02,-0.31
26.6271,139,0.01160,0.08742,0.34084,0.81362,-0.55855,0.03159,-0.15827,1,0.26298,-0.08342,0.37445,-0.05701,0.43965,0.88418,-0.14725,0.26201,-0.08118,0.37296,-0.06106,0.43891,0.88472,-0.14457,-0.96,2.24,-1.49
26.6441,140,0.01115,0.08786,0.34130,0.81274,-0.55948,0.03134,-0.15954,1,0.26287,-0.08307,0.37445,-0.05758,0.43946,0.88433,-0.14669,0.26154,-0.08068,0.37258,-0.06235,0.43841,0.88496,-0.14403,-1.33,2.39,-1.87
26.6606,141,0.01051,0.08831,0.34176,0.81193,-0.56008,0.03115,-0.16161,1,0.26274,-0.08270,0.37431,-0.05827,0.43928,0.88445,-0.14622,0.26112,-0.07999,0.37216,-0.06330,0.43772,0.88537,-0.14320,-1.62,2.70,-2.15
26.6776,142,0.00979,0.08874,0.34250,0.81151,-0.56012,0.03154,-0.16346,1,0.26257,-0.08227,0.37405,-0.05905,0.43910,0.88457,-0.14576,0.26062,-0.07929,0.37145,-0.06379,0.43669,0.88597,-0.14243,-1.95,2.98,-2.60
26.6941,143,0.00898,0.08908,0.34293,0.81129,-0.56018,0.03153,-0.16437,1,0.26234,-0.08181,0.37371,-0.05989,0.43894,0.88467,-0.14529,0.26035,-0.07848,0.37098,-0.06419,0.43618,0.88629,-0.14183,-1.99,3.33,-2.73
26.7107,144,0.00751,0.08971,0.34348,0.81064,-0.56102,0.02989,-0.16501,1,0.26201,-0.08128,0.37327,-0.06084,0.43866,0.88483,-0.14476,0.25993,-0.07700,0.37034,-0.06497,0.43624,0.88632,-0.14111,-2.08,4.28,-2.93
26.7274,145,0.00663,0.09036,0.34367,0.80936,-0.56250,0.02789,-0.16661,1,0.26169,-0.08071,0.37279,-0.06171,0.43818,0.88511,-0.14415,0.25948,-0.07600,0.37017,-0.06620,0.43644,0.88626,-0.14029,-2.21,4.71,-2.62
26.7442,146,0.00584,0.09060,0.34403,0.80842,-0.56345,0.02576,-0.16828,1,0.26138,-0.08011,0.37230,-0.06245,0.43771,0.88539,-0.14352,0.25931,-0.07523,0.36972,-0.06725,0.43669,0.88622,-0.13925,-2.07,4.89,-2.58
26.7610,147,0.00462,0.09032,0.34600,0.80811,-0.56360,0.02467,-0.16941,1,0.26104,-0.07938,0.37178,-0.06323,0.43731,0.88564,-0.14284,0.25918,-0.07465,0.36829,-0.06801,0.43680,0.88631,-0.13796,-1.86,4.73,-3.49
26.7776,148,0.00263,0.09136,0.34658,0.80818,-0.56342,0.02541,-0.16957,1,0.26068,-0.07855,0.37125,-0.06408,0.43703,0.88583,-0.14213,0.25878,-0.07339,0.36754,-0.06837,0.43663,0.88647,-0.13725,-1.90,5.17,-3.71
26.7943,149,0.00197,0.09173,0.34684,0.80849,-0.56321,0.02553,-0.16878,1,0.26037,-0.07773,0.37074,-0.06492,0.43682,0.88599,-0.14138,0.25851,-0.07270,0.36725,-0.06833,0.43672,0.88646,-0.13710,-1.86,5.03,-3.49
26.8110,150,0.00160,0.09196,0.34685,0.80844,-0.56324,0.02570,-0.16889,1,0.26006,-0.07680,0.37018,-0.06573,0.43676,0.88610,-0.14053,0.25838,-0.07229,0.36723,-0.06833,0.43672,0.88646,-0.13710,-1.67,4.51,-2.95
26.8279,151,0.00142,0.09214,0.34690,0.80847,-0.56329,0.02607,-0.16850,1,0.25976,-0.07587,0.36963,-0.06643,0.43676,0.88618,-0.13971,0.25824,-0.07207,0.36719,-0.06818,0.43668,0.88641,-0.13760,-1.52,3.81,-2.45
26.8447,152,0.00148,0.09197,0.34687,0.80882,-0.56285,0.02652,-0.16828,1,0.25942,-0.07497,0.36905,-0.06708,0.43674,0.88625,-0.13897,0.25839,-0.07217,0.36718,-0.06750,0.43651,0.88651,-0.13787,-1.03,2.80,-1.87
26.8614,153,0.00128,0.09192,0.34668,0.80898,-0.56235,0.02759,-0.16901,1,0.25911,-0.07420,0.36847,-0.06757,0.43675,0.88629,-0.13844,0.25855,-0.07196,0.36729,-0.06693,0.43570,0.88694,-0.13796,-0.55,2.23,-1.18
26.8781,154,0.00085,0.09243,0.34656,0.80856,-0.56271,0.02801,-0.16974,1,0.25888,-0.07364,0.36803,-0.06779,0.43670,0.88634,-0.13819,0.25824,-0.07139,0.36746,-0.06710,0.43494,0.88730,-0.13794,-0.63,2.24,-0.57
26.8948,155,0.00037,0.09301,0.34659,0.80785,-0.56343,0.02843,-0.17062,1,0.25878,-0.07316,0.36773,-0.06772,0.43658,0.88642,-0.13808,0.25782,-0.07077,0.36749,-0.06802,0.43412,0.88764,-0.13789,-0.96,2.39,-0.24
26.9115,156,-0.00015,0.09347,0.34690,0.80721,-0.56418,0.02876,-0.17113,1,0.25872,-0.07273,0.36757,-0.06754,0.43635,0.88655,-0.13806,0.25741,-0.07018,0.36722,-0.06901,0.43356,0.88781,-0.13804,-1.30,2.55,-0.35
26.9282,157,-0.00064,0.09377,0.34741,0.80676,-0.56469,0.02904,-0.17153,1,0.25863,-0.07230,0.36748,-0.06740,0.43602,0.88673,-0.13803,0.25708,-0.06970,0.36672,-0.06969,0.43311,0.88796,-0.13815,-1.54,2.59,-0.76
26.9450,158,-0.00131,0.09428,0.34865,0.80600,-0.56552,0.02997,-0.17218,1,0.25847,-0.07187,0.36738,-0.06750,0.43551,0.88698,-0.13799,0.25633,-0.06910,0.36557,-0.07066,0.43211,0.88830,-0.13858,-2.13,2.78,-1.81
26.9619,159,-0.00183,0.09467,0.34930,0.80545,-0.56614,0.03041,-0.17264,1,0.25822,-0.07141,0.36723,-0.06788,0.43491,0.88725,-0.13800,0.25588,-0.06858,0.36496,-0.07145,0.43150,0.88850,-0.13878,-2.34,2.83,-2.27
26.9784,160,-0.00252,0.09538,0.34993,0.80456,-0.56713,0.03062,-0.17352,1,0.25793,-0.07090,0.36703,-0.06839,0.43436,0.88746,-0.13809,0.25518,-0.06781,0.36443,-0.07278,0.43085,0.88872,-0.13871,-2.75,3.10,-2.60
26.9953,161,-0.00317,0.09607,0.35050,0.80357,-0.56800,0.03128,-0.17511,1,0.25757,-0.07037,0.36674,-0.06900,0.43375,0.88769,-0.13822,0.25452,-0.06706,0.36394,-0.07380,0.42986,0.88915,-0.13849,-3.05,3.31,-2.80
27.0120,162,-0.00396,0.09651,0.35113,0.80254,-0.56875,0.03284,-0.17712,1,0.25716,-0.06984,0.36635,-0.06972,0.43316,0.88790,-0.13835,0.25410,-0.06628,0.36330,-0.07450,0.42864,0.88969,-0.13846,-3.06,3.56,-3.05
27.0288,163,-0.00562,0.09738,0.35279,0.80060,-0.57008,0.03751,-0.18068,1,0.25664,-0.06925,0.36580,-0.07060,0.43252,0.88813,-0.13847,0.25347,-0.06522,0.36217,-0.07499,0.42736,0.89022,-0.13873,-3.17,4.02,-3.62
27.0454,164,-0.00686,0.09794,0.35400,0.80016,-0.57009,0.03986,-0.18206,1,0.25613,-0.06864,0.36519,-0.07146,0.43180,0.88840,-0.13852,0.25292,-0.06416,0.36101,-0.07505,0.42602,0.89081,-0.13906,-3.21,4.47,-4.18
27.0621,165,-0.00799,0.09869,0.35525,0.79934,-0.57046,0.04210,-0.18402,1,0.25565,-0.06801,0.36461,-0.07226,0.43099,0.88872,-0.13856,0.25220,-0.06314,0.35991,-0.07542,0.42469,0.89139,-0.13919,-3.45,4.87,-4.71
27.0791,166,-0.00930,0.09970,0.35658,0.79903,-0.57016,0.04431,-0.18576,1,0.25515,-0.06729,0.36397,-0.07303,0.43004,0.88911,-0.13864,0.25141,-0.06206,0.35891,-0.07538,0.42334,0.89202,-0.13929,-3.74,5.23,-5.06
27.0957,167,-0.01075,0.10073,0.35764,0.79941,-0.56866,0.04758,-0.18792,1,0.25464,-0.06652,0.36326,-0.07372,0.42903,0.88952,-0.13874,0.25071,-0.06081,0.35806,-0.07485,0.42208,0.89265,-0.13935,-3.93,5.70,-5.19
27.1129,168,-0.01444,0.10286,0.35952,0.79755,-0.56895,0.05812,-0.19192,1,0.25408,-0.06568,0.36245,-0.07431,0.42794,0.88998,-0.13886,0.25018,-0.05941,0.35733,-0.07487,0.42079,0.89317,-0.13990,-3.90,6.27,-5.12
27.1290,169,-0.01691,0.10436,0.36168,0.79379,-0.57323,0.06532,-0.19245,1,0.25351,-0.06483,0.36165,-0.07473,0.42689,0.89043,-0.13900,0.24957,-0.05823,0.35632,-0.07545,0.41981,0.89345,-0.14077,-3.93,6.59,-5.33
27.1458,170,-0.01877,0.10627,0.36486,0.78868,-0.57964,0.07094,-0.19227,1,0.25292,-0.06385,0.36077,-0.07499,0.42574,0.89094,-0.13912,0.24871,-0.05740,0.35516,-0.07648,0.41917,0.89352,-0.14165,-4.21,6.44,-5.61
27.1625,171,-0.01998,0.10845,0.36858,0.78308,-0.58685,0.07439,-0.19200,1,0.25232,-0.06284,0.35987,-0.07516,0.42456,0.89145,-0.13931,0.24770,-0.05683,0.35396,-0.07773,0.41876,0.89350,-0.14237,-4.62,6.00,-5.90
27.1792,172,-0.02073,0.11156,0.37386,0.77674,-0.59500,0.07601,-0.19202,1,0.25170,-0.06180,0.35896,-0.07533,0.42341,0.89194,-0.13961,0.24659,-0.05648,0.35277,-0.07911,0.41851,0.89341,-0.14288,-5.11,5.32,-6.19
27.1960,173,-0.02162,0.11965,0.38565,0.76349,-0.61052,0.08211,-0.19394,1,0.25105,-0.06081,0.35808,-0.07563,0.42236,0.89235,-0.14001,0.24540,-0.05617,0.35165,-0.08043,0.41804,0.89342,-0.14342,-5.65,4.64,-6.43
27.2127,174,-0.02239,0.12388,0.39167,0.75643,-0.61779,0.08847,-0.19575,1,0.25028,-0.05980,0.35712,-0.07607,0.42140,0.89269,-0.14052,0.24428,-0.05578,0.35047,-0.08152,0.41729,0.89357,-0.14410,-6.00,4.02,-6.64
27.2295,175,-0.02331,0.12836,0.39789,0.74934,-0.62457,0.09584,-0.19806,1,0.24943,-0.05890,0.35612,-0.07667,0.42063,0.89291,-0.14107,0.24319,-0.05536,0.34929,-0.08253,0.41643,0.89376,-0.14479,-6.24,3.55,-6.83
27.2464,176,-0.02415,0.13245,0.40316,0.74053,-0.63327,0.10161,-0.20065,1,0.24845,-0.05810,0.35503,-0.07754,0.41991,0.89308,-0.14168,0.24210,-0.05488,0.34813,-0.08373,0.41573,0.89389,-0.14533,-6.35,3.21,-6.90
27.2630,177,-0.02493,0.13845,0.41007,0.72905,-0.64529,0.10341,-0.20348,1,0.24747,-0.05747,0.35394,-0.07845,0.41927,0.89321,-0.14226,0.24095,-0.05442,0.34700,-0.08516,0.41534,0.89389,-0.14558,-6.51,3.05,-6.94
27.2797,178,-0.02547,0.15419,0.42535,0.70150,-0.67405,0.10014,-0.20863,1,0.24643,-0.05691,0.35278,-0.07941,0.41860,0.89334,-0.14286,0.23973,-0.05400,0.34595,-0.08664,0.41516,0.89382,-0.14568,-6.70,2.91,-6.83
27.2964,179,-0.02552,0.16328,0.43333,0.68729,-0.68765,0.09843,-0.21231,1,0.24538,-0.05639,0.35162,-0.08045,0.41791,0.89348,-0.14344,0.23852,-0.05361,0.34487,-0.08812,0.41492,0.89378,-0.14571,-6.86,2.77,-6.75
27.3131,180,-0.02555,0.17200,0.44152,0.67431,-0.69882,0.09796,-0.21762,1,0.24435,-0.05591,0.35053,-0.08155,0.41729,0.89359,-0.14395,0.23738,-0.05327,0.34370,-0.08956,0.41450,0.89384,-0.14569,-6.97,2.64,-6.82
27.3301,181,-0.02644,0.18047,0.44921,0.66274,-0.70746,0.09907,-0.22466,1,0.24324,-0.05544,0.34937,-0.08278,0.41673,0.89366,-0.14441,0.23633,-0.05282,0.34249,-0.09090,0.41384,0.89401,-0.14564,-6.91,2.62,-6.87
27.3468,182,-0.02817,0.18949,0.45617,0.65238,-0.71405,0.10398,-0.23177,1,0.24213,-0.05497,0.34822,-0.08408,0.41623,0.89371,-0.14479,0.23530,-0.05221,0.34133,-0.09204,0.41293,0.89429,-0.14584,-6.83,2.76,-6.89
27.3637,183,-0.03182,0.20756,0.46785,0.63457,-0.72409,0.12204,-0.24108,1,0.24099,-0.05454,0.34708,-0.08544,0.41578,0.89374,-0.14509,0.23424,-0.05152,0.34024,-0.09292,0.41193,0.89455,-0.14648,-6.75,3.01,-6.83
27.3807,184,-0.03318,0.21654,0.47294,0.62585,-0.72969,0.12905,-0.24333,1,0.23987,-0.05411,0.34593,-0.08682,0.41531,0.89380,-0.14530,0.23318,-0.05080,0.33918,-0.09396,0.41113,0.89469,-0.14718,-6.69,3.31,-6.75
27.3970,185,-0.03436,0.22544,0.47762,0.61589,-0.73697,0.13348,-0.24441,1,0.23882,-0.05369,0.34485,-0.08809,0.41476,0.89390,-0.14548,0.23211,-0.05006,0.33814,-0.09525,0.41059,0.89471,-0.14773,-6.71,3.62,-6.71
27.4138,186,-0.03480,0.23406,0.48251,0.60453,-0.74575,0.13683,-0.24430,1,0.23772,-0.05319,0.34371,-0.08938,0.41412,0.89402,-0.14572,0.23103,-0.04944,0.33703,-0.09662,0.41024,0.89465,-0.14823,-6.69,3.75,-6.68
27.4305,187,-0.03440,0.24217,0.48790,0.59210,-0.75537,0.13988,-0.24345,1,0.23664,-0.05265,0.34257,-0.09062,0.41345,0.89416,-0.14603,0.22997,-0.04899,0.33582,-0.09801,0.40995,0.89455,-0.14871,-6.66,3.67,-6.75
27.4472,188,-0.03205,0.25965,0.49820,0.56517,-0.77425,0.14709,-0.24391,1,0.23561,-0.05210,0.34149,-0.09178,0.41279,0.89429,-0.14640,0.22884,-0.04861,0.33466,-0.09938,0.40957,0.89450,-0.14918,-6.77,3.49,-6.83
27.4639,189,-0.03032,0.26828,0.50283,0.55142,-0.78342,0.15102,-0.24367,1,0.23453,-0.05148,0.34036,-0.09301,0.41208,0.89441,-0.14685,0.22771,-0.04829,0.33348,-0.10074,0.40919,0.89443,-0.14968,-6.82,3.19,-6.88
27.4806,190,-0.02814,0.27940,0.50785,0.53677,-0.79288,0.15552,-0.24296,1,0.23344,-0.05085,0.33922,-0.09427,0.41148,0.89448,-0.14733,0.22655,-0.04792,0.33234,-0.10209,0.40882,0.89436,-0.15023,-6.88,2.93,-6.88
27.4974,191,-0.02478,0.29260,0.51347,0.52055,-0.80307,0.16101,-0.24121,1,0.23234,-0.05025,0.33808,-0.09553,0.41098,0.89449,-0.14785,0.22538,-0.04762,0.33119,-0.10341,0.40848,0.89426,-0.15083,-6.96,2.63,-6.89
27.5141,192,-0.02090,0.30508,0.51792,0.50305,-0.81385,0.16580,-0.23898,1,0.23128,-0.04972,0.33699,-0.09677,0.41055,0.89447,-0.14834,0.22416,-0.04736,0.33009,-0.10477,0.40819,0.89414,-0.15139,-7.12,2.37,-6.90
27.5308,193,-0.01222,0.32944,0.52562,-0.46457,0.83585,-0.17268,0.23603,1,0.23014,-0.04923,0.33582,-0.09811,0.41008,0.89445,-0.14887,0.22293,-0.04714,0.32898,-0.10616,0.40788,0.89404,-0.15183,-7.21,2.09,-6.84
27.5476,194,-0.00740,0.34405,0.52900,-0.44201,0.84758,-0.17380,0.23672,1,0.22900,-0.04879,0.33466,-0.09944,0.40968,0.89441,-0.14938,0.22174,-0.04686,0.32785,-0.10759,0.40750,0.89400,-0.15208,-7.26,1.93,-6.80
27.5643,195,-0.00265,0.36021,0.53126,-0.41809,0.85895,-0.17466,0.23855,1,0.22790,-0.04843,0.33357,-0.10069,0.40931,0.89435,-0.14986,0.22053,-0.04650,0.32676,-0.10901,0.40707,0.89399,-0.15229,-7.37,1.93,-6.81
27.5810,196,0.00199,0.37707,0.53254,-0.39429,0.86951,-0.17556,0.24016,1,0.22672,-0.04809,0.33243,-0.10206,0.40892,0.89429,-0.15036,0.21933,-0.04610,0.32567,-0.11043,0.40663,0.89398,-0.15251,-7.39,1.99,-6.76
27.5978,197,0.00684,0.39371,0.53312,-0.37085,0.87972,-0.17391,0.24150,1,0.22553,-0.04778,0.33129,-0.10344,0.40857,0.89422,-0.15081,0.21815,-0.04571,0.32457,-0.11188,0.40624,0.89396,-0.15260,-7.38,2.07,-6.72
27.6145,198,0.01532,0.42457,0.53314,-0.32685,0.89668,-0.17306,0.24328,1,0.22433,-0.04746,0.33016,-0.10484,0.40821,0.89415,-0.15121,0.21699,-0.04529,0.32345,-0.11331,0.40584,0.89394,-0.15276,-7.34,2.17,-6.71
27.6312,199,0.02023,0.44034,0.53160,-0.30509,0.90376,-0.17608,0.24318,1,0.22320,-0.04717,0.32909,-0.10617,0.40788,0.89409,-0.15154,0.21582,-0.04490,0.32233,-0.11469,0.40541,0.89388,-0.15316,-7.38,2.26,-6.77
27.6479,200,0.02481,0.45421,0.52893,-0.28292,0.91024,-0.17868,0.24390,1,0.22199,-0.04683,0.32797,-0.10760,0.40751,0.89404,-0.15184,0.21460,-0.04450,0.32126,-0.11607,0.40494,0.89386,-0.15352,-7.39,2.33,-6.71
27.6647,201,0.03038,0.47059,0.52489,-0.25969,0.91600,-0.18060,0.24676,1,0.22078,-0.04649,0.32685,-0.10904,0.40710,0.89400,-0.15210,0.21339,-0.04408,0.32020,-0.11742,0.40435,0.89390,-0.15382,-7.39,2.40,-6.65
27.6814,202,0.03637,0.48593,0.52010,-0.23460,0.92179,-0.18138,0.24974,1,0.21957,-0.04613,0.32574,-0.11048,0.40669,0.89397,-0.15236,0.21215,-0.04371,0.31915,-0.11878,0.40378,0.89394,-0.15405,-7.42,2.42,-6.59
27.6981,203,0.04702,0.51679,0.50780,-0.17719,0.93697,-0.17314,0.24638,1,0.21844,-0.04578,0.32470,-0.11181,0.40628,0.89395,-0.15261,0.21092,-0.04323,0.31813,-0.12025,0.40346,0.89388,-0.15407,-7.52,2.55,-6.57
27.7148,204,0.05172,0.53295,0.49976,-0.14675,0.94542,-0.16637,0.23867,1,0.21721,-0.04539,0.32360,-0.11324,0.40584,0.89392,-0.15289,0.20976,-0.04269,0.31707,-0.12174,0.40339,0.89372,-0.15402,-7.46,2.70,-6.54
27.7316,205,0.05649,0.54925,0.49082,-0.11600,0.95299,-0.16048,0.22934,1,0.21598,-0.04500,0.32251,-0.11465,0.40538,0.89390,-0.15316,0.20861,-0.04218,0.31597,-0.12322,0.40336,0.89353,-0.15402,-7.37,2.82,-6.54
27.7483,206,0.06295,0.56527,0.48004,-0.08576,0.95924,-0.15406,0.22086,1,0.21474,-0.04458,0.32141,-0.11607,0.40496,0.89387,-0.15338,0.20740,-0.04180,0.31488,-0.12471,0.40330,0.89335,-0.15400,-7.34,2.78,-6.53
27.7650,207,0.06926,0.58078,0.46792,-0.05521,0.96385,-0.14705,0.21523,1,0.21359,-0.04418,0.32039,-0.11740,0.40459,0.89384,-0.15354,0.20619,-0.04143,0.31381,-0.12620,0.40311,0.89324,-0.15396,-7.41,2.75,-6.58
27.7818,208,0.08000,0.60750,0.44111,0.00769,0.96794,-0.14120,0.20760,1,0.21237,-0.04374,0.31930,-0.11884,0.40425,0.89378,-0.15367,0.20492,-0.04103,0.31281,-0.12765,0.40282,0.89313,-0.15413,-7.45,2.71,-6.49
27.7985,209,0.08630,0.62493,0.42185,0.04287,0.96741,-0.14237,0.20496,1,0.21114,-0.04329,0.31821,-0.12031,0.40398,0.89369,-0.15377,0.20374,-0.04059,0.31171,-0.12906,0.40246,0.89303,-0.15451,-7.40,2.70,-6.51
27.8152,210,0.09157,0.63710,0.40203,0.07929,0.96651,-0.14080,0.19939,1,0.20998,-0.04287,0.31719,-0.12170,0.40375,0.89360,-0.15382,0.20246,-0.04013,0.31075,-0.13050,0.40219,0.89290,-0.15476,-7.52,2.74,-6.44
27.8319,211,0.09788,0.64933,0.38130,0.12010,0.96485,-0.13635,0.18986,1,0.20874,-0.04243,0.31610,-0.12319,0.40351,0.89349,-0.15389,0.20122,-0.03974,0.30971,-0.13198,0.40199,0.89274,-0.15491,-7.52,2.69,-6.39
27.8487,212,0.10592,0.66195,0.35762,0.16608,0.96179,-0.12840,0.17574,1,0.20750,-0.04200,0.31503,-0.12466,0.40327,0.89338,-0.15400,0.20025,-0.03938,0.30840,-0.13346,0.40187,0.89257,-0.15496,-7.24,2.62,-6.63
27.8654,213,0.12077,0.67655,0.30243,0.26336,0.94831,-0.11008,0.13866,1,0.20625,-0.04157,0.31396,-0.12614,0.40301,0.89326,-0.15413,0.20001,-0.03889,0.30682,-0.13494,0.40180,0.89237,-0.15499,-6.24,2.68,-7.13
27.8821,214,0.12851,0.68346,0.26903,0.31821,0.93546,-0.09865,0.11799,1,0.20508,-0.04116,0.31293,-0.12754,0.40278,0.89314,-0.15427,0.20000,-0.03858,0.30519,-0.13643,0.40171,0.89218,-0.15502,-5.08,2.58,-7.75
27.8989,215,0.13504,0.68757,0.23305,0.37348,0.91794,-0.08979,0.09922,1,0.20390,-0.04073,0.31181,-0.12901,0.40254,0.89302,-0.15441,0.20000,-0.03830,0.30354,-0.13791,0.40158,0.89199,-0.15515,-3.90,2.43,-8.27
27.9157,216,0.14034,0.68841,0.19571,0.42625,0.89708,-0.08434,0.08031,1,0.20283,-0.04028,0.31064,-0.13048,0.40235,0.89287,-0.15452,0.20000,-0.03803,0.30190,-0.13937,0.40150,0.89176,-0.15535,-2.83,2.24,-8.74
27.9324,217,0.14482,0.66822,0.12507,0.47851,0.87205,-0.08615,0.05605,1,0.20189,-0.03985,0.30937,-0.13200,0.40217,0.89270,-0.15466,0.20000,-0.03767,0.30027,-0.14081,0.40158,0.89145,-0.15564,-1.89,2.18,-9.10
27.9491,218,0.15128,0.57345,-0.00962,0.55256,0.82816,-0.08742,0.03451,1,0.20123,-0.03944,0.30809,-0.13335,0.40200,0.89256,-0.15475,0.20000,-0.03744,0.29862,-0.14222,0.40149,0.89119,-0.15606,-1.23,2.00,-9.47
27.9658,219,0.15471,0.51841,-0.07678,0.59187,0.80116,-0.08311,0.03039,1,0.20071,-0.03902,0.30667,-0.13475,0.40183,0.89241,-0.15487,0.20000,-0.03740,0.29696,-0.14359,0.40114,0.89105,-0.15654,-0.71,1.63,-9.71
27.9825,220,0.15797,0.46139,-0.14267,0.63185,0.77004,-0.08470,0.02518,1,0.20033,-0.03861,0.30517,-0.13618,0.40170,0.89222,-0.15504,0.20000,-0.03736,0.29529,-0.14494,0.40092,0.89082,-0.15713,-0.33,1.25,-9.88
27.9992,221,0.16140,0.40211,-0.20616,0.66923,0.73745,-0.08946,0.01691,1,0.20007,-0.03825,0.30368,-0.13757,0.40160,0.89202,-0.15521,0.20000,-0.03736,0.29362,-0.14629,0.40083,0.89054,-0.15771,-0.07,0.89,-10.06
28.0160,222,0.16496,0.34091,-0.26618,0.70304,0.70447,-0.09685,0.00873,1,0.19989,-0.03795,0.30206,-0.13901,0.40146,0.89182,-0.15545,0.20000,-0.03741,0.29196,-0.14761,0.40081,0.89022,-0.15833,0.11,0.54,-10.10
28.0327,223,0.17339,0.21432,-0.37574,0.76105,0.63800,-0.11726,-0.00045,1,0.19977,-0.03774,0.30041,-0.14040,0.40132,0.89160,-0.15584,0.20000,-0.03752,0.29029,-0.14886,0.40083,0.88987,-0.15909,0.23,0.21,-10.12
28.0494,224,0.17759,0.15431,-0.42187,0.78575,0.60593,-0.12429,-0.00039,1,0.19970,-0.03759,0.29887,-0.14171,0.40120,0.89138,-0.15622,0.20000,-0.03767,0.28863,-0.15006,0.40072,0.88957,-0.15993,0.30,-0.08,-10.23
28.0662,225,0.18310,0.08840,-0.46879,0.81013,0.57241,-0.12656,0.00381,1,0.19964,-0.03751,0.29723,-0.14314,0.40111,0.89112,-0.15664,0.20000,-0.03783,0.28697,-0.15121,0.40041,0.88935,-0.16082,0.36,-0.32,-10.26
28.0829,226,0.18944,0.02156,-0.51190,0.83214,0.53934,-0.12855,0.01119,1,0.19962,-0.03752,0.29559,-0.14454,0.40102,0.89085,-0.15711,0.20000,-0.03799,0.28532,-0.15228,0.40006,0.88915,-0.16179,0.38,-0.48,-10.27
28.0997,227,0.19349,-0.03442,-0.53945,0.85108,0.50791,-0.13212,0.01519,1,0.19959,-0.03760,0.29394,-0.14592,0.40095,0.89056,-0.15768,0.20000,-0.03814,0.28366,-0.15341,0.39981,0.88890,-0.16271,0.41,-0.55,-10.28
28.1164,228,0.19634,-0.12187,-0.55716,0.88200,0.45008,-0.13806,0.02085,1,0.19957,-0.03766,0.29226,-0.14725,0.40079,0.89029,-0.15833,0.20000,-0.03837,0.28200,-0.15456,0.39957,0.88864,-0.16361,0.43,-0.71,-10.26
28.1331,229,0.19636,-0.16072,-0.55691,0.89443,0.42414,-0.13947,0.02535,1,0.19957,-0.03773,0.29069,-0.14843,0.40062,0.89005,-0.15903,0.20000,-0.03860,0.28053,-0.15564,0.39926,0.88842,-0.16457,0.43,-0.87,-10.16
28.1498,230,0.19696,-0.19027,-0.54587,0.90533,0.39958,-0.14064,0.03055,1,0.19957,-0.03783,0.28902,-0.14965,0.40045,0.88977,-0.15986,0.20000,-0.03905,0.27969,-0.15669,0.39894,0.88819,-0.16557,0.43,-1.22,-9.34
28.1665,231,0.19552,-0.22500,-0.54006,0.91607,0.37283,-0.14338,0.03533,1,0.19958,-0.03792,0.28735,-0.15084,0.40019,0.88953,-0.16075,0.20000,-0.03921,0.27833,-0.15776,0.39869,0.88793,-0.16655,0.42,-1.29,-9.03
28.1833,232,0.19359,-0.25852,-0.53289,0.92715,0.34265,-0.14678,0.03809,1,0.19958,-0.03802,0.28580,-0.15196,0.39993,0.88929,-0.16163,0.20000,-0.03933,0.27694,-0.15891,0.39848,0.88765,-0.16745,0.42,-1.30,-8.85
28.1999,233,0.18722,-0.32129,-0.51111,0.94692,0.27982,-0.15414,0.03573,1,0.19957,-0.03818,0.28419,-0.15313,0.39967,0.88902,-0.16265,0.20000,-0.03944,0.27529,-0.16016,0.39831,0.88736,-0.16821,0.43,-1.26,-8.90
28.2166,234,0.18252,-0.35050,-0.49936,0.95494,0.24975,-0.15648,0.03506,1,0.19957,-0.03837,0.28262,-0.15429,0.39941,0.88875,-0.16366,0.20000,-0.03942,0.27389,-0.16139,0.39810,0.88708,-0.16899,0.43,-1.06,-8.73
28.2333,235,0.17748,-0.37839,-0.48573,0.96197,0.22093,-0.15715,0.03341,1,0.19959,-0.03859,0.28111,-0.15546,0.39918,0.88848,-0.16460,0.20000,-0.03941,0.27252,-0.16265,0.39782,0.88684,-0.16972,0.41,-0.82,-8.59
28.2501,236,0.16481,-0.40273,-0.47170,0.96524,0.20683,-0.15832,0.02184,1,0.19961,-0.03884,0.27973,-0.15657,0.39899,0.88821,-0.16544,0.20000,-0.03881,0.27135,-0.16409,0.39765,0.88664,-0.16973,0.39,0.04,-8.38
28.2669,237,0.15119,-0.42657,-0.46111,0.97218,0.17995,-0.14955,0.01085,1,0.19961,-0.03905,0.27828,-0.15779,0.39873,0.88796,-0.16628,0.20000,-0.03804,0.26998,-0.16542,0.39701,0.88663,-0.16999,0.39,1.01,-8.30
28.2836,238,0.13932,-0.46454,-0.43135,0.98067,0.13480,-0.13955,0.02532,1,0.19960,-0.03914,0.27683,-0.15905,0.39843,0.88772,-0.16706,0.20000,-0.03797,0.26876,-0.16639,0.39647,0.88652,-0.17090,0.40,1.17,-8.07
28.3003,239,0.13403,-0.48111,-0.41426,0.98215,0.12093,-0.13788,0.04170,1,0.19959,-0.03912,0.27547,-0.16024,0.39821,0.88748,-0.16771,0.20000,-0.03792,0.26762,-0.16679,0.39618,0.88633,-0.17220,0.41,1.20,-7.84
28.3170,240,0.10961,-0.49149,-0.40578,0.98400,0.11283,-0.13456,0.03014,1,0.19957,-0.03898,0.27404,-0.16154,0.39789,0.88727,-0.16833,0.20000,-0.03697,0.26691,-0.16749,0.39578,0.88625,-0.17284,0.43,2.01,-7.13
28.3338,241,0.08306,-0.48789,-0.41180,0.97843,0.13914,-0.15233,0.01033,1,0.19958,-0.03876,0.27265,-0.16277,0.39748,0.88711,-0.16897,0.20000,-0.03544,0.26702,-0.16788,0.39573,0.88618,-0.17291,0.42,3.32,-5.63
28.3508,242,0.09846,-0.47949,-0.40556,0.95856,0.18803,-0.21342,-0.01613,1,0.19960,-0.03851,0.27134,-0.16388,0.39710,0.88693,-0.16974,0.20003,-0.03489,0.26735,-0.16794,0.39621,0.88603,-0.17254,0.44,3.62,-3.99
28.3675,243,0.12036,-0.48069,-0.38896,0.95136,0.20404,-0.23020,-0.01671,1,0.19962,-0.03811,0.27012,-0.16484,0.39669,0.88679,-0.17049,0.20004,-0.03534,0.26764,-0.16745,0.39714,0.88581,-0.17198,0.43,2.77,-2.48
28.3842,244,0.12705,-0.47361,-0.38727,0.94643,0.22320,-0.23160,-0.02839,1,0.19962,-0.03757,0.26911,-0.16563,0.39643,0.88664,-0.17110,0.20063,-0.03622,0.26862,-0.16695,0.39764,0.88589,-0.17088,1.02,1.35,-0.49
28.4010,245,0.13329,-0.46500,-0.38562,0.94274,0.23676,-0.23078,-0.04396,1,0.19964,-0.03694,0.26826,-0.16630,0.39640,0.88645,-0.17151,0.20141,-0.03698,0.26988,-0.16687,0.39775,0.88614,-0.16941,1.77,-0.04,1.61
28.4177,246,0.14020,-0.45678,-0.38266,0.93389,0.25554,-0.23779,-0.07745,1,0.19968,-0.03633,0.26772,-0.16670,0.39652,0.88628,-0.17170,0.20206,-0.03785,0.27115,-0.16707,0.39813,0.88621,-0.16798,2.38,-1.52,3.42
28.4344,247,0.15194,-0.44105,-0.38260,0.89926,0.31384,-0.26780,-0.14533,1,0.19982,-0.03580,0.26755,-0.16678,0.39676,0.88619,-0.17158,0.20313,-0.03837,0.27232,-0.16697,0.39873,0.88622,-0.16660,3.31,-2.57,4.77
28.4510,248,0.15737,-0.43653,-0.38085,0.88615,0.33836,-0.27495,-0.15698,1,0.20002,-0.03541,0.26767,-0.16676,0.39708,0.88615,-0.17106,0.20408,-0.03909,0.27348,-0.16634,0.39922,0.88635,-0.16534,4.06,-3.68,5.81
28.4679,249,0.16114,-0.43195,-0.38155,0.87881,0.35685,-0.27730,-0.15315,1,0.20027,-0.03527,0.26812,-0.16677,0.39744,0.88612,-0.17037,0.20548,-0.03926,0.27436,-0.16517,0.39947,0.88660,-0.16453,5.21,-3.99,6.24
28.4845,250,0.16113,-0.42713,-0.38464,0.87493,0.36792,-0.27499,-0.15334,1,0.20064,-0.03548,0.26884,-0.16681,0.39773,0.88615,-0.16949,0.20680,-0.03853,0.27483,-0.16416,0.39931,0.88705,-0.16353,6.15,-3.05,5.99
28.5012,251,0.16181,-0.42095,-0.39017,0.87204,0.37656,-0.26883,-0.15962,1,0.20117,-0.03592,0.26968,-0.16674,0.39796,0.88622,-0.16862,0.20821,-0.03765,0.27487,-0.16381,0.39890,0.88753,-0.16227,7.05,-1.73,5.19
28.5180,252,0.16937,-0.40754,-0.40066,0.86830,0.39103,-0.25599,-0.16618,1,0.20196,-0.03653,0.27072,-0.16639,0.39828,0.88634,-0.16762,0.20983,-0.03729,0.27503,-0.16347,0.39820,0.88812,-0.16113,7.88,-0.76,4.30
28.5351,253,0.17224,-0.40061,-0.40799,0.87000,0.39469,-0.24619,-0.16345,1,0.20291,-0.03714,0.27182,-0.16595,0.39850,0.88651,-0.16659,0.21140,-0.03676,0.27488,-0.16315,0.39712,0.88875,-0.16063,8.50,0.38,3.06
28.5518,254,0.17406,-0.39356,-0.41610,0.87286,0.40125,-0.23498,-0.14799,1,0.20398,-0.03758,0.27282,-0.16549,0.39857,0.88678,-0.16549,0.21292,-0.03610,0.27464,-0.16248,0.39610,0.88930,-0.16080,8.94,1.49,1.82
28.5684,255,0.17429,-0.38711,-0.42332,0.87497,0.41145,-0.22067,-0.12824,1,0.20519,-0.03781,0.27364,-0.16499,0.39850,0.88710,-0.16438,0.21434,-0.03527,0.27439,-0.16153,0.39516,0.88981,-0.16124,9.15,2.53,0.75
28.5850,256,0.17362,-0.38210,-0.42943,0.87729,0.42064,-0.20166,-0.11290,1,0.20647,-0.03778,0.27427,-0.16445,0.39828,0.88748,-0.16345,0.21570,-0.03436,0.27405,-0.16081,0.39401,0.89040,-0.16148,9.23,3.42,-0.22
28.6017,257,0.17514,-0.37220,-0.43859,0.88198,0.43566,-0.15737,-0.08685,1,0.20790,-0.03754,0.27473,-0.16387,0.39785,0.88793,-0.16260,0.21726,-0.03379,0.27392,-0.16027,0.39276,0.89102,-0.16163,9.36,3.74,-0.80
28.6184,258,0.17704,-0.36604,-0.44269,0.88219,0.44154,-0.14540,-0.07504,1,0.20935,-0.03710,0.27496,-0.16328,0.39714,0.88847,-0.16197,0.21891,-0.03361,0.27403,-0.15946,0.39168,0.89158,-0.16198,9.56,3.49,-0.93
28.6352,259,0.17860,-0.35975,-0.44666,0.88115,0.44583,-0.14289,-0.06623,1,0.21070,-0.03656,0.27497,-0.16273,0.39647,0.88894,-0.16159,0.22056,-0.03341,0.27416,-0.15826,0.39113,0.89193,-0.16260,9.86,3.16,-0.81
28.6519,260,0.17921,-0.35410,-0.45021,0.87917,0.44898,-0.14706,-0.06198,1,0.21217,-0.03598,0.27485,-0.16206,0.39568,0.88945,-0.16141,0.22218,-0.03304,0.27429,-0.15705,0.39126,0.89198,-0.16317,10.01,2.94,-0.56
28.6688,261,0.17918,-0.34982,-0.45379,0.87828,0.44915,-0.15187,-0.06178,1,0.21371,-0.03541,0.27469,-0.16131,0.39475,0.89000,-0.16139,0.22376,-0.03251,0.27417,-0.15626,0.39193,0.89174,-0.16361,10.05,2.91,-0.52
28.6854,262,0.17875,-0.34656,-0.45838,0.88219,0.43388,-0.17117,-0.06468,1,0.21529,-0.03488,0.27457,-0.16046,0.39387,0.89052,-0.16151,0.22520,-0.03186,0.27365,-0.15617,0.39272,0.89131,-0.16414,9.91,3.01,-0.92
28.7021,263,0.17933,-0.34641,-0.46008,0.88609,0.42138,-0.18257,-0.06292,1,0.21679,-0.03440,0.27452,-0.15964,0.39322,0.89092,-0.16174,0.22639,-0.03194,0.27249,-0.15674,0.39342,0.89075,-0.16501,9.60,2.46,-2.04
28.7189,264,0.17964,-0.34685,-0.46136,0.89007,0.40801,-0.19465,-0.05835,1,0.21836,-0.03393,0.27448,-0.15879,0.39281,0.89119,-0.16204,0.22692,-0.03200,0.27120,-0.15733,0.39403,0.89017,-0.16610,8.57,1.93,-3.27
28.7356,265,0.17977,-0.34813,-0.46258,0.89345,0.39596,-0.20548,-0.05232,1,0.21992,-0.03350,0.27437,-0.15804,0.39264,0.89134,-0.16241,0.22680,-0.03208,0.26954,-0.15779,0.39460,0.88961,-0.16728,6.88,1.42,-4.82
28.7523,266,0.17921,-0.35104,-0.46372,0.89828,0.38337,-0.20984,-0.04583,1,0.22135,-0.03310,0.27415,-0.15750,0.39267,0.89133,-0.16289,0.22600,-0.03201,0.26809,-0.15841,0.39465,0.88923,-0.16859,4.65,1.10,-6.06
28.7690,267,0.17872,-0.35716,-0.46741,0.91081,0.35473,-0.21075,-0.01289,1,0.22273,-0.03271,0.27374,-0.15719,0.39289,0.89117,-0.16356,0.22553,-0.03196,0.26649,-0.15855,0.39433,0.88907,-0.17004,2.80,0.76,-7.25
28.7859,268,0.17972,-0.36142,-0.46824,0.91663,0.34000,-0.21019,0.00077,1,0.22390,-0.03239,0.27310,-0.15712,0.39320,0.89088,-0.16442,0.22486,-0.03246,0.26505,-0.15884,0.39394,0.88892,-0.17145,0.96,-0.07,-8.05
28.8026,269,0.18149,-0.36586,-0.46913,0.92173,0.32581,-0.21002,0.01233,1,0.22478,-0.03217,0.27219,-0.15726,0.39351,0.89054,-0.16541,0.22435,-0.03311,0.26360,-0.15922,0.39358,0.88874,-0.17285,-0.43,-0.93,-8.59
28.8192,270,0.18307,-0.37068,-0.46960,0.92584,0.31088,-0.21372,0.02244,1,0.22527,-0.03205,0.27111,-0.15750,0.39372,0.89021,-0.16644,0.22370,-0.03370,0.26218,-0.15970,0.39351,0.88842,-0.17423,-1.58,-1.64,-8.93
28.8360,271,0.18357,-0.37559,-0.47027,0.93003,0.29416,-0.21857,0.02706,1,0.22550,-0.03207,0.26979,-0.15779,0.39380,0.88991,-0.16756,0.22296,-0.03391,0.26070,-0.16057,0.39353,0.88803,-0.17538,-2.54,-1.84,-9.08
28.8528,272,0.18327,-0.38627,-0.47088,0.94012,0.25942,-0.21891,0.03098,1,0.22538,-0.03225,0.26834,-0.15813,0.39382,0.88961,-0.16881,0.22208,-0.03396,0.25929,-0.16162,0.39321,0.88778,-0.17637,-3.30,-1.71,-9.05
28.8694,273,0.18305,-0.39152,-0.47128,0.94581,0.24316,-0.21201,0.03697,1,0.22504,-0.03254,0.26686,-0.15845,0.39381,0.88932,-0.17006,0.22132,-0.03393,0.25781,-0.16231,0.39242,0.88779,-0.17745,-3.73,-1.39,-9.06
28.8861,274,0.18301,-0.39675,-0.47066,0.95168,0.22899,-0.19984,0.04402,1,0.22460,-0.03287,0.26550,-0.15883,0.39378,0.88905,-0.17119,0.22037,-0.03406,0.25644,-0.16276,0.39137,0.88798,-0.17840,-4.23,-1.19,-9.06
28.9029,275,0.18422,-0.40187,-0.46964,0.95692,0.21824,-0.18399,0.05320,1,0.22397,-0.03321,0.26403,-0.15949,0.39365,0.88876,-0.17235,0.21953,-0.03454,0.25509,-0.16289,0.39020,0.88829,-0.17928,-4.44,-1.33,-8.94
28.9196,276,0.18519,-0.40699,-0.46819,0.96066,0.21098,-0.16635,0.07040,1,0.22326,-0.03352,0.26255,-0.16016,0.39339,0.88853,-0.17355,0.21856,-0.03495,0.25379,-0.16254,0.38918,0.88861,-0.18027,-4.70,-1.43,-8.76
28.9364,277,0.18443,-0.41364,-0.46758,0.96849,0.18199,-0.12008,0.12035,1,0.22249,-0.03379,0.26109,-0.16079,0.39298,0.88837,-0.17470,0.21767,-0.03472,0.25240,-0.16232,0.38821,0.88885,-0.18137,-4.82,-0.93,-8.68
28.9532,278,0.18309,-0.41551,-0.46680,0.97102,0.16692,-0.08770,0.14689,1,0.22175,-0.03400,0.25974,-0.16127,0.39241,0.88833,-0.17574,0.21653,-0.03377,0.25166,-0.16204,0.38713,0.88918,-0.18232,-5.23,0.22,-8.08
28.9698,279,0.18216,-0.41657,-0.46637,0.97108,0.15836,-0.04981,0.17159,1,0.22091,-0.03418,0.25831,-0.16167,0.39165,0.88837,-0.17684,0.21564,-0.03272,0.25112,-0.16158,0.38600,0.88959,-0.18308,-5.27,1.45,-7.19
28.9866,280,0.18223,-0.41637,-0.46637,0.96741,0.15766,-0.01404,0.19763,1,0.22002,-0.03430,0.25690,-0.16191,0.39084,0.88846,-0.17796,0.21532,-0.03238,0.25100,-0.16085,0.38499,0.89001,-0.18381,-4.69,1.92,-5.90
29.0033,281,0.18221,-0.41603,-0.46637,0.96194,0.16252,0.01274,0.21932,1,0.21915,-0.03428,0.25565,-0.16193,0.38998,0.88862,-0.17900,0.21543,-0.03249,0.25130,-0.15991,0.38413,0.89041,-0.18449,-3.72,1.79,-4.35
29.0200,282,0.18188,-0.41195,-0.46851,0.95364,0.16458,0.04491,0.24791,1,0.21823,-0.03406,0.25443,-0.16184,0.38900,0.88887,-0.18000,0.21633,-0.03287,0.25216,-0.15907,0.38325,0.89078,-0.18529,-1.90,1.19,-2.28
29.0368,283,0.18168,-0.40859,-0.46992,0.95031,0.16556,0.05492,0.25784,1,0.21736,-0.03374,0.25344,-0.16160,0.38795,0.88916,-0.18102,0.21740,-0.03354,0.25324,-0.15819,0.38244,0.89111,-0.18613,0.04,0.20,-0.20
29.0534,284,0.18108,-0.40422,-0.47174,0.94648,0.17053,0.06550,0.26609,1,0.21660,-0.03337,0.25266,-0.16120,0.38687,0.88951,-0.18200,0.21847,-0.03415,0.25436,-0.15702,0.38177,0.89149,-0.18666,1.88,-0.78,1.70
29.0701,285,0.18029,-0.39996,-0.47323,0.94261,0.17873,0.07601,0.27161,1,0.21610,-0.03299,0.25217,-0.16066,0.38592,0.88985,-0.18282,0.21949,-0.03474,0.25555,-0.15569,0.38125,0.89191,-0.18683,3.39,-1.75,3.38
29.0869,286,0.17917,-0.39476,-0.47514,0.93961,0.18969,0.08263,0.27261,1,0.21580,-0.03268,0.25194,-0.15996,0.38496,0.89021,-0.18369,0.22054,-0.03532,0.25671,-0.15427,0.38117,0.89226,-0.18649,4.74,-2.63,4.76
29.1038,287,0.17673,-0.38271,-0.47924,0.93778,0.20927,0.08256,0.26451,1,0.21580,-0.03254,0.25204,-0.15914,0.38415,0.89054,-0.18449,0.22159,-0.03592,0.25785,-0.15317,0.38159,0.89243,-0.18573,5.79,-3.38,5.82
29.1205,288,0.17651,-0.37537,-0.48189,0.93769,0.22214,0.07324,0.25698,1,0.21609,-0.03267,0.25243,-0.15820,0.38335,0.89090,-0.18522,0.22265,-0.03674,0.25884,-0.15253,0.38251,0.89231,-0.18492,6.57,-4.07,6.41
29.1371,289,0.17617,-0.36696,-0.48427,0.93564,0.23615,0.06386,0.25443,1,0.21669,-0.03296,0.25305,-0.15716,0.38273,0.89127,-0.18562,0.22368,-0.03752,0.25989,-0.15180,0.38371,0.89202,-0.18447,6.99,-4.56,6.84
29.1541,290,0.17446,-0.35812,-0.48686,0.93241,0.25261,0.05895,0.25165,1,0.21751,-0.03343,0.25396,-0.15615,0.38233,0.89158,-0.18581,0.22480,-0.03805,0.26100,-0.15079,0.38465,0.89190,-0.18389,7.29,-4.63,7.05
29.1707,291,0.17243,-0.34947,-0.48912,0.92834,0.27120,0.05741,0.24766,1,0.21846,-0.03398,0.25501,-0.15522,0.38214,0.89183,-0.18579,0.22594,-0.03851,0.26213,-0.14968,0.38537,0.89193,-0.18319,7.48,-4.53,7.12
29.1878,292,0.16992,-0.33273,-0.49155,0.91962,0.30515,0.05797,0.24047,1,0.21952,-0.03465,0.25617,-0.15431,0.38233,0.89194,-0.18562,0.22698,-0.03909,0.26330,-0.14851,0.38596,0.89201,-0.18247,7.45,-4.44,7.13
29.2042,293,0.16860,-0.32524,-0.49207,0.91660,0.31622,0.05793,0.23769,1,0.22059,-0.03537,0.25732,-0.15342,0.38271,0.89200,-0.18530,0.22801,-0.03962,0.26450,-0.14737,0.38658,0.89208,-0.18173,7.43,-4.24,7.18
29.2209,294,0.16664,-0.31800,-0.49267,0.91333,0.32639,0.05755,0.23661,1,0.22175,-0.03614,0.25854,-0.15248,0.38324,0.89204,-0.18479,0.22912,-0.03998,0.26569,-0.14613,0.38722,0.89213,-0.18117,7.36,-3.85,7.15
29.2378,295,0.16402,-0.31102,-0.49339,0.90909,0.33772,0.05691,0.23720,1,0.22293,-0.03692,0.25978,-0.15152,0.38387,0.89206,-0.18418,0.23028,-0.04019,0.26687,-0.14480,0.38783,0.89214,-0.18083,7.35,-3.28,7.09
29.2544,296,0.16141,-0.30438,-0.49395,0.90389,0.34990,0.05698,0.23938,1,0.22404,-0.03763,0.26094,-0.15059,0.38449,0.89208,-0.18353,0.23144,-0.04038,0.26805,-0.14340,0.38833,0.89219,-0.18064,7.40,-2.75,7.11
29.2713,297,0.15642,-0.29243,-0.49423,0.89366,0.37126,0.06067,0.24466,1,0.22522,-0.03832,0.26215,-0.14955,0.38513,0.89212,-0.18285,0.23258,-0.04054,0.26926,-0.14194,0.38862,0.89233,-0.18048,7.36,-2.21,7.11
29.2882,298,0.15347,-0.28682,-0.49422,0.88815,0.38442,0.06354,0.24365,1,0.22640,-0.03893,0.26335,-0.14842,0.38581,0.89214,-0.18224,0.23373,-0.04057,0.27046,-0.14061,0.38895,0.89251,-0.17990,7.33,-1.64,7.11
29.3047,0,0.14972,-0.28135,-0.49402,0.88124,0.40445,0.06648,0.23539,1,0.22763,-0.03943,0.26458,-0.14718,0.38644,0.89218,-0.18170,0.23488,-0.04041,0.27166,-0.13954,0.38945,0.89265,-0.17898,7.25,-0.98,7.08
29.3213,1,0.14578,-0.27651,-0.49381,0.87576,0.42681,0.06741,0.21523,1,0.22881,-0.03982,0.26580,-0.14596,0.38699,0.89224,-0.18123,0.23604,-0.04010,0.27281,-0.13892,0.39008,0.89271,-0.17778,7.23,-0.28,7.01
29.3381,2,0.14182,-0.27167,-0.49362,0.87445,0.44237,0.06781,0.18722,1,0.22992,-0.04006,0.26693,-0.14479,0.38747,0.89231,-0.18081,0.23726,-0.03972,0.27388,-0.13879,0.39069,0.89274,-0.17641,7.34,0.34,6.96
29.3549,3,0.13425,-0.26273,-0.49195,0.87693,0.45852,0.06943,0.12625,1,0.23111,-0.04021,0.26810,-0.14351,0.38798,0.89239,-0.18032,0.23836,-0.03923,0.27503,-0.13904,0.39119,0.89275,-0.17502,7.26,0.97,6.94
29.3716,4,0.13075,-0.25895,-0.49113,0.87750,0.46359,0.07008,0.10081,1,0.23231,-0.04026,0.26927,-0.14230,0.38847,0.89249,-0.17975,0.23943,-0.03850,0.27609,-0.13935,0.39168,0.89276,-0.17363,7.12,1.75,6.81
29.3884,5,0.12762,-0.25551,-0.49030,0.87743,0.46746,0.06891,0.08272,1,0.23350,-0.04016,0.27044,-0.14130,0.38898,0.89257,-0.17900,0.24047,-0.03772,0.27712,-0.13964,0.39228,0.89271,-0.17229,6.97,2.44,6.68
29.4051,6,0.12447,-0.25258,-0.48931,0.87703,0.47064,0.06536,0.07110,1,0.23458,-0.03994,0.27151,-0.14061,0.38948,0.89264,-0.17813,0.24140,-0.03677,0.27813,-0.13983,0.39315,0.89253,-0.17110,6.82,3.17,6.62
29.4219,7,0.12127,-0.24971,-0.48871,0.87544,0.47527,0.06070,0.06359,1,0.23573,-0.03961,0.27267,-0.14006,0.39003,0.89269,-0.17709,0.24239,-0.03576,0.27901,-0.13961,0.39424,0.89227,-0.17012,6.66,3.85,6.33
29.4386,8,0.11520,-0.24529,-0.48760,0.87149,0.48426,0.05245,0.05705,1,0.23684,-0.03918,0.27383,-0.13977,0.39056,0.89273,-0.17593,0.24328,-0.03460,0.27981,-0.13894,0.39538,0.89199,-0.16947,6.45,4.58,5.98
29.4554,9,0.11214,-0.24322,-0.48729,0.86886,0.48905,0.05108,0.05740,1,0.23783,-0.03867,0.27486,-0.13966,0.39111,0.89274,-0.17478,0.24419,-0.03337,0.28048,-0.13777,0.39610,0.89192,-0.16910,6.36,5.30,5.62
29.4721,10,0.10922,-0.24139,-0.48678,0.86597,0.49393,0.05167,0.05876,1,0.23887,-0.03804,0.27592,-0.13956,0.39177,0.89270,-0.17356,0.24501,-0.03212,0.28121,-0.13632,0.39620,0.89215,-0.16885,6.14,5.92,5.29
29.4888,11,0.10642,-0.23993,-0.48608,0.86299,0.49840,0.05370,0.06295,1,0.23989,-0.03729,0.27695,-0.13933,0.39259,0.89259,-0.17246,0.24568,-0.03080,0.28197,-0.13495,0.39577,0.89250,-0.16909,5.78,6.49,5.03
29.5055,12,0.10349,-0.23886,-0.48546,0.86243,0.49889,0.05691,0.06383,1,0.24093,-0.03642,0.27794,-0.13894,0.39342,0.89248,-0.17146,0.24623,-0.02936,0.28262,-0.13409,0.39490,0.89303,-0.16906,5.30,7.06,4.67
29.5222,13,0.09744,-0.23684,-0.48401,0.86143,0.49990,0.06067,0.06602,1,0.24185,-0.03552,0.27882,-0.13847,0.39406,0.89242,-0.17070,0.24674,-0.02792,0.28327,-0.13339,0.39372,0.89364,-0.16909,4.89,7.60,4.45
29.5390,14,0.09459,-0.23602,-0.48356,0.86000,0.50223,0.06146,0.06628,1,0.24276,-0.03447,0.27967,-0.13778,0.39458,0.89241,-0.17009,0.24727,-0.02643,0.28380,-0.13234,0.39312,0.89411,-0.16885,4.51,8.05,4.13
29.5559,15,0.09204,-0.23555,-0.48304,0.85867,0.50427,0.06268,0.06684,1,0.24365,-0.03334,0.28049,-0.13689,0.39482,0.89252,-0.16965,0.24764,-0.02489,0.28431,-0.13101,0.39273,0.89455,-0.16846,3.99,8.46,3.82
29.5725,16,0.08972,-0.23507,-0.48248,0.85691,0.50669,0.06426,0.06961,1,0.24440,-0.03217,0.28122,-0.13606,0.39474,0.89275,-0.16933,0.24802,-0.02337,0.28489,-0.12972,0.39215,0.89494,-0.16876,3.61,8.80,3.67
29.5893,17,0.08735,-0.23467,-0.48179,0.85477,0.50956,0.06672,0.07260,1,0.24510,-0.03081,0.28192,-0.13519,0.39446,0.89305,-0.16909,0.24831,-0.02185,0.28551,-0.12847,0.39148,0.89538,-0.16891,3.21,8.96,3.59
29.6060,18,0.08357,-0.23399,-0.48061,0.85009,0.51535,0.07266,0.08050,1,0.24573,-0.02941,0.28256,-0.13420,0.39411,0.89338,-0.16895,0.24862,-0.02034,0.28616,-0.12729,0.39072,0.89583,-0.16919,2.89,9.07,3.60
29.6227,19,0.08184,-0.23324,-0.47956,0.84695,0.51905,0.07432,0.08797,1,0.24632,-0.02796,0.28317,-0.13309,0.39365,0.89377,-0.16884,0.24902,-0.01913,0.28722,-0.12611,0.39020,0.89609,-0.16991,2.71,8.83,4.06
29.6397,20,0.08024,-0.23238,-0.47832,0.84322,0.52320,0.07719,0.09638,1,0.24683,-0.02648,0.28377,-0.13194,0.39311,0.89418,-0.16881,0.24943,-0.01807,0.28844,-0.12494,0.38957,0.89640,-0.17055,2.60,8.41,4.68
29.6564,21,0.07873,-0.23122,-0.47698,0.83920,0.52746,0.08041,0.10518,1,0.24728,-0.02498,0.28440,-0.13075,0.39253,0.89459,-0.16889,0.24998,-0.01719,0.28975,-0.12379,0.38893,0.89672,-0.17118,2.70,7.78,5.35
29.6741,22,0.07721,-0.22982,-0.47527,0.83425,0.53283,0.08376,0.11444,1,0.24768,-0.02350,0.28509,-0.12955,0.39192,0.89500,-0.16909,0.25051,-0.01648,0.29116,-0.12256,0.38835,0.89704,-0.17174,2.83,7.01,6.08
29.6897,23,0.07384,-0.22600,-0.47117,0.82060,0.54958,0.09222,0.12678,1,0.24804,-0.02217,0.28581,-0.12843,0.39133,0.89537,-0.16938,0.25114,-0.01591,0.29259,-0.12115,0.38796,0.89738,-0.17180,3.10,6.25,6.79
29.7064,24,0.07197,-0.22349,-0.46900,0.81348,0.55885,0.09728,0.12832,1,0.24844,-0.02094,0.28663,-0.12727,0.39075,0.89571,-0.16974,0.25199,-0.01547,0.29396,-0.11979,0.38773,0.89775,-0.17135,3.55,5.48,7.33
29.7232,25,0.06974,-0.22071,-0.46666,0.80757,0.56710,0.10167,0.12605,1,0.24889,-0.01977,0.28763,-0.12604,0.39014,0.89607,-0.17018,0.25288,-0.01497,0.29527,-0.11860,0.38772,0.89808,-0.17049,3.99,4.80,7.65
29.7399,26,0.06693,-0.21766,-0.46366,0.80261,0.57461,0.10576,0.12019,1,0.24941,-0.01875,0.28876,-0.12478,0.38956,0.89642,-0.17057,0.25372,-0.01440,0.29660,-0.11773,0.38791,0.89833,-0.16932,4.31,4.35,7.84
29.7568,27,0.06359,-0.21423,-0.46062,0.79686,0.58329,0.11067,0.11197,1,0.24998,-0.01784,0.28999,-0.12351,0.38910,0.89676,-0.17081,0.25464,-0.01376,0.29783,-0.11696,0.38813,0.89857,-0.16807,4.66,4.08,7.84
29.7737,28,0.05652,-0.20741,-0.45441,0.78174,0.60328,0.12486,0.09666,1,0.25063,-0.01702,0.29128,-0.12223,0.38877,0.89707,-0.17084,0.25558,-0.01305,0.29902,-0.11608,0.38819,0.89888,-0.16690,4.95,3.97,7.74
29.7902,29,0.05282,-0.20386,-0.45137,0.77095,0.61612,0.13382,0.09010,1,0.25129,-0.01632,0.29251,-0.12113,0.38848,0.89738,-0.17062,0.25661,-0.01230,0.30009,-0.11505,0.38813,0.89923,-0.16587,5.32,4.01,7.58
29.8070,30,0.04905,-0.20006,-0.44874,0.75847,0.63034,0.14317,0.08309,1,0.25204,-0.01563,0.29381,-0.12003,0.38830,0.89770,-0.17014,0.25777,-0.01156,0.30102,-0.11398,0.38810,0.89956,-0.16487,5.73,4.07,7.21
29.8243,31,0.04529,-0.19578,-0.44664,0.74568,0.64417,0.15264,0.07559,1,0.25287,-0.01498,0.29511,-0.11897,0.38820,0.89802,-0.16944,0.25911,-0.01088,0.30175,-0.11294,0.38807,0.89989,-0.16384,6.24,4.11,6.64
29.8406,32,0.03736,-0.18789,-0.44307,0.72555,0.66391,0.17083,0.06015,1,0.25374,-0.01433,0.29636,-0.11798,0.38814,0.89833,-0.16860,0.26046,-0.01010,0.30233,-0.11205,0.38800,0.90024,-0.16268,6.72,4.24,5.97
29.8573,33,0.03399,-0.18472,-0.44134,0.72012,0.66851,0.17810,0.05293,1,0.25463,-0.01373,0.29749,-0.11705,0.38812,0.89862,-0.16773,0.26181,-0.00927,0.30287,-0.11151,0.38793,0.90058,-0.16133,7.18,4.46,5.38
29.8740,34,0.03044,-0.18157,-0.43971,0.71615,0.67157,0.18447,0.04567,1,0.25567,-0.01308,0.29859,-0.11604,0.38812,0.89894,-0.16674,0.26316,-0.00840,0.30331,-0.11117,0.38790,0.90089,-0.15990,7.49,4.68,4.72
29.8908,35,0.02691,-0.17866,-0.43845,0.71363,0.67367,0.18827,0.03812,1,0.25680,-0.01240,0.29961,-0.11505,0.38808,0.89928,-0.16568,0.26451,-0.00748,0.30362,-0.11099,0.38819,0.90105,-0.15845,7.72,4.91,4.00
29.9075,36,0.02357,-0.17579,-0.43757,0.71191,0.67525,0.19047,0.03081,1,0.25798,-0.01167,0.30053,-0.11414,0.38803,0.89962,-0.16456,0.26591,-0.00659,0.30378,-0.11091,0.38869,0.90109,-0.15704,7.93,5.08,3.25
29.9241,37,0.01908,-0.16871,-0.43846,0.71035,0.67628,0.19363,0.02370,1,0.25911,-0.01095,0.30128,-0.11345,0.38796,0.89995,-0.16344,0.26752,-0.00623,0.30354,-0.11094,0.38902,0.90119,-0.15558,8.41,4.72,2.27
29.9407,38,0.01728,-0.16370,-0.43908,0.70962,0.67689,0.19466,0.01901,0,0.26034,-0.01015,0.30195,-0.11282,0.38801,0.90023,-0.16220,0.26752,-0.00623,0.30354,-0.11094,0.38902,0.90119,-0.15558,7.18,3.92,1.59
29.9574,39,0.01662,-0.15933,-0.44165,0.71042,0.67646,0.19353,0.01578,0,0.26164,-0.00935,0.30250,-0.11226,0.38814,0.90048,-0.16088,0.26752,-0.00623,0.30354,-0.11094,0.38902,0.90119,-0.15558,5.88,3.12,1.04
29.9742,40,0.01608,-0.15564,-0.44431,0.71172,0.67587,0.19087,0.01513,0,0.26287,-0.00860,0.30289,-0.11185,0.38827,0.90069,-0.15966,0.26752,-0.00623,0.30354,-0.11094,0.38902,0.90119,-0.15558,4.65,2.37,0.65
29.9909,41,0.01596,-0.15274,-0.44727,0.71568,0.67294,0.18593,0.01955,0,0.26408,-0.00788,0.30321,-0.11152,0.38845,0.90086,-0.15849,0.26752,-0.00623,0.30354,-0.11094,0.38902,0.90119,-0.15558,3.44,1.64,0.33
30.0077,42,0.01705,-0.14950,-0.45416,0.72691,0.66394,0.17247,0.03220,0,0.26506,-0.00735,0.30345,-0.11130,0.38859,0.90098,-0.15764,0.26752,-0.00623,0.30354,-0.11094,0.38902,0.90119,-0.15558,2.46,1.12,0.10
30.0244,43,0.01812,-0.15092,-0.45628,0.73484,0.65743,0.16115,0.04281,0,0.26580,-0.00699,0.30359,-0.11116,0.38874,0.90105,-0.15697,0.26752,-0.00623,0.30354,-0.11094,0.38902,0.90119,-0.15558,1.72,0.76,-0.04
30.0412,44,0.01949,-0.15273,-0.45815,0.74230,0.65140,0.14710,0.05508,0,0.26628,-0.00678,0.30361,-0.11114,0.38880,0.90111,-0.15647,0.26752,-0.00623,0.30354,-0.11094,0.38902,0.90119,-0.15558,1.24,0.54,-0.07
30.0580,45,0.02084,-0.15329,-0.46003,0.74851,0.64690,0.13029,0.06543,0,0.26663,-0.00664,0.30358,-0.11108,0.38885,0.90115,-0.15613,0.26752,-0.00623,0.30354,-0.11094,0.38902,0.90119,-0.15558,0.89,0.41,-0.04
30.0747,46,0.02205,-0.15271,-0.46207,0.75353,0.64361,0.11333,0.07153,0,0.26691,-0.00655,0.30360,-0.11094,0.38890,0.90119,-0.15588,0.26752,-0.00623,0.30354,-0.11094,0.38902,0.90119,-0.15558,0.61,0.32,-0.05
30.0914,47,0.02486,-0.14824,-0.46669,0.76433,0.63591,0.07818,0.07276,0,0.26708,-0.00648,0.30362,-0.11091,0.38892,0.90122,-0.15571,0.26752,-0.00623,0.30354,-0.11094,0.38902,0.90119,-0.15558,0.44,0.24,-0.08
30.1081,48,0.02613,-0.14605,-0.46858,0.77043,0.63054,0.06163,0.07112,0,0.26715,-0.00641,0.30362,-0.11096,0.38892,0.90123,-0.15562,0.26752,-0.00623,0.30354,-0.11094,0.38902,0.90119,-0.15558,0.37,0.18,-0.08
30.1250,49,0.02743,-0.14313,-0.47083,0.77616,0.62503,0.04691,0.06866,0,0.26719,-0.00639,0.30360,-0.11095,0.38897,0.90121,-0.15557,0.26752,-0.00623,0.30354,-0.11094,0.38902,0.90119,-0.15558,0.33,0.15,-0.06
30.1418,50,0.02863,-0.13906,-0.47356,0.78156,0.61941,0.03660,0.06452,0,0.26725,-0.00637,0.30360,-0.11089,0.38899,0.90122,-0.15552,0.26752,-0.00623,0.30354,-0.11094,0.38902,0.90119,-0.15558,0.27,0.14,-0.05
30.1586,51,0.03064,-0.13458,-0.47628,0.78753,0.61260,0.03140,0.05952,0,0.26728,-0.00635,0.30360,-0.11084,0.38896,0.90124,-0.15551,0.26752,-0.00623,0.30354,-0.11094,0.38902,0.90119,-0.15558,0.24,0.11,-0.06
30.1754,52,0.03385,-0.12506,-0.48143,0.79511,0.60381,0.02310,0.05178,0,0.26728,-0.00632,0.30361,-0.11082,0.38894,0.90125,-0.15552,0.26752,-0.00623,0.30354,-0.11094,0.38902,0.90119,-0.15558,0.24,0.09,-0.07
30.1921,53,0.03583,-0.11731,-0.48520,0.79638,0.60235,0.02172,0.04978,0,0.26727,-0.00629,0.30362,-0.11078,0.38895,0.90125,-0.15552,0.26752,-0.00623,0.30354,-0.11094,0.38902,0.90119,-0.15558,0.25,0.05,-0.08
30.2089,54,0.03835,-0.10823,-0.48894,0.79759,0.60072,0.01270,0.05319,0,0.26726,-0.00625,0.30363,-0.11075,0.38897,0.90125,-0.15550,0.26752,-0.00623,0.30354,-0.11094,0.38902,0.90119,-0.15558,0.26,0.02,-0.08
30.2257,55,0.04125,-0.10003,-0.49228,0.80004,0.59711,-0.00137,0.05832,0,0.26725,-0.00624,0.30364,-0.11073,0.38898,0.90125,-0.15550,0.26752,-0.00623,0.30354,-0.11094,0.38902,0.90119,-0.15558,0.27,0.00,-0.09
30.2425,56,0.04514,-0.09347,-0.49549,0.80357,0.59145,-0.01764,0.06447,0,0.26725,-0.00624,0.30364,-0.11074,0.38900,0.90124,-0.15549,0.26752,-0.00623,0.30354,-0.11094,0.38902,0.90119,-0.15558,0.28,0.01,-0.10
30.2592,57,0.05628,-0.08111,-0.50338,0.81223,0.57594,-0.04611,0.08031,0,0.26724,-0.00625,0.30363,-0.11077,0.38900,0.90124,-0.15547,0.26752,-0.00623,0.30354,-0.11094,0.38902,0.90119,-0.15558,0.28,0.02,-0.08
30.2760,58,0.06322,-0.07628,-0.50755,0.82114,0.56215,-0.05382,0.08254,0,0.26723,-0.00626,0.30362,-0.11079,0.38901,0.90124,-0.15546,0.26752,-0.00623,0.30354,-0.11094,0.38902,0.90119,-0.15558,0.29,0.03,-0.08
30.2926,59,0.07094,-0.07334,-0.51180,0.83036,0.54832,-0.06102,0.07817,0,0.26725,-0.00628,0.30363,-0.11078,0.38900,0.90124,-0.15545,0.26752,-0.00623,0.30354,-0.11094,0.38902,0.90119,-0.15558,0.27,0.04,-0.09
30.3093,60,0.07931,-0.07217,-0.51570,0.83436,0.54187,-0.07260,0.07039,0,0.26727,-0.00628,0.30365,-0.11078,0.38899,0.90125,-0.15543,0.26752,-0.00623,0.30354,-0.11094,0.38902,0.90119,-0.15558,0.25,0.05,-0.10
30.3261,61,0.08832,-0.07260,-0.51963,0.83509,0.53973,-0.08839,0.05927,0,0.26727,-0.00628,0.30364,-0.11078,0.38899,0.90125,-0.15543,0.26752,-0.00623,0.30354,-0.11094,0.38902,0.90119,-0.15558,0.25,0.05,-0.10
30.3428,62,0.10959,-0.07095,-0.52672,0.83384,0.53362,-0.13025,0.05471,0,0.26726,-0.00629,0.30364,-0.11079,0.38899,0.90125,-0.15543,0.26752,-0.00623,0.30354,-0.11094,0.38902,0.90119,-0.15558,0.26,0.06,-0.10
30.3597,63,0.12207,-0.06846,-0.53019,0.83366,0.52861,-0.15011,0.05523,0,0.26726,-0.00629,0.30364,-0.11079,0.38899,0.90125,-0.15544,0.26752,-0.00623,0.30354,-0.11094,0.38902,0.90119,-0.15558,0.26,0.06,-0.10
30.3765,64,0.13527,-0.06543,-0.53344,0.83408,0.52285,-0.16754,0.05361,0,0.26726,-0.00629,0.30364,-0.11079,0.38899,0.90125,-0.15544,0.26752,-0.00623,0.30354,-0.11094,0.38902,0.90119,-0.15558,0.26,0.06,-0.10
30.3933,65,0.14809,-0.06229,-0.53638,0.83315,0.51841,-0.18547,0.05208,0,0.26726,-0.00629,0.30364,-0.11079,0.38899,0.90125,-0.15544,0.26752,-0.00623,0.30354,-0.11094,0.38902,0.90119,-0.15558,0.26,0.06,-0.10
30.4101,66,0.15970,-0.05784,-0.53943,0.82820,0.51887,-0.20447,0.05533,0,0.26726,-0.00630,0.30364,-0.11079,0.38899,0.90125,-0.15544,0.26752,-0.00623,0.30354,-0.11094,0.38902,0.90119,-0.15558,0.26,0.06,-0.10
30.4269,67,0.18174,-0.04823,-0.54460,0.80837,0.53093,-0.24076,0.08179,0,0.26726,-0.00630,0.30364,-0.11079,0.38900,0.90125,-0.15544,0.26752,-0.00623,0.30354,-0.11094,0.38902,0.90119,-0.15558,0.26,0.07,-0.10
30.4437,68,0.19302,-0.04147,-0.54689,0.79724,0.53904,-0.25243,0.10062,0,0.26726,-0.00630,0.30364,-0.11079,0.38900,0.90125,-0.15544,0.26752,-0.00623,0.30354,-0.11094,0.38902,0.90119,-0.15558,0.26,0.06,-0.10
30.4605,69,0.20442,-0.03384,-0.54916,0.78894,0.54461,-0.26041,0.11472,0,0.26727,-0.00630,0.30364,-0.11079,0.38900,0.90125,-0.15544,0.26752,-0.00623,0.30354,-0.11094,0.38902,0.90119,-0.15558,0.25,0.06,-0.10
30.4770,70,0.21488,-0.02529,-0.55148,0.78020,0.55051,-0.26818,0.12768,0,0.26727,-0.00630,0.30365,-0.11079,0.38900,0.90125,-0.15544,0.26752,-0.00623,0.30354,-0.11094,0.38902,0.90119,-0.15558,0.25,0.06,-0.10
30.4938,71,0.22382,-0.01400,-0.55366,0.76959,0.55573,-0.27948,0.14420,0,0.26727,-0.00630,0.30365,-0.11079,0.38900,0.90125,-0.15544,0.26752,-0.00623,0.30354,-0.11094,0.38902,0.90119,-0.15558,0.25,0.06,-0.10
30.5105,72,0.23735,0.01072,-0.55776,0.74007,0.56164,-0.31736,0.19008,0,0.26727,-0.00630,0.30365,-0.11079,0.38900,0.90125,-0.15544,0.26752,-0.00623,0.30354,-0.11094,0.38902,0.90119,-0.15558,0.25,0.06,-0.10
30.5274,73,0.24292,0.02457,-0.55939,0.72413,0.56931,-0.32763,0.21019,0,0.26727,-0.00629,0.30365,-0.11079,0.38899,0.90125,-0.15544,0.26752,-0.00623,0.30354,-0.11094,0.38902,0.90119,-0.15558,0.25,0.06,-0.10
30.5441,74,0.24900,0.03918,-0.55982,0.71133,0.57960,-0.32754,0.22536,0,0.26727,-0.00630,0.30365,-0.11079,0.38899,0.90125,-0.15544,0.26752,-0.00623,0.30354,-0.11094,0.38902,0.90119,-0.15558,0.25,0.06,-0.10
30.5608,75,0.25398,0.05443,-0.55878,0.69889,0.58953,-0.32768,0.23799,0,0.26727,-0.00630,0.30365,-0.11079,0.38900,0.90125,-0.15544,0.26752,-0.00623,0.30354,-0.11094,0.38902,0.90119,-0.15558,0.25,0.06,-0.10
30.5775,76,0.25812,0.06989,-0.55704,0.68721,0.59966,-0.32870,0.24517,0,0.26727,-0.00630,0.30365,-0.11079,0.38900,0.90125,-0.15543,0.26752,-0.00623,0.30354,-0.11094,0.38902,0.90119,-0.15558,0.25,0.07,-0.10
30.5942,77,0.26334,0.10361,-0.55252,0.66483,0.62691,-0.32505,0.24357,0,0.26727,-0.00630,0.30365,-0.11079,0.38900,0.90125,-0.15543,0.26752,-0.00623,0.30354,-0.11094,0.38902,0.90119,-0.15558,0.25,0.07,-0.10
30.6111,78,0.26478,0.11973,-0.54984,0.65915,0.63663,-0.32377,0.23538,0,0.26727,-0.00630,0.30365,-0.11079,0.38900,0.90125,-0.15544,0.26752,-0.00623,0.30354,-0.11094,0.38902,0.90119,-0.15558,0.25,0.07,-0.10
30.6278,79,0.26583,0.13564,-0.54691,0.65741,0.64136,-0.32511,0.22533,0,0.26727,-0.00630,0.30365,-0.11079,0.38900,0.90125,-0.15544,0.26752,-0.00623,0.30354,-0.11094,0.38902,0.90119,-0.15558,0.25,0.07,-0.10
30.6444,80,0.26562,0.15122,-0.54378,0.65532,0.64500,-0.32671,0.21860,0,0.26727,-0.00630,0.30365,-0.11079,0.38900,0.90125,-0.15544,0.26752,-0.00623,0.30354,-0.11094,0.38902,0.90119,-0.15558,0.25,0.06,-0.10
30.6612,81,0.26395,0.16589,-0.54076,0.65046,0.64685,-0.33152,0.22040,0,0.26727,-0.00629,0.30365,-0.11079,0.38899,0.90125,-0.15544,0.26752,-0.00623,0.30354,-0.11094,0.38902,0.90119,-0.15558,0.25,0.06,-0.10
30.6780,82,0.25650,0.19471,-0.53570,0.62894,0.64762,-0.34885,0.25163,0,0.26727,-0.00629,0.30365,-0.11079,0.38899,0.90125,-0.15544,0.26752,-0.00623,0.30354,-0.11094,0.38902,0.90119,-0.15558,0.25,0.06,-0.10
30.6948,83,0.25308,0.20969,-0.53229,0.62045,0.64582,-0.35458,0.26876,0,0.26727,-0.00629,0.30365,-0.11079,0.38899,0.90125,-0.15544,0.26752,-0.00623,0.30354,-0.11094,0.38902,0.90119,-0.15558,0.25,0.06,-0.10
30.7115,84,0.24999,0.22393,-0.52884,0.61332,0.64513,-0.35764,0.28240,0,0.26727,-0.00629,0.30365,-0.11079,0.38899,0.90125,-0.15544,0.26752,-0.00623,0.30354,-0.11094,0.38902,0.90119,-0.15558,0.25,0.06,-0.10
30.7283,85,0.24608,0.23781,-0.52452,0.61129,0.64612,-0.35035,0.29344,0,0.26727,-0.00629,0.30365,-0.11080,0.38899,0.90125,-0.15544,0.26752,-0.00623,0.30354,-0.11094,0.38902,0.90119,-0.15558,0.25,0.06,-0.10
30.7449,86,0.24112,0.25080,-0.51904,0.61454,0.64364,-0.33777,0.30655,0,0.26727,-0.00629,0.30365,-0.11080,0.38900,0.90125,-0.15544,0.26752,-0.00623,0.30354,-0.11094,0.38902,0.90119,-0.15558,0.25,0.06,-0.10
30.7618,87,0.21619,0.28876,-0.48912,0.58308,0.70436,-0.30764,0.26316,0,0.26727,-0.00630,0.30365,-0.11080,0.38900,0.90125,-0.15544,0.26752,-0.00623,0.30354,-0.11094,0.38902,0.90119,-0.15558,0.25,0.06,-0.10
30.7786,88,0.21686,0.28554,-0.49499,0.57659,0.71345,-0.30481,0.25619,0,0.26727,-0.00630,0.30365,-0.11080,0.38900,0.90125,-0.15544,0.26752,-0.00623,0.30354,-0.11094,0.38902,0.90119,-0.15558,0.25,0.07,-0.10
30.7953,89,0.20582,0.29582,-0.49058,0.57512,0.70534,-0.31494,0.26934,0,0.26727,-0.00630,0.30365,-0.11080,0.38900,0.90125,-0.15544,0.26752,-0.00623,0.30354,-0.11094,0.38902,0.90119,-0.15558,0.25,0.06,-0.10
30.8119,90,0.19505,0.30121,-0.48171,0.55999,0.72425,-0.31938,0.24468,0,0.26727,-0.00630,0.30365,-0.11080,0.38900,0.90125,-0.15544,0.26752,-0.00623,0.30354,-0.11094,0.38902,0.90119,-0.15558,0.25,0.06,-0.10
30.8287,91,0.17552,0.31751,-0.46384,0.55208,0.71740,-0.32635,0.27211,0,0.26727,-0.00630,0.30365,-0.11080,0.38900,0.90125,-0.15544,0.26752,-0.00623,0.30354,-0.11094,0.38902,0.90119,-0.15558,0.25,0.06,-0.10
30.8454,92,0.16655,0.32414,-0.45782,0.54611,0.71534,-0.33298,0.28137,0,0.26727,-0.00630,0.30365,-0.11079,0.38900,0.90125,-0.15544,0.26752,-0.00623,0.30354,-0.11094,0.38902,0.90119,-0.15558,0.25,0.06,-0.10
30.8622,93,0.15727,0.32927,-0.45153,0.53957,0.71383,-0.33724,0.29255,0,0.26728,-0.00629,0.30365,-0.11079,0.38900,0.90125,-0.15544,0.26752,-0.00623,0.30354,-0.11094,0.38902,0.90119,-0.15558,0.25,0.06,-0.10
30.8790,94,0.14936,0.33405,-0.44567,0.53279,0.71341,-0.34027,0.30232,0,0.26728,-0.00629,0.30365,-0.11079,0.38900,0.90125,-0.15544,0.26752,-0.00623,0.30354,-0.11094,0.38902,0.90119,-0.15558,0.25,0.06,-0.10
30.8957,95,0.14032,0.33983,-0.44185,0.52271,0.72171,-0.33766,0.30315,0,0.26728,-0.00629,0.30365,-0.11079,0.38900,0.90125,-0.15544,0.26752,-0.00623,0.30354,-0.11094,0.38902,0.90119,-0.15558,0.25,0.06,-0.10
30.9125,96,0.12306,0.34585,-0.43936,0.49607,0.75812,-0.30794,0.29041,0,0.26728,-0.00630,0.30365,-0.11079,0.38900,0.90125,-0.15544,0.26752,-0.00623,0.30354,-0.11094,0.38902,0.90119,-0.15558,0.25,0.06,-0.10
30.9292,97,0.11328,0.35101,-0.43955,0.47988,0.78145,-0.28961,0.27418,0,0.26727,-0.00629,0.30365,-0.11079,0.38900,0.90124,-0.15544,0.26752,-0.00623,0.30354,-0.11094,0.38902,0.90119,-0.15558,0.25,0.06,-0.10
30.9461,98,0.10397,0.35601,-0.43972,0.46170,0.80505,-0.27253,0.25388,0,0.26728,-0.00630,0.30365,-0.11079,0.38900,0.90124,-0.15544,0.26752,-0.00623,0.30354,-0.11094,0.38902,0.90119,-0.15558,0.25,0.06,-0.10
30.9628,99,0.09576,0.35580,-0.43366,0.45329,0.81084,-0.26679,0.25670,0,0.26728,-0.00630,0.30365,-0.11079,0.38900,0.90125,-0.15544,0.26752,-0.00623,0.30354,-0.11094,0.38902,0.90119,-0.15558,0.24,0.06,-0.11
30.9795,100,0.08219,0.36158,-0.42509,0.47696,0.78510,-0.26924,0.28920,0,0.26728,-0.00630,0.30365,-0.11079,0.38900,0.90125,-0.15544,0.26752,-0.00623,0.30354,-0.11094,0.38902,0.90119,-0.15558,0.24,0.06,-0.11
30.9963,101,0.06590,0.36318,-0.41746,0.47446,0.78600,-0.27381,0.28658,0,0.26728,-0.00630,0.30365,-0.11079,0.38900,0.90125,-0.15544,0.26752,-0.00623,0.30354,-0.11094,0.38902,0.90119,-0.15558,0.24,0.06,-0.10
31.0130,102,0.05738,0.36236,-0.41570,0.45885,0.79201,-0.27596,0.29330,0,0.26728,-0.00630,0.30365,-0.11080,0.38900,0.90125,-0.15543,0.26752,-0.00623,0.30354,-0.11094,0.38902,0.90119,-0.15558,0.24,0.06,-0.10
31.0297,103,0.05029,0.36099,-0.41480,0.43874,0.80053,-0.26927,0.30686,0,0.26728,-0.00630,0.30365,-0.11080,0.38900,0.90125,-0.15543,0.26752,-0.00623,0.30354,-0.11094,0.38902,0.90119,-0.15558,0.24,0.07,-0.10
31.0465,104,0.04647,0.35934,-0.41339,0.42541,0.80535,-0.25636,0.32361,0,0.26728,-0.00630,0.30365,-0.11080,0.38900,0.90125,-0.15544,0.26752,-0.00623,0.30354,-0.11094,0.38902,0.90119,-0.15558,0.24,0.07,-0.10
31.0632,105,0.04180,0.35834,-0.41125,0.41701,0.80451,-0.24983,0.34125,0,0.26728,-0.00629,0.30365,-0.11079,0.38899,0.90125,-0.15544,0.26752,-0.00623,0.30354,-0.11094,0.38902,0.90119,-0.15558,0.24,0.06,-0.10
31.0800,106,0.03021,0.35585,-0.40590,0.41963,0.80878,-0.23011,0.34182,0,0.26728,-0.00629,0.30365,-0.11080,0.38899,0.90125,-0.15544,0.26752,-0.00623,0.30354,-0.11094,0.38902,0.90119,-0.15558,0.24,0.06,-0.10
31.0968,107,0.02482,0.35623,-0.40166,0.42776,0.81043,-0.21703,0.33634,0,0.26728,-0.00629,0.30364,-0.11080,0.38899,0.90125,-0.15544,0.26752,-0.00623,0.30354,-0.11094,0.38902,0.90119,-0.15558,0.24,0.06,-0.10
31.1134,108,0.01885,0.35617,-0.39921,0.43512,0.81075,-0.20780,0.33191,0,0.26728,-0.00630,0.30365,-0.11080,0.38900,0.90125,-0.15544,0.26752,-0.00623,0.30354,-0.11094,0.38902,0.90119,-0.15558,0.24,0.06,-0.10
31.1303,109,0.01021,0.35473,-0.39938,0.43822,0.82023,-0.19841,0.30955,0,0.26728,-0.00630,0.30365,-0.11080,0.38900,0.90125,-0.15544,0.26752,-0.00623,0.30354,-0.11094,0.38902,0.90119,-0.15558,0.24,0.06,-0.10
31.1468,110,0.00277,0.35195,-0.40179,0.43793,0.83870,-0.17198,0.27429,0,0.26728,-0.00629,0.30365,-0.11079,0.38900,0.90125,-0.15544,0.26752,-0.00623,0.30354,-0.11094,0.38902,0.90119,-0.15558,0.24,0.06,-0.10
31.1637,111,-0.00552,0.34302,-0.39441,0.42362,0.85077,-0.13632,0.27956,0,0.26728,-0.00629,0.30365,-0.11080,0.38900,0.90125,-0.15544,0.26752,-0.00623,0.30354,-0.11094,0.38902,0.90119,-0.15558,0.24,0.06,-0.10
31.1804,112,-0.01478,0.34921,-0.39761,0.39075,0.85333,-0.15066,0.31056,0,0.26728,-0.00630,0.30365,-0.11080,0.38900,0.90124,-0.15544,0.26752,-0.00623,0.30354,-0.11094,0.38902,0.90119,-0.15558,0.24,0.06,-0.10
31.1973,113,-0.01874,0.35188,-0.38950,0.37555,0.85631,-0.13711,0.32694,0,0.26728,-0.00630,0.30364,-0.11080,0.38900,0.90124,-0.15543,0.26752,-0.00623,0.30354,-0.11094,0.38902,0.90119,-0.15558,0.24,0.07,-0.10
31.2139,114,-0.01961,0.35155,-0.38864,0.39274,0.85734,-0.10749,0.31493,0,0.26728,-0.00630,0.30365,-0.11080,0.38900,0.90124,-0.15543,0.26752,-0.00623,0.30354,-0.11094,0.38902,0.90119,-0.15558,0.24,0.07,-0.10
31.2308,115,-0.02298,0.34824,-0.38771,0.38923,0.85785,-0.10552,0.31852,0,0.26728,-0.00630,0.30365,-0.11079,0.38900,0.90124,-0.15543,0.26752,-0.00623,0.30354,-0.11094,0.38902,0.90119,-0.15558,0.24,0.07,-0.10
31.2474,116,-0.03535,0.34368,-0.38133,0.39258,0.85631,-0.11787,0.31421,0,0.26728,-0.00630,0.30365,-0.11079,0.38900,0.90125,-0.15543,0.26752,-0.00623,0.30354,-0.11094,0.38902,0.90119,-0.15558,0.24,0.06,-0.10
31.2642,117,-0.04078,0.34255,-0.37848,0.39050,0.85705,-0.11712,0.31506,0,0.26728,-0.00630,0.30365,-0.11080,0.38900,0.90125,-0.15543,0.26752,-0.00623,0.30354,-0.11094,0.38902,0.90119,-0.15558,0.24,0.06,-0.10
31.2808,118,-0.04493,0.34160,-0.37556,0.38834,0.85801,-0.11480,0.31597,0,0.26728,-0.00630,0.30365,-0.11080,0.38900,0.90125,-0.15543,0.26752,-0.00623,0.30354,-0.11094,0.38902,0.90119,-0.15558,0.24,0.07,-0.10
31.2978,119,-0.04908,0.34031,-0.37247,0.38637,0.85866,-0.11381,0.31697,0,0.26728,-0.00630,0.30365,-0.11080,0.38900,0.90125,-0.15543,0.26752,-0.00623,0.30354,-0.11094,0.38902,0.90119,-0.15558,0.24,0.07,-0.10
31.3143,120,-0.05326,0.33995,-0.36956,0.38460,0.85898,-0.11516,0.31777,0,0.26728,-0.00630,0.30365,-0.11080,0.38900,0.90125,-0.15543,0.26752,-0.00623,0.30354,-0.11094,0.38902,0.90119,-0.15558,0.24,0.06,-0.10
31.3312,121,-0.06037,0.33980,-0.36301,0.38259,0.86066,-0.11306,0.31641,0,0.26728,-0.00629,0.30365,-0.11080,0.38900,0.90125,-0.15544,0.26752,-0.00623,0.30354,-0.11094,0.38902,0.90119,-0.15558,0.24,0.06,-0.10
31.3480,122,-0.06346,0.33970,-0.35965,0.38198,0.86145,-0.11161,0.31551,0,0.26728,-0.00629,0.30365,-0.11080,0.38900,0.90125,-0.15544,0.26752,-0.00623,0.30354,-0.11094,0.38902,0.90119,-0.15558,0.24,0.06,-0.10
31.3648,123,-0.06686,0.34009,-0.35643,0.37668,0.86221,-0.11385,0.31898,0,0.26728,-0.00629,0.30364,-0.11080,0.38900,0.90125,-0.15543,0.26752,-0.00623,0.30354,-0.11094,0.38902,0.90119,-0.15558,0.24,0.06,-0.10
31.3816,124,-0.06900,0.34096,-0.35175,0.37393,0.86305,-0.11463,0.31967,0,0.26728,-0.00630,0.30364,-0.11080,0.38900,0.90125,-0.15543,0.26752,-0.00623,0.30354,-0.11094,0.38902,0.90119,-0.15558,0.24,0.06,-0.10
31.3983,125,-0.07035,0.34243,-0.34905,0.37192,0.86379,-0.11540,0.31974,0,0.26728,-0.00630,0.30365,-0.11080,0.38900,0.90125,-0.15543,0.26752,-0.00623,0.30354,-0.11094,0.38902,0.90119,-0.15558,0.24,0.06,-0.10
31.4149,126,-0.07222,0.34301,-0.34308,0.36803,0.86414,-0.11871,0.32206,0,0.26728,-0.00630,0.30365,-0.11080,0.38900,0.90125,-0.15543,0.26752,-0.00623,0.30354,-0.11094,0.38902,0.90119,-0.15558,0.24,0.06,-0.10
31.4316,127,-0.07270,0.34324,-0.34038,0.36708,0.86426,-0.11971,0.32246,0,0.26728,-0.00629,0.30365,-0.11080,0.38900,0.90125,-0.15543,0.26752,-0.00623,0.30354,-0.11094,0.38902,0.90119,-0.15558,0.24,0.06,-0.10
31.4485,128,-0.07311,0.34360,-0.33766,0.36482,0.86437,-0.12180,0.32394,0,0.26728,-0.00630,0.30365,-0.11080,0.38900,0.90125,-0.15544,0.26752,-0.00623,0.30354,-0.11094,0.38902,0.90119,-0.15558,0.24,0.06,-0.10
31.4653,129,-0.07372,0.34361,-0.33536,0.36401,0.86426,-0.12273,0.32479,0,0.26728,-0.00630,0.30365,-0.11080,0.38900,0.90125,-0.15544,0.26752,-0.00623,0.30354,-0.11094,0.38902,0.90119,-0.15558,0.24,0.06,-0.10
31.4820,130,-0.07409,0.34285,-0.33383,0.36367,0.86380,-0.12331,0.32618,0,0.26728,-0.00630,0.30365,-0.11080,0.38900,0.90125,-0.15544,0.26752,-0.00623,0.30354,-0.11094,0.38902,0.90119,-0.15558,0.24,0.07,-0.10
31.4987,131,-0.07560,0.34153,-0.33048,0.36153,0.86338,-0.12339,0.32963,0,0.26728,-0.00630,0.30365,-0.11080,0.38900,0.90125,-0.15544,0.26752,-0.00623,0.30354,-0.11094,0.38902,0.90119,-0.15558,0.24,0.07,-0.10
31.5154,132,-0.07701,0.34043,-0.32918,0.36042,0.86318,-0.12225,0.33179,0,0.26728,-0.00630,0.30365,-0.11080,0.38900,0.90125,-0.15544,0.26752,-0.00623,0.30354,-0.11094,0.38902,0.90119,-0.15558,0.24,0.07,-0.10
31.5323,133,-0.07912,0.33861,-0.32837,0.35980,0.86292,-0.11990,0.33397,0,0.26728,-0.00630,0.30365,-0.11080,0.38900,0.90125,-0.15544,0.26752,-0.00623,0.30354,-0.11094,0.38902,0.90119,-0.15558,0.24,0.07,-0.10
31.5489,134,-0.08161,0.33657,-0.32773,0.35900,0.86271,-0.11690,0.33642,0,0.26728,-0.00630,0.30364,-0.11080,0.38900,0.90125,-0.15544,0.26752,-0.00623,0.30354,-0.11094,0.38902,0.90119,-0.15558,0.24,0.07,-0.10
31.5657,135,-0.08455,0.33585,-0.32771,0.35767,0.86261,-0.11378,0.33917,0,0.26728,-0.00630,0.30364,-0.11080,0.38900,0.90125,-0.15543,0.26752,-0.00623,0.30354,-0.11094,0.38902,0.90119,-0.15558,0.24,0.07,-0.10
31.5824,136,-0.09264,0.34016,-0.33186,0.35525,0.86195,-0.10702,0.34553,0,0.26728,-0.00630,0.30364,-0.11080,0.38900,0.90125,-0.15543,0.26752,-0.00623,0.30354,-0.11094,0.38902,0.90119,-0.15558,0.24,0.07,-0.10
31.5993,137,-0.09586,0.33821,-0.33290,0.35515,0.86136,-0.10310,0.34828,0,0.26729,-0.00630,0.30364,-0.11080,0.38900,0.90125,-0.15543,0.26752,-0.00623,0.30354,-0.11094,0.38902,0.90119,-0.15558,0.24,0.07,-0.10
31.6161,138,-0.09879,0.33561,-0.33347,0.35487,0.86085,-0.09932,0.35090,0,0.26728,-0.00630,0.30364,-0.11080,0.38900,0.90125,-0.15543,0.26752,-0.00623,0.30354,-0.11094,0.38902,0.90119,-0.15558,0.24,0.07,-0.10
31.6329,139,-0.10155,0.33338,-0.33386,0.35431,0.86038,-0.09588,0.35357,0,0.26728,-0.00630,0.30364,-0.11080,0.38900,0.90125,-0.15543,0.26752,-0.00623,0.30354,-0.11094,0.38902,0.90119,-0.15558,0.24,0.06,-0.10
31.6497,140,-0.10416,0.33146,-0.33417,0.35375,0.85995,-0.09282,0.35599,0,0.26728,-0.00630,0.30364,-0.11080,0.38900,0.90125,-0.15543,0.26752,-0.00623,0.30354,-0.11094,0.38902,0.90119,-0.15558,0.24,0.06,-0.10
31.6665,141,-0.10992,0.32782,-0.33452,0.35284,0.85957,-0.08685,0.35930,0,0.26729,-0.00630,0.30364,-0.11080,0.38900,0.90125,-0.15543,0.26752,-0.00623,0.30354,-0.11094,0.38902,0.90119,-0.15558,0.24,0.06,-0.10
31.6832,142,-0.11156,0.32431,-0.33418,0.35242,0.85944,-0.08435,0.36063,0,0.26729,-0.00630,0.30364,-0.11080,0.38900,0.90125,-0.15543,0.26752,-0.00623,0.30354,-0.11094,0.38902,0.90119,-0.15558,0.24,0.06,-0.10
31.6998,143,-0.11415,0.32224,-0.33413,0.35223,0.85920,-0.08208,0.36190,0,0.26729,-0.00630,0.30364,-0.11079,0.38900,0.90125,-0.15543,0.26752,-0.00623,0.30354,-0.11094,0.38902,0.90119,-0.15558,0.23,0.06,-0.10
31.7167,144,-0.11752,0.32141,-0.33365,0.35199,0.85908,-0.08020,0.36284,0,0.26729,-0.00630,0.30364,-0.11079,0.38900,0.90125,-0.15543,0.26752,-0.00623,0.30354,-0.11094,0.38902,0.90119,-0.15558,0.24,0.06,-0.10
31.7333,145,-0.11999,0.31946,-0.33273,0.35155,0.85899,-0.07848,0.36384,0,0.26729,-0.00630,0.30364,-0.11080,0.38900,0.90125,-0.15543,0.26752,-0.00623,0.30354,-0.11094,0.38902,0.90119,-0.15558,0.24,0.07,-0.10
31.7502,146,-0.12707,0.31636,-0.33159,0.35289,0.85900,-0.07471,0.36332,0,0.26729,-0.00630,0.30364,-0.11080,0.38900,0.90125,-0.15543,0.26752,-0.00623,0.30354,-0.11094,0.38902,0.90119,-0.15558,0.23,0.07,-0.10
31.7670,147,-0.13099,0.31496,-0.33107,0.35358,0.85902,-0.07297,0.36297,0,0.26729,-0.00630,0.30364,-0.11080,0.38900,0.90125,-0.15543,0.26752,-0.00623,0.30354,-0.11094,0.38902,0.90119,-0.15558,0.23,0.07,-0.10
31.7837,148,-0.13528,0.31422,-0.32995,0.35314,0.85950,-0.07158,0.36252,0,0.26729,-0.00630,0.30364,-0.11080,0.38900,0.90125,-0.15543,0.26752,-0.00623,0.30354,-0.11094,0.38902,0.90119,-0.15558,0.23,0.07,-0.10
31.8004,149,-0.14025,0.31378,-0.32858,0.35234,0.86032,-0.06991,0.36170,0,0.26729,-0.00630,0.30364,-0.11080,0.38900,0.90125,-0.15543,0.26752,-0.00623,0.30354,-0.11094,0.38902,0.90119,-0.15558,0.23,0.06,-0.10
31.8173,150,-0.15156,0.31039,-0.32530,0.35080,0.86243,-0.06451,0.35916,0,0.26729,-0.00630,0.30364,-0.11079,0.38900,0.90125,-0.15543,0.26752,-0.00623,0.30354,-0.11094,0.38902,0.90119,-0.15558,0.23,0.06,-0.10
31.8341,151,-0.15878,0.30901,-0.32336,0.34985,0.86378,-0.06090,0.35748,0,0.26729,-0.00630,0.30364,-0.11080,0.38900,0.90125,-0.15543,0.26752,-0.00623,0.30354,-0.11094,0.38902,0.90119,-0.15558,0.23,0.06,-0.10
31.8509,152,-0.16601,0.30756,-0.32170,0.34897,0.86494,-0.05724,0.35612,0,0.26729,-0.00630,0.30364,-0.11080,0.38900,0.90125,-0.15543,0.26752,-0.00623,0.30354,-0.11094,0.38902,0.90119,-0.15558,0.24,0.07,-0.10
31.8675,153,-0.17346,0.30613,-0.31986,0.34787,0.86628,-0.05341,0.35452,0,0.26729,-0.00630,0.30364,-0.11079,0.38900,0.90125,-0.15543,0.26752,-0.00623,0.30354,-0.11094,0.38902,0.90119,-0.15558,0.23,0.06,-0.10
31.8844,154,-0.18124,0.30511,-0.31727,0.34612,0.86817,-0.04963,0.35216,0,0.26729,-0.00630,0.30364,-0.11079,0.38900,0.90125,-0.15543,0.26752,-0.00623,0.30354,-0.11094,0.38902,0.90119,-0.15558,0.23,0.06,-0.10
31.9010,155,-0.19555,0.30373,-0.31171,0.34234,0.87176,-0.04340,0.34778,0,0.26729,-0.00630,0.30365,-0.11079,0.38900,0.90125,-0.15543,0.26752,-0.00623,0.30354,-0.11094,0.38902,0.90119,-0.15558,0.23,0.06,-0.10
31.9178,156,-0.20158,0.30281,-0.30972,0.34203,0.87287,-0.04097,0.34560,0,0.26729,-0.00630,0.30365,-0.11079,0.38900,0.90125,-0.15543,0.26752,-0.00623,0.30354,-0.11094,0.38902,0.90119,-0.15558,0.23,0.06,-0.10
31.9345,157,-0.20659,0.30221,-0.30803,0.34199,0.87375,-0.03957,0.34357,0,0.26729,-0.00630,0.30364,-0.11080,0.38900,0.90125,-0.15543,0.26752,-0.00623,0.30354,-0.11094,0.38902,0.90119,-0.15558,0.24,0.07,-0.10
31.9514,158,-0.21060,0.30233,-0.30628,0.34183,0.87462,-0.03933,0.34153,0,0.26728,-0.00630,0.30364,-0.11080,0.38900,0.90125,-0.15543,0.26752,-0.00623,0.30354,-0.11094,0.38902,0.90119,-0.15558,0.24,0.07,-0.10
31.9682,159,-0.21348,0.30305,-0.30451,0.34166,0.87544,-0.04025,0.33948,0,0.26729,-0.00630,0.30364,-0.11079,0.38900,0.90125,-0.15543,0.26752,-0.00623,0.30354,-0.11094,0.38902,0.90119,-0.15558,0.23,0.07,-0.10
31.9849,160,-0.21632,0.30571,-0.30118,0.34196,0.87657,-0.04462,0.33570,0,0.26729,-0.00630,0.30364,-0.11079,0.38900,0.90125,-0.15543,0.26752,-0.00623,0.30354,-0.11094,0.38902,0.90119,-0.15558,0.23,0.06,-0.10
32.0017,161,-0.21653,0.30718,-0.29987,0.34248,0.87673,-0.04749,0.33436,0,0.26729,-0.00630,0.30364,-0.11079,0.38900,0.90125,-0.15543,0.26752,-0.00623,0.30354,-0.11094,0.38902,0.90119,-0.15558,0.23,0.06,-0.10
32.0183,162,-0.21592,0.30850,-0.29903,0.34336,0.87655,-0.05058,0.33347,0,0.26728,-0.00630,0.30364,-0.11080,0.38900,0.90125,-0.15543,0.26752,-0.00623,0.30354,-0.11094,0.38902,0.90119,-0.15558,0.24,0.06,-0.10
32.0350,163,-0.21483,0.30941,-0.29876,0.34456,0.87599,-0.05340,0.33326,0,0.26728,-0.00630,0.30364,-0.11080,0.38900,0.90125,-0.15543,0.26752,-0.00623,0.30354,-0.11094,0.38902,0.90119,-0.15558,0.24,0.06,-0.10
32.0520,164,-0.21370,0.31003,-0.29858,0.34544,0.87545,-0.05573,0.33341,0,0.26729,-0.00630,0.30364,-0.11080,0.38900,0.90125,-0.15543,0.26752,-0.00623,0.30354,-0.11094,0.38902,0.90119,-0.15558,0.24,0.06,-0.10
32.0687,165,-0.21161,0.31015,-0.29854,0.34654,0.87421,-0.05849,0.33504,0,0.26729,-0.00630,0.30364,-0.11079,0.38900,0.90125,-0.15543,0.26752,-0.00623,0.30354,-0.11094,0.38902,0.90119,-0.15558,0.23,0.06,-0.10
32.0854,166,-0.21042,0.30964,-0.29899,0.34623,0.87337,-0.05902,0.33745,0,0.26729,-0.00629,0.30364,-0.11079,0.38900,0.90125,-0.15544,0.26752,-0.00623,0.30354,-0.11094,0.38902,0.90119,-0.15558,0.23,0.06,-0.10
32.1022,167,-0.20939,0.30858,-0.29972,0.34588,0.87240,-0.05868,0.34037,0,0.26728,-0.00629,0.30364,-0.11079,0.38900,0.90125,-0.15544,0.26752,-0.00623,0.30354,-0.11094,0.38902,0.90119,-0.15558,0.24,0.06,-0.10
32.1188,168,-0.20846,0.30703,-0.30072,0.34562,0.87129,-0.05759,0.34362,0,0.26728,-0.00629,0.30364,-0.11080,0.38900,0.90125,-0.15543,0.26752,-0.00623,0.30354,-0.11094,0.38902,0.90119,-0.15558,0.24,0.06,-0.10
32.1357,169,-0.20751,0.30535,-0.30172,0.34477,0.87019,-0.05616,0.34748,0,0.26729,-0.00629,0.30364,-0.11080,0.38900,0.90125,-0.15543,0.26752,-0.00623,0.30354,-0.11094,0.38902,0.90119,-0.15558,0.24,0.06,-0.10
32.1526,170,-0.20541,0.30156,-0.30418,0.34264,0.86776,-0.05231,0.35618,0,0.26729,-0.00629,0.30364,-0.11079,0.38900,0.90125,-0.15544,0.26752,-0.00623,0.30354,-0.11094,0.38902,0.90119,-0.15558,0.23,0.06,-0.10
32.1693,171,-0.20423,0.29982,-0.30530,0.34100,0.86664,-0.05030,0.36073,0,0.26729,-0.00629,0.30364,-0.11079,0.38900,0.90125,-0.15544,0.26752,-0.00623,0.30354,-0.11094,0.38902,0.90119,-0.15558,0.23,0.06,-0.10
32.1861,172,-0.20278,0.29826,-0.30640,0.33940,0.86546,-0.04849,0.36529,0,0.26729,-0.00629,0.30364,-0.11079,0.38900,0.90125,-0.15544,0.26752,-0.00623,0.30354,-0.11094,0.38902,0.90119,-0.15558,0.23,0.06,-0.10
32.2028,173,-0.20098,0.29678,-0.30765,0.33796,0.86412,-0.04696,0.36998,0,0.26729,-0.00629,0.30364,-0.11079,0.38900,0.90125,-0.15544,0.26752,-0.00623,0.30354,-0.11094,0.38902,0.90119,-0.15558,0.23,0.06,-0.10
32.2195,174,-0.19894,0.29552,-0.30895,0.33679,0.86275,-0.04577,0.37434,0,0.26729,-0.00629,0.30364,-0.11079,0.38900,0.90125,-0.15544,0.26752,-0.00623,0.30354,-0.11094,0.38902,0.90119,-0.15558,0.23,0.06,-0.10
32.2363,175,-0.19439,0.29377,-0.31141,0.33468,0.86022,-0.04436,0.38215,0,0.26729,-0.00629,0.30364,-0.11079,0.38900,0.90125,-0.15544,0.26752,-0.00623,0.30354,-0.11094,0.38902,0.90119,-0.15558,0.23,0.06,-0.10
32.2531,176,-0.19190,0.29346,-0.31242,0.33344,0.85909,-0.04439,0.38575,0,0.26729,-0.00629,0.30365,-0.11079,0.38900,0.90125,-0.15544,0.26752,-0.00623,0.30354,-0.11094,0.38902,0.90119,-0.15558,0.23,0.06,-0.10
32.2699,177,-0.18921,0.29363,-0.31313,0.33243,0.85809,-0.04504,0.38877,0,0.26729,-0.00629,0.30364,-0.11079,0.38899,0.90125,-0.15544,0.26752,-0.00623,0.30354,-0.11094,0.38902,0.90119,-0.15558,0.23,0.06,-0.10
32.2867,178,-0.18654,0.29396,-0.31369,0.33163,0.85715,-0.04597,0.39141,0,0.26729,-0.00629,0.30364,-0.11079,0.38899,0.90125,-0.15544,0.26752,-0.00623,0.30354,-0.11094,0.38902,0.90119,-0.15558,0.23,0.06,-0.10
32.3034,179,-0.18413,0.29458,-0.31383,0.33156,0.85656,-0.04727,0.39260,0,0.26729,-0.00629,0.30364,-0.11079,0.38900,0.90125,-0.15543,0.26752,-0.00623,0.30354,-0.11094,0.38902,0.90119,-0.15558,0.23,0.06,-0.10
32.3202,180,-0.17888,0.29628,-0.31482,0.33304,0.85490,-0.05157,0.39443,0,0.26729,-0.00629,0.30364,-0.11080,0.38900,0.90125,-0.15543,0.26752,-0.00623,0.30354,-0.11094,0.38902,0.90119,-0.15558,0.23,0.06,-0.10
32.3370,181,-0.17648,0.29768,-0.31500,0.33375,0.85433,-0.05438,0.39469,0,0.26729,-0.00629,0.30364,-0.11080,0.38900,0.90124,-0.15543,0.26752,-0.00623,0.30354,-0.11094,0.38902,0.90119,-0.15558,0.23,0.06,-0.10
32.3537,182,-0.17467,0.29927,-0.31468,0.33415,0.85411,-0.05709,0.39444,0,0.26729,-0.00629,0.30364,-0.11080,0.38900,0.90124,-0.15543,0.26752,-0.00623,0.30354,-0.11094,0.38902,0.90119,-0.15558,0.23,0.06,-0.10
32.3704,183,-0.17354,0.30075,-0.31415,0.33454,0.85403,-0.05931,0.39395,0,0.26729,-0.00629,0.30364,-0.11079,0.38900,0.90125,-0.15543,0.26752,-0.00623,0.30354,-0.11094,0.38902,0.90119,-0.15558,0.23,0.06,-0.10
32.3872,184,-0.17322,0.30186,-0.31366,0.33504,0.85401,-0.06074,0.39336,0,0.26729,-0.00629,0.30364,-0.11079,0.38900,0.90125,-0.15543,0.26752,-0.00623,0.30354,-0.11094,0.38902,0.90119,-0.15558,0.23,0.06,-0.10
32.4039,185,-0.17520,0.30352,-0.31221,0.33473,0.85459,-0.06142,0.39225,0,0.26729,-0.00629,0.30364,-0.11079,0.38900,0.90125,-0.15543,0.26752,-0.00623,0.30354,-0.11094,0.38902,0.90119,-0.15558,0.23,0.06,-0.10
32.4206,186,-0.17724,0.30435,-0.31103,0.33384,0.85529,-0.06101,0.39156,0,0.26729,-0.00629,0.30364,-0.11080,0.38900,0.90124,-0.15543,0.26752,-0.00623,0.30354,-0.11094,0.38902,0.90119,-0.15558,0.23,0.06,-0.10
32.4374,187,-0.17979,0.30516,-0.30972,0.33271,0.85611,-0.06025,0.39083,0,0.26729,-0.00629,0.30364,-0.11080,0.38900,0.90124,-0.15543,0.26752,-0.00623,0.30354,-0.11094,0.38902,0.90119,-0.15558,0.23,0.06,-0.10
32.4541,188,-0.18267,0.30584,-0.30839,0.33198,0.85699,-0.05929,0.38967,0,0.26729,-0.00629,0.30364,-0.11080,0.38900,0.90125,-0.15543,0.26752,-0.00623,0.30354,-0.11094,0.38902,0.90119,-0.15558,0.23,0.06,-0.10
32.4709,189,-0.18554,0.30652,-0.30720,0.33157,0.85779,-0.05846,0.38839,0,0.26729,-0.00629,0.30364,-0.11080,0.38900,0.90125,-0.15543,0.26752,-0.00623,0.30354,-0.11094,0.38902,0.90119,-0.15558,0.23,0.06,-0.10
32.4877,190,-0.19101,0.30852,-0.30467,0.33105,0.85958,-0.05784,0.38494,0,0.26729,-0.00629,0.30364,-0.11080,0.38900,0.90125,-0.15543,0.26752,-0.00623,0.30354,-0.11094,0.38902,0.90119,-0.15558,0.23,0.06,-0.10
32.5045,191,-0.19342,0.30995,-0.30323,0.33088,0.86058,-0.05819,0.38281,0,0.26729,-0.00629,0.30364,-0.11080,0.38900,0.90125,-0.15543,0.26752,-0.00623,0.30354,-0.11094,0.38902,0.90119,-0.15558,0.23,0.06,-0.10
32.5213,192,-0.19549,0.31151,-0.30193,0.33103,0.86145,-0.05893,0.38058,0,0.26729,-0.00629,0.30364,-0.11080,0.38900,0.90125,-0.15543,0.26752,-0.00623,0.30354,-0.11094,0.38902,0.90119,-0.15558,0.23,0.06,-0.10
32.5381,193,-0.19729,0.31312,-0.30071,0.33145,0.86227,-0.05992,0.37821,0,0.26729,-0.00629,0.30364,-0.11080,0.38900,0.90125,-0.15543,0.26752,-0.00623,0.30354,-0.11094,0.38902,0.90119,-0.15558,0.23,0.06,-0.10
32.5547,194,-0.19866,0.31498,-0.29953,0.33197,0.86303,-0.06139,0.37578,0,0.26729,-0.00629,0.30364,-0.11079,0.38900,0.90124,-0.15543,0.26752,-0.00623,0.30354,-0.11094,0.38902,0.90119,-0.15558,0.23,0.06,-0.10
32.5714,195,-0.20076,0.31883,-0.29724,0.33308,0.86447,-0.06468,0.37090,0,0.26729,-0.00629,0.30364,-0.11079,0.38900,0.90124,-0.15544,0.26752,-0.00623,0.30354,-0.11094,0.38902,0.90119,-0.15558,0.23,0.06,-0.10
32.5882,196,-0.20146,0.32077,-0.29613,0.33360,0.86511,-0.06645,0.36862,0,0.26729,-0.00629,0.30364,-0.11079,0.38901,0.90124,-0.15544,0.26752,-0.00623,0.30354,-0.11094,0.38902,0.90119,-0.15558,0.23,0.06,-0.10
32.6049,197,-0.20193,0.32260,-0.29520,0.33402,0.86560,-0.06818,0.36677,0,0.26729,-0.00629,0.30364,-0.11079,0.38901,0.90124,-0.15544,0.26752,-0.00623,0.30354,-0.11094,0.38902,0.90119,-0.15558,0.23,0.06,-0.10
32.6218,198,-0.20227,0.32422,-0.29443,0.33447,0.86597,-0.06971,0.36519,0,0.26729,-0.00629,0.30364,-0.11080,0.38901,0.90124,-0.15544,0.26752,-0.00623,0.30354,-0.11094,0.38902,0.90119,-0.15558,0.23,0.06,-0.10
32.6385,199,-0.20297,0.32670,-0.29341,0.33503,0.86653,-0.07160,0.36297,0,0.26729,-0.00629,0.30364,-0.11079,0.38900,0.90124,-0.15544,0.26752,-0.00623,0.30354,-0.11094,0.38902,0.90119,-0.15558,0.23,0.06,-0.10
