t,frame,hx,hy,hz,hqw,hqx,hqy,hqz,b,rx,ry,rz,rqw,rqx,rqy,rqz,ax,ay,az,aqw,aqx,aqy,aqz,lag_x,lag_y,lag_z
0.0712,0,0.20408,0.01673,0.05063,0.85213,0.34553,-0.04167,-0.39081,0,0.48893,-0.06215,0.22768,-0.00599,0.49006,0.87167,-0.00128,0.48892,-0.06215,0.22768,-0.00599,0.49006,0.87167,-0.00129,-0.00,0.00,-0.00
0.0879,1,0.20422,0.01664,0.04848,0.84958,0.34642,-0.03832,-0.39590,0,0.48893,-0.06215,0.22768,-0.00599,0.49006,0.87167,-0.00128,0.48892,-0.06215,0.22768,-0.00599,0.49006,0.87167,-0.00129,-0.00,0.00,-0.00
0.1049,2,0.20420,0.01661,0.04647,0.84952,0.34596,-0.03756,-0.39650,0,0.48892,-0.06215,0.22768,-0.00599,0.49006,0.87167,-0.00128,0.48892,-0.06215,0.22768,-0.00599,0.49006,0.87167,-0.00129,-0.00,0.00,0.00
0.1216,3,0.20485,0.01683,0.04297,0.85332,0.34893,-0.03607,-0.38573,0,0.48892,-0.06216,0.22768,-0.00599,0.49006,0.87167,-0.00129,0.48892,-0.06215,0.22768,-0.00599,0.49006,0.87167,-0.00129,-0.00,0.00,0.00
0.1383,4,0.20524,0.01629,0.04121,0.85313,0.35292,-0.03502,-0.38260,0,0.48892,-0.06216,0.22768,-0.00599,0.49006,0.87167,-0.00129,0.48892,-0.06215,0.22768,-0.00599,0.49006,0.87167,-0.00129,-0.00,0.00,-0.00
0.1552,5,0.20572,0.01547,0.03915,0.85264,0.35699,-0.03386,-0.38003,0,0.48893,-0.06216,0.22768,-0.00599,0.49006,0.87167,-0.00128,0.48892,-0.06215,0.22768,-0.00599,0.49006,0.87167,-0.00129,-0.00,0.00,-0.00
0.1717,6,0.20604,0.01463,0.03720,0.85259,0.36080,-0.03430,-0.37649,0,0.48893,-0.06215,0.22768,-0.00599,0.49006,0.87167,-0.00128,0.48892,-0.06215,0.22768,-0.00599,0.49006,0.87167,-0.00129,-0.00,0.00,-0.00
0.1887,7,0.20644,0.01337,0.03526,0.85268,0.36526,-0.03601,-0.37179,0,0.48893,-0.06216,0.22768,-0.00599,0.49006,0.87167,-0.00129,0.48892,-0.06215,0.22768,-0.00599,0.49006,0.87167,-0.00129,-0.00,0.00,-0.00
0.2052,8,0.20674,0.01024,0.03106,0.85404,0.37398,-0.04035,-0.35935,0,0.48892,-0.06216,0.22768,-0.00600,0.49006,0.87167,-0.00129,0.48892,-0.06215,0.22768,-0.00599,0.49006,0.87167,-0.00129,0.00,0.00,-0.00
0.2220,9,0.20682,0.00843,0.02885,0.85553,0.37628,-0.04184,-0.35317,0,0.48892,-0.06216,0.22768,-0.00600,0.49006,0.87167,-0.00129,0.48892,-0.06215,0.22768,-0.00599,0.49006,0.87167,-0.00129,-0.00,0.00,-0.01
0.2387,10,0.20697,0.00657,0.02663,0.85745,0.37653,-0.04329,-0.34804,0,0.48893,-0.06216,0.22769,-0.00600,0.49006,0.87167,-0.00129,0.48892,-0.06215,0.22768,-0.00599,0.49006,0.87167,-0.00129,-0.01,0.00,-0.01
0.2556,11,0.20718,0.00480,0.02463,0.85947,0.37566,-0.04519,-0.34374,0,0.48893,-0.06216,0.22769,-0.00600,0.49006,0.87167,-0.00129,0.48892,-0.06215,0.22768,-0.00599,0.49006,0.87167,-0.00129,-0.01,0.00,-0.02
0.2722,12,0.20747,0.00302,0.02258,0.86145,0.37454,-0.04727,-0.33969,0,0.48893,-0.06216,0.22770,-0.00600,0.49006,0.87167,-0.00130,0.48892,-0.06215,0.22768,-0.00599,0.49006,0.87167,-0.00129,-0.01,0.00,-0.02
0.2891,13,0.20824,0.00003,0.01898,0.86599,0.37445,-0.05561,-0.32674,0,0.48893,-0.06215,0.22770,-0.00600,0.49006,0.87167,-0.00130,0.48892,-0.06215,0.22768,-0.00599,0.49006,0.87167,-0.00129,-0.01,-0.00,-0.03
0.3058,14,0.20870,-0.00077,0.01754,0.86917,0.37333,-0.06168,-0.31837,0,0.48893,-0.06215,0.22771,-0.00601,0.49006,0.87167,-0.00129,0.48892,-0.06215,0.22768,-0.00599,0.49006,0.87167,-0.00129,-0.01,-0.00,-0.03
0.3226,15,0.20944,-0.00096,0.01637,0.87142,0.37101,-0.06778,-0.31367,0,0.48894,-0.06215,0.22771,-0.00601,0.49006,0.87167,-0.00129,0.48892,-0.06215,0.22768,-0.00599,0.49006,0.87167,-0.00129,-0.01,-0.00,-0.04
0.3395,16,0.21023,-0.00115,0.01549,0.87203,0.36927,-0.07337,-0.31277,0,0.48893,-0.06215,0.22772,-0.00602,0.49005,0.87167,-0.00129,0.48892,-0.06215,0.22768,-0.00599,0.49006,0.87167,-0.00129,-0.01,-0.00,-0.04
0.3561,17,0.21122,-0.00118,0.01485,0.87158,0.36911,-0.07767,-0.31315,0,0.48894,-0.06215,0.22773,-0.00603,0.49005,0.87167,-0.00129,0.48892,-0.06215,0.22768,-0.00599,0.49006,0.87167,-0.00129,-0.01,-0.00,-0.05
0.3728,18,0.21310,-0.00146,0.01418,0.86889,0.37484,-0.08227,-0.31267,0,0.48894,-0.06215,0.22773,-0.00604,0.49005,0.87167,-0.00129,0.48892,-0.06215,0.22768,-0.00599,0.49006,0.87167,-0.00129,-0.01,0.00,-0.06
0.3897,19,0.21374,-0.00176,0.01399,0.86828,0.38065,-0.08305,-0.30709,0,0.48894,-0.06216,0.22774,-0.00605,0.49005,0.87167,-0.00129,0.48892,-0.06215,0.22768,-0.00599,0.49006,0.87167,-0.00129,-0.01,0.01,-0.07
0.4064,20,0.21425,-0.00209,0.01387,0.86828,0.38625,-0.08415,-0.29970,0,0.48894,-0.06216,0.22775,-0.00605,0.49005,0.87167,-0.00128,0.48894,-0.06216,0.22775,-0.00605,0.49005,0.87167,-0.00128,0.00,0.00,0.00
0.4232,21,0.21481,-0.00279,0.01379,0.86810,0.39278,-0.08414,-0.29162,0,0.48894,-0.06216,0.22777,-0.00606,0.49004,0.87168,-0.00128,0.48894,-0.06216,0.22775,-0.00605,0.49005,0.87167,-0.00128,-0.00,0.00,-0.01
0.4399,22,0.21547,-0.00356,0.01363,0.86730,0.39963,-0.08387,-0.28469,0,0.48895,-0.06216,0.22779,-0.00607,0.49004,0.87168,-0.00128,0.48894,-0.06216,0.22775,-0.00605,0.49005,0.87167,-0.00128,-0.01,0.00,-0.03
0.4567,23,0.21633,-0.00582,0.01338,0.86531,0.40963,-0.08716,-0.27540,0,0.48895,-0.06217,0.22781,-0.00608,0.49004,0.87168,-0.00129,0.48894,-0.06216,0.22775,-0.00605,0.49005,0.87167,-0.00128,-0.01,0.00,-0.05
0.4735,24,0.21722,-0.00693,0.01321,0.86558,0.41219,-0.08896,-0.27010,0,0.48895,-0.06217,0.22783,-0.00608,0.49005,0.87167,-0.00128,0.48894,-0.06216,0.22775,-0.00605,0.49005,0.87167,-0.00128,-0.01,0.00,-0.08
0.4903,25,0.21919,-0.00778,0.01352,0.86628,0.41399,-0.09185,-0.26407,0,0.48896,-0.06217,0.22785,-0.00609,0.49005,0.87167,-0.00128,0.48894,-0.06216,0.22775,-0.00605,0.49005,0.87167,-0.00128,-0.02,0.00,-0.10
0.5070,26,0.22103,-0.00880,0.01364,0.86651,0.41642,-0.09502,-0.25831,0,0.48896,-0.06217,0.22787,-0.00609,0.49004,0.87168,-0.00129,0.48894,-0.06216,0.22775,-0.00605,0.49005,0.87167,-0.00128,-0.02,0.01,-0.12
0.5237,27,0.22110,-0.01019,0.01338,0.86662,0.41857,-0.09914,-0.25286,0,0.48896,-0.06217,0.22789,-0.00610,0.49004,0.87168,-0.00129,0.48894,-0.06216,0.22775,-0.00605,0.49005,0.87167,-0.00128,-0.02,0.01,-0.13
0.5404,28,0.22069,-0.01312,0.01239,0.86730,0.42048,-0.10865,-0.24330,0,0.48896,-0.06217,0.22790,-0.00611,0.49004,0.87168,-0.00129,0.48894,-0.06216,0.22775,-0.00605,0.49005,0.87167,-0.00128,-0.02,0.00,-0.14
0.5572,29,0.22042,-0.01421,0.01212,0.86877,0.41923,-0.11481,-0.23726,0,0.48896,-0.06217,0.22791,-0.00612,0.49004,0.87167,-0.00129,0.48894,-0.06216,0.22775,-0.00605,0.49005,0.87167,-0.00128,-0.02,0.01,-0.16
0.5740,30,0.22009,-0.01503,0.01193,0.87066,0.41714,-0.12119,-0.23080,0,0.48896,-0.06217,0.22792,-0.00612,0.49004,0.87167,-0.00129,0.48894,-0.06216,0.22775,-0.00605,0.49005,0.87167,-0.00128,-0.02,0.01,-0.17
0.5906,31,0.21958,-0.01541,0.01180,0.87259,0.41426,-0.12786,-0.22500,0,0.48896,-0.06218,0.22793,-0.00613,0.49005,0.87167,-0.00129,0.48894,-0.06216,0.22775,-0.00605,0.49005,0.87167,-0.00128,-0.02,0.01,-0.18
0.6075,32,0.21861,-0.01517,0.01228,0.87377,0.41009,-0.14204,-0.21950,0,0.48896,-0.06217,0.22795,-0.00613,0.49004,0.87168,-0.00128,0.48894,-0.06216,0.22775,-0.00605,0.49005,0.87167,-0.00128,-0.02,0.01,-0.19
0.6242,33,0.21824,-0.01490,0.01258,0.87287,0.40899,-0.14866,-0.22076,0,0.48896,-0.06217,0.22796,-0.00614,0.49004,0.87168,-0.00128,0.48894,-0.06216,0.22775,-0.00605,0.49005,0.87167,-0.00128,-0.01,0.01,-0.21
0.6411,34,0.21769,-0.01455,0.01312,0.87159,0.40895,-0.15541,-0.22120,0,0.48895,-0.06218,0.22797,-0.00615,0.49004,0.87168,-0.00128,0.48894,-0.06216,0.22775,-0.00605,0.49005,0.87167,-0.00128,-0.01,0.01,-0.22
0.6577,35,0.21704,-0.01404,0.01363,0.87039,0.41006,-0.16163,-0.21944,0,0.48894,-0.06218,0.22799,-0.00615,0.49004,0.87168,-0.00128,0.48894,-0.06216,0.22775,-0.00605,0.49005,0.87167,-0.00128,-0.00,0.02,-0.23
0.6745,36,0.21610,-0.01356,0.01437,0.86909,0.41290,-0.16756,-0.21474,0,0.48894,-0.06218,0.22800,-0.00616,0.49004,0.87168,-0.00128,0.48894,-0.06216,0.22775,-0.00605,0.49005,0.87167,-0.00128,-0.00,0.02,-0.25
0.6912,37,0.21515,-0.01317,0.01520,0.86814,0.41539,-0.17277,-0.20959,0,0.48894,-0.06218,0.22801,-0.00616,0.49004,0.87168,-0.00127,0.48894,-0.06216,0.22775,-0.00605,0.49005,0.87167,-0.00128,0.00,0.02,-0.26
0.7079,38,0.21345,-0.01249,0.01687,0.86606,0.41833,-0.18452,-0.20221,0,0.48894,-0.06218,0.22803,-0.00616,0.49003,0.87168,-0.00127,0.48894,-0.06216,0.22775,-0.00605,0.49005,0.87167,-0.00128,0.00,0.02,-0.27
0.7248,39,0.21256,-0.01228,0.01794,0.86448,0.41821,-0.19209,-0.20218,0,0.48893,-0.06218,0.22804,-0.00617,0.49003,0.87168,-0.00127,0.48894,-0.06216,0.22775,-0.00605,0.49005,0.87167,-0.00128,0.01,0.02,-0.28
0.7416,40,0.21166,-0.01222,0.01892,0.86271,0.41800,-0.19850,-0.20398,0,0.48893,-0.06219,0.22805,-0.00617,0.49004,0.87168,-0.00127,0.48893,-0.06218,0.22805,-0.00617,0.49004,0.87168,-0.00127,0.00,0.00,-0.00
0.7582,41,0.21077,-0.01239,0.01991,0.86091,0.41811,-0.20465,-0.20524,0,0.48893,-0.06219,0.22806,-0.00617,0.49003,0.87168,-0.00127,0.48893,-0.06218,0.22805,-0.00617,0.49004,0.87168,-0.00127,-0.00,0.00,-0.01
0.7750,42,0.20890,-0.01330,0.02178,0.85876,0.41750,-0.21847,-0.20122,0,0.48893,-0.06219,0.22810,-0.00619,0.49003,0.87168,-0.00125,0.48893,-0.06218,0.22805,-0.00617,0.49004,0.87168,-0.00127,-0.00,0.00,-0.06
0.7918,43,0.20798,-0.01388,0.02289,0.85851,0.41593,-0.22610,-0.19711,0,0.48891,-0.06219,0.22816,-0.00625,0.49002,0.87169,-0.00125,0.48893,-0.06218,0.22805,-0.00617,0.49004,0.87168,-0.00127,0.02,0.01,-0.11
0.8085,44,0.20714,-0.01453,0.02391,0.85782,0.41441,-0.23318,-0.19503,0,0.48891,-0.06220,0.22822,-0.00628,0.49002,0.87169,-0.00125,0.48893,-0.06218,0.22805,-0.00617,0.49004,0.87168,-0.00127,0.02,0.02,-0.17
0.8252,45,0.20644,-0.01508,0.02492,0.85653,0.41292,-0.24004,-0.19553,0,0.48891,-0.06221,0.22828,-0.00630,0.49002,0.87169,-0.00124,0.48893,-0.06218,0.22805,-0.00617,0.49004,0.87168,-0.00127,0.02,0.02,-0.24
0.8419,46,0.20579,-0.01553,0.02611,0.85532,0.41026,-0.24715,-0.19756,0,0.48890,-0.06221,0.22834,-0.00632,0.49002,0.87169,-0.00125,0.48893,-0.06218,0.22805,-0.00617,0.49004,0.87168,-0.00127,0.02,0.03,-0.29
0.8589,47,0.20514,-0.01567,0.02837,0.85424,0.40078,-0.26236,-0.20203,0,0.48890,-0.06222,0.22838,-0.00635,0.49001,0.87169,-0.00125,0.48893,-0.06218,0.22805,-0.00617,0.49004,0.87168,-0.00127,0.03,0.03,-0.34
0.8756,48,0.20500,-0.01527,0.02984,0.85375,0.39492,-0.27083,-0.20443,0,0.48888,-0.06221,0.22841,-0.00638,0.49000,0.87170,-0.00124,0.48893,-0.06218,0.22805,-0.00617,0.49004,0.87168,-0.00127,0.04,0.03,-0.36
0.8924,49,0.20518,-0.01485,0.03126,0.85294,0.39047,-0.27754,-0.20737,0,0.48888,-0.06221,0.22842,-0.00639,0.49000,0.87170,-0.00124,0.48893,-0.06218,0.22805,-0.00617,0.49004,0.87168,-0.00127,0.05,0.02,-0.38
0.9091,50,0.20571,-0.01419,0.03276,0.85135,0.38842,-0.28359,-0.20953,0,0.48888,-0.06221,0.22844,-0.00639,0.49000,0.87170,-0.00124,0.48893,-0.06218,0.22805,-0.00617,0.49004,0.87168,-0.00127,0.05,0.03,-0.39
0.9260,51,0.20641,-0.01347,0.03447,0.84855,0.38937,-0.28965,-0.21082,0,0.48888,-0.06221,0.22846,-0.00639,0.49001,0.87169,-0.00123,0.48893,-0.06218,0.22805,-0.00617,0.49004,0.87168,-0.00127,0.05,0.03,-0.41
0.9427,52,0.20837,-0.01213,0.03767,0.84239,0.39470,-0.29993,-0.21128,0,0.48888,-0.06222,0.22847,-0.00639,0.49001,0.87169,-0.00123,0.48893,-0.06218,0.22805,-0.00617,0.49004,0.87168,-0.00127,0.05,0.03,-0.42
0.9595,53,0.20961,-0.01143,0.03927,0.84006,0.39881,-0.30277,-0.20874,0,0.48887,-0.06222,0.22848,-0.00640,0.49001,0.87169,-0.00123,0.48893,-0.06218,0.22805,-0.00617,0.49004,0.87168,-0.00127,0.05,0.03,-0.43
0.9763,54,0.21086,-0.01076,0.04076,0.83804,0.40336,-0.30499,-0.20486,0,0.48887,-0.06222,0.22849,-0.00640,0.49000,0.87170,-0.00123,0.48893,-0.06218,0.22805,-0.00617,0.49004,0.87168,-0.00127,0.06,0.03,-0.44
0.9930,55,0.21227,-0.01022,0.04218,0.83655,0.40815,-0.30613,-0.19972,0,0.48887,-0.06222,0.22850,-0.00641,0.49000,0.87170,-0.00123,0.48893,-0.06218,0.22805,-0.00617,0.49004,0.87168,-0.00127,0.06,0.03,-0.45
1.0099,56,0.21375,-0.00980,0.04347,0.83552,0.41200,-0.30726,-0.19428,0,0.48886,-0.06222,0.22850,-0.00641,0.49000,0.87170,-0.00122,0.48893,-0.06218,0.22805,-0.00617,0.49004,0.87168,-0.00127,0.06,0.03,-0.46
1.0264,57,0.21692,-0.00891,0.04589,0.83448,0.41706,-0.31150,-0.18078,0,0.48886,-0.06222,0.22851,-0.00641,0.49000,0.87170,-0.00122,0.48893,-0.06218,0.22805,-0.00617,0.49004,0.87168,-0.00127,0.07,0.03,-0.47
1.0433,58,0.21838,-0.00868,0.04695,0.83310,0.41907,-0.31467,-0.17692,0,0.48886,-0.06222,0.22852,-0.00642,0.49000,0.87170,-0.00122,0.48893,-0.06218,0.22805,-0.00617,0.49004,0.87168,-0.00127,0.07,0.03,-0.48
1.0600,59,0.21987,-0.00852,0.04784,0.83189,0.42082,-0.31655,-0.17513,0,0.48885,-0.06222,0.22853,-0.00643,0.49000,0.87170,-0.00121,0.48893,-0.06218,0.22805,-0.00617,0.49004,0.87168,-0.00127,0.07,0.04,-0.49
1.0768,60,0.22115,-0.00841,0.04876,0.83130,0.42117,-0.31839,-0.17370,0,0.48885,-0.06222,0.22854,-0.00643,0.49000,0.87170,-0.00121,0.48885,-0.06222,0.22854,-0.00643,0.49000,0.87170,-0.00121,0.00,0.00,0.00
1.0935,61,0.22217,-0.00842,0.04937,0.83157,0.42060,-0.31954,-0.17170,0,0.48885,-0.06223,0.22855,-0.00643,0.48999,0.87170,-0.00120,0.48885,-0.06222,0.22854,-0.00643,0.49000,0.87170,-0.00121,0.00,0.00,-0.01
1.1103,62,0.22299,-0.00878,0.05042,0.83473,0.41564,-0.31962,-0.16828,0,0.48885,-0.06223,0.22860,-0.00645,0.48999,0.87170,-0.00119,0.48885,-0.06222,0.22854,-0.00643,0.49000,0.87170,-0.00121,0.00,0.01,-0.06
1.1271,63,0.22278,-0.00895,0.05062,0.83824,0.41198,-0.31556,-0.16750,0,0.48881,-0.06224,0.22868,-0.00652,0.48997,0.87171,-0.00119,0.48885,-0.06222,0.22854,-0.00643,0.49000,0.87170,-0.00121,0.04,0.02,-0.13
1.1439,64,0.22222,-0.00898,0.05087,0.84225,0.40805,-0.31069,-0.16611,0,0.48880,-0.06226,0.22877,-0.00657,0.48997,0.87172,-0.00117,0.48885,-0.06222,0.22854,-0.00643,0.49000,0.87170,-0.00121,0.05,0.03,-0.22
1.1606,65,0.22138,-0.00886,0.05110,0.84451,0.40538,-0.30858,-0.16511,0,0.48880,-0.06227,0.22887,-0.00659,0.48996,0.87172,-0.00115,0.48885,-0.06222,0.22854,-0.00643,0.49000,0.87170,-0.00121,0.05,0.05,-0.33
1.1774,66,0.21999,-0.00878,0.05096,0.84564,0.40241,-0.30849,-0.16674,0,0.48880,-0.06228,0.22896,-0.00662,0.48997,0.87172,-0.00115,0.48885,-0.06222,0.22854,-0.00643,0.49000,0.87170,-0.00121,0.05,0.05,-0.42
1.1940,67,0.21490,-0.00747,0.05044,0.84869,0.39766,-0.30587,-0.16743,0,0.48878,-0.06228,0.22903,-0.00667,0.48996,0.87172,-0.00116,0.48885,-0.06222,0.22854,-0.00643,0.49000,0.87170,-0.00121,0.07,0.06,-0.49
1.2108,68,0.21148,-0.00654,0.04997,0.85135,0.39712,-0.30044,-0.16504,0,0.48876,-0.06228,0.22907,-0.00670,0.48995,0.87172,-0.00115,0.48885,-0.06222,0.22854,-0.00643,0.49000,0.87170,-0.00121,0.09,0.05,-0.53
1.2277,69,0.20791,-0.00540,0.04957,0.85448,0.39693,-0.29306,-0.16255,0,0.48875,-0.06227,0.22909,-0.00671,0.48994,0.87173,-0.00114,0.48885,-0.06222,0.22854,-0.00643,0.49000,0.87170,-0.00121,0.10,0.05,-0.55
1.2443,70,0.20423,-0.00405,0.04907,0.85779,0.39643,-0.28520,-0.16033,0,0.48875,-0.06227,0.22911,-0.00671,0.48994,0.87173,-0.00113,0.48885,-0.06222,0.22854,-0.00643,0.49000,0.87170,-0.00121,0.10,0.05,-0.57
1.2612,71,0.20059,-0.00222,0.04857,0.86045,0.39558,-0.27913,-0.15886,0,0.48875,-0.06228,0.22913,-0.00671,0.48995,0.87173,-0.00113,0.48885,-0.06222,0.22854,-0.00643,0.49000,0.87170,-0.00121,0.10,0.05,-0.58
1.2780,72,0.19324,0.00209,0.04786,0.86025,0.40013,-0.27090,-0.16276,0,0.48875,-0.06228,0.22914,-0.00671,0.48995,0.87172,-0.00113,0.48885,-0.06222,0.22854,-0.00643,0.49000,0.87170,-0.00121,0.10,0.06,-0.60
1.2947,73,0.18989,0.00449,0.04737,0.85825,0.40473,-0.26712,-0.16807,0,0.48874,-0.06228,0.22915,-0.00672,0.48995,0.87172,-0.00114,0.48885,-0.06222,0.22854,-0.00643,0.49000,0.87170,-0.00121,0.11,0.06,-0.61
1.3115,74,0.18653,0.00683,0.04693,0.85545,0.40941,-0.26465,-0.17479,0,0.48874,-0.06228,0.22916,-0.00673,0.48995,0.87172,-0.00113,0.48885,-0.06222,0.22854,-0.00643,0.49000,0.87170,-0.00121,0.12,0.06,-0.61
1.3283,75,0.18327,0.00918,0.04627,0.85303,0.41362,-0.26179,-0.18087,0,0.48873,-0.06228,0.22916,-0.00673,0.48995,0.87172,-0.00113,0.48885,-0.06222,0.22854,-0.00643,0.49000,0.87170,-0.00121,0.12,0.05,-0.62
1.3451,76,0.18004,0.01148,0.04572,0.85111,0.41724,-0.26011,-0.18404,0,0.48873,-0.06228,0.22917,-0.00673,0.48995,0.87173,-0.00112,0.48885,-0.06222,0.22854,-0.00643,0.49000,0.87170,-0.00121,0.12,0.05,-0.63
1.3618,77,0.17385,0.01577,0.04478,0.84876,0.42367,-0.25603,-0.18589,0,0.48873,-0.06228,0.22918,-0.00673,0.48995,0.87172,-0.00112,0.48885,-0.06222,0.22854,-0.00643,0.49000,0.87170,-0.00121,0.12,0.06,-0.64
1.3785,78,0.17129,0.01802,0.04437,0.84804,0.42604,-0.25391,-0.18669,0,0.48873,-0.06228,0.22919,-0.00673,0.48995,0.87172,-0.00112,0.48885,-0.06222,0.22854,-0.00643,0.49000,0.87170,-0.00121,0.12,0.06,-0.64
1.3952,79,0.16903,0.02000,0.04404,0.84652,0.42912,-0.25248,-0.18847,0,0.48873,-0.06228,0.22919,-0.00673,0.48995,0.87172,-0.00112,0.48885,-0.06222,0.22854,-0.00643,0.49000,0.87170,-0.00121,0.12,0.06,-0.65
1.4119,80,0.16709,0.02167,0.04367,0.84405,0.43347,-0.25094,-0.19158,0,0.48873,-0.06228,0.22920,-0.00674,0.48995,0.87172,-0.00112,0.48873,-0.06228,0.22920,-0.00674,0.48995,0.87172,-0.00112,0.00,0.00,0.00
1.4287,81,0.16538,0.02324,0.04341,0.84200,0.43722,-0.24863,-0.19508,0,0.48873,-0.06228,0.22921,-0.00674,0.48995,0.87172,-0.00112,0.48873,-0.06228,0.22920,-0.00674,0.48995,0.87172,-0.00112,0.00,0.00,-0.01
1.4455,82,0.16424,0.02593,0.04227,0.83937,0.44439,-0.24221,-0.19828,0,0.48873,-0.06229,0.22925,-0.00675,0.48995,0.87172,-0.00111,0.48873,-0.06228,0.22920,-0.00674,0.48995,0.87172,-0.00112,-0.00,0.01,-0.05
1.4624,83,0.16492,0.02699,0.04154,0.83821,0.44795,-0.24111,-0.19652,0,0.48869,-0.06230,0.22934,-0.00683,0.48992,0.87174,-0.00109,0.48873,-0.06228,0.22920,-0.00674,0.48995,0.87172,-0.00112,0.04,0.02,-0.14
1.4791,84,0.16608,0.02770,0.04063,0.83676,0.45208,-0.24025,-0.19424,0,0.48866,-0.06232,0.22944,-0.00689,0.48992,0.87174,-0.00107,0.48873,-0.06228,0.22920,-0.00674,0.48995,0.87172,-0.00112,0.06,0.04,-0.24
1.4958,85,0.16800,0.02801,0.03967,0.83457,0.45720,-0.24138,-0.19025,0,0.48866,-0.06233,0.22956,-0.00693,0.48989,0.87175,-0.00105,0.48873,-0.06228,0.22920,-0.00674,0.48995,0.87172,-0.00112,0.07,0.06,-0.37
1.5127,86,0.17371,0.02788,0.03715,0.82982,0.46597,-0.24660,-0.18290,0,0.48865,-0.06235,0.22969,-0.00696,0.48991,0.87175,-0.00104,0.48873,-0.06228,0.22920,-0.00674,0.48995,0.87172,-0.00112,0.07,0.07,-0.49
1.5294,87,0.17737,0.02759,0.03587,0.82769,0.46944,-0.24986,-0.17925,0,0.48864,-0.06236,0.22977,-0.00700,0.48991,0.87174,-0.00104,0.48873,-0.06228,0.22920,-0.00674,0.48995,0.87172,-0.00112,0.09,0.08,-0.58
1.5461,88,0.18160,0.02695,0.03467,0.82572,0.47282,-0.25268,-0.17546,0,0.48861,-0.06236,0.22983,-0.00705,0.48989,0.87175,-0.00105,0.48873,-0.06228,0.22920,-0.00674,0.48995,0.87172,-0.00112,0.12,0.08,-0.63
1.5629,89,0.18639,0.02613,0.03318,0.82424,0.47585,-0.25489,-0.17098,0,0.48860,-0.06235,0.22986,-0.00707,0.48989,0.87176,-0.00104,0.48873,-0.06228,0.22920,-0.00674,0.48995,0.87172,-0.00112,0.13,0.07,-0.66
1.5797,90,0.19142,0.02501,0.03177,0.82268,0.47897,-0.25824,-0.16462,0,0.48860,-0.06235,0.22988,-0.00706,0.48989,0.87176,-0.00103,0.48873,-0.06228,0.22920,-0.00674,0.48995,0.87172,-0.00112,0.13,0.07,-0.68
1.5964,91,0.20208,0.02208,0.02858,0.82022,0.48471,-0.26681,-0.14527,0,0.48860,-0.06235,0.22989,-0.00706,0.48989,0.87175,-0.00103,0.48873,-0.06228,0.22920,-0.00674,0.48995,0.87172,-0.00112,0.12,0.07,-0.70
1.6131,92,0.20793,0.02016,0.02695,0.81990,0.48534,-0.27227,-0.13448,0,0.48860,-0.06235,0.22991,-0.00706,0.48990,0.87175,-0.00103,0.48873,-0.06228,0.22920,-0.00674,0.48995,0.87172,-0.00112,0.12,0.07,-0.71
1.6298,93,0.21383,0.01812,0.02519,0.81992,0.48424,-0.27883,-0.12445,0,0.48860,-0.06236,0.22991,-0.00707,0.48989,0.87175,-0.00103,0.48873,-0.06228,0.22920,-0.00674,0.48995,0.87172,-0.00112,0.13,0.08,-0.72
1.6467,94,0.21957,0.01612,0.02347,0.82001,0.48208,-0.28641,-0.11469,0,0.48859,-0.06236,0.22992,-0.00708,0.48989,0.87175,-0.00103,0.48873,-0.06228,0.22920,-0.00674,0.48995,0.87172,-0.00112,0.13,0.08,-0.72
1.6633,95,0.22524,0.01386,0.02165,0.82019,0.47947,-0.29447,-0.10339,0,0.48859,-0.06236,0.22992,-0.00708,0.48988,0.87176,-0.00103,0.48873,-0.06228,0.22920,-0.00674,0.48995,0.87172,-0.00112,0.14,0.08,-0.72
1.6801,96,0.23560,0.00924,0.01797,0.82110,0.47248,-0.30987,-0.08086,0,0.48859,-0.06235,0.22993,-0.00708,0.48989,0.87176,-0.00103,0.48873,-0.06228,0.22920,-0.00674,0.48995,0.87172,-0.00112,0.14,0.08,-0.73
1.6969,97,0.24042,0.00709,0.01622,0.82162,0.46845,-0.31622,-0.07419,0,0.48859,-0.06236,0.22994,-0.00708,0.48989,0.87175,-0.00103,0.48873,-0.06228,0.22920,-0.00674,0.48995,0.87172,-0.00112,0.14,0.08,-0.74
1.7136,98,0.24483,0.00521,0.01441,0.82256,0.46324,-0.32204,-0.07136,0,0.48859,-0.06236,0.22994,-0.00707,0.48989,0.87176,-0.00102,0.48873,-0.06228,0.22920,-0.00674,0.48995,0.87172,-0.00112,0.14,0.08,-0.74
1.7303,99,0.24865,0.00361,0.01290,0.82363,0.45703,-0.32829,-0.07055,0,0.48858,-0.06236,0.22995,-0.00708,0.48989,0.87176,-0.00102,0.48873,-0.06228,0.22920,-0.00674,0.48995,0.87172,-0.00112,0.14,0.08,-0.75
1.7471,100,0.25183,0.00251,0.01147,0.82490,0.45022,-0.33410,-0.07219,0,0.48858,-0.06236,0.22995,-0.00708,0.48989,0.87176,-0.00102,0.48858,-0.06236,0.22995,-0.00708,0.48989,0.87176,-0.00102,0.00,0.00,0.00
1.7638,101,0.25674,0.00094,0.00851,0.82719,0.44105,-0.34002,-0.07500,0,0.48858,-0.06236,0.22995,-0.00708,0.48989,0.87176,-0.00101,0.48858,-0.06236,0.22995,-0.00708,0.48989,0.87176,-0.00102,-0.00,0.00,-0.01
1.7805,102,0.25828,0.00051,0.00709,0.82839,0.43921,-0.33985,-0.07322,0,0.48859,-0.06237,0.23000,-0.00708,0.48989,0.87175,-0.00099,0.48858,-0.06236,0.22995,-0.00708,0.48989,0.87176,-0.00102,-0.01,0.01,-0.05
1.7972,103,0.25905,0.00027,0.00550,0.82933,0.43982,-0.33753,-0.06959,0,0.48854,-0.06239,0.23009,-0.00716,0.48987,0.87177,-0.00099,0.48858,-0.06236,0.22995,-0.00708,0.48989,0.87176,-0.00102,0.04,0.03,-0.14
1.8140,104,0.25899,0.00019,0.00418,0.83006,0.44132,-0.33457,-0.06557,0,0.48851,-0.06241,0.23020,-0.00725,0.48985,0.87178,-0.00095,0.48858,-0.06236,0.22995,-0.00708,0.48989,0.87176,-0.00102,0.07,0.05,-0.25
1.8309,105,0.25835,0.00020,0.00272,0.83145,0.44348,-0.32886,-0.06214,0,0.48849,-0.06243,0.23034,-0.00730,0.48985,0.87177,-0.00091,0.48858,-0.06236,0.22995,-0.00708,0.48989,0.87176,-0.00102,0.09,0.07,-0.39
1.8475,106,0.25525,0.00082,0.00011,0.83621,0.44688,-0.31299,-0.05562,0,0.48849,-0.06245,0.23047,-0.00733,0.48983,0.87179,-0.00091,0.48858,-0.06236,0.22995,-0.00708,0.48989,0.87176,-0.00102,0.09,0.09,-0.52
1.8642,107,0.25305,0.00120,-0.00125,0.83868,0.44868,-0.30416,-0.05283,0,0.48847,-0.06246,0.23057,-0.00738,0.48984,0.87178,-0.00092,0.48858,-0.06236,0.22995,-0.00708,0.48989,0.87176,-0.00102,0.11,0.10,-0.62
1.8811,108,0.25003,0.00150,-0.00256,0.84130,0.45034,-0.29512,-0.04809,0,0.48845,-0.06246,0.23064,-0.00743,0.48983,0.87179,-0.00092,0.48858,-0.06236,0.22995,-0.00708,0.48989,0.87176,-0.00102,0.13,0.10,-0.69
1.8978,109,0.24668,0.00175,-0.00372,0.84440,0.45146,-0.28533,-0.04201,0,0.48844,-0.06245,0.23067,-0.00746,0.48981,0.87179,-0.00091,0.48858,-0.06236,0.22995,-0.00708,0.48989,0.87176,-0.00102,0.14,0.09,-0.72
1.9145,110,0.24320,0.00172,-0.00466,0.84898,0.45269,-0.27016,-0.03632,0,0.48844,-0.06245,0.23069,-0.00746,0.48981,0.87180,-0.00091,0.48858,-0.06236,0.22995,-0.00708,0.48989,0.87176,-0.00102,0.14,0.09,-0.74
1.9314,111,0.23615,0.00167,-0.00768,0.85510,0.45768,-0.24271,-0.02090,0,0.48844,-0.06245,0.23070,-0.00746,0.48981,0.87179,-0.00090,0.48858,-0.06236,0.22995,-0.00708,0.48989,0.87176,-0.00102,0.14,0.08,-0.75
1.9481,112,0.23251,0.00184,-0.00936,0.85767,0.45846,-0.23258,-0.01095,0,0.48844,-0.06245,0.23071,-0.00746,0.48982,0.87179,-0.00090,0.48858,-0.06236,0.22995,-0.00708,0.48989,0.87176,-0.00102,0.14,0.09,-0.77
1.9648,113,0.22923,0.00113,-0.01103,0.85783,0.46218,-0.22472,-0.00425,0,0.48844,-0.06246,0.23072,-0.00746,0.48982,0.87179,-0.00090,0.48858,-0.06236,0.22995,-0.00708,0.48989,0.87176,-0.00102,0.14,0.09,-0.77
1.9819,114,0.22593,0.00124,-0.01316,0.86010,0.46125,-0.21789,-0.00167,1,0.48843,-0.06246,0.23072,-0.00747,0.48981,0.87180,-0.00090,0.48844,-0.06246,0.23072,-0.00747,0.48981,0.87180,-0.00090,0.00,-0.00,0.00
1.9983,115,0.22284,0.00153,-0.01535,0.86218,0.46053,-0.21104,-0.00407,1,0.48843,-0.06246,0.23073,-0.00747,0.48981,0.87180,-0.00090,0.48909,-0.06153,0.23081,-0.00747,0.48981,0.87180,-0.00090,0.66,0.93,0.08
2.0154,116,0.21628,0.00065,-0.02043,0.86223,0.46364,-0.20356,-0.01295,1,0.48844,-0.06246,0.23078,-0.00747,0.48981,0.87179,-0.00088,0.49011,-0.06022,0.23064,-0.00747,0.48981,0.87180,-0.00090,1.67,2.24,-0.14
2.0322,117,0.21332,0.00040,-0.02368,0.86310,0.46471,-0.19705,-0.01674,1,0.48843,-0.06243,0.23089,-0.00753,0.48979,0.87181,-0.00085,0.49126,-0.05902,0.23051,-0.00747,0.48981,0.87180,-0.00090,2.83,3.41,-0.38
2.0489,118,0.21023,0.00004,-0.02698,0.86441,0.46431,-0.19213,-0.01721,1,0.48847,-0.06232,0.23108,-0.00761,0.48978,0.87181,-0.00082,0.49246,-0.05787,0.23038,-0.00747,0.48981,0.87180,-0.00090,3.98,4.45,-0.70
2.0653,119,0.20725,-0.00017,-0.03057,0.86649,0.46254,-0.18700,-0.01673,1,0.48864,-0.06208,0.23132,-0.00764,0.48970,0.87186,-0.00075,0.49366,-0.05686,0.23030,-0.00747,0.48981,0.87180,-0.00090,5.02,5.22,-1.01
2.0821,120,0.20452,-0.00005,-0.03426,0.86865,0.46007,-0.18282,-0.01880,1,0.48899,-0.06159,0.23156,-0.00768,0.48972,0.87185,-0.00060,0.49018,-0.06045,0.23131,-0.00768,0.48972,0.87185,-0.00060,1.19,1.14,-0.25
2.0988,121,0.19963,0.00140,-0.04192,0.87148,0.45493,-0.17946,-0.03686,1,0.48954,-0.06090,0.23175,-0.00772,0.48972,0.87185,-0.00047,0.49144,-0.05937,0.23121,-0.00768,0.48972,0.87185,-0.00060,1.91,1.53,-0.53
2.1159,122,0.19762,0.00259,-0.04578,0.87227,0.45305,-0.17731,-0.04948,1,0.49021,-0.06012,0.23183,-0.00777,0.48970,0.87186,-0.00043,0.49275,-0.05833,0.23120,-0.00768,0.48972,0.87185,-0.00060,2.54,1.79,-0.63
2.1323,123,0.19563,0.00392,-0.04994,0.87226,0.45289,-0.17426,-0.06065,1,0.49088,-0.05936,0.23181,-0.00784,0.48966,0.87188,-0.00041,0.49409,-0.05734,0.23126,-0.00768,0.48972,0.87185,-0.00060,3.20,2.02,-0.54
2.1490,124,0.19362,0.00589,-0.05474,0.87171,0.45468,-0.16963,-0.06784,1,0.49155,-0.05865,0.23173,-0.00790,0.48965,0.87188,-0.00042,0.49546,-0.05642,0.23144,-0.00768,0.48972,0.87185,-0.00060,3.91,2.23,-0.29
2.1660,125,0.19161,0.00805,-0.05972,0.87053,0.45877,-0.16429,-0.06867,1,0.49214,-0.05815,0.23169,-0.00790,0.48964,0.87189,-0.00045,0.49687,-0.05556,0.23170,-0.00768,0.48972,0.87185,-0.00060,4.72,2.59,0.02
2.1829,126,0.18797,0.01219,-0.07103,0.86793,0.46963,-0.15052,-0.05908,1,0.49268,-0.05785,0.23175,-0.00787,0.48967,0.87187,-0.00046,0.49832,-0.05483,0.23208,-0.00768,0.48972,0.87185,-0.00060,5.64,3.02,0.33
2.1995,127,0.18643,0.01461,-0.07721,0.86657,0.47523,-0.14298,-0.05258,1,0.49321,-0.05766,0.23193,-0.00784,0.48969,0.87186,-0.00042,0.49979,-0.05416,0.23250,-0.00768,0.48972,0.87185,-0.00060,6.57,3.50,0.57
2.2162,128,0.18515,0.01704,-0.08384,0.86452,0.48120,-0.13687,-0.04813,1,0.49388,-0.05743,0.23221,-0.00782,0.48969,0.87186,-0.00032,0.50128,-0.05357,0.23295,-0.00768,0.48972,0.87185,-0.00060,7.39,3.86,0.74
2.2330,129,0.18394,0.01948,-0.09076,0.86288,0.48558,-0.13218,-0.04663,1,0.49470,-0.05705,0.23252,-0.00783,0.48966,0.87188,-0.00021,0.50278,-0.05303,0.23342,-0.00768,0.48972,0.87185,-0.00060,8.08,4.02,0.89
2.2497,130,0.18308,0.02223,-0.09802,0.86225,0.48810,-0.12709,-0.04615,1,0.49562,-0.05659,0.23282,-0.00784,0.48965,0.87189,-0.00014,0.50431,-0.05256,0.23391,-0.00768,0.48972,0.87185,-0.00060,8.69,4.03,1.09
2.2664,131,0.18147,0.02841,-0.11325,0.86011,0.49438,-0.11830,-0.04249,1,0.49672,-0.05598,0.23311,-0.00788,0.48962,0.87190,-0.00010,0.50584,-0.05219,0.23445,-0.00768,0.48972,0.87185,-0.00060,9.12,3.78,1.34
2.2831,132,0.18067,0.03168,-0.12096,0.85888,0.49752,-0.11521,-0.03908,1,0.49795,-0.05530,0.23341,-0.00788,0.48960,0.87191,-0.00007,0.50737,-0.05185,0.23500,-0.00768,0.48972,0.87185,-0.00060,9.42,3.45,1.59
2.2999,133,0.17983,0.03503,-0.12870,0.85759,0.50071,-0.11183,-0.03642,1,0.49929,-0.05462,0.23375,-0.00784,0.48958,0.87192,-0.00007,0.50891,-0.05154,0.23557,-0.00768,0.48972,0.87185,-0.00060,9.62,3.08,1.82
2.3166,134,0.17919,0.03855,-0.13625,0.85697,0.50257,-0.10885,-0.03445,1,0.50072,-0.05399,0.23415,-0.00778,0.48959,0.87192,-0.00011,0.51044,-0.05125,0.23616,-0.00768,0.48972,0.87185,-0.00060,9.72,2.74,2.01
2.3336,135,0.17851,0.04230,-0.14386,0.85621,0.50442,-0.10665,-0.03295,1,0.50212,-0.05347,0.23457,-0.00775,0.48961,0.87191,-0.00016,0.51197,-0.05098,0.23678,-0.00768,0.48972,0.87185,-0.00060,9.84,2.49,2.21
2.3502,136,0.17700,0.04968,-0.15857,0.85478,0.50718,-0.10503,-0.03313,1,0.50365,-0.05300,0.23504,-0.00776,0.48961,0.87191,-0.00018,0.51348,-0.05074,0.23742,-0.00768,0.48972,0.87185,-0.00060,9.84,2.26,2.38
2.3667,137,0.17620,0.05306,-0.16573,0.85365,0.50905,-0.10446,-0.03531,1,0.50519,-0.05259,0.23553,-0.00781,0.48961,0.87191,-0.00019,0.51500,-0.05050,0.23806,-0.00768,0.48972,0.87185,-0.00060,9.81,2.08,2.54
2.3835,138,0.17539,0.05669,-0.17296,0.85282,0.51070,-0.10290,-0.03600,1,0.50666,-0.05225,0.23601,-0.00786,0.48960,0.87191,-0.00019,0.51652,-0.05028,0.23872,-0.00768,0.48972,0.87185,-0.00060,9.85,1.98,2.71
2.4002,139,0.17464,0.06009,-0.18012,0.85185,0.51252,-0.10197,-0.03573,1,0.50823,-0.05195,0.23657,-0.00789,0.48960,0.87191,-0.00017,0.51803,-0.05006,0.23939,-0.00768,0.48972,0.87185,-0.00060,9.80,1.89,2.81
2.4170,140,0.17365,0.06323,-0.18733,0.85142,0.51332,-0.10217,-0.03389,1,0.50979,-0.05164,0.23717,-0.00791,0.48959,0.87192,-0.00015,0.51133,-0.05140,0.23778,-0.00791,0.48959,0.87192,-0.00015,1.53,0.24,0.60
2.4337,141,0.17159,0.06987,-0.20111,0.85218,0.51243,-0.10070,-0.03264,1,0.51130,-0.05136,0.23778,-0.00796,0.48957,0.87193,-0.00017,0.51286,-0.05116,0.23840,-0.00791,0.48959,0.87192,-0.00015,1.56,0.19,0.61
2.4506,142,0.17057,0.07380,-0.20758,0.85218,0.51274,-0.09890,-0.03322,1,0.51279,-0.05108,0.23842,-0.00801,0.48956,0.87193,-0.00013,0.51438,-0.05092,0.23903,-0.00791,0.48959,0.87192,-0.00015,1.60,0.15,0.61
2.4676,143,0.16973,0.07707,-0.21404,0.85245,0.51248,-0.09801,-0.03302,1,0.51403,-0.05086,0.23899,-0.00809,0.48952,0.87196,-0.00012,0.51590,-0.05069,0.23967,-0.00791,0.48959,0.87192,-0.00015,1.87,0.17,0.68
2.4842,144,0.16895,0.08032,-0.22065,0.85258,0.51241,-0.09736,-0.03262,1,0.51511,-0.05069,0.23952,-0.00822,0.48951,0.87196,-0.00010,0.51742,-0.05046,0.24031,-0.00791,0.48959,0.87192,-0.00015,2.31,0.24,0.79
2.5008,145,0.16792,0.08364,-0.22676,0.85215,0.51288,-0.09904,-0.03143,1,0.51586,-0.05064,0.23999,-0.00834,0.48952,0.87195,-0.00009,0.51894,-0.05022,0.24097,-0.00791,0.48959,0.87192,-0.00015,3.07,0.41,0.98
2.5178,146,0.16609,0.08997,-0.23859,0.85201,0.51272,-0.10040,-0.03350,1,0.51631,-0.05068,0.24038,-0.00841,0.48954,0.87194,-0.00012,0.52045,-0.04999,0.24163,-0.00791,0.48959,0.87192,-0.00015,4.14,0.69,1.25
2.5342,147,0.16484,0.09297,-0.24451,0.85256,0.51193,-0.09892,-0.03582,1,0.51656,-0.05074,0.24069,-0.00844,0.48952,0.87195,-0.00012,0.52195,-0.04975,0.24230,-0.00791,0.48959,0.87192,-0.00015,5.40,0.98,1.62
2.5509,148,0.16364,0.09603,-0.25030,0.85271,0.51225,-0.09570,-0.03643,1,0.51681,-0.05074,0.24101,-0.00844,0.48949,0.87197,-0.00001,0.52346,-0.04951,0.24298,-0.00791,0.48959,0.87192,-0.00015,6.65,1.23,1.97
2.5680,149,0.16221,0.09893,-0.25603,0.85238,0.51339,-0.09362,-0.03346,1,0.51718,-0.05071,0.24136,-0.00842,0.48947,0.87198,0.00012,0.52496,-0.04927,0.24366,-0.00791,0.48959,0.87192,-0.00015,7.78,1.44,2.30
2.5845,150,0.16069,0.10180,-0.26171,0.85262,0.51342,-0.09252,-0.02969,1,0.51773,-0.05063,0.24174,-0.00840,0.48942,0.87201,0.00024,0.52646,-0.04902,0.24434,-0.00791,0.48959,0.87192,-0.00015,8.73,1.62,2.60
2.6012,151,0.15826,0.10787,-0.27276,0.85218,0.51401,-0.09414,-0.02697,1,0.51858,-0.05052,0.24222,-0.00832,0.48939,0.87203,0.00033,0.52796,-0.04876,0.24503,-0.00791,0.48959,0.87192,-0.00015,9.38,1.76,2.81
2.6179,152,0.15668,0.11052,-0.27812,0.85127,0.51553,-0.09402,-0.02692,1,0.51970,-0.05036,0.24278,-0.00818,0.48941,0.87202,0.00037,0.52945,-0.04850,0.24572,-0.00791,0.48959,0.87192,-0.00015,9.75,1.87,2.94
2.6351,153,0.15510,0.11293,-0.28360,0.85050,0.51719,-0.09281,-0.02326,1,0.52099,-0.05013,0.24339,-0.00809,0.48944,0.87200,0.00038,0.53095,-0.04822,0.24641,-0.00791,0.48959,0.87192,-0.00015,9.95,1.91,3.02
2.6519,154,0.15350,0.11549,-0.28918,0.85033,0.51801,-0.09140,-0.01606,1,0.52240,-0.04984,0.24404,-0.00802,0.48942,0.87201,0.00038,0.53244,-0.04795,0.24709,-0.00791,0.48959,0.87192,-0.00015,10.04,1.89,3.06
2.6682,155,0.15096,0.11993,-0.30063,0.84873,0.52111,-0.09004,-0.00129,1,0.52380,-0.04952,0.24467,-0.00799,0.48941,0.87202,0.00036,0.53393,-0.04766,0.24777,-0.00791,0.48959,0.87192,-0.00015,10.13,1.86,3.10
2.6851,156,0.14976,0.12162,-0.30631,0.84741,0.52330,-0.08953,0.00604,1,0.52536,-0.04921,0.24535,-0.00797,0.48942,0.87201,0.00031,0.53543,-0.04738,0.24845,-0.00791,0.48959,0.87192,-0.00015,10.07,1.83,3.10
2.7021,157,0.14864,0.12337,-0.31173,0.84698,0.52371,-0.09042,0.01337,1,0.52695,-0.04894,0.24602,-0.00797,0.48943,0.87201,0.00027,0.53693,-0.04709,0.24911,-0.00791,0.48959,0.87192,-0.00015,9.98,1.85,3.10
2.7185,158,0.14775,0.12467,-0.31704,0.84702,0.52321,-0.09187,0.01900,1,0.52845,-0.04872,0.24663,-0.00801,0.48945,0.87199,0.00026,0.53844,-0.04681,0.24977,-0.00791,0.48959,0.87192,-0.00015,9.98,1.91,3.14
2.7353,159,0.14649,0.12552,-0.32187,0.84845,0.52003,-0.09595,0.02230,1,0.53007,-0.04849,0.24728,-0.00806,0.48945,0.87199,0.00028,0.53994,-0.04652,0.25042,-0.00791,0.48959,0.87192,-0.00015,9.87,1.97,3.14
2.7521,160,0.14434,0.12794,-0.32993,0.85309,0.51112,-0.10275,0.02086,1,0.53167,-0.04824,0.24793,-0.00811,0.48944,0.87200,0.00031,0.53319,-0.04794,0.24854,-0.00811,0.48944,0.87200,0.00031,1.52,0.30,0.61
2.7687,161,0.14314,0.12885,-0.33348,0.85564,0.50669,-0.10445,0.01539,1,0.53325,-0.04796,0.24861,-0.00813,0.48942,0.87201,0.00030,0.53472,-0.04763,0.24915,-0.00811,0.48944,0.87200,0.00031,1.47,0.33,0.54
2.7854,162,0.14212,0.12973,-0.33647,0.85807,0.50238,-0.10603,0.00962,1,0.53466,-0.04768,0.24924,-0.00817,0.48941,0.87202,0.00031,0.53624,-0.04732,0.24975,-0.00811,0.48944,0.87200,0.00031,1.58,0.36,0.51
2.8022,163,0.14091,0.13065,-0.33889,0.86006,0.49897,-0.10642,0.00261,1,0.53600,-0.04737,0.24988,-0.00824,0.48937,0.87204,0.00032,0.53776,-0.04701,0.25036,-0.00811,0.48944,0.87200,0.00031,1.76,0.36,0.48
2.8189,164,0.14013,0.13119,-0.34100,0.86121,0.49679,-0.10728,-0.00264,1,0.53707,-0.04712,0.25042,-0.00834,0.48935,0.87205,0.00030,0.53928,-0.04669,0.25096,-0.00811,0.48944,0.87200,0.00031,2.21,0.43,0.54
2.8357,165,0.13851,0.13193,-0.34488,0.86130,0.49627,-0.10885,-0.00499,1,0.53778,-0.04698,0.25082,-0.00844,0.48935,0.87205,0.00025,0.54080,-0.04636,0.25155,-0.00811,0.48944,0.87200,0.00031,3.02,0.61,0.73
2.8525,166,0.13766,0.13203,-0.34665,0.86065,0.49738,-0.10906,-0.00107,1,0.53823,-0.04694,0.25115,-0.00852,0.48935,0.87205,0.00023,0.54233,-0.04603,0.25214,-0.00811,0.48944,0.87200,0.00031,4.09,0.90,0.99
2.8693,167,0.13703,0.13186,-0.34830,0.86003,0.49857,-0.10843,0.00356,1,0.53852,-0.04695,0.25140,-0.00854,0.48938,0.87203,0.00025,0.54385,-0.04570,0.25272,-0.00811,0.48944,0.87200,0.00031,5.34,1.26,1.32
2.8861,168,0.13627,0.13172,-0.34969,0.85947,0.49979,-0.10711,0.00714,1,0.53878,-0.04693,0.25162,-0.00852,0.48938,0.87203,0.00034,0.54538,-0.04536,0.25330,-0.00811,0.48944,0.87200,0.00031,6.60,1.57,1.68
2.9027,169,0.13567,0.13169,-0.35097,0.85971,0.49946,-0.10662,0.00857,1,0.53916,-0.04683,0.25185,-0.00852,0.48934,0.87205,0.00051,0.54691,-0.04501,0.25387,-0.00811,0.48944,0.87200,0.00031,7.74,1.81,2.01
2.9195,170,0.13443,0.13133,-0.35245,0.86155,0.49625,-0.10691,0.00623,1,0.53972,-0.04672,0.25213,-0.00849,0.48923,0.87211,0.00061,0.54844,-0.04466,0.25443,-0.00811,0.48944,0.87200,0.00031,8.71,2.06,2.30
2.9362,171,0.13406,0.13110,-0.35266,0.86278,0.49404,-0.10736,0.00252,1,0.54059,-0.04654,0.25251,-0.00840,0.48928,0.87209,0.00069,0.54997,-0.04430,0.25498,-0.00811,0.48944,0.87200,0.00031,9.38,2.24,2.47
2.9529,172,0.13370,0.13101,-0.35248,0.86415,0.49149,-0.10808,-0.00070,1,0.54171,-0.04631,0.25299,-0.00827,0.48932,0.87206,0.00073,0.55150,-0.04394,0.25554,-0.00811,0.48944,0.87200,0.00031,9.78,2.36,2.56
2.9697,173,0.13314,0.13112,-0.35173,0.86504,0.48986,-0.10833,-0.00242,1,0.54300,-0.04600,0.25352,-0.00818,0.48933,0.87206,0.00074,0.55302,-0.04357,0.25610,-0.00811,0.48944,0.87200,0.00031,10.02,2.43,2.58
2.9864,174,0.13289,0.13110,-0.35041,0.86520,0.48978,-0.10738,-0.00416,1,0.54432,-0.04564,0.25408,-0.00812,0.48929,0.87208,0.00075,0.55454,-0.04320,0.25667,-0.00811,0.48944,0.87200,0.00031,10.22,2.44,2.59
3.0033,175,0.13213,0.13081,-0.34647,0.86356,0.49390,-0.10157,-0.00378,1,0.54578,-0.04521,0.25466,-0.00810,0.48929,0.87208,0.00071,0.55606,-0.04280,0.25724,-0.00811,0.48944,0.87200,0.00031,10.27,2.41,2.59
3.0202,176,0.13190,0.13056,-0.34334,0.86298,0.49586,-0.09686,-0.00144,1,0.54735,-0.04480,0.25526,-0.00807,0.48933,0.87206,0.00067,0.55756,-0.04239,0.25783,-0.00811,0.48944,0.87200,0.00031,10.21,2.41,2.57
3.0369,177,0.13169,0.13002,-0.33966,0.86183,0.49897,-0.09095,0.00051,1,0.54895,-0.04442,0.25586,-0.00808,0.48935,0.87205,0.00061,0.55906,-0.04197,0.25843,-0.00811,0.48944,0.87200,0.00031,10.10,2.45,2.57
3.0537,178,0.13161,0.12950,-0.33534,0.86071,0.50193,-0.08503,0.00280,1,0.55049,-0.04407,0.25639,-0.00813,0.48937,0.87204,0.00059,0.56054,-0.04152,0.25904,-0.00811,0.48944,0.87200,0.00031,10.05,2.55,2.65
3.0706,179,0.13186,0.12901,-0.33033,0.85937,0.50525,-0.07867,0.00452,1,0.55212,-0.04375,0.25693,-0.00820,0.48939,0.87203,0.00057,0.56201,-0.04106,0.25968,-0.00811,0.48944,0.87200,0.00031,9.89,2.69,2.75
3.0876,180,0.13277,0.12707,-0.31848,0.85593,0.51296,-0.06519,0.00361,1,0.55375,-0.04342,0.25747,-0.00827,0.48939,0.87203,0.00060,0.55521,-0.04292,0.25808,-0.00827,0.48939,0.87203,0.00060,1.47,0.50,0.61
3.1039,181,0.13353,0.12568,-0.31210,0.85405,0.51693,-0.05820,0.00090,1,0.55535,-0.04304,0.25805,-0.00833,0.48938,0.87203,0.00065,0.55667,-0.04240,0.25871,-0.00827,0.48939,0.87203,0.00060,1.32,0.63,0.67
3.1205,182,0.13417,0.12419,-0.30520,0.85268,0.51986,-0.05174,0.00003,1,0.55677,-0.04264,0.25862,-0.00838,0.48934,0.87205,0.00066,0.55809,-0.04185,0.25937,-0.00827,0.48939,0.87203,0.00060,1.32,0.79,0.75
3.1373,183,0.13498,0.12266,-0.29780,0.85167,0.52219,-0.04442,-0.00000,1,0.55811,-0.04222,0.25920,-0.00847,0.48933,0.87206,0.00064,0.55949,-0.04126,0.26006,-0.00827,0.48939,0.87203,0.00060,1.39,0.96,0.86
3.1541,184,0.13623,0.12093,-0.28987,0.85099,0.52388,-0.03690,-0.00101,1,0.55918,-0.04184,0.25971,-0.00858,0.48931,0.87207,0.00060,0.56084,-0.04062,0.26080,-0.00827,0.48939,0.87203,0.00060,1.66,1.23,1.09
3.1708,185,0.13975,0.11627,-0.27325,0.85050,0.52541,-0.02210,-0.01026,1,0.55992,-0.04156,0.26014,-0.00869,0.48933,0.87206,0.00056,0.56198,-0.03980,0.26170,-0.00827,0.48939,0.87203,0.00060,2.06,1.76,1.57
3.1878,186,0.14163,0.11397,-0.26453,0.84951,0.52718,-0.01530,-0.01364,1,0.56035,-0.04138,0.26051,-0.00875,0.48932,0.87206,0.00052,0.56270,-0.03878,0.26280,-0.00827,0.48939,0.87203,0.00060,2.36,2.59,2.30
3.2045,187,0.14381,0.11113,-0.25555,0.84851,0.52884,-0.01055,-0.01588,1,0.56054,-0.04123,0.26082,-0.00876,0.48930,0.87207,0.00048,0.56143,-0.03799,0.26353,-0.00827,0.48939,0.87203,0.00060,0.89,3.23,2.71
3.2210,188,0.14644,0.10805,-0.24662,0.84850,0.52885,-0.00522,-0.01826,1,0.56068,-0.04095,0.26119,-0.00876,0.48932,0.87206,0.00060,0.55985,-0.03832,0.26312,-0.00827,0.48939,0.87203,0.00060,-0.83,2.63,1.94
3.2378,189,0.14929,0.10480,-0.23749,0.84863,0.52859,-0.00054,-0.02059,1,0.56083,-0.04056,0.26165,-0.00874,0.48932,0.87206,0.00068,0.55831,-0.03875,0.26263,-0.00827,0.48939,0.87203,0.00060,-2.51,1.81,0.98
3.2545,190,0.15537,0.09759,-0.21862,0.84959,0.52685,0.00542,-0.02430,1,0.56093,-0.04010,0.26215,-0.00874,0.48932,0.87206,0.00070,0.55681,-0.03921,0.26208,-0.00827,0.48939,0.87203,0.00060,-4.12,0.89,-0.07
3.2712,191,0.15825,0.09363,-0.20892,0.85075,0.52481,0.00651,-0.02738,1,0.56094,-0.03955,0.26273,-0.00876,0.48934,0.87205,0.00070,0.55531,-0.03967,0.26152,-0.00827,0.48939,0.87203,0.00060,-5.63,-0.12,-1.22
3.2880,192,0.16139,0.08969,-0.19905,0.85326,0.52049,0.00816,-0.03119,1,0.56080,-0.03898,0.26331,-0.00876,0.48932,0.87206,0.00071,0.55382,-0.04013,0.26094,-0.00827,0.48939,0.87203,0.00060,-6.98,-1.15,-2.36
3.3048,193,0.16447,0.08550,-0.18929,0.85571,0.51610,0.01056,-0.03580,1,0.56041,-0.03847,0.26381,-0.00878,0.48931,0.87207,0.00068,0.55233,-0.04059,0.26036,-0.00827,0.48939,0.87203,0.00060,-8.08,-2.12,-3.46
3.3216,194,0.16769,0.08127,-0.17929,0.85827,0.51164,0.01270,-0.03798,1,0.55978,-0.03810,0.26413,-0.00884,0.48930,0.87207,0.00060,0.55084,-0.04106,0.25976,-0.00827,0.48939,0.87203,0.00060,-8.94,-2.96,-4.37
3.3383,195,0.17462,0.07328,-0.16025,0.86176,0.50540,0.01854,-0.03994,1,0.55882,-0.03795,0.26424,-0.00893,0.48937,0.87203,0.00043,0.54936,-0.04154,0.25916,-0.00827,0.48939,0.87203,0.00060,-9.46,-3.60,-5.08
3.3550,196,0.17822,0.06977,-0.15163,0.86327,0.50292,0.02012,-0.03785,1,0.55765,-0.03807,0.26407,-0.00897,0.48938,0.87202,0.00031,0.54789,-0.04205,0.25856,-0.00827,0.48939,0.87203,0.00060,-9.76,-3.97,-5.51
3.3717,197,0.18207,0.06603,-0.14284,0.86479,0.50034,0.02067,-0.03703,1,0.55633,-0.03842,0.26362,-0.00898,0.48935,0.87204,0.00030,0.54642,-0.04256,0.25796,-0.00827,0.48939,0.87203,0.00060,-9.91,-4.14,-5.66
3.3886,198,0.18584,0.06202,-0.13381,0.86676,0.49696,0.01945,-0.03714,1,0.55495,-0.03893,0.26302,-0.00898,0.48934,0.87205,0.00031,0.54496,-0.04309,0.25736,-0.00827,0.48939,0.87203,0.00060,-9.99,-4.16,-5.66
3.4053,199,0.18937,0.05804,-0.12431,0.86974,0.49177,0.01649,-0.03797,1,0.55340,-0.03960,0.26224,-0.00896,0.48935,0.87204,0.00035,0.54350,-0.04362,0.25676,-0.00827,0.48939,0.87203,0.00060,-9.90,-4.02,-5.49
3.4218,200,0.19601,0.05126,-0.10644,0.87757,0.47671,0.01298,-0.04945,1,0.55180,-0.04034,0.26138,-0.00894,0.48936,0.87204,0.00042,0.55035,-0.04087,0.26074,-0.00894,0.48936,0.87204,0.00042,-1.44,-0.54,-0.64
3.4386,201,0.19916,0.04794,-0.09782,0.88072,0.47037,0.01372,-0.05381,1,0.55066,-0.04088,0.26077,-0.00889,0.48937,0.87203,0.00049,0.54891,-0.04141,0.26011,-0.00894,0.48936,0.87204,0.00042,-1.75,-0.53,-0.66
3.4554,202,0.20230,0.04451,-0.08874,0.88358,0.46471,0.01463,-0.05582,1,0.54899,-0.04164,0.25989,-0.00885,0.48931,0.87206,0.00064,0.54746,-0.04194,0.25948,-0.00894,0.48936,0.87204,0.00042,-1.53,-0.31,-0.41
3.4721,203,0.20544,0.04111,-0.07992,0.88693,0.45818,0.01465,-0.05677,1,0.54727,-0.04232,0.25908,-0.00886,0.48927,0.87209,0.00074,0.54601,-0.04248,0.25886,-0.00894,0.48936,0.87204,0.00042,-1.26,-0.16,-0.23
3.4892,204,0.20869,0.03757,-0.07126,0.89007,0.45211,0.01101,-0.05704,1,0.54604,-0.04274,0.25860,-0.00888,0.48926,0.87209,0.00077,0.54456,-0.04301,0.25823,-0.00894,0.48936,0.87204,0.00042,-1.47,-0.27,-0.36
3.5057,205,0.21452,0.03117,-0.05409,0.89601,0.44059,0.00578,-0.05489,1,0.54516,-0.04301,0.25834,-0.00886,0.48924,0.87210,0.00078,0.54311,-0.04354,0.25762,-0.00894,0.48936,0.87204,0.00042,-2.06,-0.53,-0.72
3.5226,206,0.21752,0.02873,-0.04586,0.89843,0.43603,0.00623,-0.05164,1,0.54455,-0.04316,0.25828,-0.00884,0.48925,0.87210,0.00077,0.54165,-0.04408,0.25701,-0.00894,0.48936,0.87204,0.00042,-2.90,-0.91,-1.26
3.5390,207,0.22083,0.02631,-0.03796,0.90034,0.43243,0.00737,-0.04827,1,0.54424,-0.04318,0.25839,-0.00882,0.48925,0.87210,0.00079,0.54019,-0.04461,0.25641,-0.00894,0.48936,0.87204,0.00042,-4.05,-1.44,-1.97
3.5558,208,0.22387,0.02371,-0.02956,0.90218,0.42895,0.00609,-0.04511,1,0.54407,-0.04316,0.25857,-0.00883,0.48925,0.87210,0.00079,0.53873,-0.04515,0.25582,-0.00894,0.48936,0.87204,0.00042,-5.35,-2.00,-2.75
3.5730,209,0.22705,0.02119,-0.02126,0.90393,0.42542,0.00118,-0.04391,1,0.54387,-0.04314,0.25876,-0.00889,0.48924,0.87210,0.00070,0.53726,-0.04569,0.25524,-0.00894,0.48936,0.87204,0.00042,-6.61,-2.55,-3.52
3.5897,210,0.23239,0.01678,-0.00439,0.90788,0.41687,-0.01652,-0.04130,1,0.54353,-0.04318,0.25885,-0.00900,0.48924,0.87210,0.00060,0.53579,-0.04623,0.25467,-0.00894,0.48936,0.87204,0.00042,-7.74,-3.04,-4.18
3.6064,211,0.23486,0.01515,0.00410,0.91009,0.41151,-0.02403,-0.04269,1,0.54295,-0.04335,0.25880,-0.00915,0.48925,0.87210,0.00046,0.53431,-0.04676,0.25411,-0.00894,0.48936,0.87204,0.00042,-8.65,-3.41,-4.69
3.6232,212,0.23744,0.01368,0.01259,0.91167,0.40720,-0.03026,-0.04620,1,0.54212,-0.04366,0.25857,-0.00932,0.48926,0.87209,0.00036,0.53283,-0.04729,0.25357,-0.00894,0.48936,0.87204,0.00042,-9.29,-3.63,-5.00
3.6397,213,0.24000,0.01242,0.02110,0.91327,0.40257,-0.03751,-0.04968,1,0.54103,-0.04412,0.25814,-0.00944,0.48925,0.87209,0.00033,0.53134,-0.04782,0.25304,-0.00894,0.48936,0.87204,0.00042,-9.70,-3.70,-5.10
3.6564,214,0.24265,0.01080,0.02947,0.91458,0.39831,-0.04592,-0.05267,1,0.53983,-0.04464,0.25759,-0.00951,0.48926,0.87209,0.00035,0.52984,-0.04834,0.25252,-0.00894,0.48936,0.87204,0.00042,-9.99,-3.70,-5.07
3.6731,215,0.24724,0.00801,0.04626,0.91676,0.39125,-0.06461,-0.04797,1,0.53840,-0.04526,0.25690,-0.00958,0.48922,0.87211,0.00039,0.52834,-0.04886,0.25202,-0.00894,0.48936,0.87204,0.00042,-10.06,-3.60,-4.89
3.6900,216,0.24946,0.00730,0.05449,0.91746,0.38870,-0.07259,-0.04378,1,0.53685,-0.04590,0.25616,-0.00963,0.48922,0.87211,0.00042,0.52683,-0.04938,0.25153,-0.00894,0.48936,0.87204,0.00042,-10.02,-3.48,-4.64
3.7071,217,0.25168,0.00674,0.06267,0.91751,0.38729,-0.08030,-0.04176,1,0.53525,-0.04653,0.25542,-0.00965,0.48923,0.87210,0.00046,0.52532,-0.04990,0.25105,-0.00894,0.48936,0.87204,0.00042,-9.93,-3.37,-4.37
3.7236,218,0.25411,0.00608,0.07053,0.91702,0.38672,-0.08771,-0.04284,1,0.53370,-0.04710,0.25477,-0.00962,0.48922,0.87211,0.00049,0.52381,-0.05041,0.25059,-0.00894,0.48936,0.87204,0.00042,-9.90,-3.31,-4.18
3.7404,219,0.25826,0.00532,0.08597,0.91641,0.38304,-0.10651,-0.04617,1,0.53207,-0.04768,0.25414,-0.00956,0.48921,0.87212,0.00053,0.52228,-0.05092,0.25016,-0.00894,0.48936,0.87204,0.00042,-9.79,-3.24,-3.98
3.7570,220,0.26003,0.00481,0.09354,0.91630,0.38036,-0.11633,-0.04667,1,0.53040,-0.04824,0.25357,-0.00950,0.48920,0.87212,0.00055,0.52888,-0.04875,0.25312,-0.00950,0.48920,0.87212,0.00055,-1.52,-0.50,-0.45
3.7740,221,0.26169,0.00417,0.10072,0.91630,0.37825,-0.12369,-0.04491,1,0.52873,-0.04876,0.25304,-0.00947,0.48921,0.87211,0.00054,0.52735,-0.04925,0.25268,-0.00950,0.48920,0.87212,0.00055,-1.38,-0.49,-0.36
3.7909,222,0.26321,0.00356,0.10780,0.91613,0.37732,-0.12908,-0.04078,1,0.52714,-0.04926,0.25254,-0.00946,0.48920,0.87212,0.00056,0.52582,-0.04975,0.25225,-0.00950,0.48920,0.87212,0.00055,-1.32,-0.48,-0.29
3.8072,223,0.26453,0.00328,0.11461,0.91585,0.37713,-0.13387,-0.03254,1,0.52580,-0.04969,0.25213,-0.00947,0.48916,0.87214,0.00063,0.52429,-0.05024,0.25182,-0.00950,0.48920,0.87212,0.00055,-1.52,-0.55,-0.30
3.8240,224,0.26723,0.00253,0.12746,0.91486,0.37701,-0.14285,-0.02212,1,0.52462,-0.05008,0.25181,-0.00948,0.48914,0.87215,0.00072,0.52274,-0.05072,0.25141,-0.00950,0.48920,0.87212,0.00055,-1.88,-0.64,-0.40
3.8409,225,0.26817,0.00239,0.13346,0.91410,0.37666,-0.14890,-0.01921,1,0.52380,-0.05037,0.25165,-0.00947,0.48913,0.87216,0.00079,0.52120,-0.05120,0.25101,-0.00950,0.48920,0.87212,0.00055,-2.60,-0.84,-0.64
3.8574,226,0.26901,0.00217,0.13917,0.91313,0.37671,-0.15494,-0.01655,1,0.52321,-0.05057,0.25165,-0.00948,0.48913,0.87216,0.00085,0.51965,-0.05168,0.25062,-0.00950,0.48920,0.87212,0.00055,-3.55,-1.11,-1.03
3.8742,227,0.26937,0.00200,0.14463,0.91238,0.37569,-0.16199,-0.01301,1,0.52282,-0.05069,0.25177,-0.00948,0.48911,0.87217,0.00091,0.51810,-0.05215,0.25023,-0.00950,0.48920,0.87212,0.00055,-4.72,-1.46,-1.54
3.8910,228,0.26950,0.00162,0.14981,0.91175,0.37465,-0.16801,-0.01044,1,0.52247,-0.05077,0.25194,-0.00951,0.48909,0.87218,0.00093,0.51655,-0.05261,0.24985,-0.00950,0.48920,0.87212,0.00055,-5.93,-1.85,-2.09
3.9076,229,0.26937,0.00138,0.15944,0.90985,0.37530,-0.17697,-0.00055,1,0.52202,-0.05087,0.25207,-0.00958,0.48910,0.87217,0.00085,0.51499,-0.05306,0.24947,-0.00950,0.48920,0.87212,0.00055,-7.04,-2.19,-2.59
3.9244,230,0.26932,0.00115,0.16371,0.90903,0.37615,-0.17933,0.00317,1,0.52133,-0.05106,0.25210,-0.00971,0.48910,0.87217,0.00073,0.51342,-0.05350,0.24910,-0.00950,0.48920,0.87212,0.00055,-7.91,-2.45,-3.00
3.9410,231,0.26923,0.00075,0.16770,0.90799,0.37730,-0.18202,0.00779,1,0.52041,-0.05135,0.25201,-0.00986,0.48911,0.87216,0.00062,0.51185,-0.05394,0.24874,-0.00950,0.48920,0.87212,0.00055,-8.56,-2.59,-3.27
3.9579,232,0.26881,0.00029,0.17157,0.90720,0.37791,-0.18450,0.01184,1,0.51930,-0.05172,0.25177,-0.00997,0.48915,0.87214,0.00060,0.51028,-0.05436,0.24837,-0.00950,0.48920,0.87212,0.00055,-9.01,-2.64,-3.39
3.9746,233,0.26846,-0.00056,0.17508,0.90691,0.37804,-0.18541,0.01510,1,0.51812,-0.05214,0.25144,-0.01003,0.48915,0.87214,0.00064,0.50871,-0.05478,0.24801,-0.00950,0.48920,0.87212,0.00055,-9.40,-2.64,-3.43
3.9916,234,0.26725,-0.00187,0.18114,0.90676,0.37756,-0.18558,0.02809,1,0.51672,-0.05262,0.25101,-0.01010,0.48914,0.87215,0.00065,0.50714,-0.05518,0.24764,-0.00950,0.48920,0.87212,0.00055,-9.59,-2.56,-3.36
4.0082,235,0.26686,-0.00250,0.18378,0.90642,0.37859,-0.18437,0.03278,1,0.51523,-0.05310,0.25054,-0.01015,0.48914,0.87215,0.00066,0.50556,-0.05558,0.24728,-0.00950,0.48920,0.87212,0.00055,-9.67,-2.48,-3.26
4.0251,236,0.26647,-0.00309,0.18605,0.90558,0.38064,-0.18360,0.03649,1,0.51368,-0.05357,0.25006,-0.01014,0.48915,0.87214,0.00065,0.50398,-0.05597,0.24691,-0.00950,0.48920,0.87212,0.00055,-9.69,-2.40,-3.15
4.0418,237,0.26607,-0.00374,0.18801,0.90476,0.38191,-0.18426,0.03994,1,0.51208,-0.05404,0.24962,-0.01010,0.48917,0.87213,0.00065,0.50240,-0.05636,0.24654,-0.00950,0.48920,0.87212,0.00055,-9.68,-2.32,-3.08
4.0585,238,0.26589,-0.00435,0.18956,0.90420,0.38224,-0.18582,0.04217,1,0.51055,-0.05444,0.24923,-0.01006,0.48918,0.87213,0.00064,0.50082,-0.05674,0.24617,-0.00950,0.48920,0.87212,0.00055,-9.72,-2.29,-3.05
4.0752,239,0.26755,-0.00526,0.19420,0.90391,0.38097,-0.18926,0.04472,1,0.50890,-0.05486,0.24883,-0.01002,0.48918,0.87213,0.00063,0.49924,-0.05712,0.24581,-0.00950,0.48920,0.87212,0.00055,-9.65,-2.26,-3.03
4.0922,240,0.27053,-0.00565,0.19767,0.90345,0.38110,-0.19105,0.04519,1,0.50723,-0.05527,0.24843,-0.01002,0.48920,0.87211,0.00060,0.50575,-0.05564,0.24807,-0.01002,0.48920,0.87211,0.00060,-1.48,-0.37,-0.36
4.1089,241,0.27297,-0.00569,0.20053,0.90205,0.38230,-0.19482,0.04685,1,0.50559,-0.05571,0.24801,-0.01000,0.48922,0.87210,0.00060,0.50417,-0.05605,0.24770,-0.01002,0.48920,0.87211,0.00060,-1.41,-0.34,-0.31
4.1253,242,0.27329,-0.00553,0.20106,0.90051,0.38382,-0.19883,0.04728,1,0.50415,-0.05610,0.24766,-0.00998,0.48921,0.87211,0.00065,0.50260,-0.05645,0.24732,-0.01002,0.48920,0.87211,0.00060,-1.55,-0.35,-0.33
4.1421,243,0.27394,-0.00508,0.20122,0.89923,0.38477,-0.20294,0.04637,1,0.50274,-0.05649,0.24733,-0.01002,0.48921,0.87211,0.00069,0.50103,-0.05686,0.24695,-0.01002,0.48920,0.87211,0.00060,-1.71,-0.37,-0.37
4.1588,244,0.27498,-0.00382,0.20126,0.89628,0.38864,-0.20918,0.04346,1,0.50159,-0.05678,0.24712,-0.01003,0.48919,0.87212,0.00076,0.49946,-0.05728,0.24659,-0.01002,0.48920,0.87211,0.00060,-2.13,-0.49,-0.53
4.1755,245,0.27571,-0.00304,0.20096,0.89456,0.39143,-0.21140,0.04306,1,0.50078,-0.05698,0.24703,-0.01005,0.48917,0.87213,0.00082,0.49788,-0.05770,0.24623,-0.01002,0.48920,0.87211,0.00060,-2.90,-0.72,-0.80
4.1924,246,0.27629,-0.00217,0.20063,0.89315,0.39334,-0.21378,0.04309,1,0.50022,-0.05713,0.24706,-0.01005,0.48917,0.87213,0.00085,0.49631,-0.05812,0.24588,-0.01002,0.48920,0.87211,0.00060,-3.91,-1.00,-1.18
4.2094,247,0.27699,-0.00116,0.19993,0.89167,0.39536,-0.21609,0.04378,1,0.49987,-0.05721,0.24718,-0.01004,0.48916,0.87214,0.00087,0.49474,-0.05855,0.24553,-0.01002,0.48920,0.87211,0.00060,-5.13,-1.34,-1.65
4.2260,248,0.27710,0.00016,0.19897,0.89008,0.39742,-0.21863,0.04490,1,0.49956,-0.05731,0.24733,-0.01004,0.48916,0.87214,0.00088,0.49317,-0.05898,0.24519,-0.01002,0.48920,0.87211,0.00060,-6.39,-1.68,-2.14
4.2430,249,0.27727,0.00262,0.19628,0.88713,0.40229,-0.22211,0.04277,1,0.49908,-0.05746,0.24741,-0.01012,0.48915,0.87214,0.00078,0.49159,-0.05942,0.24486,-0.01002,0.48920,0.87211,0.00060,-7.48,-1.96,-2.55
4.2595,0,0.27752,0.00363,0.19528,0.88613,0.40409,-0.22312,0.04125,1,0.49838,-0.05767,0.24740,-0.01027,0.48916,0.87213,0.00065,0.49002,-0.05987,0.24454,-0.01002,0.48920,0.87211,0.00060,-8.37,-2.20,-2.85
4.2765,1,0.27771,0.00480,0.19420,0.88552,0.40502,-0.22391,0.04088,1,0.49743,-0.05796,0.24727,-0.01043,0.48917,0.87212,0.00056,0.48844,-0.06032,0.24423,-0.01002,0.48920,0.87211,0.00060,-8.99,-2.36,-3.05
4.2933,2,0.27768,0.00617,0.19302,0.88516,0.40541,-0.22463,0.04094,1,0.49629,-0.05830,0.24702,-0.01053,0.48916,0.87213,0.00058,0.48687,-0.06076,0.24392,-0.01002,0.48920,0.87211,0.00060,-9.42,-2.46,-3.10
4.3099,3,0.27746,0.00718,0.19204,0.88444,0.40670,-0.22528,0.04016,1,0.49498,-0.05869,0.24668,-0.01060,0.48911,0.87215,0.00061,0.48529,-0.06122,0.24362,-0.01002,0.48920,0.87211,0.00060,-9.69,-2.52,-3.06
4.3265,4,0.27664,0.00889,0.18971,0.88303,0.40999,-0.22515,0.03834,1,0.49362,-0.05909,0.24632,-0.01065,0.48910,0.87216,0.00059,0.48371,-0.06167,0.24333,-0.01002,0.48920,0.87211,0.00060,-9.90,-2.58,-2.99
4.3436,5,0.27589,0.00976,0.18861,0.88251,0.41123,-0.22478,0.03928,1,0.49207,-0.05952,0.24594,-0.01067,0.48909,0.87217,0.00057,0.48213,-0.06211,0.24305,-0.01002,0.48920,0.87211,0.00060,-9.93,-2.59,-2.89
4.3604,6,0.27509,0.01048,0.18726,0.88253,0.41162,-0.22388,0.03990,1,0.49046,-0.05997,0.24556,-0.01067,0.48910,0.87216,0.00057,0.48055,-0.06256,0.24277,-0.01002,0.48920,0.87211,0.00060,-9.91,-2.59,-2.79
4.3771,7,0.27426,0.01112,0.18577,0.88256,0.41224,-0.22248,0.04067,1,0.48880,-0.06042,0.24516,-0.01067,0.48911,0.87216,0.00060,0.47897,-0.06300,0.24249,-0.01002,0.48920,0.87211,0.00060,-9.83,-2.58,-2.68
4.3937,8,0.27309,0.01172,0.18441,0.88229,0.41305,-0.22179,0.04205,1,0.48723,-0.06084,0.24481,-0.01064,0.48910,0.87216,0.00064,0.47738,-0.06343,0.24221,-0.01002,0.48920,0.87211,0.00060,-9.85,-2.59,-2.59
4.4108,9,0.27100,0.01267,0.18070,0.88191,0.41440,-0.22033,0.04443,1,0.48558,-0.06127,0.24446,-0.01057,0.48908,0.87218,0.00067,0.47579,-0.06385,0.24194,-0.01002,0.48920,0.87211,0.00060,-9.79,-2.59,-2.52
4.4272,10,0.26978,0.01334,0.17854,0.88188,0.41429,-0.22062,0.04448,1,0.48392,-0.06168,0.24417,-0.01048,0.48908,0.87218,0.00067,0.47420,-0.06427,0.24167,-0.01002,0.48920,0.87211,0.00060,-9.72,-2.59,-2.50
4.4442,11,0.26841,0.01398,0.17616,0.88151,0.41431,-0.22222,0.04362,1,0.48225,-0.06210,0.24390,-0.01043,0.48911,0.87216,0.00066,0.47261,-0.06468,0.24141,-0.01002,0.48920,0.87211,0.00060,-9.64,-2.58,-2.49
4.4610,12,0.26687,0.01493,0.17354,0.88151,0.41325,-0.22453,0.04183,1,0.48059,-0.06254,0.24363,-0.01040,0.48912,0.87215,0.00066,0.47101,-0.06508,0.24114,-0.01002,0.48920,0.87211,0.00060,-9.58,-2.54,-2.49
4.4777,13,0.26520,0.01575,0.17088,0.88107,0.41301,-0.22724,0.03865,1,0.47903,-0.06297,0.24335,-0.01042,0.48914,0.87214,0.00069,0.46941,-0.06547,0.24089,-0.01002,0.48920,0.87211,0.00060,-9.62,-2.50,-2.46
4.4946,14,0.26119,0.01797,0.16546,0.87959,0.41430,-0.23188,0.03002,1,0.47796,-0.06325,0.24315,-0.01043,0.48912,0.87215,0.00071,0.46780,-0.06582,0.24065,-0.01002,0.48920,0.87211,0.00060,-10.16,-2.57,-2.50
4.5112,15,0.25842,0.01926,0.16241,0.87862,0.41571,-0.23366,0.02484,1,0.47576,-0.06383,0.24276,-0.01038,0.48912,0.87216,0.00075,0.46618,-0.06614,0.24042,-0.01002,0.48920,0.87211,0.00060,-9.58,-2.31,-2.34
4.5278,16,0.25527,0.02064,0.15883,0.87795,0.41700,-0.23442,0.01903,1,0.47422,-0.06422,0.24253,-0.01033,0.48912,0.87215,0.00075,0.46455,-0.06643,0.24020,-0.01002,0.48920,0.87211,0.00060,-9.67,-2.20,-2.33
4.5450,17,0.25171,0.02198,0.15527,0.87740,0.41783,-0.23534,0.01390,1,0.47248,-0.06461,0.24227,-0.01032,0.48911,0.87216,0.00075,0.46292,-0.06666,0.24000,-0.01002,0.48920,0.87211,0.00060,-9.56,-2.05,-2.27
4.5617,18,0.24831,0.02364,0.15183,0.87764,0.41855,-0.23340,0.00925,1,0.47092,-0.06494,0.24201,-0.01034,0.48911,0.87216,0.00075,0.46127,-0.06683,0.23983,-0.01002,0.48920,0.87211,0.00060,-9.65,-1.89,-2.18
4.5784,19,0.24087,0.02716,0.14468,0.87763,0.42320,-0.22508,0.00380,1,0.46927,-0.06529,0.24173,-0.01034,0.48911,0.87216,0.00074,0.45960,-0.06684,0.23972,-0.01002,0.48920,0.87211,0.00060,-9.66,-1.55,-2.01
4.5953,20,0.23692,0.02884,0.14073,0.87740,0.42625,-0.22016,0.00312,1,0.46764,-0.06561,0.24148,-0.01030,0.48909,0.87217,0.00073,0.45794,-0.06674,0.23965,-0.01002,0.48920,0.87211,0.00060,-9.70,-1.13,-1.83
4.6120,21,0.23261,0.03055,0.13685,0.87711,0.42913,-0.21567,0.00254,1,0.46601,-0.06589,0.24127,-0.01024,0.48909,0.87217,0.00072,0.45630,-0.06648,0.23964,-0.01002,0.48920,0.87211,0.00060,-9.72,-0.59,-1.63
4.6285,22,0.22810,0.03245,0.13303,0.87694,0.43158,-0.21147,0.00112,1,0.46446,-0.06611,0.24110,-0.01023,0.48909,0.87217,0.00071,0.45469,-0.06602,0.23970,-0.01002,0.48920,0.87211,0.00060,-9.77,0.09,-1.40
4.6451,23,0.21757,0.03698,0.12464,0.87678,0.43677,-0.20117,-0.00435,1,0.46278,-0.06629,0.24092,-0.01027,0.48909,0.87217,0.00072,0.45341,-0.06499,0.23999,-0.01002,0.48920,0.87211,0.00060,-9.37,1.30,-0.93
4.6619,24,0.21173,0.03953,0.12032,0.87692,0.43960,-0.19420,-0.00731,1,0.46109,-0.06638,0.24075,-0.01033,0.48908,0.87218,0.00075,0.45246,-0.06370,0.24042,-0.01002,0.48920,0.87211,0.00060,-8.63,2.68,-0.33
4.6786,25,0.20588,0.04227,0.11600,0.87662,0.44337,-0.18673,-0.00957,1,0.45957,-0.06634,0.24067,-0.01029,0.48906,0.87219,0.00081,0.45189,-0.06222,0.24095,-0.01002,0.48920,0.87211,0.00060,-7.68,4.12,0.28
4.6957,26,0.19981,0.04497,0.11185,0.87525,0.44852,-0.18063,-0.01212,1,0.45795,-0.06611,0.24066,-0.01027,0.48905,0.87219,0.00083,0.45170,-0.06068,0.24154,-0.01002,0.48920,0.87211,0.00060,-6.26,5.44,0.88
4.7125,27,0.19328,0.04771,0.10769,0.87401,0.45275,-0.17578,-0.01494,1,0.45643,-0.06566,0.24074,-0.01027,0.48908,0.87218,0.00088,0.45179,-0.05913,0.24214,-0.01002,0.48920,0.87211,0.00060,-4.64,6.54,1.40
4.7291,28,0.17827,0.05419,0.09950,0.87351,0.45699,-0.16592,-0.02464,1,0.45505,-0.06501,0.24090,-0.01028,0.48911,0.87216,0.00092,0.45218,-0.05763,0.24275,-0.01002,0.48920,0.87211,0.00060,-2.87,7.39,1.85
4.7457,29,0.17009,0.05740,0.09584,0.87303,0.46000,-0.15875,-0.03188,1,0.45397,-0.06420,0.24113,-0.01027,0.48910,0.87217,0.00098,0.45262,-0.05614,0.24336,-0.01002,0.48920,0.87211,0.00060,-1.35,8.07,2.23
4.7625,30,0.16137,0.06045,0.09257,0.87258,0.46351,-0.14918,-0.03873,1,0.45314,-0.06315,0.24150,-0.01016,0.48910,0.87217,0.00109,0.45309,-0.05465,0.24394,-0.01002,0.48920,0.87211,0.00060,-0.05,8.50,2.44
4.7791,31,0.15221,0.06390,0.08940,0.87175,0.46829,-0.13705,-0.04433,1,0.45258,-0.06194,0.24197,-0.01006,0.48904,0.87220,0.00119,0.45357,-0.05316,0.24452,-0.01002,0.48920,0.87211,0.00060,0.99,8.78,2.55
4.7959,32,0.14266,0.06715,0.08668,0.87015,0.47417,-0.12495,-0.04884,1,0.45225,-0.06060,0.24251,-0.01003,0.48906,0.87219,0.00122,0.45404,-0.05166,0.24509,-0.01002,0.48920,0.87211,0.00060,1.79,8.93,2.58
4.8126,33,0.12281,0.07371,0.08226,0.86731,0.48380,-0.10110,-0.05915,1,0.45211,-0.05928,0.24304,-0.01002,0.48907,0.87219,0.00120,0.45447,-0.05015,0.24565,-0.01002,0.48920,0.87211,0.00060,2.36,9.12,2.60
4.8293,34,0.11223,0.07678,0.08079,0.86484,0.48988,-0.08859,-0.06507,1,0.45215,-0.05782,0.24361,-0.01000,0.48907,0.87219,0.00119,0.45487,-0.04863,0.24619,-0.01002,0.48920,0.87211,0.00060,2.72,9.19,2.58
4.8463,35,0.10137,0.07957,0.07967,0.86227,0.49555,-0.07532,-0.07242,1,0.45235,-0.05634,0.24419,-0.00997,0.48906,0.87219,0.00119,0.45525,-0.04709,0.24671,-0.01002,0.48920,0.87211,0.00060,2.90,9.25,2.53
4.8629,36,0.09024,0.08228,0.07902,0.86066,0.49900,-0.06216,-0.07994,1,0.45266,-0.05484,0.24477,-0.00996,0.48907,0.87219,0.00117,0.45558,-0.04554,0.24722,-0.01002,0.48920,0.87211,0.00060,2.93,9.29,2.45
4.8799,37,0.07910,0.08479,0.07911,0.85970,0.50090,-0.04811,-0.08772,1,0.45301,-0.05342,0.24533,-0.00996,0.48908,0.87218,0.00115,0.45588,-0.04398,0.24771,-0.01002,0.48920,0.87211,0.00060,2.88,9.44,2.39
4.8966,38,0.05694,0.08989,0.08037,0.85762,0.50309,-0.02071,-0.10465,1,0.45340,-0.05189,0.24590,-0.01000,0.48907,0.87218,0.00111,0.45610,-0.04239,0.24819,-0.01002,0.48920,0.87211,0.00060,2.70,9.50,2.28
4.9133,39,0.04588,0.09197,0.08154,0.85617,0.50386,-0.00825,-0.11414,1,0.45381,-0.05037,0.24646,-0.01005,0.48910,0.87217,0.00109,0.45629,-0.04080,0.24864,-0.01002,0.48920,0.87211,0.00060,2.48,9.57,2.18
4.9298,40,0.03452,0.09372,0.08343,0.85515,0.50329,0.00380,-0.12407,1,0.45421,-0.04883,0.24700,-0.01010,0.48911,0.87217,0.00107,0.45643,-0.03920,0.24908,-0.01002,0.48920,0.87211,0.00060,2.22,9.63,2.09
4.9469,41,0.02324,0.09526,0.08559,0.85414,0.50245,0.01708,-0.13303,1,0.45459,-0.04728,0.24751,-0.01015,0.48912,0.87216,0.00105,0.45653,-0.03759,0.24951,-0.01002,0.48920,0.87211,0.00060,1.94,9.69,2.00
4.9636,42,0.01212,0.09634,0.08816,0.85264,0.50208,0.03139,-0.14118,1,0.45492,-0.04580,0.24798,-0.01018,0.48911,0.87216,0.00103,0.45659,-0.03598,0.24991,-0.01002,0.48920,0.87211,0.00060,1.67,9.83,1.93
4.9802,43,-0.01017,0.09835,0.09416,0.85086,0.49834,0.05989,-0.15528,1,0.45524,-0.04420,0.24847,-0.01020,0.48910,0.87217,0.00100,0.45658,-0.03435,0.25027,-0.01002,0.48920,0.87211,0.00060,1.34,9.85,1.81
4.9969,44,-0.02124,0.09871,0.09795,0.84951,0.49576,0.07370,-0.16467,1,0.45550,-0.04257,0.24893,-0.01023,0.48911,0.87216,0.00097,0.45653,-0.03272,0.25062,-0.01002,0.48920,0.87211,0.00060,1.03,9.85,1.69
5.0139,45,-0.03233,0.09872,0.10223,0.84821,0.49228,0.08793,-0.17452,1,0.45572,-0.04093,0.24937,-0.01025,0.48909,0.87217,0.00093,0.45644,-0.03109,0.25094,-0.01002,0.48920,0.87211,0.00060,0.72,9.84,1.57
5.0305,46,-0.04302,0.09842,0.10662,0.84624,0.48949,0.10251,-0.18373,1,0.45588,-0.03937,0.24976,-0.01027,0.48910,0.87217,0.00090,0.45630,-0.02945,0.25123,-0.01002,0.48920,0.87211,0.00060,0.43,9.92,1.47
5.0471,47,-0.05392,0.09794,0.11157,0.84522,0.48517,0.11630,-0.19153,1,0.45601,-0.03773,0.25016,-0.01027,0.48909,0.87217,0.00088,0.45613,-0.02782,0.25150,-0.01002,0.48920,0.87211,0.00060,0.13,9.91,1.34
5.0638,48,-0.07548,0.09582,0.12216,0.84232,0.47490,0.14664,-0.20847,1,0.45608,-0.03609,0.25055,-0.01028,0.48908,0.87218,0.00087,0.45589,-0.02618,0.25173,-0.01002,0.48920,0.87211,0.00060,-0.19,9.91,1.18
5.0809,49,-0.08619,0.09416,0.12793,0.84080,0.46881,0.16260,-0.21641,1,0.45609,-0.03445,0.25091,-0.01030,0.48908,0.87218,0.00086,0.45561,-0.02455,0.25192,-0.01002,0.48920,0.87211,0.00060,-0.48,9.90,1.01
5.0976,50,-0.09675,0.09233,0.13404,0.84008,0.46124,0.17793,-0.22330,1,0.45606,-0.03291,0.25123,-0.01031,0.48906,0.87219,0.00086,0.45530,-0.02292,0.25209,-0.01002,0.48920,0.87211,0.00060,-0.76,9.99,0.86
5.1141,51,-0.10710,0.09027,0.14064,0.83917,0.45314,0.19407,-0.22977,1,0.45598,-0.03126,0.25155,-0.01032,0.48905,0.87219,0.00087,0.45495,-0.02130,0.25224,-0.01002,0.48920,0.87211,0.00060,-1.03,9.96,0.69
5.1308,52,-0.11722,0.08812,0.14759,0.83794,0.44499,0.20980,-0.23627,1,0.45585,-0.02961,0.25185,-0.01033,0.48904,0.87220,0.00088,0.45456,-0.01968,0.25236,-0.01002,0.48920,0.87211,0.00060,-1.28,9.93,0.51
5.1478,53,-0.13585,0.08429,0.16294,0.83381,0.42714,0.24283,-0.25169,1,0.45567,-0.02797,0.25213,-0.01035,0.48903,0.87220,0.00087,0.45410,-0.01808,0.25243,-0.01002,0.48920,0.87211,0.00060,-1.56,9.89,0.31
5.1645,54,-0.14472,0.08261,0.17073,0.83063,0.41849,0.25885,-0.26061,1,0.45545,-0.02643,0.25236,-0.01037,0.48905,0.87219,0.00086,0.45361,-0.01649,0.25250,-0.01002,0.48920,0.87211,0.00060,-1.84,9.93,0.14
5.1813,55,-0.15332,0.08080,0.17878,0.82757,0.41000,0.27364,-0.26861,1,0.45519,-0.02479,0.25259,-0.01036,0.48907,0.87218,0.00085,0.45308,-0.01491,0.25255,-0.01002,0.48920,0.87211,0.00060,-2.11,9.88,-0.04
5.1982,56,-0.16160,0.07911,0.18705,0.82401,0.40199,0.28833,-0.27620,1,0.45488,-0.02318,0.25278,-0.01035,0.48909,0.87217,0.00084,0.45251,-0.01335,0.25258,-0.01002,0.48920,0.87211,0.00060,-2.36,9.84,-0.19
5.2147,57,-0.16964,0.07749,0.19563,0.82007,0.39573,0.30180,-0.28248,1,0.45454,-0.02168,0.25293,-0.01035,0.48910,0.87217,0.00084,0.45192,-0.01179,0.25261,-0.01002,0.48920,0.87211,0.00060,-2.62,9.89,-0.32
5.2316,58,-0.18457,0.07418,0.21336,0.81134,0.38298,0.33116,-0.29221,1,0.45413,-0.02010,0.25304,-0.01035,0.48913,0.87215,0.00085,0.45125,-0.01026,0.25261,-0.01002,0.48920,0.87211,0.00060,-2.87,9.84,-0.44
5.2483,59,-0.19159,0.07290,0.22210,0.80603,0.37764,0.34585,-0.29679,1,0.45367,-0.01854,0.25313,-0.01036,0.48913,0.87215,0.00084,0.45056,-0.00875,0.25260,-0.01002,0.48920,0.87211,0.00060,-3.11,9.79,-0.53
5.2649,60,-0.19813,0.07155,0.23080,0.80051,0.37209,0.35988,-0.30204,1,0.45317,-0.01698,0.25320,-0.01038,0.48916,0.87213,0.00083,0.44984,-0.00724,0.25258,-0.01002,0.48920,0.87211,0.00060,-3.33,9.74,-0.61
5.2819,61,-0.20438,0.07036,0.23947,0.79578,0.36576,0.37235,-0.30709,1,0.45264,-0.01540,0.25325,-0.01038,0.48916,0.87213,0.00085,0.44909,-0.00575,0.25256,-0.01002,0.48920,0.87211,0.00060,-3.55,9.64,-0.69
5.2983,62,-0.20988,0.06972,0.24854,0.79171,0.35717,0.38416,-0.31312,1,0.45211,-0.01390,0.25329,-0.01038,0.48915,0.87214,0.00086,0.44831,-0.00428,0.25253,-0.01002,0.48920,0.87211,0.00060,-3.80,9.62,-0.75
5.3153,63,-0.21981,0.06859,0.26675,0.78193,0.33926,0.40674,-0.32873,1,0.45151,-0.01230,0.25331,-0.01039,0.48913,0.87215,0.00085,0.44747,-0.00284,0.25250,-0.01002,0.48920,0.87211,0.00060,-4.03,9.46,-0.81
5.3319,64,-0.22412,0.06843,0.27582,0.77575,0.33139,0.41908,-0.33581,1,0.45091,-0.01080,0.25333,-0.01037,0.48912,0.87215,0.00083,0.44661,-0.00142,0.25247,-0.01002,0.48920,0.87211,0.00060,-4.30,9.38,-0.86
5.3489,65,-0.22793,0.06834,0.28478,0.76881,0.32541,0.43143,-0.34193,1,0.45022,-0.00921,0.25333,-0.01036,0.48911,0.87216,0.00079,0.44572,-0.00001,0.25244,-0.01002,0.48920,0.87211,0.00060,-4.50,9.20,-0.89
5.3655,66,-0.23141,0.06846,0.29355,0.76161,0.32113,0.44347,-0.34662,1,0.44950,-0.00762,0.25333,-0.01035,0.48911,0.87216,0.00076,0.44480,0.00138,0.25241,-0.01002,0.48920,0.87211,0.00060,-4.70,9.00,-0.92
5.3821,67,-0.23434,0.06858,0.30215,0.75373,0.31851,0.45515,-0.35111,1,0.44874,-0.00607,0.25332,-0.01034,0.48910,0.87217,0.00073,0.44386,0.00276,0.25239,-0.01002,0.48920,0.87211,0.00060,-4.89,8.83,-0.94
5.3991,68,-0.23939,0.06924,0.31890,0.74027,0.31091,0.47434,-0.36102,1,0.44795,-0.00456,0.25331,-0.01031,0.48910,0.87217,0.00070,0.44287,0.00410,0.25236,-0.01002,0.48920,0.87211,0.00060,-5.09,8.66,-0.95
5.4159,69,-0.24119,0.06976,0.32710,0.73387,0.30506,0.48308,-0.36743,1,0.44712,-0.00307,0.25330,-0.01030,0.48909,0.87217,0.00069,0.44185,0.00542,0.25234,-0.01002,0.48920,0.87211,0.00060,-5.26,8.49,-0.96
5.4325,70,-0.24283,0.07021,0.33506,0.72742,0.29898,0.49194,-0.37344,1,0.44629,-0.00168,0.25328,-0.01030,0.48908,0.87218,0.00070,0.44081,0.00672,0.25233,-0.01002,0.48920,0.87211,0.00060,-5.48,8.40,-0.95
5.4491,71,-0.24416,0.07078,0.34258,0.72036,0.29391,0.50135,-0.37861,1,0.44538,-0.00024,0.25326,-0.01029,0.48906,0.87219,0.00070,0.43975,0.00801,0.25231,-0.01002,0.48920,0.87211,0.00060,-5.63,8.25,-0.94
5.4659,72,-0.24494,0.07144,0.34970,0.71285,0.29099,0.51060,-0.38270,1,0.44444,0.00117,0.25323,-0.01029,0.48904,0.87220,0.00072,0.43868,0.00928,0.25230,-0.01002,0.48920,0.87211,0.00060,-5.77,8.11,-0.92
5.4828,73,-0.24663,0.07253,0.36225,0.69947,0.28764,0.52540,-0.38981,1,0.44347,0.00255,0.25319,-0.01029,0.48904,0.87220,0.00074,0.43756,0.01052,0.25230,-0.01002,0.48920,0.87211,0.00060,-5.91,7.97,-0.89
5.4997,74,-0.24716,0.07274,0.36798,0.69400,0.28602,0.53140,-0.39264,1,0.44253,0.00383,0.25315,-0.01029,0.48905,0.87220,0.00076,0.43643,0.01175,0.25230,-0.01002,0.48920,0.87211,0.00060,-6.10,7.91,-0.85
5.5160,75,-0.24765,0.07318,0.37306,0.68915,0.28451,0.53688,-0.39482,1,0.44151,0.00516,0.25313,-0.01029,0.48905,0.87220,0.00076,0.43529,0.01296,0.25230,-0.01002,0.48920,0.87211,0.00060,-6.22,7.80,-0.83
5.5328,76,-0.24788,0.07353,0.37757,0.68413,0.28303,0.54214,-0.39741,1,0.44047,0.00645,0.25312,-0.01028,0.48907,0.87218,0.00077,0.43414,0.01416,0.25230,-0.01002,0.48920,0.87211,0.00060,-6.34,7.71,-0.82
5.5496,77,-0.24818,0.07365,0.38137,0.67922,0.28177,0.54705,-0.40000,1,0.43946,0.00764,0.25312,-0.01028,0.48908,0.87218,0.00078,0.43297,0.01536,0.25230,-0.01002,0.48920,0.87211,0.00060,-6.49,7.72,-0.82
5.5665,78,-0.24920,0.07387,0.38666,0.67285,0.27993,0.55333,-0.40341,1,0.43836,0.00886,0.25311,-0.01030,0.48911,0.87216,0.00080,0.43180,0.01654,0.25231,-0.01002,0.48920,0.87211,0.00060,-6.57,7.67,-0.80
5.5834,79,-0.24987,0.07391,0.38820,0.67193,0.27887,0.55415,-0.40454,1,0.43724,0.01007,0.25309,-0.01034,0.48913,0.87215,0.00085,0.43062,0.01771,0.25231,-0.01002,0.48920,0.87211,0.00060,-6.63,7.64,-0.78
5.6002,80,-0.25067,0.07395,0.38889,0.67158,0.27791,0.55447,-0.40536,1,0.43611,0.01128,0.25306,-0.01037,0.48909,0.87217,0.00089,0.42944,0.01889,0.25232,-0.01002,0.48920,0.87211,0.00060,-6.67,7.61,-0.75
5.6169,81,-0.25135,0.07399,0.38736,0.67204,0.27736,0.55380,-0.40589,1,0.43497,0.01251,0.25304,-0.01037,0.48907,0.87218,0.00093,0.42827,0.02008,0.25232,-0.01002,0.48920,0.87211,0.00060,-6.70,7.57,-0.72
5.6339,82,-0.25205,0.07404,0.38555,0.67295,0.27789,0.55269,-0.40551,1,0.43381,0.01375,0.25305,-0.01035,0.48905,0.87219,0.00093,0.42710,0.02127,0.25232,-0.01002,0.48920,0.87211,0.00060,-6.71,7.52,-0.72
5.6501,83,-0.25301,0.07393,0.37890,0.67842,0.28132,0.54570,-0.40351,1,0.43271,0.01495,0.25307,-0.01031,0.48904,0.87220,0.00092,0.42596,0.02248,0.25233,-0.01002,0.48920,0.87211,0.00060,-6.75,7.53,-0.75
5.6670,84,-0.25343,0.07421,0.37545,0.68233,0.28215,0.54087,-0.40283,1,0.43151,0.01624,0.25311,-0.01027,0.48903,0.87220,0.00090,0.42483,0.02371,0.25233,-0.01002,0.48920,0.87211,0.00060,-6.68,7.48,-0.78
5.6836,85,-0.25349,0.07434,0.37304,0.68660,0.28256,0.53582,-0.40203,1,0.43037,0.01743,0.25315,-0.01026,0.48903,0.87221,0.00087,0.42371,0.02495,0.25234,-0.01002,0.48920,0.87211,0.00060,-6.66,7.52,-0.80
5.7003,86,-0.25309,0.07446,0.37030,0.69172,0.28320,0.52984,-0.40074,1,0.42916,0.01866,0.25315,-0.01027,0.48903,0.87221,0.00085,0.42260,0.02619,0.25235,-0.01002,0.48920,0.87211,0.00060,-6.56,7.53,-0.80
5.7171,87,-0.25284,0.07509,0.36654,0.69799,0.28510,0.52215,-0.39860,1,0.42797,0.01990,0.25315,-0.01025,0.48901,0.87222,0.00087,0.42151,0.02744,0.25236,-0.01002,0.48920,0.87211,0.00060,-6.47,7.54,-0.79
5.7339,88,-0.25283,0.07577,0.35491,0.71041,0.28934,0.50549,-0.39507,1,0.42681,0.02115,0.25317,-0.01021,0.48901,0.87222,0.00088,0.42046,0.02874,0.25238,-0.01002,0.48920,0.87211,0.00060,-6.36,7.59,-0.79
5.7507,89,-0.25256,0.07652,0.34854,0.71658,0.29192,0.49676,-0.39311,1,0.42571,0.02232,0.25319,-0.01018,0.48901,0.87222,0.00088,0.41944,0.03006,0.25240,-0.01002,0.48920,0.87211,0.00060,-6.27,7.73,-0.79
5.7675,90,-0.25179,0.07690,0.34164,0.72279,0.29641,0.48770,-0.38970,1,0.42454,0.02359,0.25321,-0.01017,0.48902,0.87221,0.00088,0.41845,0.03140,0.25243,-0.01002,0.48920,0.87211,0.00060,-6.09,7.81,-0.78
5.7842,91,-0.25070,0.07707,0.33420,0.72865,0.30234,0.47872,-0.38533,1,0.42338,0.02485,0.25321,-0.01019,0.48904,0.87220,0.00088,0.41750,0.03277,0.25246,-0.01002,0.48920,0.87211,0.00060,-5.89,7.92,-0.75
5.8009,92,-0.24794,0.07765,0.31966,0.74062,0.31573,0.45962,-0.37488,1,0.42226,0.02607,0.25319,-0.01021,0.48908,0.87218,0.00089,0.41662,0.03418,0.25249,-0.01002,0.48920,0.87211,0.00060,-5.63,8.11,-0.70
5.8176,93,-0.24535,0.07773,0.31074,0.74771,0.32203,0.44784,-0.36969,1,0.42125,0.02721,0.25318,-0.01021,0.48911,0.87216,0.00095,0.41580,0.03563,0.25253,-0.01002,0.48920,0.87211,0.00060,-5.45,8.42,-0.65
5.8343,94,-0.24235,0.07811,0.30142,0.75576,0.32680,0.43466,-0.36484,1,0.42021,0.02842,0.25317,-0.01020,0.48912,0.87215,0.00099,0.41504,0.03712,0.25258,-0.01002,0.48920,0.87211,0.00060,-5.17,8.70,-0.60
5.8510,95,-0.23847,0.07800,0.29166,0.76401,0.33044,0.42106,-0.36028,1,0.41921,0.02969,0.25320,-0.01020,0.48912,0.87216,0.00104,0.41435,0.03863,0.25262,-0.01002,0.48920,0.87211,0.00060,-4.86,8.94,-0.58
5.8682,96,-0.23425,0.07773,0.28171,0.77225,0.33367,0.40737,-0.35545,1,0.41823,0.03105,0.25325,-0.01022,0.48909,0.87217,0.00109,0.41375,0.04019,0.25267,-0.01002,0.48920,0.87211,0.00060,-4.48,9.14,-0.58
5.8845,97,-0.22442,0.07709,0.26241,0.78545,0.34273,0.38045,-0.34764,1,0.41733,0.03239,0.25328,-0.01026,0.48908,0.87218,0.00113,0.41335,0.04180,0.25271,-0.01002,0.48920,0.87211,0.00060,-3.98,9.41,-0.57
5.9012,98,-0.21901,0.07717,0.25306,0.79120,0.35029,0.36741,-0.34103,1,0.41643,0.03386,0.25331,-0.01027,0.48905,0.87220,0.00114,0.41308,0.04345,0.25275,-0.01002,0.48920,0.87211,0.00060,-3.35,9.58,-0.56
5.9180,99,-0.21307,0.07739,0.24391,0.79752,0.35799,0.35387,-0.33252,1,0.41559,0.03538,0.25336,-0.01025,0.48904,0.87220,0.00112,0.41297,0.04511,0.25280,-0.01002,0.48920,0.87211,0.00060,-2.62,9.73,-0.55
5.9348,100,-0.20657,0.07768,0.23484,0.80410,0.36274,0.33953,-0.32643,1,0.41489,0.03684,0.25341,-0.01020,0.48905,0.87219,0.00110,0.41305,0.04677,0.25287,-0.01002,0.48920,0.87211,0.00060,-1.84,9.94,-0.54
5.9518,101,-0.19977,0.07810,0.22602,0.81016,0.36582,0.32464,-0.32314,1,0.41424,0.03841,0.25347,-0.01016,0.48905,0.87220,0.00109,0.41337,0.04841,0.25295,-0.01002,0.48920,0.87211,0.00060,-0.87,10.00,-0.52
5.9685,102,-0.18522,0.07889,0.20975,0.82117,0.37284,0.29421,-0.31639,1,0.41371,0.04002,0.25353,-0.01013,0.48902,0.87221,0.00110,0.41428,0.04980,0.25307,-0.01002,0.48920,0.87211,0.00060,0.58,9.78,-0.46
5.9850,103,-0.17729,0.07971,0.20185,0.82600,0.37786,0.27806,-0.31246,1,0.41330,0.04165,0.25359,-0.01009,0.48903,0.87221,0.00111,0.41551,0.05091,0.25322,-0.01002,0.48920,0.87211,0.00060,2.21,9.26,-0.37
6.0019,104,-0.16960,0.08030,0.19465,0.82981,0.38349,0.26371,-0.30792,1,0.41305,0.04329,0.25366,-0.01009,0.48908,0.87218,0.00114,0.41700,0.05165,0.25339,-0.01002,0.48920,0.87211,0.00060,3.95,8.36,-0.26
6.0187,105,-0.16164,0.08132,0.18771,0.83318,0.39042,0.24909,-0.30222,1,0.41302,0.04481,0.25374,-0.01005,0.48909,0.87217,0.00119,0.41862,0.05196,0.25359,-0.01002,0.48920,0.87211,0.00060,5.60,7.16,-0.16
6.0351,106,-0.15247,0.08284,0.18076,0.83555,0.39877,0.23458,-0.29632,1,0.41323,0.04632,0.25384,-0.00999,0.48909,0.87218,0.00122,0.42027,0.05184,0.25382,-0.01002,0.48920,0.87211,0.00060,7.03,5.52,-0.02
6.0522,107,-0.13565,0.08649,0.16795,0.83996,0.41983,0.20445,-0.27642,1,0.41374,0.04771,0.25396,-0.00993,0.48909,0.87218,0.00125,0.42178,0.05120,0.25409,-0.01002,0.48920,0.87211,0.00060,8.05,3.49,0.13
6.0690,108,-0.12569,0.08843,0.16162,0.84281,0.42732,0.18773,-0.26801,1,0.41454,0.04892,0.25412,-0.00985,0.48908,0.87218,0.00127,0.42321,0.05038,0.25437,-0.01002,0.48920,0.87211,0.00060,8.67,1.46,0.24
6.0857,109,-0.11661,0.09015,0.15542,0.84439,0.43464,0.17076,-0.26256,1,0.41552,0.04980,0.25430,-0.00979,0.48910,0.87217,0.00125,0.42456,0.04945,0.25465,-0.01002,0.48920,0.87211,0.00060,9.04,-0.35,0.35
6.1022,110,-0.10626,0.09212,0.14949,0.84558,0.44313,0.15474,-0.25435,1,0.41674,0.05035,0.25451,-0.00974,0.48912,0.87216,0.00118,0.42584,0.04841,0.25493,-0.01002,0.48920,0.87211,0.00060,9.09,-1.94,0.42
6.1190,111,-0.09635,0.09364,0.14372,0.84639,0.45358,0.13918,-0.24190,1,0.41809,0.05054,0.25474,-0.00971,0.48912,0.87216,0.00113,0.42705,0.04731,0.25521,-0.01002,0.48920,0.87211,0.00060,8.96,-3.24,0.46
6.1361,112,-0.07451,0.09658,0.13182,0.84816,0.47633,0.10339,-0.20749,1,0.41948,0.05041,0.25499,-0.00972,0.48912,0.87216,0.00110,0.42816,0.04609,0.25546,-0.01002,0.48920,0.87211,0.00060,8.68,-4.32,0.47
6.1525,113,-0.06175,0.09768,0.12613,0.84972,0.48493,0.08384,-0.18916,1,0.42080,0.05001,0.25523,-0.00976,0.48912,0.87216,0.00108,0.42921,0.04482,0.25570,-0.01002,0.48920,0.87211,0.00060,8.42,-5.19,0.47
6.1695,114,-0.04891,0.09802,0.12027,0.85223,0.49042,0.06203,-0.17128,1,0.42218,0.04928,0.25545,-0.00984,0.48918,0.87213,0.00107,0.43022,0.04351,0.25591,-0.01002,0.48920,0.87211,0.00060,8.04,-5.76,0.47
6.1864,115,-0.03510,0.09823,0.11493,0.85373,0.49494,0.03962,-0.15687,1,0.42357,0.04834,0.25566,-0.00992,0.48922,0.87210,0.00111,0.43119,0.04217,0.25610,-0.01002,0.48920,0.87211,0.00060,7.62,-6.18,0.44
6.2030,116,-0.02057,0.09801,0.11017,0.85426,0.49940,0.01785,-0.14326,1,0.42490,0.04731,0.25589,-0.00998,0.48924,0.87209,0.00115,0.43210,0.04078,0.25627,-0.01002,0.48920,0.87211,0.00060,7.20,-6.53,0.38
6.2196,117,0.00905,0.09596,0.10263,0.85647,0.50424,-0.02573,-0.10746,1,0.42609,0.04631,0.25612,-0.01007,0.48918,0.87213,0.00118,0.43292,0.03933,0.25638,-0.01002,0.48920,0.87211,0.00060,6.83,-6.98,0.26
6.2364,118,0.02446,0.09409,0.10001,0.85692,0.50544,-0.04700,-0.08948,1,0.42726,0.04522,0.25633,-0.01018,0.48914,0.87215,0.00117,0.43369,0.03786,0.25646,-0.01002,0.48920,0.87211,0.00060,6.43,-7.37,0.13
6.2531,119,0.03996,0.09197,0.09826,0.85770,0.50453,-0.06915,-0.07084,1,0.42836,0.04408,0.25653,-0.01024,0.48913,0.87215,0.00112,0.43441,0.03635,0.25651,-0.01002,0.48920,0.87211,0.00060,6.05,-7.72,-0.02
6.2698,120,0.05551,0.08964,0.09755,0.85805,0.50230,-0.09212,-0.05440,1,0.42934,0.04294,0.25669,-0.01026,0.48913,0.87215,0.00107,0.43508,0.03483,0.25653,-0.01002,0.48920,0.87211,0.00060,5.73,-8.11,-0.16
6.2868,121,0.07110,0.08747,0.09772,0.85677,0.50131,-0.11414,-0.03994,1,0.43035,0.04165,0.25686,-0.01023,0.48915,0.87214,0.00103,0.43569,0.03328,0.25653,-0.01002,0.48920,0.87211,0.00060,5.33,-8.38,-0.33
6.3032,122,0.10071,0.08426,0.10071,0.85130,0.50164,-0.15347,-0.00946,1,0.43129,0.04031,0.25701,-0.01020,0.48916,0.87213,0.00098,0.43620,0.03169,0.25651,-0.01002,0.48920,0.87211,0.00060,4.91,-8.62,-0.50
6.3200,123,0.11481,0.08270,0.10325,0.84873,0.49978,-0.17255,0.01006,1,0.43213,0.03894,0.25713,-0.01020,0.48915,0.87214,0.00095,0.43665,0.03009,0.25647,-0.01002,0.48920,0.87211,0.00060,4.52,-8.85,-0.66
6.3367,124,0.12896,0.08079,0.10605,0.84613,0.49666,-0.19144,0.02731,1,0.43286,0.03761,0.25722,-0.01020,0.48914,0.87215,0.00093,0.43706,0.02847,0.25642,-0.01002,0.48920,0.87211,0.00060,4.20,-9.14,-0.79
6.3535,125,0.14240,0.07904,0.10984,0.84304,0.49296,-0.21047,0.04432,1,0.43358,0.03616,0.25728,-0.01019,0.48913,0.87215,0.00092,0.43742,0.02685,0.25637,-0.01002,0.48920,0.87211,0.00060,3.84,-9.31,-0.92
6.3702,126,0.15565,0.07722,0.11403,0.84034,0.48756,-0.22950,0.05872,1,0.43423,0.03467,0.25732,-0.01019,0.48913,0.87215,0.00092,0.43773,0.02521,0.25630,-0.01002,0.48920,0.87211,0.00060,3.49,-9.46,-1.02
6.3871,127,0.17998,0.07241,0.12370,0.83586,0.47427,-0.26461,0.07988,1,0.43483,0.03315,0.25734,-0.01018,0.48912,0.87216,0.00092,0.43794,0.02356,0.25620,-0.01002,0.48920,0.87211,0.00060,3.11,-9.59,-1.14
6.4037,128,0.19129,0.06944,0.12859,0.83353,0.46803,-0.28007,0.08802,1,0.43535,0.03167,0.25734,-0.01018,0.48911,0.87216,0.00092,0.43812,0.02191,0.25609,-0.01002,0.48920,0.87211,0.00060,2.76,-9.77,-1.24
6.4207,129,0.21556,0.06746,0.13452,0.83064,0.46300,-0.29357,0.09741,1,0.43583,0.03009,0.25731,-0.01018,0.48912,0.87216,0.00090,0.43824,0.02025,0.25598,-0.01002,0.48920,0.87211,0.00060,2.40,-9.84,-1.33
6.4372,130,0.24203,0.06476,0.13864,0.82809,0.45624,-0.30674,0.10963,1,0.43626,0.02849,0.25726,-0.01018,0.48910,0.87217,0.00089,0.43833,0.01859,0.25586,-0.01002,0.48920,0.87211,0.00060,2.06,-9.90,-1.40
6.4540,131,0.26616,0.06122,0.14122,0.82521,0.44963,-0.31926,0.12217,1,0.43663,0.02688,0.25720,-0.01018,0.48910,0.87217,0.00087,0.43839,0.01693,0.25574,-0.01002,0.48920,0.87211,0.00060,1.76,-9.95,-1.47
6.4706,132,0.31698,0.05436,0.14644,0.81613,0.43790,-0.34656,0.14859,1,0.43692,0.02534,0.25713,-0.01019,0.48909,0.87217,0.00084,0.43843,0.01527,0.25560,-0.01002,0.48920,0.87211,0.00060,1.51,-10.07,-1.54
6.4877,133,0.34155,0.05139,0.14939,0.81203,0.43052,-0.36158,0.15658,1,0.43717,0.02368,0.25705,-0.01020,0.48910,0.87217,0.00081,0.43845,0.01361,0.25545,-0.01002,0.48920,0.87211,0.00060,1.28,-10.07,-1.60
6.5042,134,0.36557,0.04887,0.15230,0.80868,0.42349,-0.37613,0.15882,1,0.43738,0.02199,0.25696,-0.01021,0.48910,0.87217,0.00081,0.43845,0.01195,0.25530,-0.01002,0.48920,0.87211,0.00060,1.07,-10.05,-1.65
6.5211,135,0.38497,0.04667,0.15584,0.80461,0.41881,-0.38944,0.15979,1,0.43756,0.02029,0.25685,-0.01022,0.48910,0.87217,0.00083,0.43844,0.01029,0.25515,-0.01002,0.48920,0.87211,0.00060,0.88,-10.00,-1.70
6.5377,136,0.39831,0.04462,0.16047,0.80017,0.41482,-0.40195,0.16152,1,0.43769,0.01866,0.25674,-0.01023,0.48908,0.87218,0.00082,0.43841,0.00863,0.25500,-0.01002,0.48920,0.87211,0.00060,0.73,-10.03,-1.74
6.5544,137,0.41614,0.04151,0.16847,0.79031,0.40689,-0.42490,0.17121,1,0.43779,0.01693,0.25661,-0.01025,0.48908,0.87218,0.00082,0.43836,0.00697,0.25484,-0.01002,0.48920,0.87211,0.00060,0.56,-9.96,-1.77
6.5713,138,0.42328,0.03983,0.17355,0.78405,0.40259,-0.43733,0.17871,1,0.43787,0.01522,0.25647,-0.01029,0.48910,0.87217,0.00086,0.43828,0.00531,0.25468,-0.01002,0.48920,0.87211,0.00060,0.40,-9.91,-1.78
6.5882,139,0.42991,0.03858,0.17823,0.77807,0.39904,-0.44846,0.18511,1,0.43793,0.01350,0.25631,-0.01031,0.48910,0.87217,0.00088,0.43819,0.00365,0.25452,-0.01002,0.48920,0.87211,0.00060,0.26,-9.85,-1.79
6.6047,140,0.43595,0.03741,0.18281,0.77142,0.39702,-0.45967,0.18969,1,0.43795,0.01189,0.25615,-0.01033,0.48910,0.87217,0.00088,0.43808,0.00200,0.25435,-0.01002,0.48920,0.87211,0.00060,0.12,-9.89,-1.80
6.6215,141,0.44104,0.03619,0.18716,0.76458,0.39599,-0.47108,0.19156,1,0.43796,0.01019,0.25599,-0.01032,0.48912,0.87216,0.00088,0.43795,0.00035,0.25418,-0.01002,0.48920,0.87211,0.00060,-0.01,-9.85,-1.80
6.6384,142,0.44952,0.03463,0.19481,0.75427,0.39292,-0.48841,0.19533,1,0.43795,0.00851,0.25583,-0.01031,0.48914,0.87214,0.00087,0.43780,-0.00130,0.25401,-0.01002,0.48920,0.87211,0.00060,-0.15,-9.82,-1.81
6.6549,143,0.45290,0.03405,0.19825,0.75181,0.39085,-0.49311,0.19714,1,0.43791,0.00684,0.25566,-0.01030,0.48917,0.87213,0.00085,0.43764,-0.00295,0.25384,-0.01002,0.48920,0.87211,0.00060,-0.27,-9.80,-1.82
6.6720,144,0.45580,0.03326,0.20102,0.74941,0.38944,-0.49707,0.19910,1,0.43785,0.00517,0.25549,-0.01030,0.48917,0.87213,0.00083,0.43746,-0.00460,0.25367,-0.01002,0.48920,0.87211,0.00060,-0.38,-9.77,-1.82
6.6885,145,0.45773,0.03267,0.20373,0.74722,0.38710,-0.50141,0.20101,1,0.43777,0.00361,0.25531,-0.01029,0.48919,0.87211,0.00082,0.43728,-0.00625,0.25349,-0.01002,0.48920,0.87211,0.00060,-0.49,-9.86,-1.82
6.7057,146,0.45923,0.03153,0.20542,0.74540,0.38502,-0.50547,0.20161,1,0.43767,0.00195,0.25513,-0.01028,0.48920,0.87211,0.00080,0.43709,-0.00790,0.25332,-0.01002,0.48920,0.87211,0.00060,-0.58,-9.85,-1.81
6.7220,147,0.45931,0.03141,0.20744,0.74026,0.38746,-0.51274,0.19744,0,0.43756,0.00030,0.25494,-0.01026,0.48921,0.87211,0.00078,0.43709,-0.00790,0.25332,-0.01002,0.48920,0.87211,0.00060,-0.46,-8.20,-1.62
6.7386,148,0.45848,0.03079,0.20766,0.73982,0.38994,-0.51275,0.19413,0,0.43743,-0.00124,0.25475,-0.01025,0.48919,0.87212,0.00077,0.43709,-0.00790,0.25332,-0.01002,0.48920,0.87211,0.00060,-0.34,-6.66,-1.44
6.7555,149,0.45727,0.03032,0.20719,0.74067,0.39023,-0.51202,0.19224,0,0.43730,-0.00281,0.25457,-0.01023,0.48918,0.87212,0.00076,0.43709,-0.00790,0.25332,-0.01002,0.48920,0.87211,0.00060,-0.21,-5.09,-1.25
6.7723,150,0.45536,0.02994,0.20614,0.74375,0.38882,-0.50918,0.19077,0,0.43717,-0.00423,0.25441,-0.01022,0.48917,0.87213,0.00076,0.43709,-0.00790,0.25332,-0.01002,0.48920,0.87211,0.00060,-0.07,-3.67,-1.09
6.7889,151,0.45298,0.02950,0.20466,0.74631,0.38800,-0.50680,0.18875,0,0.43705,-0.00540,0.25427,-0.01023,0.48918,0.87212,0.00079,0.43709,-0.00790,0.25332,-0.01002,0.48920,0.87211,0.00060,0.04,-2.50,-0.95
6.8056,152,0.44459,0.02851,0.20011,0.75401,0.38702,-0.50031,0.17714,0,0.43697,-0.00624,0.25416,-0.01024,0.48916,0.87213,0.00085,0.43709,-0.00790,0.25332,-0.01002,0.48920,0.87211,0.00060,0.12,-1.65,-0.85
6.8224,153,0.43910,0.02793,0.19692,0.75881,0.38874,-0.49415,0.17002,0,0.43692,-0.00687,0.25408,-0.01026,0.48913,0.87215,0.00091,0.43709,-0.00790,0.25332,-0.01002,0.48920,0.87211,0.00060,0.18,-1.02,-0.77
6.8392,154,0.43275,0.02736,0.19348,0.76473,0.39078,-0.48560,0.16331,0,0.43687,-0.00727,0.25404,-0.01027,0.48910,0.87217,0.00092,0.43709,-0.00790,0.25332,-0.01002,0.48920,0.87211,0.00060,0.22,-0.63,-0.72
6.8559,155,0.42613,0.02713,0.18966,0.77133,0.39123,-0.47673,0.15721,0,0.43684,-0.00750,0.25402,-0.01026,0.48910,0.87217,0.00089,0.43709,-0.00790,0.25332,-0.01002,0.48920,0.87211,0.00060,0.25,-0.40,-0.71
6.8729,156,0.40773,0.02766,0.18085,0.78569,0.38979,-0.46159,0.13301,0,0.43682,-0.00763,0.25402,-0.01024,0.48910,0.87217,0.00085,0.43709,-0.00790,0.25332,-0.01002,0.48920,0.87211,0.00060,0.27,-0.27,-0.71
6.8896,157,0.39656,0.02905,0.17660,0.79491,0.39322,-0.44880,0.10984,0,0.43682,-0.00772,0.25403,-0.01021,0.48912,0.87215,0.00082,0.43709,-0.00790,0.25332,-0.01002,0.48920,0.87211,0.00060,0.28,-0.18,-0.71
6.9064,158,0.38443,0.02988,0.17215,0.80209,0.40490,-0.43144,0.08103,0,0.43680,-0.00779,0.25403,-0.01020,0.48913,0.87215,0.00079,0.43709,-0.00790,0.25332,-0.01002,0.48920,0.87211,0.00060,0.29,-0.11,-0.71
6.9231,159,0.37088,0.03098,0.16758,0.80988,0.41320,-0.41262,0.05581,0,0.43679,-0.00784,0.25402,-0.01020,0.48913,0.87215,0.00077,0.43709,-0.00790,0.25332,-0.01002,0.48920,0.87211,0.00060,0.31,-0.06,-0.71
6.9398,160,0.35711,0.03249,0.16254,0.81789,0.41732,-0.39451,0.03554,0,0.43677,-0.00787,0.25402,-0.01021,0.48913,0.87215,0.00076,0.43709,-0.00790,0.25332,-0.01002,0.48920,0.87211,0.00060,0.33,-0.03,-0.70
6.9567,161,0.32567,0.03539,0.15224,0.83076,0.42556,-0.35875,0.00660,0,0.43676,-0.00788,0.25402,-0.01021,0.48913,0.87215,0.00077,0.43709,-0.00790,0.25332,-0.01002,0.48920,0.87211,0.00060,0.34,-0.01,-0.70
6.9735,162,0.30890,0.03652,0.14711,0.83618,0.43041,-0.33992,-0.00275,0,0.43676,-0.00791,0.25402,-0.01019,0.48913,0.87215,0.00078,0.43709,-0.00790,0.25332,-0.01002,0.48920,0.87211,0.00060,0.34,0.01,-0.71
6.9901,163,0.29311,0.03713,0.14209,0.84236,0.43802,-0.31334,-0.01960,0,0.43676,-0.00793,0.25403,-0.01019,0.48912,0.87216,0.00080,0.43709,-0.00790,0.25332,-0.01002,0.48920,0.87211,0.00060,0.34,0.03,-0.71
7.0068,164,0.27744,0.03781,0.13772,0.84808,0.44497,-0.28531,-0.03681,0,0.43675,-0.00795,0.25403,-0.01019,0.48912,0.87216,0.00081,0.43709,-0.00790,0.25332,-0.01002,0.48920,0.87211,0.00060,0.34,0.05,-0.71
7.0237,165,0.26216,0.03783,0.13309,0.85137,0.45343,-0.25783,-0.05568,0,0.43675,-0.00796,0.25403,-0.01020,0.48912,0.87216,0.00082,0.43709,-0.00790,0.25332,-0.01002,0.48920,0.87211,0.00060,0.34,0.06,-0.71
7.0405,166,0.23336,0.03752,0.12338,0.85612,0.46248,-0.21202,-0.09060,0,0.43675,-0.00797,0.25402,-0.01021,0.48912,0.87216,0.00082,0.43709,-0.00790,0.25332,-0.01002,0.48920,0.87211,0.00060,0.35,0.07,-0.71
7.0572,167,0.22018,0.03620,0.11821,0.85777,0.46394,-0.19613,-0.10262,0,0.43675,-0.00797,0.25402,-0.01021,0.48912,0.87216,0.00083,0.43709,-0.00790,0.25332,-0.01002,0.48920,0.87211,0.00060,0.35,0.08,-0.71
7.0738,168,0.20777,0.03472,0.11293,0.86046,0.46266,-0.18056,-0.11381,0,0.43675,-0.00797,0.25402,-0.01020,0.48912,0.87216,0.00083,0.43709,-0.00790,0.25332,-0.01002,0.48920,0.87211,0.00060,0.34,0.07,-0.71
7.0907,169,0.19662,0.03295,0.10766,0.86432,0.45840,-0.16549,-0.12420,0,0.43674,-0.00796,0.25403,-0.01020,0.48911,0.87216,0.00083,0.43709,-0.00790,0.25332,-0.01002,0.48920,0.87211,0.00060,0.35,0.06,-0.71
7.1074,170,0.18644,0.03123,0.10262,0.86939,0.45178,-0.14987,-0.13264,0,0.43674,-0.00795,0.25402,-0.01020,0.48911,0.87216,0.00083,0.43709,-0.00790,0.25332,-0.01002,0.48920,0.87211,0.00060,0.35,0.06,-0.71
7.1242,171,0.16953,0.02776,0.09171,0.88104,0.43390,-0.13202,-0.13443,0,0.43674,-0.00795,0.25402,-0.01019,0.48912,0.87216,0.00083,0.43709,-0.00790,0.25332,-0.01002,0.48920,0.87211,0.00060,0.35,0.05,-0.71
7.1408,172,0.16278,0.02626,0.08633,0.88622,0.42613,-0.12993,-0.12708,0,0.43674,-0.00795,0.25402,-0.01019,0.48912,0.87216,0.00083,0.43709,-0.00790,0.25332,-0.01002,0.48920,0.87211,0.00060,0.35,0.05,-0.71
7.1575,173,0.15608,0.02502,0.08184,0.89012,0.42094,-0.12895,-0.11774,0,0.43674,-0.00795,0.25403,-0.01018,0.48911,0.87216,0.00083,0.43709,-0.00790,0.25332,-0.01002,0.48920,0.87211,0.00060,0.35,0.05,-0.71
7.1743,174,0.14972,0.02443,0.07787,0.89172,0.42304,-0.12095,-0.10607,0,0.43674,-0.00795,0.25403,-0.01018,0.48911,0.87216,0.00082,0.43709,-0.00790,0.25332,-0.01002,0.48920,0.87211,0.00060,0.36,0.05,-0.71
7.1911,175,0.14519,0.02273,0.07374,0.89132,0.42876,-0.10916,-0.09899,0,0.43673,-0.00795,0.25403,-0.01018,0.48912,0.87216,0.00082,0.43709,-0.00790,0.25332,-0.01002,0.48920,0.87211,0.00060,0.36,0.05,-0.71
7.2078,176,0.13861,0.01878,0.06522,0.89120,0.43613,-0.08672,-0.08969,0,0.43673,-0.00795,0.25402,-0.01018,0.48912,0.87216,0.00083,0.43709,-0.00790,0.25332,-0.01002,0.48920,0.87211,0.00060,0.36,0.05,-0.71
7.2245,177,0.13597,0.01637,0.06099,0.89212,0.43567,-0.08236,-0.08678,0,0.43673,-0.00795,0.25403,-0.01018,0.48912,0.87216,0.00083,0.43709,-0.00790,0.25332,-0.01002,0.48920,0.87211,0.00060,0.37,0.05,-0.71
7.2413,178,0.13373,0.01342,0.05737,0.89502,0.43083,-0.08236,-0.08089,0,0.43673,-0.00795,0.25403,-0.01018,0.48911,0.87216,0.00083,0.43709,-0.00790,0.25332,-0.01002,0.48920,0.87211,0.00060,0.37,0.05,-0.71
7.2579,179,0.13075,0.01137,0.05384,0.89975,0.42212,-0.08380,-0.07241,0,0.43672,-0.00795,0.25403,-0.01018,0.48911,0.87216,0.00083,0.43709,-0.00790,0.25332,-0.01002,0.48920,0.87211,0.00060,0.37,0.05,-0.71
7.2747,180,0.12753,0.01057,0.05099,0.90709,0.40747,-0.08190,-0.06667,0,0.43672,-0.00794,0.25403,-0.01018,0.48911,0.87216,0.00084,0.43709,-0.00790,0.25332,-0.01002,0.48920,0.87211,0.00060,0.37,0.05,-0.71
7.2914,181,0.12264,0.00925,0.04941,0.91625,0.39090,-0.06488,-0.05890,0,0.43672,-0.00794,0.25403,-0.01018,0.48911,0.87216,0.00083,0.43709,-0.00790,0.25332,-0.01002,0.48920,0.87211,0.00060,0.37,0.04,-0.71
7.3083,182,0.12044,0.00825,0.04976,0.91558,0.39547,-0.04948,-0.05355,0,0.43672,-0.00794,0.25403,-0.01017,0.48910,0.87217,0.00083,0.43709,-0.00790,0.25332,-0.01002,0.48920,0.87211,0.00060,0.37,0.04,-0.72
7.3249,183,0.11677,0.00721,0.05233,0.91112,0.40896,-0.03458,-0.03772,0,0.43672,-0.00794,0.25403,-0.01017,0.48911,0.87216,0.00083,0.43709,-0.00790,0.25332,-0.01002,0.48920,0.87211,0.00060,0.37,0.04,-0.72
7.3416,184,0.11971,0.00495,0.04874,0.88921,0.44525,-0.07496,-0.07379,0,0.43672,-0.00794,0.25403,-0.01017,0.48911,0.87216,0.00083,0.43709,-0.00790,0.25332,-0.01002,0.48920,0.87211,0.00060,0.38,0.04,-0.72
7.3583,185,0.12245,0.00987,0.04717,0.89843,0.42941,-0.05202,-0.07568,0,0.43672,-0.00794,0.25403,-0.01017,0.48911,0.87216,0.00083,0.43709,-0.00790,0.25332,-0.01002,0.48920,0.87211,0.00060,0.38,0.04,-0.71
7.3752,186,0.11828,0.01171,0.05149,0.89679,0.43160,-0.05333,-0.08147,0,0.43672,-0.00794,0.25403,-0.01017,0.48911,0.87216,0.00083,0.43709,-0.00790,0.25332,-0.01002,0.48920,0.87211,0.00060,0.38,0.04,-0.71
7.3918,187,0.11751,0.01300,0.05341,0.89372,0.43731,-0.04916,-0.08718,0,0.43672,-0.00794,0.25403,-0.01016,0.48911,0.87216,0.00084,0.43709,-0.00790,0.25332,-0.01002,0.48920,0.87211,0.00060,0.38,0.04,-0.71
7.4086,188,0.11630,0.01273,0.05691,0.88596,0.45267,-0.04995,-0.08763,0,0.43672,-0.00794,0.25403,-0.01016,0.48911,0.87216,0.00084,0.43709,-0.00790,0.25332,-0.01002,0.48920,0.87211,0.00060,0.37,0.04,-0.71
7.4253,189,0.11524,0.01320,0.06051,0.87654,0.47085,-0.05779,-0.08148,0,0.43672,-0.00794,0.25403,-0.01016,0.48911,0.87216,0.00083,0.43709,-0.00790,0.25332,-0.01002,0.48920,0.87211,0.00060,0.37,0.05,-0.71
7.4420,190,0.11362,0.01264,0.06293,0.86870,0.48605,-0.06503,-0.06987,0,0.43672,-0.00794,0.25402,-0.01017,0.48911,0.87216,0.00084,0.43709,-0.00790,0.25332,-0.01002,0.48920,0.87211,0.00060,0.38,0.05,-0.70
7.4589,191,0.11207,0.01106,0.06517,0.84997,0.51941,-0.07003,-0.05347,0,0.43672,-0.00795,0.25402,-0.01017,0.48912,0.87216,0.00084,0.43709,-0.00790,0.25332,-0.01002,0.48920,0.87211,0.00060,0.38,0.05,-0.70
7.4755,192,0.11270,0.01063,0.06330,0.84092,0.53593,-0.06225,-0.04202,0,0.43672,-0.00795,0.25402,-0.01016,0.48912,0.87216,0.00084,0.43709,-0.00790,0.25332,-0.01002,0.48920,0.87211,0.00060,0.37,0.06,-0.70
7.4923,193,0.11295,0.01077,0.05995,0.83322,0.54962,-0.05673,-0.02097,0,0.43672,-0.00795,0.25402,-0.01016,0.48911,0.87216,0.00084,0.43709,-0.00790,0.25332,-0.01002,0.48920,0.87211,0.00060,0.37,0.06,-0.70
7.5093,194,0.11207,0.01281,0.06138,0.82992,0.55337,-0.06756,0.02131,0,0.43672,-0.00795,0.25401,-0.01016,0.48911,0.87216,0.00084,0.43709,-0.00790,0.25332,-0.01002,0.48920,0.87211,0.00060,0.37,0.06,-0.70
7.5258,195,0.10676,0.00777,0.06379,0.81690,0.57009,-0.08745,0.00564,0,0.43672,-0.00795,0.25401,-0.01017,0.48911,0.87216,0.00084,0.43709,-0.00790,0.25332,-0.01002,0.48920,0.87211,0.00060,0.37,0.06,-0.70
7.5426,196,0.11314,0.00617,0.05999,0.79248,0.60636,-0.06127,-0.02344,0,0.43673,-0.00795,0.25401,-0.01017,0.48912,0.87216,0.00084,0.43709,-0.00790,0.25332,-0.01002,0.48920,0.87211,0.00060,0.37,0.05,-0.70
7.5594,197,0.11314,0.00626,0.05937,0.79339,0.60492,-0.06450,-0.02121,0,0.43673,-0.00795,0.25401,-0.01016,0.48911,0.87216,0.00084,0.43709,-0.00790,0.25332,-0.01002,0.48920,0.87211,0.00060,0.37,0.06,-0.70
7.5761,198,0.11660,0.00371,0.05761,0.79154,0.60733,-0.05744,-0.03619,0,0.43673,-0.00795,0.25401,-0.01016,0.48911,0.87216,0.00084,0.43709,-0.00790,0.25332,-0.01002,0.48920,0.87211,0.00060,0.37,0.05,-0.70
7.5930,199,0.11805,-0.00014,0.05517,0.78420,0.61573,-0.05918,-0.04910,0,0.43673,-0.00795,0.25401,-0.01016,0.48911,0.87216,0.00084,0.43709,-0.00790,0.25332,-0.01002,0.48920,0.87211,0.00060,0.37,0.05,-0.70
7.6097,200,0.11694,0.00190,0.05594,0.78485,0.61421,-0.06613,-0.04885,0,0.43672,-0.00795,0.25401,-0.01016,0.48911,0.87216,0.00084,0.43709,-0.00790,0.25332,-0.01002,0.48920,0.87211,0.00060,0.37,0.05,-0.69
7.6264,201,0.11957,-0.00224,0.05408,0.78477,0.61071,-0.07889,-0.07026,0,0.43672,-0.00795,0.25401,-0.01016,0.48912,0.87216,0.00084,0.43709,-0.00790,0.25332,-0.01002,0.48920,0.87211,0.00060,0.37,0.05,-0.69
7.6431,202,0.11931,-0.00297,0.05421,0.78706,0.60572,-0.08708,-0.07778,0,0.43672,-0.00795,0.25401,-0.01016,0.48912,0.87216,0.00083,0.43709,-0.00790,0.25332,-0.01002,0.48920,0.87211,0.00060,0.37,0.05,-0.69
7.6598,203,0.11855,-0.00044,0.05477,0.79399,0.59654,-0.08971,-0.07531,0,0.43673,-0.00795,0.25401,-0.01016,0.48912,0.87216,0.00083,0.43709,-0.00790,0.25332,-0.01002,0.48920,0.87211,0.00060,0.37,0.06,-0.69
7.6767,204,0.11828,0.00125,0.05480,0.79785,0.59458,-0.08089,-0.05806,0,0.43673,-0.00795,0.25401,-0.01016,0.48911,0.87216,0.00083,0.43709,-0.00790,0.25332,-0.01002,0.48920,0.87211,0.00060,0.37,0.06,-0.69
7.6933,205,0.11882,0.00443,0.05358,0.79823,0.59801,-0.06624,-0.02878,0,0.43673,-0.00795,0.25400,-0.01016,0.48911,0.87216,0.00083,0.43709,-0.00790,0.25332,-0.01002,0.48920,0.87211,0.00060,0.37,0.06,-0.69
7.7102,206,0.11998,0.00226,0.05191,0.78743,0.61327,-0.06152,-0.00746,0,0.43673,-0.00795,0.25400,-0.01017,0.48911,0.87216,0.00084,0.43709,-0.00790,0.25332,-0.01002,0.48920,0.87211,0.00060,0.37,0.05,-0.69
7.7269,207,0.12055,0.00064,0.05094,0.78839,0.61044,-0.07322,-0.02113,0,0.43673,-0.00795,0.25400,-0.01017,0.48911,0.87216,0.00083,0.43709,-0.00790,0.25332,-0.01002,0.48920,0.87211,0.00060,0.37,0.05,-0.68
7.7435,208,0.12063,0.00077,0.05069,0.79088,0.60464,-0.08631,-0.03830,0,0.43673,-0.00795,0.25400,-0.01016,0.48911,0.87216,0.00083,0.43709,-0.00790,0.25332,-0.01002,0.48920,0.87211,0.00060,0.36,0.05,-0.69
7.7602,209,0.11975,0.00016,0.05065,0.79021,0.60283,-0.09787,-0.05090,0,0.43673,-0.00795,0.25400,-0.01016,0.48911,0.87216,0.00083,0.43709,-0.00790,0.25332,-0.01002,0.48920,0.87211,0.00060,0.36,0.05,-0.69
7.7770,210,0.12010,-0.00084,0.05047,0.78724,0.60521,-0.10417,-0.05588,0,0.43673,-0.00795,0.25400,-0.01016,0.48912,0.87216,0.00083,0.43709,-0.00790,0.25332,-0.01002,0.48920,0.87211,0.00060,0.36,0.06,-0.68
7.7938,211,0.12201,-0.00131,0.04856,0.78314,0.61004,-0.10680,-0.05594,0,0.43673,-0.00795,0.25400,-0.01016,0.48912,0.87216,0.00083,0.43709,-0.00790,0.25332,-0.01002,0.48920,0.87211,0.00060,0.36,0.06,-0.68
7.8104,212,0.12292,-0.00173,0.04764,0.77963,0.61477,-0.10732,-0.05215,0,0.43673,-0.00796,0.25400,-0.01016,0.48912,0.87216,0.00083,0.43709,-0.00790,0.25332,-0.01002,0.48920,0.87211,0.00060,0.36,0.06,-0.68
7.8271,213,0.12365,-0.00191,0.04691,0.77483,0.62122,-0.10711,-0.04749,0,0.43673,-0.00796,0.25399,-0.01016,0.48912,0.87216,0.00083,0.43709,-0.00790,0.25332,-0.01002,0.48920,0.87211,0.00060,0.36,0.06,-0.68
7.8439,214,0.12521,-0.00242,0.04604,0.77018,0.62774,-0.10379,-0.04467,0,0.43674,-0.00796,0.25399,-0.01016,0.48912,0.87216,0.00083,0.43709,-0.00790,0.25332,-0.01002,0.48920,0.87211,0.00060,0.36,0.06,-0.67
7.8607,215,0.12646,-0.00288,0.04545,0.76854,0.62992,-0.10291,-0.04416,0,0.43674,-0.00796,0.25399,-0.01016,0.48912,0.87216,0.00084,0.43709,-0.00790,0.25332,-0.01002,0.48920,0.87211,0.00060,0.35,0.06,-0.67
7.8774,216,0.12901,-0.00400,0.04487,0.76586,0.63241,-0.10566,-0.04855,0,0.43674,-0.00796,0.25399,-0.01016,0.48912,0.87216,0.00083,0.43709,-0.00790,0.25332,-0.01002,0.48920,0.87211,0.00060,0.35,0.07,-0.67
7.8942,217,0.13006,-0.00437,0.04482,0.76338,0.63507,-0.10750,-0.04877,0,0.43674,-0.00796,0.25398,-0.01016,0.48912,0.87216,0.00083,0.43709,-0.00790,0.25332,-0.01002,0.48920,0.87211,0.00060,0.35,0.07,-0.67
7.9109,218,0.13153,-0.00493,0.04440,0.76062,0.63843,-0.10793,-0.04698,0,0.43674,-0.00796,0.25398,-0.01016,0.48912,0.87216,0.00083,0.43709,-0.00790,0.25332,-0.01002,0.48920,0.87211,0.00060,0.35,0.07,-0.67
7.9276,219,0.13312,-0.00485,0.04454,0.75902,0.64070,-0.10651,-0.04521,0,0.43674,-0.00796,0.25398,-0.01016,0.48912,0.87216,0.00083,0.43709,-0.00790,0.25332,-0.01002,0.48920,0.87211,0.00060,0.35,0.06,-0.66
7.9444,220,0.13489,-0.00502,0.04455,0.75650,0.64416,-0.10504,-0.04161,0,0.43674,-0.00796,0.25398,-0.01016,0.48912,0.87216,0.00083,0.43709,-0.00790,0.25332,-0.01002,0.48920,0.87211,0.00060,0.35,0.06,-0.67
7.9612,221,0.13843,-0.00478,0.04505,0.75233,0.65031,-0.10132,-0.02885,0,0.43674,-0.00796,0.25398,-0.01016,0.48912,0.87216,0.00083,0.43709,-0.00790,0.25332,-0.01002,0.48920,0.87211,0.00060,0.35,0.06,-0.66
7.9780,222,0.14040,-0.00437,0.04536,0.75013,0.65360,-0.09835,-0.02085,0,0.43674,-0.00796,0.25398,-0.01016,0.48912,0.87216,0.00083,0.43709,-0.00790,0.25332,-0.01002,0.48920,0.87211,0.00060,0.35,0.06,-0.66
7.9946,223,0.14241,-0.00400,0.04564,0.74791,0.65676,-0.09455,-0.01867,0,0.43675,-0.00796,0.25398,-0.01016,0.48912,0.87216,0.00083,0.43709,-0.00790,0.25332,-0.01002,0.48920,0.87211,0.00060,0.35,0.07,-0.66
8.0115,224,0.14376,-0.00351,0.04640,0.74564,0.65951,-0.09394,-0.01574,0,0.43675,-0.00796,0.25398,-0.01016,0.48912,0.87216,0.00083,0.43709,-0.00790,0.25332,-0.01002,0.48920,0.87211,0.00060,0.35,0.07,-0.66
8.0282,225,0.14765,-0.00272,0.04766,0.74503,0.66030,-0.09323,-0.01572,0,0.43675,-0.00796,0.25397,-0.01016,0.48913,0.87215,0.00083,0.43709,-0.00790,0.25332,-0.01002,0.48920,0.87211,0.00060,0.35,0.07,-0.66
8.0450,226,0.14894,-0.00274,0.04894,0.74707,0.65772,-0.09469,-0.01801,0,0.43675,-0.00797,0.25397,-0.01016,0.48912,0.87216,0.00083,0.43709,-0.00790,0.25332,-0.01002,0.48920,0.87211,0.00060,0.35,0.07,-0.66
8.0617,227,0.14944,-0.00198,0.05096,0.74952,0.65420,-0.09915,-0.02007,0,0.43675,-0.00797,0.25397,-0.01016,0.48912,0.87216,0.00083,0.43709,-0.00790,0.25332,-0.01002,0.48920,0.87211,0.00060,0.35,0.07,-0.65
8.0784,228,0.14988,-0.00097,0.05253,0.74961,0.65306,-0.10538,-0.02213,0,0.43675,-0.00797,0.25397,-0.01016,0.48912,0.87215,0.00083,0.43709,-0.00790,0.25332,-0.01002,0.48920,0.87211,0.00060,0.34,0.07,-0.65
8.0952,229,0.15354,-0.00193,0.05486,0.74537,0.65598,-0.11482,-0.03035,0,0.43675,-0.00797,0.25397,-0.01016,0.48912,0.87216,0.00083,0.43709,-0.00790,0.25332,-0.01002,0.48920,0.87211,0.00060,0.34,0.07,-0.65
8.1120,230,0.15060,-0.00152,0.05606,0.75039,0.64893,-0.12005,-0.03721,0,0.43675,-0.00797,0.25396,-0.01016,0.48912,0.87216,0.00083,0.43709,-0.00790,0.25332,-0.01002,0.48920,0.87211,0.00060,0.34,0.07,-0.65
8.1287,231,0.15301,-0.00006,0.05837,0.75985,0.63875,-0.11403,-0.04032,0,0.43675,-0.00797,0.25396,-0.01016,0.48912,0.87215,0.00083,0.43709,-0.00790,0.25332,-0.01002,0.48920,0.87211,0.00060,0.34,0.07,-0.65
8.1454,232,0.15438,0.00109,0.05868,0.76436,0.63408,-0.11013,-0.03961,0,0.43675,-0.00797,0.25396,-0.01016,0.48912,0.87215,0.00083,0.43709,-0.00790,0.25332,-0.01002,0.48920,0.87211,0.00060,0.34,0.07,-0.65
8.1622,233,0.15449,-0.00012,0.05742,0.76655,0.63140,-0.10975,-0.04108,0,0.43675,-0.00797,0.25396,-0.01016,0.48913,0.87215,0.00083,0.43709,-0.00790,0.25332,-0.01002,0.48920,0.87211,0.00060,0.34,0.07,-0.65
8.1789,234,0.15448,-0.00205,0.05639,0.77025,0.62521,-0.11573,-0.04944,0,0.43675,-0.00797,0.25396,-0.01016,0.48912,0.87215,0.00083,0.43709,-0.00790,0.25332,-0.01002,0.48920,0.87211,0.00060,0.34,0.07,-0.65
8.1957,235,0.15479,-0.00364,0.05566,0.77136,0.62271,-0.11989,-0.05348,0,0.43675,-0.00797,0.25396,-0.01016,0.48912,0.87215,0.00083,0.43709,-0.00790,0.25332,-0.01002,0.48920,0.87211,0.00060,0.34,0.07,-0.65
8.2124,236,0.15528,-0.00475,0.05540,0.77363,0.61821,-0.12657,-0.05746,0,0.43675,-0.00797,0.25396,-0.01016,0.48913,0.87215,0.00083,0.43709,-0.00790,0.25332,-0.01002,0.48920,0.87211,0.00060,0.34,0.07,-0.64
8.2292,237,0.15627,-0.00716,0.05411,0.77770,0.61087,-0.13303,-0.06572,0,0.43675,-0.00797,0.25396,-0.01016,0.48913,0.87215,0.00083,0.43709,-0.00790,0.25332,-0.01002,0.48920,0.87211,0.00060,0.34,0.08,-0.64
8.2460,238,0.15713,-0.00928,0.05308,0.78212,0.60302,-0.13711,-0.07649,0,0.43676,-0.00798,0.25396,-0.01016,0.48913,0.87215,0.00083,0.43709,-0.00790,0.25332,-0.01002,0.48920,0.87211,0.00060,0.34,0.08,-0.64
8.2626,239,0.15814,-0.01461,0.04992,0.78638,0.59568,-0.13952,-0.08548,0,0.43676,-0.00797,0.25396,-0.01016,0.48912,0.87216,0.00083,0.43709,-0.00790,0.25332,-0.01002,0.48920,0.87211,0.00060,0.34,0.08,-0.64
8.2793,240,0.15806,-0.01567,0.05122,0.78881,0.59047,-0.14777,-0.08541,0,0.43676,-0.00797,0.25396,-0.01016,0.48912,0.87216,0.00083,0.43709,-0.00790,0.25332,-0.01002,0.48920,0.87211,0.00060,0.34,0.07,-0.64
8.2962,241,0.15927,-0.01825,0.05037,0.78812,0.58933,-0.15294,-0.09033,0,0.43676,-0.00797,0.25396,-0.01016,0.48912,0.87215,0.00083,0.43709,-0.00790,0.25332,-0.01002,0.48920,0.87211,0.00060,0.34,0.07,-0.64
8.3129,242,0.16057,-0.01971,0.04987,0.79067,0.58488,-0.15678,-0.09040,0,0.43676,-0.00797,0.25395,-0.01016,0.48913,0.87215,0.00083,0.43709,-0.00790,0.25332,-0.01002,0.48920,0.87211,0.00060,0.34,0.07,-0.64
8.3297,243,0.16218,-0.02140,0.04844,0.79280,0.58399,-0.14975,-0.08941,0,0.43676,-0.00797,0.25396,-0.01016,0.48913,0.87215,0.00083,0.43709,-0.00790,0.25332,-0.01002,0.48920,0.87211,0.00060,0.34,0.07,-0.64
8.3465,244,0.16046,-0.02404,0.04748,0.79468,0.58501,-0.13662,-0.08708,0,0.43676,-0.00797,0.25396,-0.01016,0.48913,0.87215,0.00083,0.43709,-0.00790,0.25332,-0.01002,0.48920,0.87211,0.00060,0.34,0.07,-0.64
8.3633,245,0.15905,-0.02481,0.04794,0.79692,0.58254,-0.13411,-0.08707,0,0.43676,-0.00797,0.25395,-0.01016,0.48913,0.87215,0.00083,0.43709,-0.00790,0.25332,-0.01002,0.48920,0.87211,0.00060,0.34,0.07,-0.64
8.3800,246,0.15774,-0.02564,0.04773,0.79801,0.58092,-0.13557,-0.08561,0,0.43676,-0.00797,0.25395,-0.01016,0.48913,0.87215,0.00083,0.43709,-0.00790,0.25332,-0.01002,0.48920,0.87211,0.00060,0.34,0.07,-0.64
8.3968,247,0.15738,-0.02670,0.04729,0.79938,0.57933,-0.13722,-0.08089,0,0.43676,-0.00797,0.25395,-0.01016,0.48913,0.87215,0.00083,0.43709,-0.00790,0.25332,-0.01002,0.48920,0.87211,0.00060,0.34,0.07,-0.64
8.4136,248,0.15738,-0.02670,0.04729,0.79938,0.57933,-0.13722,-0.08089,0,0.43676,-0.00797,0.25395,-0.01016,0.48913,0.87215,0.00083,0.43709,-0.00790,0.25332,-0.01002,0.48920,0.87211,0.00060,0.34,0.07,-0.64
8.4303,249,0.15738,-0.02670,0.04729,0.79938,0.57933,-0.13722,-0.08089,0,0.43676,-0.00797,0.25395,-0.01016,0.48913,0.87215,0.00083,0.43709,-0.00790,0.25332,-0.01002,0.48920,0.87211,0.00060,0.34,0.07,-0.63
8.4471,250,0.15738,-0.02670,0.04729,0.79938,0.57933,-0.13722,-0.08089,0,0.43676,-0.00797,0.25395,-0.01016,0.48912,0.87215,0.00083,0.43709,-0.00790,0.25332,-0.01002,0.48920,0.87211,0.00060,0.33,0.07,-0.63
8.4638,251,0.15738,-0.02670,0.04729,0.79938,0.57933,-0.13722,-0.08089,0,0.43676,-0.00797,0.25395,-0.01016,0.48912,0.87215,0.00083,0.43709,-0.00790,0.25332,-0.01002,0.48920,0.87211,0.00060,0.33,0.08,-0.63
8.4804,252,0.15738,-0.02670,0.04729,0.79938,0.57933,-0.13722,-0.08089,0,0.43676,-0.00798,0.25395,-0.01016,0.48913,0.87215,0.00083,0.43709,-0.00790,0.25332,-0.01002,0.48920,0.87211,0.00060,0.33,0.08,-0.63
8.4972,253,0.15738,-0.02670,0.04729,0.79938,0.57933,-0.13722,-0.08089,0,0.43676,-0.00798,0.25395,-0.01016,0.48912,0.87215,0.00083,0.43709,-0.00790,0.25332,-0.01002,0.48920,0.87211,0.00060,0.33,0.08,-0.63
8.5139,254,0.15738,-0.02670,0.04729,0.79938,0.57933,-0.13722,-0.08089,0,0.43676,-0.00797,0.25395,-0.01016,0.48912,0.87216,0.00083,0.43709,-0.00790,0.25332,-0.01002,0.48920,0.87211,0.00060,0.33,0.08,-0.63
8.5306,255,0.15738,-0.02670,0.04729,0.79938,0.57933,-0.13722,-0.08089,0,0.43676,-0.00797,0.25394,-0.01016,0.48912,0.87215,0.00083,0.43709,-0.00790,0.25332,-0.01002,0.48920,0.87211,0.00060,0.33,0.07,-0.63
8.5474,256,0.15738,-0.02670,0.04729,0.79938,0.57933,-0.13722,-0.08089,0,0.43676,-0.00797,0.25394,-0.01016,0.48913,0.87215,0.00083,0.43709,-0.00790,0.25332,-0.01002,0.48920,0.87211,0.00060,0.33,0.07,-0.63
8.5641,257,0.15738,-0.02670,0.04729,0.79938,0.57933,-0.13722,-0.08089,0,0.43676,-0.00797,0.25394,-0.01016,0.48913,0.87215,0.00083,0.43709,-0.00790,0.25332,-0.01002,0.48920,0.87211,0.00060,0.33,0.07,-0.63
8.5810,258,0.15738,-0.02670,0.04729,0.79938,0.57933,-0.13722,-0.08089,0,0.43676,-0.00797,0.25394,-0.01016,0.48913,0.87215,0.00083,0.43709,-0.00790,0.25332,-0.01002,0.48920,0.87211,0.00060,0.33,0.07,-0.63
8.5976,259,0.15738,-0.02670,0.04729,0.79938,0.57933,-0.13722,-0.08089,0,0.43676,-0.00797,0.25394,-0.01016,0.48913,0.87215,0.00083,0.43709,-0.00790,0.25332,-0.01002,0.48920,0.87211,0.00060,0.33,0.07,-0.63
8.6144,260,0.15738,-0.02670,0.04729,0.79938,0.57933,-0.13722,-0.08089,0,0.43676,-0.00797,0.25394,-0.01016,0.48912,0.87215,0.00083,0.43676,-0.00797,0.25394,-0.01016,0.48912,0.87215,0.00083,0.00,0.00,0.00
8.6311,261,0.15738,-0.02670,0.04729,0.79938,0.57933,-0.13722,-0.08089,0,0.43676,-0.00797,0.25394,-0.01016,0.48913,0.87215,0.00082,0.43676,-0.00797,0.25394,-0.01016,0.48912,0.87215,0.00083,0.00,0.00,0.00
8.6480,262,0.15738,-0.02670,0.04729,0.79938,0.57933,-0.13722,-0.08089,0,0.43676,-0.00797,0.25398,-0.01013,0.48912,0.87215,0.00085,0.43676,-0.00797,0.25394,-0.01016,0.48912,0.87215,0.00083,0.01,-0.00,-0.04
8.6647,263,0.15738,-0.02670,0.04729,0.79938,0.57933,-0.13722,-0.08089,0,0.43672,-0.00795,0.25404,-0.01014,0.48911,0.87216,0.00094,0.43676,-0.00797,0.25394,-0.01016,0.48912,0.87215,0.00083,0.04,-0.01,-0.10
8.6815,264,0.15738,-0.02670,0.04729,0.79938,0.57933,-0.13722,-0.08089,0,0.43664,-0.00799,0.25411,-0.01017,0.48908,0.87218,0.00096,0.43676,-0.00797,0.25394,-0.01016,0.48912,0.87215,0.00083,0.12,0.02,-0.17
8.6981,265,0.15738,-0.02670,0.04729,0.79938,0.57933,-0.13722,-0.08089,0,0.43660,-0.00802,0.25420,-0.01017,0.48907,0.87219,0.00100,0.43676,-0.00797,0.25394,-0.01016,0.48912,0.87215,0.00083,0.17,0.05,-0.26
8.7149,266,0.15738,-0.02670,0.04729,0.79938,0.57933,-0.13722,-0.08089,0,0.43658,-0.00803,0.25424,-0.01016,0.48907,0.87218,0.00101,0.43676,-0.00797,0.25394,-0.01016,0.48912,0.87215,0.00083,0.18,0.06,-0.30
8.7317,267,0.15738,-0.02670,0.04729,0.79938,0.57933,-0.13722,-0.08089,0,0.43652,-0.00805,0.25436,-0.01019,0.48907,0.87218,0.00103,0.43676,-0.00797,0.25394,-0.01016,0.48912,0.87215,0.00083,0.24,0.08,-0.42
8.7484,268,0.15738,-0.02670,0.04729,0.79938,0.57933,-0.13722,-0.08089,0,0.43648,-0.00804,0.25441,-0.01022,0.48907,0.87218,0.00103,0.43676,-0.00797,0.25394,-0.01016,0.48912,0.87215,0.00083,0.28,0.07,-0.47
8.7652,269,0.15738,-0.02670,0.04729,0.79938,0.57933,-0.13722,-0.08089,0,0.43646,-0.00803,0.25443,-0.01022,0.48906,0.87219,0.00104,0.43676,-0.00797,0.25394,-0.01016,0.48912,0.87215,0.00083,0.31,0.06,-0.49
8.7820,270,0.15738,-0.02670,0.04729,0.79938,0.57933,-0.13722,-0.08089,0,0.43645,-0.00803,0.25446,-0.01020,0.48906,0.87219,0.00104,0.43676,-0.00797,0.25394,-0.01016,0.48912,0.87215,0.00083,0.31,0.06,-0.52
8.7987,271,0.15738,-0.02670,0.04729,0.79938,0.57933,-0.13722,-0.08089,0,0.43644,-0.00802,0.25449,-0.01020,0.48906,0.87219,0.00103,0.43676,-0.00797,0.25394,-0.01016,0.48912,0.87215,0.00083,0.32,0.05,-0.55
8.8155,272,0.15738,-0.02670,0.04729,0.79938,0.57933,-0.13722,-0.08089,0,0.43644,-0.00802,0.25450,-0.01020,0.48907,0.87218,0.00103,0.43676,-0.00797,0.25394,-0.01016,0.48912,0.87215,0.00083,0.33,0.05,-0.56
8.8322,273,0.15738,-0.02670,0.04729,0.79938,0.57933,-0.13722,-0.08089,0,0.43643,-0.00803,0.25451,-0.01020,0.48907,0.87218,0.00103,0.43676,-0.00797,0.25394,-0.01016,0.48912,0.87215,0.00083,0.33,0.06,-0.57
8.8489,274,0.15738,-0.02670,0.04729,0.79938,0.57933,-0.13722,-0.08089,0,0.43642,-0.00803,0.25451,-0.01022,0.48907,0.87218,0.00103,0.43676,-0.00797,0.25394,-0.01016,0.48912,0.87215,0.00083,0.34,0.07,-0.57
8.8656,275,0.15738,-0.02670,0.04729,0.79938,0.57933,-0.13722,-0.08089,0,0.43642,-0.00804,0.25451,-0.01022,0.48907,0.87219,0.00104,0.43676,-0.00797,0.25394,-0.01016,0.48912,0.87215,0.00083,0.34,0.07,-0.57
8.8825,276,0.15738,-0.02670,0.04729,0.79938,0.57933,-0.13722,-0.08089,0,0.43643,-0.00804,0.25452,-0.01021,0.48906,0.87219,0.00105,0.43676,-0.00797,0.25394,-0.01016,0.48912,0.87215,0.00083,0.34,0.07,-0.58
8.8991,277,0.15738,-0.02670,0.04729,0.79938,0.57933,-0.13722,-0.08089,0,0.43642,-0.00804,0.25452,-0.01023,0.48906,0.87219,0.00104,0.43676,-0.00797,0.25394,-0.01016,0.48912,0.87215,0.00083,0.34,0.07,-0.58
8.9160,278,0.15738,-0.02670,0.04729,0.79938,0.57933,-0.13722,-0.08089,0,0.43642,-0.00803,0.25453,-0.01022,0.48906,0.87219,0.00104,0.43676,-0.00797,0.25394,-0.01016,0.48912,0.87215,0.00083,0.34,0.06,-0.59
8.9326,279,0.15738,-0.02670,0.04729,0.79938,0.57933,-0.13722,-0.08089,0,0.43642,-0.00803,0.25453,-0.01023,0.48906,0.87219,0.00104,0.43676,-0.00797,0.25394,-0.01016,0.48912,0.87215,0.00083,0.34,0.06,-0.59
8.9494,280,0.15738,-0.02670,0.04729,0.79938,0.57933,-0.13722,-0.08089,0,0.43642,-0.00804,0.25453,-0.01022,0.48907,0.87218,0.00104,0.43642,-0.00804,0.25453,-0.01022,0.48907,0.87218,0.00104,0.00,0.00,0.00
8.9662,281,0.15738,-0.02670,0.04729,0.79938,0.57933,-0.13722,-0.08089,0,0.43642,-0.00804,0.25454,-0.01022,0.48907,0.87219,0.00104,0.43642,-0.00804,0.25453,-0.01022,0.48907,0.87218,0.00104,0.00,0.00,-0.01
8.9830,282,0.15738,-0.02670,0.04729,0.79938,0.57933,-0.13722,-0.08089,0,0.43641,-0.00803,0.25458,-0.01020,0.48905,0.87220,0.00108,0.43642,-0.00804,0.25453,-0.01022,0.48907,0.87218,0.00104,0.01,-0.01,-0.04
8.9995,283,0.15738,-0.02670,0.04729,0.79938,0.57933,-0.13722,-0.08089,0,0.43635,-0.00804,0.25465,-0.01024,0.48906,0.87219,0.00111,0.43642,-0.00804,0.25453,-0.01022,0.48907,0.87218,0.00104,0.07,0.00,-0.12
9.0164,284,0.15738,-0.02670,0.04729,0.79938,0.57933,-0.13722,-0.08089,0,0.43627,-0.00807,0.25473,-0.01027,0.48903,0.87221,0.00115,0.43642,-0.00804,0.25453,-0.01022,0.48907,0.87218,0.00104,0.15,0.03,-0.20
9.0331,285,0.15738,-0.02670,0.04729,0.79938,0.57933,-0.13722,-0.08089,0,0.43624,-0.00809,0.25483,-0.01026,0.48901,0.87221,0.00121,0.43642,-0.00804,0.25453,-0.01022,0.48907,0.87218,0.00104,0.18,0.05,-0.30
9.0500,286,0.15738,-0.02670,0.04729,0.79938,0.57933,-0.13722,-0.08089,0,0.43621,-0.00810,0.25493,-0.01025,0.48901,0.87222,0.00124,0.43642,-0.00804,0.25453,-0.01022,0.48907,0.87218,0.00104,0.21,0.06,-0.39
9.0668,287,0.15738,-0.02670,0.04729,0.79938,0.57933,-0.13722,-0.08089,0,0.43617,-0.00812,0.25499,-0.01029,0.48901,0.87221,0.00124,0.43642,-0.00804,0.25453,-0.01022,0.48907,0.87218,0.00104,0.25,0.08,-0.46
9.0835,288,0.15738,-0.02670,0.04729,0.79938,0.57933,-0.13722,-0.08089,0,0.43613,-0.00811,0.25503,-0.01032,0.48902,0.87221,0.00124,0.43642,-0.00804,0.25453,-0.01022,0.48907,0.87218,0.00104,0.29,0.07,-0.50
9.1002,289,0.15738,-0.02670,0.04729,0.79938,0.57933,-0.13722,-0.08089,0,0.43612,-0.00810,0.25505,-0.01031,0.48900,0.87222,0.00125,0.43642,-0.00804,0.25453,-0.01022,0.48907,0.87218,0.00104,0.30,0.06,-0.52
9.1171,290,0.15738,-0.02670,0.04729,0.79938,0.57933,-0.13722,-0.08089,0,0.43611,-0.00810,0.25507,-0.01030,0.48900,0.87222,0.00126,0.43642,-0.00804,0.25453,-0.01022,0.48907,0.87218,0.00104,0.31,0.06,-0.54
9.1337,291,0.15738,-0.02670,0.04729,0.79938,0.57933,-0.13722,-0.08089,0,0.43611,-0.00810,0.25508,-0.01029,0.48900,0.87222,0.00126,0.43642,-0.00804,0.25453,-0.01022,0.48907,0.87218,0.00104,0.31,0.06,-0.55
9.1504,292,0.15738,-0.02670,0.04729,0.79938,0.57933,-0.13722,-0.08089,0,0.43610,-0.00810,0.25509,-0.01029,0.48900,0.87222,0.00125,0.43642,-0.00804,0.25453,-0.01022,0.48907,0.87218,0.00104,0.32,0.06,-0.56
9.1672,293,0.15738,-0.02670,0.04729,0.79938,0.57933,-0.13722,-0.08089,0,0.43610,-0.00810,0.25509,-0.01030,0.48901,0.87222,0.00125,0.43642,-0.00804,0.25453,-0.01022,0.48907,0.87218,0.00104,0.32,0.06,-0.56
9.1838,294,0.15738,-0.02670,0.04729,0.79938,0.57933,-0.13722,-0.08089,0,0.43610,-0.00811,0.25509,-0.01030,0.48901,0.87222,0.00125,0.43642,-0.00804,0.25453,-0.01022,0.48907,0.87218,0.00104,0.32,0.07,-0.56
9.2006,295,0.15738,-0.02670,0.04729,0.79938,0.57933,-0.13722,-0.08089,0,0.43610,-0.00811,0.25509,-0.01030,0.48901,0.87222,0.00126,0.43642,-0.00804,0.25453,-0.01022,0.48907,0.87218,0.00104,0.32,0.07,-0.56
9.2173,296,0.15738,-0.02670,0.04729,0.79938,0.57933,-0.13722,-0.08089,0,0.43610,-0.00811,0.25509,-0.01030,0.48900,0.87222,0.00126,0.43642,-0.00804,0.25453,-0.01022,0.48907,0.87218,0.00104,0.32,0.07,-0.56
9.2341,297,0.15738,-0.02670,0.04729,0.79938,0.57933,-0.13722,-0.08089,0,0.43610,-0.00810,0.25509,-0.01030,0.48900,0.87222,0.00126,0.43642,-0.00804,0.25453,-0.01022,0.48907,0.87218,0.00104,0.32,0.06,-0.56
9.2509,298,0.15738,-0.02670,0.04729,0.79938,0.57933,-0.13722,-0.08089,0,0.43610,-0.00810,0.25509,-0.01030,0.48900,0.87222,0.00126,0.43642,-0.00804,0.25453,-0.01022,0.48907,0.87218,0.00104,0.32,0.06,-0.56
9.2677,0,0.15738,-0.02670,0.04729,0.79938,0.57933,-0.13722,-0.08089,0,0.43610,-0.00810,0.25510,-0.01030,0.48900,0.87222,0.00126,0.43642,-0.00804,0.25453,-0.01022,0.48907,0.87218,0.00104,0.32,0.06,-0.56
9.2844,1,0.15738,-0.02670,0.04729,0.79938,0.57933,-0.13722,-0.08089,0,0.43610,-0.00810,0.25510,-0.01030,0.48900,0.87222,0.00125,0.43642,-0.00804,0.25453,-0.01022,0.48907,0.87218,0.00104,0.32,0.06,-0.56
9.3011,2,0.15738,-0.02670,0.04729,0.79938,0.57933,-0.13722,-0.08089,0,0.43610,-0.00810,0.25510,-0.01030,0.48901,0.87222,0.00125,0.43642,-0.00804,0.25453,-0.01022,0.48907,0.87218,0.00104,0.32,0.06,-0.56
9.3180,3,0.15738,-0.02670,0.04729,0.79938,0.57933,-0.13722,-0.08089,0,0.43610,-0.00810,0.25510,-0.01030,0.48901,0.87222,0.00125,0.43642,-0.00804,0.25453,-0.01022,0.48907,0.87218,0.00104,0.32,0.06,-0.56
9.3348,4,0.15738,-0.02670,0.04729,0.79938,0.57933,-0.13722,-0.08089,0,0.43610,-0.00810,0.25509,-0.01030,0.48901,0.87222,0.00125,0.43642,-0.00804,0.25453,-0.01022,0.48907,0.87218,0.00104,0.32,0.06,-0.56
9.3515,5,0.15738,-0.02670,0.04729,0.79938,0.57933,-0.13722,-0.08089,0,0.43610,-0.00810,0.25509,-0.01030,0.48901,0.87222,0.00125,0.43642,-0.00804,0.25453,-0.01022,0.48907,0.87218,0.00104,0.32,0.06,-0.56
9.3683,6,0.15738,-0.02670,0.04729,0.79938,0.57933,-0.13722,-0.08089,0,0.43610,-0.00810,0.25509,-0.01030,0.48900,0.87222,0.00125,0.43642,-0.00804,0.25453,-0.01022,0.48907,0.87218,0.00104,0.32,0.06,-0.56
9.3851,7,0.15738,-0.02670,0.04729,0.79938,0.57933,-0.13722,-0.08089,0,0.43610,-0.00810,0.25509,-0.01030,0.48900,0.87222,0.00125,0.43642,-0.00804,0.25453,-0.01022,0.48907,0.87218,0.00104,0.32,0.06,-0.56
9.4017,8,0.15738,-0.02670,0.04729,0.79938,0.57933,-0.13722,-0.08089,0,0.43610,-0.00810,0.25509,-0.01030,0.48900,0.87222,0.00125,0.43642,-0.00804,0.25453,-0.01022,0.48907,0.87218,0.00104,0.32,0.06,-0.56
9.4185,9,0.15738,-0.02670,0.04729,0.79938,0.57933,-0.13722,-0.08089,0,0.43611,-0.00810,0.25509,-0.01030,0.48900,0.87222,0.00125,0.43642,-0.00804,0.25453,-0.01022,0.48907,0.87218,0.00104,0.31,0.06,-0.56
9.4351,10,0.15738,-0.02670,0.04729,0.79938,0.57933,-0.13722,-0.08089,0,0.43611,-0.00810,0.25509,-0.01031,0.48901,0.87222,0.00125,0.43642,-0.00804,0.25453,-0.01022,0.48907,0.87218,0.00104,0.31,0.06,-0.56
9.4520,11,0.15738,-0.02670,0.04729,0.79938,0.57933,-0.13722,-0.08089,0,0.43611,-0.00811,0.25509,-0.01030,0.48901,0.87222,0.00125,0.43642,-0.00804,0.25453,-0.01022,0.48907,0.87218,0.00104,0.31,0.07,-0.56
9.4688,12,0.15738,-0.02670,0.04729,0.79938,0.57933,-0.13722,-0.08089,0,0.43611,-0.00811,0.25509,-0.01030,0.48901,0.87222,0.00125,0.43642,-0.00804,0.25453,-0.01022,0.48907,0.87218,0.00104,0.31,0.07,-0.56
9.4855,13,0.15738,-0.02670,0.04729,0.79938,0.57933,-0.13722,-0.08089,0,0.43611,-0.00810,0.25509,-0.01030,0.48901,0.87222,0.00125,0.43642,-0.00804,0.25453,-0.01022,0.48907,0.87218,0.00104,0.31,0.06,-0.56
9.5023,14,0.15738,-0.02670,0.04729,0.79938,0.57933,-0.13722,-0.08089,0,0.43611,-0.00810,0.25509,-0.01030,0.48901,0.87222,0.00125,0.43642,-0.00804,0.25453,-0.01022,0.48907,0.87218,0.00104,0.31,0.06,-0.56
9.5191,15,0.15738,-0.02670,0.04729,0.79938,0.57933,-0.13722,-0.08089,0,0.43611,-0.00810,0.25509,-0.01030,0.48900,0.87222,0.00125,0.43642,-0.00804,0.25453,-0.01022,0.48907,0.87218,0.00104,0.31,0.06,-0.56
9.5358,16,0.15738,-0.02670,0.04729,0.79938,0.57933,-0.13722,-0.08089,0,0.43611,-0.00810,0.25509,-0.01030,0.48900,0.87222,0.00125,0.43642,-0.00804,0.25453,-0.01022,0.48907,0.87218,0.00104,0.31,0.06,-0.56
9.5525,17,0.15738,-0.02670,0.04729,0.79938,0.57933,-0.13722,-0.08089,0,0.43611,-0.00810,0.25509,-0.01030,0.48901,0.87222,0.00125,0.43642,-0.00804,0.25453,-0.01022,0.48907,0.87218,0.00104,0.31,0.06,-0.56
9.5692,18,0.15738,-0.02670,0.04729,0.79938,0.57933,-0.13722,-0.08089,0,0.43611,-0.00810,0.25509,-0.01030,0.48901,0.87222,0.00125,0.43642,-0.00804,0.25453,-0.01022,0.48907,0.87218,0.00104,0.31,0.06,-0.56
9.5861,19,0.15738,-0.02670,0.04729,0.79938,0.57933,-0.13722,-0.08089,0,0.43611,-0.00810,0.25509,-0.01030,0.48901,0.87222,0.00125,0.43642,-0.00804,0.25453,-0.01022,0.48907,0.87218,0.00104,0.31,0.06,-0.56
9.6029,20,0.15738,-0.02670,0.04729,0.79938,0.57933,-0.13722,-0.08089,0,0.43611,-0.00810,0.25509,-0.01031,0.48901,0.87222,0.00125,0.43642,-0.00804,0.25453,-0.01022,0.48907,0.87218,0.00104,0.31,0.06,-0.55
9.6196,21,0.15738,-0.02670,0.04729,0.79938,0.57933,-0.13722,-0.08089,0,0.43611,-0.00810,0.25508,-0.01031,0.48901,0.87222,0.00125,0.43642,-0.00804,0.25453,-0.01022,0.48907,0.87218,0.00104,0.31,0.06,-0.55
9.6364,22,0.15738,-0.02670,0.04729,0.79938,0.57933,-0.13722,-0.08089,0,0.43611,-0.00810,0.25508,-0.01031,0.48901,0.87222,0.00125,0.43642,-0.00804,0.25453,-0.01022,0.48907,0.87218,0.00104,0.31,0.06,-0.55
9.6530,23,0.15738,-0.02670,0.04729,0.79938,0.57933,-0.13722,-0.08089,0,0.43611,-0.00810,0.25508,-0.01031,0.48900,0.87222,0.00125,0.43642,-0.00804,0.25453,-0.01022,0.48907,0.87218,0.00104,0.31,0.06,-0.55
9.6697,24,0.15738,-0.02670,0.04729,0.79938,0.57933,-0.13722,-0.08089,0,0.43611,-0.00810,0.25508,-0.01031,0.48901,0.87222,0.00125,0.43642,-0.00804,0.25453,-0.01022,0.48907,0.87218,0.00104,0.31,0.06,-0.55
9.6866,25,0.15738,-0.02670,0.04729,0.79938,0.57933,-0.13722,-0.08089,0,0.43611,-0.00810,0.25508,-0.01031,0.48901,0.87222,0.00125,0.43642,-0.00804,0.25453,-0.01022,0.48907,0.87218,0.00104,0.31,0.06,-0.55
9.7034,26,0.15738,-0.02670,0.04729,0.79938,0.57933,-0.13722,-0.08089,0,0.43611,-0.00810,0.25508,-0.01031,0.48901,0.87222,0.00125,0.43642,-0.00804,0.25453,-0.01022,0.48907,0.87218,0.00104,0.31,0.06,-0.55
9.7202,27,0.15738,-0.02670,0.04729,0.79938,0.57933,-0.13722,-0.08089,0,0.43611,-0.00810,0.25508,-0.01031,0.48901,0.87222,0.00125,0.43642,-0.00804,0.25453,-0.01022,0.48907,0.87218,0.00104,0.31,0.06,-0.55
9.7370,28,0.15738,-0.02670,0.04729,0.79938,0.57933,-0.13722,-0.08089,0,0.43611,-0.00810,0.25508,-0.01031,0.48901,0.87222,0.00125,0.43642,-0.00804,0.25453,-0.01022,0.48907,0.87218,0.00104,0.31,0.06,-0.55
9.7537,29,0.15738,-0.02670,0.04729,0.79938,0.57933,-0.13722,-0.08089,0,0.43611,-0.00810,0.25508,-0.01030,0.48900,0.87222,0.00125,0.43642,-0.00804,0.25453,-0.01022,0.48907,0.87218,0.00104,0.31,0.06,-0.55
9.7795,30,0.15738,-0.02670,0.04729,0.79938,0.57933,-0.13722,-0.08089,0,0.43611,-0.00810,0.25508,-0.01030,0.48901,0.87222,0.00125,0.43642,-0.00804,0.25453,-0.01022,0.48907,0.87218,0.00104,0.31,0.06,-0.55
9.7962,31,0.15738,-0.02670,0.04729,0.79938,0.57933,-0.13722,-0.08089,0,0.43611,-0.00810,0.25508,-0.01030,0.48901,0.87222,0.00125,0.43642,-0.00804,0.25453,-0.01022,0.48907,0.87218,0.00104,0.31,0.06,-0.55
9.8130,32,0.15738,-0.02670,0.04729,0.79938,0.57933,-0.13722,-0.08089,0,0.43611,-0.00810,0.25508,-0.01030,0.48901,0.87222,0.00125,0.43642,-0.00804,0.25453,-0.01022,0.48907,0.87218,0.00104,0.31,0.06,-0.55
9.8299,33,0.15738,-0.02670,0.04729,0.79938,0.57933,-0.13722,-0.08089,0,0.43611,-0.00810,0.25508,-0.01030,0.48901,0.87222,0.00125,0.43642,-0.00804,0.25453,-0.01022,0.48907,0.87218,0.00104,0.31,0.06,-0.55
9.8465,34,0.15738,-0.02670,0.04729,0.79938,0.57933,-0.13722,-0.08089,0,0.43611,-0.00810,0.25508,-0.01030,0.48901,0.87222,0.00125,0.43642,-0.00804,0.25453,-0.01022,0.48907,0.87218,0.00104,0.31,0.06,-0.55
9.8634,35,0.15738,-0.02670,0.04729,0.79938,0.57933,-0.13722,-0.08089,0,0.43611,-0.00810,0.25508,-0.01031,0.48901,0.87222,0.00124,0.43642,-0.00804,0.25453,-0.01022,0.48907,0.87218,0.00104,0.31,0.06,-0.54
9.8802,36,0.15738,-0.02670,0.04729,0.79938,0.57933,-0.13722,-0.08089,0,0.43611,-0.00810,0.25508,-0.01031,0.48901,0.87222,0.00124,0.43642,-0.00804,0.25453,-0.01022,0.48907,0.87218,0.00104,0.31,0.06,-0.54
9.8970,37,0.15738,-0.02670,0.04729,0.79938,0.57933,-0.13722,-0.08089,0,0.43611,-0.00810,0.25508,-0.01031,0.48901,0.87222,0.00124,0.43642,-0.00804,0.25453,-0.01022,0.48907,0.87218,0.00104,0.31,0.06,-0.54
9.9135,38,0.15738,-0.02670,0.04729,0.79938,0.57933,-0.13722,-0.08089,0,0.43611,-0.00810,0.25508,-0.01031,0.48900,0.87222,0.00124,0.43642,-0.00804,0.25453,-0.01022,0.48907,0.87218,0.00104,0.31,0.06,-0.54
9.9304,39,0.15738,-0.02670,0.04729,0.79938,0.57933,-0.13722,-0.08089,0,0.43611,-0.00810,0.25507,-0.01031,0.48901,0.87222,0.00124,0.43642,-0.00804,0.25453,-0.01022,0.48907,0.87218,0.00104,0.31,0.06,-0.54
9.9471,40,0.15738,-0.02670,0.04729,0.79938,0.57933,-0.13722,-0.08089,0,0.43611,-0.00810,0.25507,-0.01031,0.48901,0.87222,0.00124,0.43642,-0.00804,0.25453,-0.01022,0.48907,0.87218,0.00104,0.31,0.06,-0.54
9.9639,41,0.15738,-0.02670,0.04729,0.79938,0.57933,-0.13722,-0.08089,0,0.43611,-0.00810,0.25507,-0.01031,0.48901,0.87222,0.00124,0.43642,-0.00804,0.25453,-0.01022,0.48907,0.87218,0.00104,0.31,0.06,-0.54
9.9806,42,0.15738,-0.02670,0.04729,0.79938,0.57933,-0.13722,-0.08089,0,0.43611,-0.00810,0.25507,-0.01031,0.48901,0.87222,0.00124,0.43642,-0.00804,0.25453,-0.01022,0.48907,0.87218,0.00104,0.31,0.06,-0.54
9.9973,43,0.15738,-0.02670,0.04729,0.79938,0.57933,-0.13722,-0.08089,0,0.43611,-0.00810,0.25507,-0.01031,0.48901,0.87222,0.00124,0.43642,-0.00804,0.25453,-0.01022,0.48907,0.87218,0.00104,0.31,0.06,-0.54
10.0142,44,0.15738,-0.02670,0.04729,0.79938,0.57933,-0.13722,-0.08089,0,0.43611,-0.00810,0.25507,-0.01031,0.48901,0.87222,0.00124,0.43642,-0.00804,0.25453,-0.01022,0.48907,0.87218,0.00104,0.31,0.06,-0.54
10.0309,45,0.15738,-0.02670,0.04729,0.79938,0.57933,-0.13722,-0.08089,0,0.43611,-0.00810,0.25507,-0.01031,0.48901,0.87222,0.00124,0.43642,-0.00804,0.25453,-0.01022,0.48907,0.87218,0.00104,0.31,0.06,-0.54
10.0477,46,0.15738,-0.02670,0.04729,0.79938,0.57933,-0.13722,-0.08089,0,0.43612,-0.00810,0.25507,-0.01030,0.48901,0.87222,0.00124,0.43642,-0.00804,0.25453,-0.01022,0.48907,0.87218,0.00104,0.30,0.06,-0.54
10.0645,47,0.15738,-0.02670,0.04729,0.79938,0.57933,-0.13722,-0.08089,0,0.43612,-0.00810,0.25507,-0.01030,0.48900,0.87222,0.00124,0.43642,-0.00804,0.25453,-0.01022,0.48907,0.87218,0.00104,0.30,0.06,-0.54
10.0812,48,0.15738,-0.02670,0.04729,0.79938,0.57933,-0.13722,-0.08089,0,0.43612,-0.00810,0.25507,-0.01031,0.48901,0.87222,0.00124,0.43642,-0.00804,0.25453,-0.01022,0.48907,0.87218,0.00104,0.30,0.06,-0.54
10.0981,49,0.15738,-0.02670,0.04729,0.79938,0.57933,-0.13722,-0.08089,0,0.43612,-0.00810,0.25507,-0.01031,0.48901,0.87222,0.00124,0.43642,-0.00804,0.25453,-0.01022,0.48907,0.87218,0.00104,0.30,0.06,-0.54
10.1147,50,0.15738,-0.02670,0.04729,0.79938,0.57933,-0.13722,-0.08089,0,0.43612,-0.00811,0.25507,-0.01031,0.48901,0.87222,0.00124,0.43642,-0.00804,0.25453,-0.01022,0.48907,0.87218,0.00104,0.30,0.07,-0.54
10.1314,51,0.15738,-0.02670,0.04729,0.79938,0.57933,-0.13722,-0.08089,0,0.43612,-0.00810,0.25507,-0.01031,0.48901,0.87222,0.00124,0.43642,-0.00804,0.25453,-0.01022,0.48907,0.87218,0.00104,0.30,0.06,-0.54
10.1482,52,0.15738,-0.02670,0.04729,0.79938,0.57933,-0.13722,-0.08089,0,0.43612,-0.00810,0.25507,-0.01031,0.48901,0.87222,0.00124,0.43642,-0.00804,0.25453,-0.01022,0.48907,0.87218,0.00104,0.30,0.06,-0.54
10.1650,53,0.15738,-0.02670,0.04729,0.79938,0.57933,-0.13722,-0.08089,0,0.43612,-0.00810,0.25507,-0.01030,0.48900,0.87222,0.00124,0.43642,-0.00804,0.25453,-0.01022,0.48907,0.87218,0.00104,0.30,0.06,-0.54
10.1817,54,0.15738,-0.02670,0.04729,0.79938,0.57933,-0.13722,-0.08089,0,0.43612,-0.00810,0.25507,-0.01031,0.48900,0.87222,0.00124,0.43642,-0.00804,0.25453,-0.01022,0.48907,0.87218,0.00104,0.30,0.06,-0.53
10.1985,55,0.15738,-0.02670,0.04729,0.79938,0.57933,-0.13722,-0.08089,0,0.43612,-0.00810,0.25506,-0.01031,0.48900,0.87222,0.00124,0.43642,-0.00804,0.25453,-0.01022,0.48907,0.87218,0.00104,0.30,0.06,-0.53
10.2153,56,0.15738,-0.02670,0.04729,0.79938,0.57933,-0.13722,-0.08089,0,0.43612,-0.00810,0.25506,-0.01030,0.48901,0.87222,0.00124,0.43642,-0.00804,0.25453,-0.01022,0.48907,0.87218,0.00104,0.30,0.06,-0.53
10.2321,57,0.15738,-0.02670,0.04729,0.79938,0.57933,-0.13722,-0.08089,0,0.43612,-0.00810,0.25506,-0.01030,0.48901,0.87222,0.00124,0.43642,-0.00804,0.25453,-0.01022,0.48907,0.87218,0.00104,0.30,0.06,-0.53
10.2489,58,0.15738,-0.02670,0.04729,0.79938,0.57933,-0.13722,-0.08089,0,0.43612,-0.00810,0.25506,-0.01030,0.48901,0.87222,0.00124,0.43642,-0.00804,0.25453,-0.01022,0.48907,0.87218,0.00104,0.30,0.06,-0.53
10.2655,59,0.15738,-0.02670,0.04729,0.79938,0.57933,-0.13722,-0.08089,0,0.43612,-0.00810,0.25506,-0.01030,0.48901,0.87222,0.00124,0.43642,-0.00804,0.25453,-0.01022,0.48907,0.87218,0.00104,0.30,0.06,-0.53
10.2822,60,0.15738,-0.02670,0.04729,0.79938,0.57933,-0.13722,-0.08089,0,0.43612,-0.00810,0.25506,-0.01030,0.48901,0.87222,0.00124,0.43642,-0.00804,0.25453,-0.01022,0.48907,0.87218,0.00104,0.30,0.06,-0.53
10.2991,61,0.15738,-0.02670,0.04729,0.79938,0.57933,-0.13722,-0.08089,0,0.43612,-0.00810,0.25506,-0.01030,0.48901,0.87222,0.00124,0.43642,-0.00804,0.25453,-0.01022,0.48907,0.87218,0.00104,0.30,0.06,-0.53
10.3159,62,0.15738,-0.02670,0.04729,0.79938,0.57933,-0.13722,-0.08089,0,0.43612,-0.00810,0.25506,-0.01030,0.48901,0.87222,0.00124,0.43642,-0.00804,0.25453,-0.01022,0.48907,0.87218,0.00104,0.30,0.06,-0.53
10.3327,63,0.15738,-0.02670,0.04729,0.79938,0.57933,-0.13722,-0.08089,0,0.43612,-0.00810,0.25506,-0.01030,0.48901,0.87222,0.00124,0.43642,-0.00804,0.25453,-0.01022,0.48907,0.87218,0.00104,0.30,0.06,-0.53
10.3495,64,0.15738,-0.02670,0.04729,0.79938,0.57933,-0.13722,-0.08089,0,0.43612,-0.00810,0.25506,-0.01030,0.48901,0.87222,0.00124,0.43642,-0.00804,0.25453,-0.01022,0.48907,0.87218,0.00104,0.30,0.06,-0.52
10.3663,65,0.15738,-0.02670,0.04729,0.79938,0.57933,-0.13722,-0.08089,0,0.43612,-0.00810,0.25506,-0.01030,0.48901,0.87222,0.00124,0.43642,-0.00804,0.25453,-0.01022,0.48907,0.87218,0.00104,0.30,0.06,-0.52
10.3831,66,0.15738,-0.02670,0.04729,0.79938,0.57933,-0.13722,-0.08089,0,0.43612,-0.00810,0.25506,-0.01030,0.48900,0.87222,0.00124,0.43642,-0.00804,0.25453,-0.01022,0.48907,0.87218,0.00104,0.30,0.06,-0.52
10.3997,67,0.15738,-0.02670,0.04729,0.79938,0.57933,-0.13722,-0.08089,0,0.43612,-0.00810,0.25505,-0.01030,0.48901,0.87222,0.00124,0.43642,-0.00804,0.25453,-0.01022,0.48907,0.87218,0.00104,0.30,0.06,-0.52
10.4165,68,0.15738,-0.02670,0.04729,0.79938,0.57933,-0.13722,-0.08089,0,0.43612,-0.00810,0.25505,-0.01031,0.48901,0.87222,0.00124,0.43642,-0.00804,0.25453,-0.01022,0.48907,0.87218,0.00104,0.30,0.06,-0.52
10.4333,69,0.15738,-0.02670,0.04729,0.79938,0.57933,-0.13722,-0.08089,0,0.43612,-0.00810,0.25505,-0.01030,0.48901,0.87222,0.00124,0.43642,-0.00804,0.25453,-0.01022,0.48907,0.87218,0.00104,0.30,0.06,-0.52
10.4501,70,0.15738,-0.02670,0.04729,0.79938,0.57933,-0.13722,-0.08089,0,0.43612,-0.00810,0.25505,-0.01030,0.48901,0.87222,0.00124,0.43642,-0.00804,0.25453,-0.01022,0.48907,0.87218,0.00104,0.30,0.06,-0.52
10.4669,71,0.15738,-0.02670,0.04729,0.79938,0.57933,-0.13722,-0.08089,0,0.43612,-0.00810,0.25505,-0.01030,0.48901,0.87222,0.00124,0.43642,-0.00804,0.25453,-0.01022,0.48907,0.87218,0.00104,0.30,0.06,-0.52
10.4836,72,0.15738,-0.02670,0.04729,0.79938,0.57933,-0.13722,-0.08089,0,0.43612,-0.00810,0.25505,-0.01030,0.48901,0.87222,0.00124,0.43642,-0.00804,0.25453,-0.01022,0.48907,0.87218,0.00104,0.30,0.06,-0.52
10.5003,73,0.15738,-0.02670,0.04729,0.79938,0.57933,-0.13722,-0.08089,0,0.43612,-0.00810,0.25505,-0.01030,0.48901,0.87222,0.00124,0.43642,-0.00804,0.25453,-0.01022,0.48907,0.87218,0.00104,0.30,0.06,-0.52
10.5170,74,0.15738,-0.02670,0.04729,0.79938,0.57933,-0.13722,-0.08089,0,0.43612,-0.00810,0.25505,-0.01030,0.48901,0.87222,0.00124,0.43642,-0.00804,0.25453,-0.01022,0.48907,0.87218,0.00104,0.30,0.06,-0.52
10.5337,75,0.15738,-0.02670,0.04729,0.79938,0.57933,-0.13722,-0.08089,0,0.43612,-0.00810,0.25505,-0.01030,0.48900,0.87222,0.00124,0.43642,-0.00804,0.25453,-0.01022,0.48907,0.87218,0.00104,0.30,0.06,-0.52
10.5506,76,0.15738,-0.02670,0.04729,0.79938,0.57933,-0.13722,-0.08089,0,0.43612,-0.00810,0.25505,-0.01030,0.48900,0.87222,0.00124,0.43642,-0.00804,0.25453,-0.01022,0.48907,0.87218,0.00104,0.30,0.06,-0.52
10.5673,77,0.15738,-0.02670,0.04729,0.79938,0.57933,-0.13722,-0.08089,0,0.43612,-0.00810,0.25505,-0.01030,0.48901,0.87222,0.00124,0.43642,-0.00804,0.25453,-0.01022,0.48907,0.87218,0.00104,0.30,0.06,-0.52
10.5841,78,0.15738,-0.02670,0.04729,0.79938,0.57933,-0.13722,-0.08089,0,0.43612,-0.00810,0.25505,-0.01031,0.48901,0.87222,0.00123,0.43642,-0.00804,0.25453,-0.01022,0.48907,0.87218,0.00104,0.30,0.06,-0.52
10.6007,79,0.15738,-0.02670,0.04729,0.79938,0.57933,-0.13722,-0.08089,0,0.43612,-0.00810,0.25505,-0.01031,0.48900,0.87222,0.00123,0.43642,-0.00804,0.25453,-0.01022,0.48907,0.87218,0.00104,0.30,0.06,-0.52
10.6176,80,0.15738,-0.02670,0.04729,0.79938,0.57933,-0.13722,-0.08089,0,0.43612,-0.00810,0.25505,-0.01031,0.48900,0.87222,0.00123,0.43642,-0.00804,0.25453,-0.01022,0.48907,0.87218,0.00104,0.30,0.06,-0.52
10.6343,81,0.15738,-0.02670,0.04729,0.79938,0.57933,-0.13722,-0.08089,0,0.43612,-0.00810,0.25505,-0.01031,0.48901,0.87222,0.00123,0.43642,-0.00804,0.25453,-0.01022,0.48907,0.87218,0.00104,0.30,0.06,-0.52
10.6511,82,0.15738,-0.02670,0.04729,0.79938,0.57933,-0.13722,-0.08089,0,0.43612,-0.00810,0.25505,-0.01031,0.48901,0.87222,0.00123,0.43642,-0.00804,0.25453,-0.01022,0.48907,0.87218,0.00104,0.30,0.06,-0.52
10.6678,83,0.15738,-0.02670,0.04729,0.79938,0.57933,-0.13722,-0.08089,0,0.43613,-0.00810,0.25505,-0.01030,0.48901,0.87222,0.00124,0.43642,-0.00804,0.25453,-0.01022,0.48907,0.87218,0.00104,0.29,0.06,-0.52
10.6845,84,0.15738,-0.02670,0.04729,0.79938,0.57933,-0.13722,-0.08089,0,0.43613,-0.00810,0.25505,-0.01030,0.48901,0.87222,0.00124,0.43642,-0.00804,0.25453,-0.01022,0.48907,0.87218,0.00104,0.29,0.06,-0.52
10.7013,85,0.15738,-0.02670,0.04729,0.79938,0.57933,-0.13722,-0.08089,0,0.43613,-0.00810,0.25505,-0.01030,0.48901,0.87222,0.00124,0.43642,-0.00804,0.25453,-0.01022,0.48907,0.87218,0.00104,0.29,0.06,-0.52
10.7181,86,0.15738,-0.02670,0.04729,0.79938,0.57933,-0.13722,-0.08089,0,0.43613,-0.00810,0.25505,-0.01030,0.48901,0.87222,0.00124,0.43642,-0.00804,0.25453,-0.01022,0.48907,0.87218,0.00104,0.30,0.06,-0.51
10.7349,87,0.15738,-0.02670,0.04729,0.79938,0.57933,-0.13722,-0.08089,0,0.43613,-0.00810,0.25505,-0.01030,0.48901,0.87222,0.00124,0.43642,-0.00804,0.25453,-0.01022,0.48907,0.87218,0.00104,0.30,0.06,-0.51
10.7516,88,0.15738,-0.02670,0.04729,0.79938,0.57933,-0.13722,-0.08089,0,0.43613,-0.00810,0.25505,-0.01030,0.48901,0.87222,0.00124,0.43642,-0.00804,0.25453,-0.01022,0.48907,0.87218,0.00104,0.29,0.06,-0.51
10.7683,89,0.15738,-0.02670,0.04729,0.79938,0.57933,-0.13722,-0.08089,0,0.43613,-0.00810,0.25505,-0.01030,0.48901,0.87222,0.00124,0.43642,-0.00804,0.25453,-0.01022,0.48907,0.87218,0.00104,0.29,0.06,-0.51
10.7850,90,0.15738,-0.02670,0.04729,0.79938,0.57933,-0.13722,-0.08089,0,0.43613,-0.00810,0.25504,-0.01031,0.48901,0.87222,0.00124,0.43642,-0.00804,0.25453,-0.01022,0.48907,0.87218,0.00104,0.30,0.06,-0.51
10.8017,91,0.15738,-0.02670,0.04729,0.79938,0.57933,-0.13722,-0.08089,0,0.43612,-0.00810,0.25504,-0.01031,0.48901,0.87222,0.00124,0.43642,-0.00804,0.25453,-0.01022,0.48907,0.87218,0.00104,0.30,0.06,-0.51
10.8185,92,0.15738,-0.02670,0.04729,0.79938,0.57933,-0.13722,-0.08089,0,0.43613,-0.00810,0.25504,-0.01031,0.48901,0.87222,0.00123,0.43642,-0.00804,0.25453,-0.01022,0.48907,0.87218,0.00104,0.30,0.06,-0.51
10.8354,93,0.15738,-0.02670,0.04729,0.79938,0.57933,-0.13722,-0.08089,0,0.43613,-0.00810,0.25504,-0.01031,0.48901,0.87222,0.00123,0.43642,-0.00804,0.25453,-0.01022,0.48907,0.87218,0.00104,0.29,0.06,-0.51
10.8520,94,0.15738,-0.02670,0.04729,0.79938,0.57933,-0.13722,-0.08089,0,0.43613,-0.00810,0.25504,-0.01030,0.48901,0.87222,0.00124,0.43642,-0.00804,0.25453,-0.01022,0.48907,0.87218,0.00104,0.29,0.06,-0.51
10.8690,95,0.15738,-0.02670,0.04729,0.79938,0.57933,-0.13722,-0.08089,0,0.43613,-0.00810,0.25504,-0.01030,0.48900,0.87222,0.00124,0.43642,-0.00804,0.25453,-0.01022,0.48907,0.87218,0.00104,0.29,0.06,-0.51
10.8855,96,0.15738,-0.02670,0.04729,0.79938,0.57933,-0.13722,-0.08089,0,0.43613,-0.00810,0.25504,-0.01030,0.48901,0.87222,0.00123,0.43642,-0.00804,0.25453,-0.01022,0.48907,0.87218,0.00104,0.29,0.06,-0.51
10.9024,97,0.15738,-0.02670,0.04729,0.79938,0.57933,-0.13722,-0.08089,0,0.43613,-0.00810,0.25504,-0.01030,0.48901,0.87222,0.00124,0.43642,-0.00804,0.25453,-0.01022,0.48907,0.87218,0.00104,0.29,0.06,-0.51
10.9190,98,0.15738,-0.02670,0.04729,0.79938,0.57933,-0.13722,-0.08089,0,0.43613,-0.00810,0.25504,-0.01030,0.48901,0.87222,0.00124,0.43642,-0.00804,0.25453,-0.01022,0.48907,0.87218,0.00104,0.29,0.06,-0.51
10.9358,99,0.15738,-0.02670,0.04729,0.79938,0.57933,-0.13722,-0.08089,0,0.43613,-0.00810,0.25504,-0.01030,0.48901,0.87222,0.00124,0.43642,-0.00804,0.25453,-0.01022,0.48907,0.87218,0.00104,0.29,0.06,-0.51
10.9525,100,0.15738,-0.02670,0.04729,0.79938,0.57933,-0.13722,-0.08089,0,0.43613,-0.00809,0.25504,-0.01030,0.48901,0.87222,0.00124,0.43642,-0.00804,0.25453,-0.01022,0.48907,0.87218,0.00104,0.29,0.05,-0.51
10.9694,101,0.15738,-0.02670,0.04729,0.79938,0.57933,-0.13722,-0.08089,0,0.43613,-0.00809,0.25504,-0.01030,0.48901,0.87222,0.00124,0.43642,-0.00804,0.25453,-0.01022,0.48907,0.87218,0.00104,0.29,0.05,-0.50
10.9859,102,0.15738,-0.02670,0.04729,0.79938,0.57933,-0.13722,-0.08089,0,0.43613,-0.00810,0.25504,-0.01030,0.48901,0.87222,0.00124,0.43642,-0.00804,0.25453,-0.01022,0.48907,0.87218,0.00104,0.29,0.06,-0.50
11.0029,103,0.15738,-0.02670,0.04729,0.79938,0.57933,-0.13722,-0.08089,0,0.43613,-0.00810,0.25504,-0.01030,0.48901,0.87222,0.00124,0.43642,-0.00804,0.25453,-0.01022,0.48907,0.87218,0.00104,0.29,0.06,-0.50
11.0195,104,0.15738,-0.02670,0.04729,0.79938,0.57933,-0.13722,-0.08089,0,0.43613,-0.00810,0.25504,-0.01030,0.48901,0.87222,0.00124,0.43642,-0.00804,0.25453,-0.01022,0.48907,0.87218,0.00104,0.29,0.06,-0.50
11.0363,105,0.15738,-0.02670,0.04729,0.79938,0.57933,-0.13722,-0.08089,0,0.43613,-0.00810,0.25503,-0.01030,0.48901,0.87222,0.00123,0.43642,-0.00804,0.25453,-0.01022,0.48907,0.87218,0.00104,0.29,0.06,-0.50
11.0530,106,0.15738,-0.02670,0.04729,0.79938,0.57933,-0.13722,-0.08089,0,0.43613,-0.00810,0.25503,-0.01031,0.48901,0.87222,0.00123,0.43642,-0.00804,0.25453,-0.01022,0.48907,0.87218,0.00104,0.29,0.06,-0.50
11.0698,107,0.15738,-0.02670,0.04729,0.79938,0.57933,-0.13722,-0.08089,0,0.43613,-0.00810,0.25503,-0.01030,0.48901,0.87222,0.00123,0.43642,-0.00804,0.25453,-0.01022,0.48907,0.87218,0.00104,0.29,0.06,-0.50
11.0866,108,0.15738,-0.02670,0.04729,0.79938,0.57933,-0.13722,-0.08089,0,0.43613,-0.00810,0.25503,-0.01030,0.48901,0.87222,0.00123,0.43642,-0.00804,0.25453,-0.01022,0.48907,0.87218,0.00104,0.29,0.06,-0.50
11.1033,109,0.15738,-0.02670,0.04729,0.79938,0.57933,-0.13722,-0.08089,0,0.43613,-0.00810,0.25503,-0.01030,0.48901,0.87222,0.00123,0.43642,-0.00804,0.25453,-0.01022,0.48907,0.87218,0.00104,0.29,0.06,-0.50
11.1200,110,0.15738,-0.02670,0.04729,0.79938,0.57933,-0.13722,-0.08089,0,0.43613,-0.00810,0.25503,-0.01031,0.48901,0.87222,0.00123,0.43642,-0.00804,0.25453,-0.01022,0.48907,0.87218,0.00104,0.29,0.06,-0.50
11.1367,111,0.15738,-0.02670,0.04729,0.79938,0.57933,-0.13722,-0.08089,0,0.43613,-0.00810,0.25503,-0.01031,0.48901,0.87222,0.00123,0.43642,-0.00804,0.25453,-0.01022,0.48907,0.87218,0.00104,0.29,0.06,-0.50
11.1534,112,0.15738,-0.02670,0.04729,0.79938,0.57933,-0.13722,-0.08089,0,0.43613,-0.00810,0.25503,-0.01030,0.48901,0.87222,0.00123,0.43642,-0.00804,0.25453,-0.01022,0.48907,0.87218,0.00104,0.29,0.06,-0.50
11.1702,113,0.15738,-0.02670,0.04729,0.79938,0.57933,-0.13722,-0.08089,0,0.43613,-0.00810,0.25503,-0.01030,0.48901,0.87222,0.00123,0.43642,-0.00804,0.25453,-0.01022,0.48907,0.87218,0.00104,0.29,0.06,-0.50
11.1870,114,0.15738,-0.02670,0.04729,0.79938,0.57933,-0.13722,-0.08089,0,0.43613,-0.00810,0.25503,-0.01030,0.48901,0.87222,0.00123,0.43642,-0.00804,0.25453,-0.01022,0.48907,0.87218,0.00104,0.29,0.06,-0.50
11.2037,115,0.15738,-0.02670,0.04729,0.79938,0.57933,-0.13722,-0.08089,0,0.43613,-0.00810,0.25503,-0.01030,0.48901,0.87222,0.00123,0.43642,-0.00804,0.25453,-0.01022,0.48907,0.87218,0.00104,0.29,0.06,-0.50
11.2203,116,0.15738,-0.02670,0.04729,0.79938,0.57933,-0.13722,-0.08089,0,0.43613,-0.00810,0.25503,-0.01030,0.48901,0.87222,0.00123,0.43642,-0.00804,0.25453,-0.01022,0.48907,0.87218,0.00104,0.29,0.06,-0.50
11.2372,117,0.15738,-0.02670,0.04729,0.79938,0.57933,-0.13722,-0.08089,0,0.43613,-0.00810,0.25503,-0.01030,0.48901,0.87222,0.00123,0.43642,-0.00804,0.25453,-0.01022,0.48907,0.87218,0.00104,0.29,0.06,-0.50
11.2538,118,0.15738,-0.02670,0.04729,0.79938,0.57933,-0.13722,-0.08089,0,0.43613,-0.00810,0.25503,-0.01030,0.48901,0.87222,0.00123,0.43642,-0.00804,0.25453,-0.01022,0.48907,0.87218,0.00104,0.29,0.06,-0.50
11.2706,119,0.15738,-0.02670,0.04729,0.79938,0.57933,-0.13722,-0.08089,0,0.43613,-0.00810,0.25503,-0.01030,0.48901,0.87222,0.00123,0.43642,-0.00804,0.25453,-0.01022,0.48907,0.87218,0.00104,0.29,0.06,-0.50
11.2874,120,0.15738,-0.02670,0.04729,0.79938,0.57933,-0.13722,-0.08089,0,0.43613,-0.00810,0.25503,-0.01030,0.48901,0.87222,0.00123,0.43642,-0.00804,0.25453,-0.01022,0.48907,0.87218,0.00104,0.29,0.06,-0.50
11.3043,121,0.15738,-0.02670,0.04729,0.79938,0.57933,-0.13722,-0.08089,0,0.43613,-0.00810,0.25503,-0.01030,0.48901,0.87222,0.00123,0.43642,-0.00804,0.25453,-0.01022,0.48907,0.87218,0.00104,0.29,0.06,-0.50
11.3210,122,0.15738,-0.02670,0.04729,0.79938,0.57933,-0.13722,-0.08089,0,0.43613,-0.00810,0.25503,-0.01030,0.48901,0.87222,0.00123,0.43642,-0.00804,0.25453,-0.01022,0.48907,0.87218,0.00104,0.29,0.06,-0.50
11.3376,123,0.15738,-0.02670,0.04729,0.79938,0.57933,-0.13722,-0.08089,0,0.43613,-0.00810,0.25503,-0.01031,0.48901,0.87222,0.00123,0.43642,-0.00804,0.25453,-0.01022,0.48907,0.87218,0.00104,0.29,0.06,-0.50
11.3544,124,0.15738,-0.02670,0.04729,0.79938,0.57933,-0.13722,-0.08089,0,0.43613,-0.00810,0.25503,-0.01031,0.48901,0.87222,0.00123,0.43642,-0.00804,0.25453,-0.01022,0.48907,0.87218,0.00104,0.29,0.06,-0.50
11.3711,125,0.15738,-0.02670,0.04729,0.79938,0.57933,-0.13722,-0.08089,0,0.43613,-0.00810,0.25503,-0.01031,0.48901,0.87222,0.00123,0.43642,-0.00804,0.25453,-0.01022,0.48907,0.87218,0.00104,0.29,0.06,-0.50
11.3880,126,0.15738,-0.02670,0.04729,0.79938,0.57933,-0.13722,-0.08089,0,0.43613,-0.00810,0.25503,-0.01031,0.48901,0.87222,0.00123,0.43642,-0.00804,0.25453,-0.01022,0.48907,0.87218,0.00104,0.29,0.05,-0.50
11.4048,127,0.15738,-0.02670,0.04729,0.79938,0.57933,-0.13722,-0.08089,0,0.43613,-0.00810,0.25503,-0.01031,0.48901,0.87222,0.00123,0.43642,-0.00804,0.25453,-0.01022,0.48907,0.87218,0.00104,0.29,0.06,-0.50
11.4216,128,0.15738,-0.02670,0.04729,0.79938,0.57933,-0.13722,-0.08089,0,0.43613,-0.00810,0.25503,-0.01031,0.48901,0.87222,0.00123,0.43642,-0.00804,0.25453,-0.01022,0.48907,0.87218,0.00104,0.29,0.06,-0.50
11.4383,129,0.15738,-0.02670,0.04729,0.79938,0.57933,-0.13722,-0.08089,0,0.43613,-0.00810,0.25503,-0.01031,0.48901,0.87222,0.00123,0.43642,-0.00804,0.25453,-0.01022,0.48907,0.87218,0.00104,0.29,0.06,-0.50
11.4552,130,0.15738,-0.02670,0.04729,0.79938,0.57933,-0.13722,-0.08089,0,0.43613,-0.00810,0.25503,-0.01030,0.48901,0.87222,0.00123,0.43642,-0.00804,0.25453,-0.01022,0.48907,0.87218,0.00104,0.29,0.06,-0.50
11.4718,131,0.15738,-0.02670,0.04729,0.79938,0.57933,-0.13722,-0.08089,0,0.43613,-0.00810,0.25503,-0.01030,0.48901,0.87222,0.00123,0.43642,-0.00804,0.25453,-0.01022,0.48907,0.87218,0.00104,0.29,0.05,-0.50
11.4885,132,0.15738,-0.02670,0.04729,0.79938,0.57933,-0.13722,-0.08089,0,0.43613,-0.00809,0.25503,-0.01030,0.48901,0.87222,0.00123,0.43642,-0.00804,0.25453,-0.01022,0.48907,0.87218,0.00104,0.29,0.05,-0.49
11.5052,133,0.15738,-0.02670,0.04729,0.79938,0.57933,-0.13722,-0.08089,0,0.43613,-0.00810,0.25503,-0.01031,0.48901,0.87222,0.00123,0.43642,-0.00804,0.25453,-0.01022,0.48907,0.87218,0.00104,0.29,0.06,-0.49
11.5220,134,0.15738,-0.02670,0.04729,0.79938,0.57933,-0.13722,-0.08089,0,0.43613,-0.00810,0.25502,-0.01030,0.48901,0.87222,0.00123,0.43642,-0.00804,0.25453,-0.01022,0.48907,0.87218,0.00104,0.29,0.06,-0.49
11.5387,135,0.15738,-0.02670,0.04729,0.79938,0.57933,-0.13722,-0.08089,0,0.43613,-0.00809,0.25503,-0.01030,0.48901,0.87222,0.00123,0.43642,-0.00804,0.25453,-0.01022,0.48907,0.87218,0.00104,0.29,0.05,-0.49
11.5554,136,0.15738,-0.02670,0.04729,0.79938,0.57933,-0.13722,-0.08089,0,0.43613,-0.00809,0.25502,-0.01030,0.48901,0.87222,0.00123,0.43642,-0.00804,0.25453,-0.01022,0.48907,0.87218,0.00104,0.29,0.05,-0.49
11.5723,137,0.15738,-0.02670,0.04729,0.79938,0.57933,-0.13722,-0.08089,0,0.43613,-0.00810,0.25502,-0.01030,0.48901,0.87222,0.00123,0.43642,-0.00804,0.25453,-0.01022,0.48907,0.87218,0.00104,0.29,0.05,-0.49
11.5891,138,0.15738,-0.02670,0.04729,0.79938,0.57933,-0.13722,-0.08089,0,0.43613,-0.00809,0.25502,-0.01030,0.48901,0.87222,0.00123,0.43642,-0.00804,0.25453,-0.01022,0.48907,0.87218,0.00104,0.29,0.05,-0.49
11.6059,139,0.15738,-0.02670,0.04729,0.79938,0.57933,-0.13722,-0.08089,0,0.43613,-0.00809,0.25502,-0.01030,0.48901,0.87222,0.00123,0.43642,-0.00804,0.25453,-0.01022,0.48907,0.87218,0.00104,0.29,0.05,-0.49
11.6227,140,0.15738,-0.02670,0.04729,0.79938,0.57933,-0.13722,-0.08089,0,0.43614,-0.00809,0.25502,-0.01030,0.48901,0.87222,0.00123,0.43642,-0.00804,0.25453,-0.01022,0.48907,0.87218,0.00104,0.29,0.05,-0.49
11.6394,141,0.15738,-0.02670,0.04729,0.79938,0.57933,-0.13722,-0.08089,0,0.43613,-0.00809,0.25502,-0.01030,0.48901,0.87222,0.00123,0.43642,-0.00804,0.25453,-0.01022,0.48907,0.87218,0.00104,0.29,0.05,-0.49
11.6560,142,0.15738,-0.02670,0.04729,0.79938,0.57933,-0.13722,-0.08089,0,0.43613,-0.00809,0.25502,-0.01030,0.48901,0.87222,0.00123,0.43642,-0.00804,0.25453,-0.01022,0.48907,0.87218,0.00104,0.29,0.05,-0.49
11.6728,143,0.15738,-0.02670,0.04729,0.79938,0.57933,-0.13722,-0.08089,0,0.43614,-0.00809,0.25502,-0.01030,0.48901,0.87222,0.00123,0.43642,-0.00804,0.25453,-0.01022,0.48907,0.87218,0.00104,0.29,0.05,-0.49
11.6895,144,0.15738,-0.02670,0.04729,0.79938,0.57933,-0.13722,-0.08089,0,0.43614,-0.00810,0.25502,-0.01030,0.48901,0.87221,0.00123,0.43642,-0.00804,0.25453,-0.01022,0.48907,0.87218,0.00104,0.28,0.05,-0.49
11.7064,145,0.15738,-0.02670,0.04729,0.79938,0.57933,-0.13722,-0.08089,0,0.43614,-0.00809,0.25502,-0.01030,0.48901,0.87222,0.00123,0.43642,-0.00804,0.25453,-0.01022,0.48907,0.87218,0.00104,0.28,0.05,-0.49
11.7232,146,0.15738,-0.02670,0.04729,0.79938,0.57933,-0.13722,-0.08089,0,0.43614,-0.00809,0.25502,-0.01030,0.48901,0.87222,0.00123,0.43642,-0.00804,0.25453,-0.01022,0.48907,0.87218,0.00104,0.28,0.05,-0.49
11.7401,147,0.15738,-0.02670,0.04729,0.79938,0.57933,-0.13722,-0.08089,0,0.43613,-0.00809,0.25502,-0.01030,0.48901,0.87221,0.00123,0.43642,-0.00804,0.25453,-0.01022,0.48907,0.87218,0.00104,0.29,0.05,-0.49
11.7567,148,0.15738,-0.02670,0.04729,0.79938,0.57933,-0.13722,-0.08089,0,0.43613,-0.00810,0.25502,-0.01030,0.48901,0.87221,0.00123,0.43642,-0.00804,0.25453,-0.01022,0.48907,0.87218,0.00104,0.29,0.06,-0.48
11.7735,149,0.15738,-0.02670,0.04729,0.79938,0.57933,-0.13722,-0.08089,0,0.43614,-0.00809,0.25502,-0.01030,0.48901,0.87222,0.00123,0.43642,-0.00804,0.25453,-0.01022,0.48907,0.87218,0.00104,0.28,0.05,-0.49
11.7903,150,0.15738,-0.02670,0.04729,0.79938,0.57933,-0.13722,-0.08089,0,0.43613,-0.00809,0.25502,-0.01030,0.48901,0.87222,0.00123,0.43642,-0.00804,0.25453,-0.01022,0.48907,0.87218,0.00104,0.29,0.05,-0.48
11.8070,151,0.15738,-0.02670,0.04729,0.79938,0.57933,-0.13722,-0.08089,0,0.43613,-0.00809,0.25501,-0.01030,0.48901,0.87222,0.00123,0.43642,-0.00804,0.25453,-0.01022,0.48907,0.87218,0.00104,0.29,0.05,-0.48
11.8237,152,0.15738,-0.02670,0.04729,0.79938,0.57933,-0.13722,-0.08089,0,0.43613,-0.00809,0.25501,-0.01030,0.48901,0.87222,0.00123,0.43642,-0.00804,0.25453,-0.01022,0.48907,0.87218,0.00104,0.29,0.05,-0.48
11.8404,153,0.15738,-0.02670,0.04729,0.79938,0.57933,-0.13722,-0.08089,0,0.43614,-0.00809,0.25501,-0.01030,0.48901,0.87221,0.00123,0.43642,-0.00804,0.25453,-0.01022,0.48907,0.87218,0.00104,0.29,0.05,-0.48
11.8571,154,0.15738,-0.02670,0.04729,0.79938,0.57933,-0.13722,-0.08089,0,0.43614,-0.00809,0.25501,-0.01030,0.48901,0.87222,0.00123,0.43642,-0.00804,0.25453,-0.01022,0.48907,0.87218,0.00104,0.28,0.05,-0.48
11.8739,155,0.15738,-0.02670,0.04729,0.79938,0.57933,-0.13722,-0.08089,0,0.43613,-0.00809,0.25501,-0.01030,0.48901,0.87222,0.00123,0.43642,-0.00804,0.25453,-0.01022,0.48907,0.87218,0.00104,0.29,0.05,-0.48
11.8906,156,0.15738,-0.02670,0.04729,0.79938,0.57933,-0.13722,-0.08089,0,0.43614,-0.00809,0.25501,-0.01030,0.48901,0.87221,0.00123,0.43642,-0.00804,0.25453,-0.01022,0.48907,0.87218,0.00104,0.29,0.05,-0.48
11.9074,157,0.15738,-0.02670,0.04729,0.79938,0.57933,-0.13722,-0.08089,0,0.43614,-0.00809,0.25501,-0.01030,0.48901,0.87221,0.00123,0.43642,-0.00804,0.25453,-0.01022,0.48907,0.87218,0.00104,0.28,0.05,-0.48
11.9241,158,0.15738,-0.02670,0.04729,0.79938,0.57933,-0.13722,-0.08089,0,0.43614,-0.00809,0.25501,-0.01030,0.48901,0.87222,0.00123,0.43642,-0.00804,0.25453,-0.01022,0.48907,0.87218,0.00104,0.28,0.05,-0.48
11.9408,159,0.15738,-0.02670,0.04729,0.79938,0.57933,-0.13722,-0.08089,0,0.43614,-0.00809,0.25501,-0.01030,0.48901,0.87222,0.00123,0.43642,-0.00804,0.25453,-0.01022,0.48907,0.87218,0.00104,0.28,0.05,-0.48
11.9577,160,0.15738,-0.02670,0.04729,0.79938,0.57933,-0.13722,-0.08089,0,0.43614,-0.00809,0.25501,-0.01030,0.48901,0.87222,0.00123,0.43642,-0.00804,0.25453,-0.01022,0.48907,0.87218,0.00104,0.28,0.05,-0.48
11.9743,161,0.15738,-0.02670,0.04729,0.79938,0.57933,-0.13722,-0.08089,0,0.43613,-0.00809,0.25501,-0.01030,0.48901,0.87222,0.00123,0.43642,-0.00804,0.25453,-0.01022,0.48907,0.87218,0.00104,0.29,0.05,-0.48
11.9911,162,0.15738,-0.02670,0.04729,0.79938,0.57933,-0.13722,-0.08089,0,0.43614,-0.00809,0.25501,-0.01030,0.48901,0.87222,0.00123,0.43642,-0.00804,0.25453,-0.01022,0.48907,0.87218,0.00104,0.28,0.05,-0.48
12.0079,163,0.15738,-0.02670,0.04729,0.79938,0.57933,-0.13722,-0.08089,0,0.43614,-0.00809,0.25501,-0.01030,0.48901,0.87222,0.00123,0.43642,-0.00804,0.25453,-0.01022,0.48907,0.87218,0.00104,0.28,0.05,-0.48
12.0246,164,0.15738,-0.02670,0.04729,0.79938,0.57933,-0.13722,-0.08089,0,0.43614,-0.00809,0.25501,-0.01030,0.48901,0.87222,0.00123,0.43642,-0.00804,0.25453,-0.01022,0.48907,0.87218,0.00104,0.28,0.05,-0.48
12.0415,165,0.15738,-0.02670,0.04729,0.79938,0.57933,-0.13722,-0.08089,0,0.43614,-0.00809,0.25501,-0.01030,0.48901,0.87222,0.00123,0.43642,-0.00804,0.25453,-0.01022,0.48907,0.87218,0.00104,0.29,0.05,-0.47
12.0581,166,0.15738,-0.02670,0.04729,0.79938,0.57933,-0.13722,-0.08089,0,0.43614,-0.00809,0.25501,-0.01030,0.48901,0.87222,0.00123,0.43642,-0.00804,0.25453,-0.01022,0.48907,0.87218,0.00104,0.28,0.05,-0.48
12.0750,167,0.15738,-0.02670,0.04729,0.79938,0.57933,-0.13722,-0.08089,0,0.43614,-0.00809,0.25501,-0.01030,0.48901,0.87221,0.00123,0.43642,-0.00804,0.25453,-0.01022,0.48907,0.87218,0.00104,0.28,0.05,-0.48
12.0917,168,0.15738,-0.02670,0.04729,0.79938,0.57933,-0.13722,-0.08089,0,0.43614,-0.00809,0.25501,-0.01030,0.48901,0.87222,0.00123,0.43642,-0.00804,0.25453,-0.01022,0.48907,0.87218,0.00104,0.28,0.05,-0.47
12.1085,169,0.15738,-0.02670,0.04729,0.79938,0.57933,-0.13722,-0.08089,0,0.43614,-0.00809,0.25500,-0.01030,0.48901,0.87221,0.00123,0.43642,-0.00804,0.25453,-0.01022,0.48907,0.87218,0.00104,0.29,0.05,-0.47
12.1251,170,0.15738,-0.02670,0.04729,0.79938,0.57933,-0.13722,-0.08089,0,0.43613,-0.00810,0.25500,-0.01030,0.48901,0.87221,0.00123,0.43642,-0.00804,0.25453,-0.01022,0.48907,0.87218,0.00104,0.29,0.06,-0.47
12.1418,171,0.15738,-0.02670,0.04729,0.79938,0.57933,-0.13722,-0.08089,0,0.43614,-0.00809,0.25500,-0.01030,0.48901,0.87222,0.00123,0.43642,-0.00804,0.25453,-0.01022,0.48907,0.87218,0.00104,0.28,0.05,-0.47
12.1587,172,0.15738,-0.02670,0.04729,0.79938,0.57933,-0.13722,-0.08089,0,0.43614,-0.00809,0.25500,-0.01029,0.48901,0.87222,0.00123,0.43642,-0.00804,0.25453,-0.01022,0.48907,0.87218,0.00104,0.28,0.05,-0.47
12.1754,173,0.15738,-0.02670,0.04729,0.79938,0.57933,-0.13722,-0.08089,0,0.43614,-0.00809,0.25500,-0.01029,0.48901,0.87222,0.00123,0.43642,-0.00804,0.25453,-0.01022,0.48907,0.87218,0.00104,0.28,0.05,-0.47
12.1921,174,0.15738,-0.02670,0.04729,0.79938,0.57933,-0.13722,-0.08089,0,0.43614,-0.00809,0.25500,-0.01030,0.48901,0.87222,0.00123,0.43642,-0.00804,0.25453,-0.01022,0.48907,0.87218,0.00104,0.28,0.05,-0.47
12.2088,175,0.15738,-0.02670,0.04729,0.79938,0.57933,-0.13722,-0.08089,0,0.43614,-0.00809,0.25500,-0.01030,0.48901,0.87222,0.00123,0.43642,-0.00804,0.25453,-0.01022,0.48907,0.87218,0.00104,0.28,0.05,-0.47
12.2256,176,0.15738,-0.02670,0.04729,0.79938,0.57933,-0.13722,-0.08089,0,0.43614,-0.00809,0.25500,-0.01029,0.48901,0.87222,0.00123,0.43642,-0.00804,0.25453,-0.01022,0.48907,0.87218,0.00104,0.28,0.05,-0.47
12.2424,177,0.15738,-0.02670,0.04729,0.79938,0.57933,-0.13722,-0.08089,0,0.43614,-0.00809,0.25500,-0.01029,0.48901,0.87222,0.00123,0.43642,-0.00804,0.25453,-0.01022,0.48907,0.87218,0.00104,0.28,0.05,-0.47
12.2591,178,0.15738,-0.02670,0.04729,0.79938,0.57933,-0.13722,-0.08089,0,0.43614,-0.00809,0.25500,-0.01029,0.48901,0.87222,0.00123,0.43642,-0.00804,0.25453,-0.01022,0.48907,0.87218,0.00104,0.28,0.05,-0.47
12.2757,179,0.15738,-0.02670,0.04729,0.79938,0.57933,-0.13722,-0.08089,0,0.43614,-0.00809,0.25500,-0.01030,0.48901,0.87221,0.00122,0.43642,-0.00804,0.25453,-0.01022,0.48907,0.87218,0.00104,0.28,0.05,-0.47
12.2926,180,0.15738,-0.02670,0.04729,0.79938,0.57933,-0.13722,-0.08089,0,0.43614,-0.00809,0.25500,-0.01030,0.48901,0.87221,0.00122,0.43642,-0.00804,0.25453,-0.01022,0.48907,0.87218,0.00104,0.28,0.05,-0.46
12.3093,181,0.15738,-0.02670,0.04729,0.79938,0.57933,-0.13722,-0.08089,0,0.43614,-0.00809,0.25500,-0.01029,0.48901,0.87222,0.00123,0.43642,-0.00804,0.25453,-0.01022,0.48907,0.87218,0.00104,0.28,0.05,-0.47
12.3259,182,0.15738,-0.02670,0.04729,0.79938,0.57933,-0.13722,-0.08089,0,0.43614,-0.00809,0.25500,-0.01029,0.48901,0.87222,0.00123,0.43642,-0.00804,0.25453,-0.01022,0.48907,0.87218,0.00104,0.28,0.05,-0.47
12.3426,183,0.15738,-0.02670,0.04729,0.79938,0.57933,-0.13722,-0.08089,0,0.43614,-0.00809,0.25500,-0.01029,0.48901,0.87222,0.00123,0.43642,-0.00804,0.25453,-0.01022,0.48907,0.87218,0.00104,0.28,0.05,-0.47
12.3594,184,0.15738,-0.02670,0.04729,0.79938,0.57933,-0.13722,-0.08089,0,0.43614,-0.00809,0.25500,-0.01029,0.48901,0.87221,0.00123,0.43642,-0.00804,0.25453,-0.01022,0.48907,0.87218,0.00104,0.28,0.05,-0.46
12.3763,185,0.15738,-0.02670,0.04729,0.79938,0.57933,-0.13722,-0.08089,0,0.43614,-0.00809,0.25500,-0.01029,0.48902,0.87221,0.00123,0.43642,-0.00804,0.25453,-0.01022,0.48907,0.87218,0.00104,0.28,0.05,-0.46
12.3929,186,0.15738,-0.02670,0.04729,0.79938,0.57933,-0.13722,-0.08089,0,0.43614,-0.00809,0.25500,-0.01029,0.48901,0.87221,0.00123,0.43642,-0.00804,0.25453,-0.01022,0.48907,0.87218,0.00104,0.28,0.05,-0.46
12.4096,187,0.15738,-0.02670,0.04729,0.79938,0.57933,-0.13722,-0.08089,0,0.43614,-0.00809,0.25500,-0.01029,0.48901,0.87221,0.00123,0.43642,-0.00804,0.25453,-0.01022,0.48907,0.87218,0.00104,0.28,0.05,-0.46
12.4264,188,0.15738,-0.02670,0.04729,0.79938,0.57933,-0.13722,-0.08089,0,0.43614,-0.00809,0.25499,-0.01029,0.48901,0.87222,0.00123,0.43642,-0.00804,0.25453,-0.01022,0.48907,0.87218,0.00104,0.28,0.05,-0.46
12.4433,189,0.15738,-0.02670,0.04729,0.79938,0.57933,-0.13722,-0.08089,0,0.43614,-0.00809,0.25499,-0.01029,0.48902,0.87221,0.00123,0.43642,-0.00804,0.25453,-0.01022,0.48907,0.87218,0.00104,0.28,0.05,-0.46
12.4601,190,0.15738,-0.02670,0.04729,0.79938,0.57933,-0.13722,-0.08089,0,0.43614,-0.00809,0.25499,-0.01029,0.48902,0.87221,0.00123,0.43642,-0.00804,0.25453,-0.01022,0.48907,0.87218,0.00104,0.28,0.05,-0.46
12.4769,191,0.15738,-0.02670,0.04729,0.79938,0.57933,-0.13722,-0.08089,0,0.43615,-0.00809,0.25499,-0.01029,0.48901,0.87221,0.00123,0.43642,-0.00804,0.25453,-0.01022,0.48907,0.87218,0.00104,0.28,0.05,-0.46
12.4936,192,0.15738,-0.02670,0.04729,0.79938,0.57933,-0.13722,-0.08089,0,0.43615,-0.00809,0.25499,-0.01029,0.48901,0.87222,0.00123,0.43642,-0.00804,0.25453,-0.01022,0.48907,0.87218,0.00104,0.28,0.05,-0.46
12.5104,193,0.15738,-0.02670,0.04729,0.79938,0.57933,-0.13722,-0.08089,0,0.43614,-0.00809,0.25499,-0.01029,0.48901,0.87222,0.00123,0.43642,-0.00804,0.25453,-0.01022,0.48907,0.87218,0.00104,0.28,0.05,-0.46
12.5269,194,0.15738,-0.02670,0.04729,0.79938,0.57933,-0.13722,-0.08089,0,0.43614,-0.00809,0.25499,-0.01030,0.48901,0.87222,0.00122,0.43642,-0.00804,0.25453,-0.01022,0.48907,0.87218,0.00104,0.28,0.05,-0.46
12.5437,195,0.15738,-0.02670,0.04729,0.79938,0.57933,-0.13722,-0.08089,0,0.43614,-0.00809,0.25499,-0.01029,0.48901,0.87222,0.00123,0.43642,-0.00804,0.25453,-0.01022,0.48907,0.87218,0.00104,0.28,0.05,-0.46
12.5605,196,0.15738,-0.02670,0.04729,0.79938,0.57933,-0.13722,-0.08089,0,0.43614,-0.00809,0.25499,-0.01029,0.48901,0.87222,0.00123,0.43642,-0.00804,0.25453,-0.01022,0.48907,0.87218,0.00104,0.28,0.05,-0.46
12.5771,197,0.15738,-0.02670,0.04729,0.79938,0.57933,-0.13722,-0.08089,0,0.43614,-0.00809,0.25499,-0.01029,0.48901,0.87222,0.00123,0.43642,-0.00804,0.25453,-0.01022,0.48907,0.87218,0.00104,0.28,0.05,-0.46
12.5940,198,0.15738,-0.02670,0.04729,0.79938,0.57933,-0.13722,-0.08089,0,0.43614,-0.00809,0.25499,-0.01029,0.48901,0.87222,0.00123,0.43642,-0.00804,0.25453,-0.01022,0.48907,0.87218,0.00104,0.28,0.05,-0.46
12.6107,199,0.15738,-0.02670,0.04729,0.79938,0.57933,-0.13722,-0.08089,0,0.43614,-0.00809,0.25499,-0.01029,0.48901,0.87221,0.00123,0.43642,-0.00804,0.25453,-0.01022,0.48907,0.87218,0.00104,0.28,0.05,-0.45
12.6275,200,0.15738,-0.02670,0.04729,0.79938,0.57933,-0.13722,-0.08089,0,0.43614,-0.00809,0.25499,-0.01029,0.48902,0.87221,0.00123,0.43642,-0.00804,0.25453,-0.01022,0.48907,0.87218,0.00104,0.28,0.05,-0.45
12.6441,201,0.15738,-0.02670,0.04729,0.79938,0.57933,-0.13722,-0.08089,0,0.43615,-0.00810,0.25499,-0.01029,0.48902,0.87221,0.00123,0.43642,-0.00804,0.25453,-0.01022,0.48907,0.87218,0.00104,0.28,0.06,-0.45
12.6610,202,0.15738,-0.02670,0.04729,0.79938,0.57933,-0.13722,-0.08089,0,0.43615,-0.00809,0.25499,-0.01029,0.48901,0.87221,0.00123,0.43642,-0.00804,0.25453,-0.01022,0.48907,0.87218,0.00104,0.28,0.05,-0.45
12.6776,203,0.15738,-0.02670,0.04729,0.79938,0.57933,-0.13722,-0.08089,0,0.43615,-0.00809,0.25499,-0.01029,0.48901,0.87222,0.00123,0.43642,-0.00804,0.25453,-0.01022,0.48907,0.87218,0.00104,0.27,0.05,-0.45
12.6945,204,0.15738,-0.02670,0.04729,0.79938,0.57933,-0.13722,-0.08089,0,0.43615,-0.00809,0.25499,-0.01030,0.48901,0.87221,0.00123,0.43642,-0.00804,0.25453,-0.01022,0.48907,0.87218,0.00104,0.28,0.05,-0.45
12.7112,205,0.15738,-0.02670,0.04729,0.79938,0.57933,-0.13722,-0.08089,0,0.43615,-0.00809,0.25498,-0.01029,0.48901,0.87221,0.00122,0.43642,-0.00804,0.25453,-0.01022,0.48907,0.87218,0.00104,0.28,0.05,-0.45
12.7279,206,0.15738,-0.02670,0.04729,0.79938,0.57933,-0.13722,-0.08089,0,0.43614,-0.00809,0.25498,-0.01030,0.48901,0.87221,0.00122,0.43642,-0.00804,0.25453,-0.01022,0.48907,0.87218,0.00104,0.28,0.05,-0.45
12.7447,207,0.15738,-0.02670,0.04729,0.79938,0.57933,-0.13722,-0.08089,0,0.43615,-0.00809,0.25498,-0.01029,0.48901,0.87221,0.00122,0.43642,-0.00804,0.25453,-0.01022,0.48907,0.87218,0.00104,0.28,0.05,-0.45
12.7614,208,0.15738,-0.02670,0.04729,0.79938,0.57933,-0.13722,-0.08089,0,0.43615,-0.00809,0.25498,-0.01030,0.48901,0.87221,0.00122,0.43642,-0.00804,0.25453,-0.01022,0.48907,0.87218,0.00104,0.28,0.05,-0.45
12.7781,209,0.15738,-0.02670,0.04729,0.79938,0.57933,-0.13722,-0.08089,0,0.43615,-0.00809,0.25498,-0.01029,0.48902,0.87221,0.00122,0.43642,-0.00804,0.25453,-0.01022,0.48907,0.87218,0.00104,0.27,0.05,-0.45
12.7948,210,0.15738,-0.02670,0.04729,0.79938,0.57933,-0.13722,-0.08089,0,0.43615,-0.00809,0.25498,-0.01029,0.48901,0.87221,0.00122,0.43642,-0.00804,0.25453,-0.01022,0.48907,0.87218,0.00104,0.27,0.05,-0.45
12.8116,211,0.15738,-0.02670,0.04729,0.79938,0.57933,-0.13722,-0.08089,0,0.43615,-0.00809,0.25498,-0.01029,0.48901,0.87221,0.00122,0.43642,-0.00804,0.25453,-0.01022,0.48907,0.87218,0.00104,0.27,0.05,-0.45
12.8284,212,0.15738,-0.02670,0.04729,0.79938,0.57933,-0.13722,-0.08089,0,0.43615,-0.00809,0.25498,-0.01029,0.48901,0.87221,0.00122,0.43642,-0.00804,0.25453,-0.01022,0.48907,0.87218,0.00104,0.27,0.05,-0.45
12.8450,213,0.15738,-0.02670,0.04729,0.79938,0.57933,-0.13722,-0.08089,0,0.43615,-0.00809,0.25498,-0.01029,0.48901,0.87221,0.00122,0.43642,-0.00804,0.25453,-0.01022,0.48907,0.87218,0.00104,0.27,0.05,-0.45
12.8619,214,0.15738,-0.02670,0.04729,0.79938,0.57933,-0.13722,-0.08089,0,0.43615,-0.00809,0.25498,-0.01029,0.48902,0.87221,0.00122,0.43642,-0.00804,0.25453,-0.01022,0.48907,0.87218,0.00104,0.27,0.05,-0.45
12.8786,215,0.15738,-0.02670,0.04729,0.79938,0.57933,-0.13722,-0.08089,0,0.43615,-0.00809,0.25498,-0.01029,0.48901,0.87221,0.00122,0.43642,-0.00804,0.25453,-0.01022,0.48907,0.87218,0.00104,0.27,0.05,-0.45
12.8953,216,0.15738,-0.02670,0.04729,0.79938,0.57933,-0.13722,-0.08089,0,0.43615,-0.00809,0.25498,-0.01029,0.48901,0.87221,0.00122,0.43642,-0.00804,0.25453,-0.01022,0.48907,0.87218,0.00104,0.27,0.05,-0.45
12.9121,217,0.15738,-0.02670,0.04729,0.79938,0.57933,-0.13722,-0.08089,0,0.43615,-0.00809,0.25498,-0.01029,0.48901,0.87221,0.00122,0.43642,-0.00804,0.25453,-0.01022,0.48907,0.87218,0.00104,0.27,0.05,-0.45
12.9288,218,0.15738,-0.02670,0.04729,0.79938,0.57933,-0.13722,-0.08089,0,0.43615,-0.00809,0.25498,-0.01029,0.48902,0.87221,0.00122,0.43642,-0.00804,0.25453,-0.01022,0.48907,0.87218,0.00104,0.27,0.05,-0.45
12.9455,219,0.15738,-0.02670,0.04729,0.79938,0.57933,-0.13722,-0.08089,0,0.43615,-0.00809,0.25498,-0.01029,0.48902,0.87221,0.00122,0.43642,-0.00804,0.25453,-0.01022,0.48907,0.87218,0.00104,0.27,0.05,-0.45
12.9624,220,0.15738,-0.02670,0.04729,0.79938,0.57933,-0.13722,-0.08089,0,0.43615,-0.00809,0.25498,-0.01029,0.48902,0.87221,0.00122,0.43642,-0.00804,0.25453,-0.01022,0.48907,0.87218,0.00104,0.27,0.05,-0.45
12.9792,221,0.15738,-0.02670,0.04729,0.79938,0.57933,-0.13722,-0.08089,0,0.43615,-0.00809,0.25498,-0.01029,0.48902,0.87221,0.00122,0.43642,-0.00804,0.25453,-0.01022,0.48907,0.87218,0.00104,0.27,0.05,-0.45
12.9959,222,0.15738,-0.02670,0.04729,0.79938,0.57933,-0.13722,-0.08089,0,0.43615,-0.00809,0.25498,-0.01029,0.48902,0.87221,0.00122,0.43642,-0.00804,0.25453,-0.01022,0.48907,0.87218,0.00104,0.27,0.05,-0.45
13.0126,223,0.15738,-0.02670,0.04729,0.79938,0.57933,-0.13722,-0.08089,0,0.43615,-0.00809,0.25498,-0.01029,0.48902,0.87221,0.00122,0.43642,-0.00804,0.25453,-0.01022,0.48907,0.87218,0.00104,0.27,0.05,-0.45
13.0293,224,0.15738,-0.02670,0.04729,0.79938,0.57933,-0.13722,-0.08089,0,0.43615,-0.00809,0.25498,-0.01029,0.48901,0.87221,0.00122,0.43642,-0.00804,0.25453,-0.01022,0.48907,0.87218,0.00104,0.27,0.05,-0.45
13.0461,225,0.15738,-0.02670,0.04729,0.79938,0.57933,-0.13722,-0.08089,0,0.43615,-0.00809,0.25498,-0.01029,0.48901,0.87221,0.00122,0.43642,-0.00804,0.25453,-0.01022,0.48907,0.87218,0.00104,0.27,0.05,-0.45
13.0628,226,0.15738,-0.02670,0.04729,0.79938,0.57933,-0.13722,-0.08089,0,0.43615,-0.00809,0.25498,-0.01029,0.48902,0.87221,0.00122,0.43642,-0.00804,0.25453,-0.01022,0.48907,0.87218,0.00104,0.27,0.05,-0.45
13.0796,227,0.15738,-0.02670,0.04729,0.79938,0.57933,-0.13722,-0.08089,0,0.43615,-0.00809,0.25498,-0.01029,0.48901,0.87221,0.00122,0.43642,-0.00804,0.25453,-0.01022,0.48907,0.87218,0.00104,0.27,0.05,-0.45
13.0963,228,0.15738,-0.02670,0.04729,0.79938,0.57933,-0.13722,-0.08089,0,0.43615,-0.00809,0.25498,-0.01029,0.48901,0.87221,0.00122,0.43642,-0.00804,0.25453,-0.01022,0.48907,0.87218,0.00104,0.27,0.05,-0.45
13.1129,229,0.15738,-0.02670,0.04729,0.79938,0.57933,-0.13722,-0.08089,0,0.43615,-0.00809,0.25498,-0.01029,0.48901,0.87221,0.00122,0.43642,-0.00804,0.25453,-0.01022,0.48907,0.87218,0.00104,0.27,0.05,-0.45
13.1296,230,0.15738,-0.02670,0.04729,0.79938,0.57933,-0.13722,-0.08089,0,0.43615,-0.00809,0.25498,-0.01029,0.48902,0.87221,0.00122,0.43642,-0.00804,0.25453,-0.01022,0.48907,0.87218,0.00104,0.27,0.05,-0.44
13.1464,231,0.15738,-0.02670,0.04729,0.79938,0.57933,-0.13722,-0.08089,0,0.43615,-0.00809,0.25498,-0.01029,0.48902,0.87221,0.00122,0.43642,-0.00804,0.25453,-0.01022,0.48907,0.87218,0.00104,0.27,0.05,-0.44
13.1631,232,0.15738,-0.02670,0.04729,0.79938,0.57933,-0.13722,-0.08089,0,0.43615,-0.00809,0.25497,-0.01029,0.48902,0.87221,0.00123,0.43642,-0.00804,0.25453,-0.01022,0.48907,0.87218,0.00104,0.27,0.05,-0.44
13.1800,233,0.15738,-0.02670,0.04729,0.79938,0.57933,-0.13722,-0.08089,0,0.43615,-0.00809,0.25497,-0.01029,0.48902,0.87221,0.00122,0.43642,-0.00804,0.25453,-0.01022,0.48907,0.87218,0.00104,0.27,0.05,-0.44
13.1966,234,0.15738,-0.02670,0.04729,0.79938,0.57933,-0.13722,-0.08089,0,0.43615,-0.00809,0.25497,-0.01029,0.48902,0.87221,0.00122,0.43642,-0.00804,0.25453,-0.01022,0.48907,0.87218,0.00104,0.27,0.05,-0.44
13.2134,235,0.15738,-0.02670,0.04729,0.79938,0.57933,-0.13722,-0.08089,0,0.43615,-0.00809,0.25497,-0.01029,0.48902,0.87221,0.00122,0.43642,-0.00804,0.25453,-0.01022,0.48907,0.87218,0.00104,0.27,0.05,-0.44
13.2301,236,0.15738,-0.02670,0.04729,0.79938,0.57933,-0.13722,-0.08089,0,0.43615,-0.00809,0.25497,-0.01029,0.48902,0.87221,0.00122,0.43642,-0.00804,0.25453,-0.01022,0.48907,0.87218,0.00104,0.27,0.05,-0.44
13.2468,237,0.15738,-0.02670,0.04729,0.79938,0.57933,-0.13722,-0.08089,0,0.43615,-0.00809,0.25497,-0.01029,0.48902,0.87221,0.00122,0.43642,-0.00804,0.25453,-0.01022,0.48907,0.87218,0.00104,0.27,0.05,-0.44
13.2637,238,0.15738,-0.02670,0.04729,0.79938,0.57933,-0.13722,-0.08089,0,0.43615,-0.00809,0.25497,-0.01029,0.48901,0.87221,0.00122,0.43642,-0.00804,0.25453,-0.01022,0.48907,0.87218,0.00104,0.27,0.05,-0.44
13.2805,239,0.15738,-0.02670,0.04729,0.79938,0.57933,-0.13722,-0.08089,0,0.43615,-0.00809,0.25497,-0.01029,0.48902,0.87221,0.00122,0.43642,-0.00804,0.25453,-0.01022,0.48907,0.87218,0.00104,0.27,0.05,-0.44
13.2973,240,0.15738,-0.02670,0.04729,0.79938,0.57933,-0.13722,-0.08089,0,0.43615,-0.00809,0.25497,-0.01029,0.48902,0.87221,0.00122,0.43642,-0.00804,0.25453,-0.01022,0.48907,0.87218,0.00104,0.27,0.05,-0.44
13.3141,241,0.15738,-0.02670,0.04729,0.79938,0.57933,-0.13722,-0.08089,0,0.43615,-0.00809,0.25497,-0.01029,0.48902,0.87221,0.00122,0.43642,-0.00804,0.25453,-0.01022,0.48907,0.87218,0.00104,0.27,0.05,-0.44
13.3308,242,0.15738,-0.02670,0.04729,0.79938,0.57933,-0.13722,-0.08089,0,0.43615,-0.00809,0.25497,-0.01029,0.48902,0.87221,0.00122,0.43642,-0.00804,0.25453,-0.01022,0.48907,0.87218,0.00104,0.27,0.05,-0.44
13.3476,243,0.15738,-0.02670,0.04729,0.79938,0.57933,-0.13722,-0.08089,0,0.43615,-0.00809,0.25497,-0.01028,0.48901,0.87221,0.00122,0.43642,-0.00804,0.25453,-0.01022,0.48907,0.87218,0.00104,0.27,0.05,-0.44
13.3643,244,0.15738,-0.02670,0.04729,0.79938,0.57933,-0.13722,-0.08089,0,0.43615,-0.00809,0.25497,-0.01029,0.48901,0.87221,0.00122,0.43642,-0.00804,0.25453,-0.01022,0.48907,0.87218,0.00104,0.27,0.05,-0.44
13.3811,245,0.15738,-0.02670,0.04729,0.79938,0.57933,-0.13722,-0.08089,0,0.43615,-0.00809,0.25496,-0.01029,0.48901,0.87221,0.00122,0.43642,-0.00804,0.25453,-0.01022,0.48907,0.87218,0.00104,0.27,0.05,-0.43
13.3978,246,0.15738,-0.02670,0.04729,0.79938,0.57933,-0.13722,-0.08089,0,0.43615,-0.00809,0.25496,-0.01029,0.48902,0.87221,0.00122,0.43642,-0.00804,0.25453,-0.01022,0.48907,0.87218,0.00104,0.27,0.05,-0.43
13.4146,247,0.15738,-0.02670,0.04729,0.79938,0.57933,-0.13722,-0.08089,0,0.43615,-0.00809,0.25496,-0.01029,0.48902,0.87221,0.00122,0.43642,-0.00804,0.25453,-0.01022,0.48907,0.87218,0.00104,0.27,0.05,-0.43
13.4313,248,0.15738,-0.02670,0.04729,0.79938,0.57933,-0.13722,-0.08089,0,0.43615,-0.00809,0.25497,-0.01029,0.48902,0.87221,0.00122,0.43642,-0.00804,0.25453,-0.01022,0.48907,0.87218,0.00104,0.27,0.05,-0.43
13.4481,249,0.15738,-0.02670,0.04729,0.79938,0.57933,-0.13722,-0.08089,0,0.43615,-0.00808,0.25496,-0.01029,0.48902,0.87221,0.00122,0.43642,-0.00804,0.25453,-0.01022,0.48907,0.87218,0.00104,0.27,0.04,-0.43
13.4649,250,0.15738,-0.02670,0.04729,0.79938,0.57933,-0.13722,-0.08089,0,0.43615,-0.00809,0.25496,-0.01029,0.48902,0.87221,0.00122,0.43642,-0.00804,0.25453,-0.01022,0.48907,0.87218,0.00104,0.27,0.05,-0.43
13.4814,251,0.15738,-0.02670,0.04729,0.79938,0.57933,-0.13722,-0.08089,0,0.43615,-0.00809,0.25496,-0.01029,0.48902,0.87221,0.00122,0.43642,-0.00804,0.25453,-0.01022,0.48907,0.87218,0.00104,0.27,0.05,-0.43
13.4984,252,0.15738,-0.02670,0.04729,0.79938,0.57933,-0.13722,-0.08089,0,0.43615,-0.00809,0.25496,-0.01029,0.48902,0.87221,0.00122,0.43642,-0.00804,0.25453,-0.01022,0.48907,0.87218,0.00104,0.27,0.05,-0.43
13.5152,253,0.15738,-0.02670,0.04729,0.79938,0.57933,-0.13722,-0.08089,0,0.43615,-0.00808,0.25496,-0.01029,0.48901,0.87221,0.00122,0.43642,-0.00804,0.25453,-0.01022,0.48907,0.87218,0.00104,0.27,0.04,-0.43
13.5319,254,0.15738,-0.02670,0.04729,0.79938,0.57933,-0.13722,-0.08089,0,0.43615,-0.00808,0.25496,-0.01028,0.48902,0.87221,0.00122,0.43642,-0.00804,0.25453,-0.01022,0.48907,0.87218,0.00104,0.27,0.04,-0.43
13.5486,255,0.15738,-0.02670,0.04729,0.79938,0.57933,-0.13722,-0.08089,0,0.43616,-0.00808,0.25496,-0.01028,0.48902,0.87221,0.00122,0.43642,-0.00804,0.25453,-0.01022,0.48907,0.87218,0.00104,0.26,0.04,-0.43
13.5654,256,0.15738,-0.02670,0.04729,0.79938,0.57933,-0.13722,-0.08089,0,0.43616,-0.00809,0.25496,-0.01029,0.48902,0.87221,0.00122,0.43642,-0.00804,0.25453,-0.01022,0.48907,0.87218,0.00104,0.26,0.05,-0.43
13.5823,257,0.15738,-0.02670,0.04729,0.79938,0.57933,-0.13722,-0.08089,0,0.43616,-0.00809,0.25496,-0.01029,0.48902,0.87221,0.00122,0.43642,-0.00804,0.25453,-0.01022,0.48907,0.87218,0.00104,0.26,0.05,-0.43
13.5991,258,0.15738,-0.02670,0.04729,0.79938,0.57933,-0.13722,-0.08089,0,0.43616,-0.00809,0.25496,-0.01028,0.48902,0.87221,0.00122,0.43642,-0.00804,0.25453,-0.01022,0.48907,0.87218,0.00104,0.26,0.05,-0.43
13.6157,259,0.15738,-0.02670,0.04729,0.79938,0.57933,-0.13722,-0.08089,0,0.43616,-0.00809,0.25496,-0.01028,0.48902,0.87221,0.00122,0.43642,-0.00804,0.25453,-0.01022,0.48907,0.87218,0.00104,0.26,0.05,-0.43
13.6324,260,0.15738,-0.02670,0.04729,0.79938,0.57933,-0.13722,-0.08089,0,0.43616,-0.00808,0.25496,-0.01028,0.48902,0.87221,0.00122,0.43642,-0.00804,0.25453,-0.01022,0.48907,0.87218,0.00104,0.26,0.04,-0.43
13.6493,261,0.15738,-0.02670,0.04729,0.79938,0.57933,-0.13722,-0.08089,0,0.43616,-0.00808,0.25496,-0.01028,0.48901,0.87221,0.00122,0.43642,-0.00804,0.25453,-0.01022,0.48907,0.87218,0.00104,0.26,0.04,-0.43
13.6659,262,0.15738,-0.02670,0.04729,0.79938,0.57933,-0.13722,-0.08089,0,0.43615,-0.00808,0.25496,-0.01029,0.48901,0.87221,0.00122,0.43642,-0.00804,0.25453,-0.01022,0.48907,0.87218,0.00104,0.27,0.04,-0.42
13.6827,263,0.15738,-0.02670,0.04729,0.79938,0.57933,-0.13722,-0.08089,0,0.43616,-0.00808,0.25496,-0.01028,0.48901,0.87221,0.00122,0.43642,-0.00804,0.25453,-0.01022,0.48907,0.87218,0.00104,0.26,0.04,-0.42
13.6995,264,0.15738,-0.02670,0.04729,0.79938,0.57933,-0.13722,-0.08089,0,0.43616,-0.00808,0.25496,-0.01028,0.48902,0.87221,0.00122,0.43642,-0.00804,0.25453,-0.01022,0.48907,0.87218,0.00104,0.26,0.04,-0.42
13.7164,265,0.15738,-0.02670,0.04729,0.79938,0.57933,-0.13722,-0.08089,0,0.43616,-0.00809,0.25495,-0.01028,0.48902,0.87221,0.00122,0.43642,-0.00804,0.25453,-0.01022,0.48907,0.87218,0.00104,0.26,0.05,-0.42
13.7331,266,0.15738,-0.02670,0.04729,0.79938,0.57933,-0.13722,-0.08089,0,0.43616,-0.00809,0.25495,-0.01029,0.48902,0.87221,0.00122,0.43642,-0.00804,0.25453,-0.01022,0.48907,0.87218,0.00104,0.27,0.05,-0.42
13.7500,267,0.15738,-0.02670,0.04729,0.79938,0.57933,-0.13722,-0.08089,0,0.43615,-0.00809,0.25495,-0.01029,0.48902,0.87221,0.00122,0.43642,-0.00804,0.25453,-0.01022,0.48907,0.87218,0.00104,0.27,0.05,-0.42
13.7666,268,0.15738,-0.02670,0.04729,0.79938,0.57933,-0.13722,-0.08089,0,0.43616,-0.00808,0.25495,-0.01028,0.48902,0.87221,0.00122,0.43642,-0.00804,0.25453,-0.01022,0.48907,0.87218,0.00104,0.26,0.04,-0.42
13.7835,269,0.15738,-0.02670,0.04729,0.79938,0.57933,-0.13722,-0.08089,0,0.43616,-0.00808,0.25495,-0.01028,0.48902,0.87221,0.00123,0.43642,-0.00804,0.25453,-0.01022,0.48907,0.87218,0.00104,0.26,0.04,-0.42
13.8002,270,0.15738,-0.02670,0.04729,0.79938,0.57933,-0.13722,-0.08089,0,0.43616,-0.00808,0.25495,-0.01028,0.48902,0.87221,0.00123,0.43642,-0.00804,0.25453,-0.01022,0.48907,0.87218,0.00104,0.26,0.04,-0.42
13.8169,271,0.15738,-0.02670,0.04729,0.79938,0.57933,-0.13722,-0.08089,0,0.43616,-0.00809,0.25495,-0.01028,0.48902,0.87221,0.00122,0.43642,-0.00804,0.25453,-0.01022,0.48907,0.87218,0.00104,0.26,0.05,-0.42
13.8336,272,0.15738,-0.02670,0.04729,0.79938,0.57933,-0.13722,-0.08089,0,0.43616,-0.00809,0.25495,-0.01028,0.48902,0.87221,0.00122,0.43642,-0.00804,0.25453,-0.01022,0.48907,0.87218,0.00104,0.26,0.05,-0.41
13.8503,273,0.15738,-0.02670,0.04729,0.79938,0.57933,-0.13722,-0.08089,0,0.43616,-0.00809,0.25495,-0.01028,0.48902,0.87221,0.00122,0.43642,-0.00804,0.25453,-0.01022,0.48907,0.87218,0.00104,0.26,0.05,-0.42
13.8670,274,0.15738,-0.02670,0.04729,0.79938,0.57933,-0.13722,-0.08089,0,0.43616,-0.00809,0.25495,-0.01028,0.48902,0.87221,0.00122,0.43642,-0.00804,0.25453,-0.01022,0.48907,0.87218,0.00104,0.26,0.05,-0.42
13.8839,275,0.15738,-0.02670,0.04729,0.79938,0.57933,-0.13722,-0.08089,0,0.43616,-0.00809,0.25495,-0.01028,0.48902,0.87221,0.00122,0.43642,-0.00804,0.25453,-0.01022,0.48907,0.87218,0.00104,0.26,0.05,-0.42
13.9007,276,0.15738,-0.02670,0.04729,0.79938,0.57933,-0.13722,-0.08089,0,0.43615,-0.00809,0.25494,-0.01028,0.48902,0.87221,0.00122,0.43642,-0.00804,0.25453,-0.01022,0.48907,0.87218,0.00104,0.27,0.05,-0.41
13.9173,277,0.15738,-0.02670,0.04729,0.79938,0.57933,-0.13722,-0.08089,0,0.43616,-0.00809,0.25494,-0.01028,0.48902,0.87221,0.00122,0.43642,-0.00804,0.25453,-0.01022,0.48907,0.87218,0.00104,0.26,0.05,-0.41
13.9340,278,0.15738,-0.02670,0.04729,0.79938,0.57933,-0.13722,-0.08089,0,0.43616,-0.00809,0.25495,-0.01028,0.48902,0.87221,0.00122,0.43642,-0.00804,0.25453,-0.01022,0.48907,0.87218,0.00104,0.26,0.05,-0.41
13.9510,279,0.15738,-0.02670,0.04729,0.79938,0.57933,-0.13722,-0.08089,0,0.43616,-0.00809,0.25494,-0.01028,0.48902,0.87221,0.00122,0.43642,-0.00804,0.25453,-0.01022,0.48907,0.87218,0.00104,0.26,0.05,-0.41
13.9677,280,0.15738,-0.02670,0.04729,0.79938,0.57933,-0.13722,-0.08089,0,0.43616,-0.00809,0.25494,-0.01028,0.48902,0.87221,0.00122,0.43642,-0.00804,0.25453,-0.01022,0.48907,0.87218,0.00104,0.26,0.05,-0.41
13.9845,281,0.15738,-0.02670,0.04729,0.79938,0.57933,-0.13722,-0.08089,0,0.43616,-0.00809,0.25494,-0.01028,0.48902,0.87221,0.00122,0.43642,-0.00804,0.25453,-0.01022,0.48907,0.87218,0.00104,0.26,0.05,-0.41
14.0013,282,0.15738,-0.02670,0.04729,0.79938,0.57933,-0.13722,-0.08089,0,0.43616,-0.00809,0.25494,-0.01028,0.48902,0.87221,0.00122,0.43642,-0.00804,0.25453,-0.01022,0.48907,0.87218,0.00104,0.26,0.05,-0.41
14.0180,283,0.15738,-0.02670,0.04729,0.79938,0.57933,-0.13722,-0.08089,0,0.43616,-0.00809,0.25494,-0.01028,0.48902,0.87221,0.00122,0.43642,-0.00804,0.25453,-0.01022,0.48907,0.87218,0.00104,0.26,0.05,-0.41
14.0349,284,0.15738,-0.02670,0.04729,0.79938,0.57933,-0.13722,-0.08089,0,0.43616,-0.00809,0.25494,-0.01028,0.48902,0.87221,0.00122,0.43642,-0.00804,0.25453,-0.01022,0.48907,0.87218,0.00104,0.26,0.05,-0.41
14.0514,285,0.15738,-0.02670,0.04729,0.79938,0.57933,-0.13722,-0.08089,0,0.43616,-0.00809,0.25494,-0.01028,0.48902,0.87221,0.00122,0.43642,-0.00804,0.25453,-0.01022,0.48907,0.87218,0.00104,0.26,0.05,-0.41
14.0683,286,0.15738,-0.02670,0.04729,0.79938,0.57933,-0.13722,-0.08089,0,0.43616,-0.00809,0.25494,-0.01028,0.48902,0.87221,0.00122,0.43642,-0.00804,0.25453,-0.01022,0.48907,0.87218,0.00104,0.26,0.05,-0.41
14.0851,287,0.15738,-0.02670,0.04729,0.79938,0.57933,-0.13722,-0.08089,0,0.43616,-0.00809,0.25494,-0.01028,0.48902,0.87221,0.00122,0.43642,-0.00804,0.25453,-0.01022,0.48907,0.87218,0.00104,0.26,0.05,-0.41
14.1019,288,0.15738,-0.02670,0.04729,0.79938,0.57933,-0.13722,-0.08089,0,0.43616,-0.00809,0.25494,-0.01028,0.48902,0.87221,0.00123,0.43642,-0.00804,0.25453,-0.01022,0.48907,0.87218,0.00104,0.26,0.05,-0.41
14.1185,289,0.15738,-0.02670,0.04729,0.79938,0.57933,-0.13722,-0.08089,0,0.43616,-0.00808,0.25494,-0.01028,0.48902,0.87221,0.00123,0.43642,-0.00804,0.25453,-0.01022,0.48907,0.87218,0.00104,0.26,0.04,-0.41
14.1352,290,0.15738,-0.02670,0.04729,0.79938,0.57933,-0.13722,-0.08089,0,0.43616,-0.00808,0.25494,-0.01028,0.48901,0.87221,0.00123,0.43642,-0.00804,0.25453,-0.01022,0.48907,0.87218,0.00104,0.26,0.04,-0.41
14.1519,291,0.15738,-0.02670,0.04729,0.79938,0.57933,-0.13722,-0.08089,0,0.43616,-0.00809,0.25494,-0.01028,0.48902,0.87221,0.00122,0.43642,-0.00804,0.25453,-0.01022,0.48907,0.87218,0.00104,0.26,0.05,-0.41
14.1689,292,0.15738,-0.02670,0.04729,0.79938,0.57933,-0.13722,-0.08089,0,0.43616,-0.00809,0.25494,-0.01028,0.48902,0.87221,0.00122,0.43642,-0.00804,0.25453,-0.01022,0.48907,0.87218,0.00104,0.26,0.05,-0.41
14.1855,293,0.15738,-0.02670,0.04729,0.79938,0.57933,-0.13722,-0.08089,0,0.43616,-0.00809,0.25494,-0.01028,0.48902,0.87221,0.00122,0.43642,-0.00804,0.25453,-0.01022,0.48907,0.87218,0.00104,0.26,0.05,-0.41
14.2024,294,0.15738,-0.02670,0.04729,0.79938,0.57933,-0.13722,-0.08089,0,0.43616,-0.00809,0.25494,-0.01028,0.48902,0.87221,0.00122,0.43642,-0.00804,0.25453,-0.01022,0.48907,0.87218,0.00104,0.26,0.05,-0.40
14.2190,295,0.15738,-0.02670,0.04729,0.79938,0.57933,-0.13722,-0.08089,0,0.43616,-0.00809,0.25494,-0.01028,0.48902,0.87221,0.00122,0.43642,-0.00804,0.25453,-0.01022,0.48907,0.87218,0.00104,0.26,0.05,-0.40
14.2357,296,0.15738,-0.02670,0.04729,0.79938,0.57933,-0.13722,-0.08089,0,0.43616,-0.00809,0.25494,-0.01028,0.48902,0.87221,0.00122,0.43642,-0.00804,0.25453,-0.01022,0.48907,0.87218,0.00104,0.26,0.05,-0.40
14.2524,297,0.15738,-0.02670,0.04729,0.79938,0.57933,-0.13722,-0.08089,0,0.43617,-0.00809,0.25494,-0.01028,0.48901,0.87221,0.00122,0.43642,-0.00804,0.25453,-0.01022,0.48907,0.87218,0.00104,0.26,0.05,-0.40
14.2692,0,0.15738,-0.02670,0.04729,0.79938,0.57933,-0.13722,-0.08089,0,0.43616,-0.00809,0.25493,-0.01028,0.48902,0.87221,0.00122,0.43642,-0.00804,0.25453,-0.01022,0.48907,0.87218,0.00104,0.26,0.05,-0.40
14.2859,1,0.15738,-0.02670,0.04729,0.79938,0.57933,-0.13722,-0.08089,0,0.43617,-0.00809,0.25493,-0.01028,0.48901,0.87221,0.00122,0.43642,-0.00804,0.25453,-0.01022,0.48907,0.87218,0.00104,0.26,0.05,-0.40
14.3026,2,0.15738,-0.02670,0.04729,0.79938,0.57933,-0.13722,-0.08089,0,0.43617,-0.00809,0.25493,-0.01028,0.48901,0.87221,0.00122,0.43642,-0.00804,0.25453,-0.01022,0.48907,0.87218,0.00104,0.26,0.05,-0.40
14.3194,3,0.15738,-0.02670,0.04729,0.79938,0.57933,-0.13722,-0.08089,0,0.43617,-0.00809,0.25493,-0.01028,0.48902,0.87221,0.00122,0.43642,-0.00804,0.25453,-0.01022,0.48907,0.87218,0.00104,0.25,0.05,-0.40
14.3362,4,0.15738,-0.02670,0.04729,0.79938,0.57933,-0.13722,-0.08089,0,0.43617,-0.00809,0.25493,-0.01028,0.48902,0.87221,0.00122,0.43642,-0.00804,0.25453,-0.01022,0.48907,0.87218,0.00104,0.25,0.05,-0.40
14.3529,5,0.15738,-0.02670,0.04729,0.79938,0.57933,-0.13722,-0.08089,0,0.43617,-0.00809,0.25493,-0.01028,0.48902,0.87221,0.00122,0.43642,-0.00804,0.25453,-0.01022,0.48907,0.87218,0.00104,0.25,0.05,-0.40
14.3698,6,0.15738,-0.02670,0.04729,0.79938,0.57933,-0.13722,-0.08089,0,0.43617,-0.00809,0.25493,-0.01028,0.48902,0.87221,0.00122,0.43642,-0.00804,0.25453,-0.01022,0.48907,0.87218,0.00104,0.25,0.05,-0.40
14.3864,7,0.15738,-0.02670,0.04729,0.79938,0.57933,-0.13722,-0.08089,0,0.43617,-0.00809,0.25493,-0.01028,0.48902,0.87221,0.00122,0.43642,-0.00804,0.25453,-0.01022,0.48907,0.87218,0.00104,0.25,0.04,-0.40
14.4031,8,0.15738,-0.02670,0.04729,0.79938,0.57933,-0.13722,-0.08089,0,0.43617,-0.00808,0.25493,-0.01028,0.48902,0.87221,0.00122,0.43642,-0.00804,0.25453,-0.01022,0.48907,0.87218,0.00104,0.25,0.04,-0.40
14.4199,9,0.15738,-0.02670,0.04729,0.79938,0.57933,-0.13722,-0.08089,0,0.43617,-0.00808,0.25493,-0.01028,0.48902,0.87221,0.00122,0.43642,-0.00804,0.25453,-0.01022,0.48907,0.87218,0.00104,0.25,0.04,-0.40
14.4367,10,0.15738,-0.02670,0.04729,0.79938,0.57933,-0.13722,-0.08089,0,0.43617,-0.00809,0.25493,-0.01028,0.48902,0.87221,0.00121,0.43642,-0.00804,0.25453,-0.01022,0.48907,0.87218,0.00104,0.25,0.05,-0.40
14.4534,11,0.15738,-0.02670,0.04729,0.79938,0.57933,-0.13722,-0.08089,0,0.43617,-0.00809,0.25493,-0.01028,0.48902,0.87221,0.00121,0.43642,-0.00804,0.25453,-0.01022,0.48907,0.87218,0.00104,0.25,0.05,-0.40
14.4702,12,0.15738,-0.02670,0.04729,0.79938,0.57933,-0.13722,-0.08089,0,0.43617,-0.00809,0.25493,-0.01028,0.48902,0.87221,0.00121,0.43642,-0.00804,0.25453,-0.01022,0.48907,0.87218,0.00104,0.25,0.05,-0.40
14.4869,13,0.15738,-0.02670,0.04729,0.79938,0.57933,-0.13722,-0.08089,0,0.43617,-0.00809,0.25493,-0.01028,0.48902,0.87221,0.00121,0.43642,-0.00804,0.25453,-0.01022,0.48907,0.87218,0.00104,0.25,0.04,-0.40
14.5037,14,0.15738,-0.02670,0.04729,0.79938,0.57933,-0.13722,-0.08089,0,0.43617,-0.00808,0.25493,-0.01028,0.48902,0.87221,0.00121,0.43642,-0.00804,0.25453,-0.01022,0.48907,0.87218,0.00104,0.25,0.04,-0.40
14.5206,15,0.15738,-0.02670,0.04729,0.79938,0.57933,-0.13722,-0.08089,0,0.43617,-0.00808,0.25493,-0.01028,0.48902,0.87221,0.00122,0.43642,-0.00804,0.25453,-0.01022,0.48907,0.87218,0.00104,0.25,0.04,-0.40
14.5372,16,0.15738,-0.02670,0.04729,0.79938,0.57933,-0.13722,-0.08089,0,0.43617,-0.00808,0.25493,-0.01028,0.48902,0.87221,0.00122,0.43642,-0.00804,0.25453,-0.01022,0.48907,0.87218,0.00104,0.25,0.04,-0.40
14.5541,17,0.15738,-0.02670,0.04729,0.79938,0.57933,-0.13722,-0.08089,0,0.43617,-0.00808,0.25493,-0.01028,0.48902,0.87221,0.00121,0.43642,-0.00804,0.25453,-0.01022,0.48907,0.87218,0.00104,0.25,0.04,-0.40
14.5709,18,0.15738,-0.02670,0.04729,0.79938,0.57933,-0.13722,-0.08089,0,0.43617,-0.00808,0.25493,-0.01028,0.48902,0.87221,0.00121,0.43642,-0.00804,0.25453,-0.01022,0.48907,0.87218,0.00104,0.25,0.04,-0.39
14.5875,19,0.15738,-0.02670,0.04729,0.79938,0.57933,-0.13722,-0.08089,0,0.43617,-0.00808,0.25493,-0.01028,0.48903,0.87221,0.00121,0.43642,-0.00804,0.25453,-0.01022,0.48907,0.87218,0.00104,0.25,0.04,-0.39
14.6043,20,0.15738,-0.02670,0.04729,0.79938,0.57933,-0.13722,-0.08089,0,0.43617,-0.00808,0.25493,-0.01028,0.48903,0.87221,0.00121,0.43642,-0.00804,0.25453,-0.01022,0.48907,0.87218,0.00104,0.25,0.04,-0.39
14.6210,21,0.15738,-0.02670,0.04729,0.79938,0.57933,-0.13722,-0.08089,0,0.43617,-0.00808,0.25493,-0.01028,0.48903,0.87221,0.00122,0.43642,-0.00804,0.25453,-0.01022,0.48907,0.87218,0.00104,0.25,0.04,-0.39
14.6378,22,0.15738,-0.02670,0.04729,0.79938,0.57933,-0.13722,-0.08089,0,0.43617,-0.00808,0.25493,-0.01028,0.48902,0.87221,0.00121,0.43642,-0.00804,0.25453,-0.01022,0.48907,0.87218,0.00104,0.25,0.04,-0.39
14.6545,23,0.15738,-0.02670,0.04729,0.79938,0.57933,-0.13722,-0.08089,0,0.43617,-0.00808,0.25492,-0.01028,0.48902,0.87221,0.00121,0.43642,-0.00804,0.25453,-0.01022,0.48907,0.87218,0.00104,0.25,0.04,-0.39
14.6712,24,0.15738,-0.02670,0.04729,0.79938,0.57933,-0.13722,-0.08089,0,0.43617,-0.00808,0.25492,-0.01028,0.48902,0.87221,0.00121,0.43642,-0.00804,0.25453,-0.01022,0.48907,0.87218,0.00104,0.25,0.04,-0.39
14.6880,25,0.15738,-0.02670,0.04729,0.79938,0.57933,-0.13722,-0.08089,0,0.43617,-0.00808,0.25492,-0.01028,0.48902,0.87221,0.00121,0.43642,-0.00804,0.25453,-0.01022,0.48907,0.87218,0.00104,0.25,0.04,-0.39
14.7048,26,0.15738,-0.02670,0.04729,0.79938,0.57933,-0.13722,-0.08089,0,0.43617,-0.00808,0.25492,-0.01028,0.48902,0.87221,0.00121,0.43642,-0.00804,0.25453,-0.01022,0.48907,0.87218,0.00104,0.25,0.04,-0.39
14.7214,27,0.15738,-0.02670,0.04729,0.79938,0.57933,-0.13722,-0.08089,0,0.43617,-0.00808,0.25492,-0.01027,0.48902,0.87221,0.00121,0.43642,-0.00804,0.25453,-0.01022,0.48907,0.87218,0.00104,0.25,0.04,-0.39
14.7383,28,0.15738,-0.02670,0.04729,0.79938,0.57933,-0.13722,-0.08089,0,0.43617,-0.00808,0.25492,-0.01027,0.48902,0.87221,0.00121,0.43642,-0.00804,0.25453,-0.01022,0.48907,0.87218,0.00104,0.25,0.04,-0.39
14.7551,29,0.15738,-0.02670,0.04729,0.79938,0.57933,-0.13722,-0.08089,0,0.43617,-0.00808,0.25492,-0.01028,0.48902,0.87221,0.00121,0.43642,-0.00804,0.25453,-0.01022,0.48907,0.87218,0.00104,0.25,0.04,-0.39
14.7718,30,0.15738,-0.02670,0.04729,0.79938,0.57933,-0.13722,-0.08089,0,0.43617,-0.00808,0.25492,-0.01028,0.48902,0.87221,0.00121,0.43642,-0.00804,0.25453,-0.01022,0.48907,0.87218,0.00104,0.25,0.04,-0.39
14.7885,31,0.15738,-0.02670,0.04729,0.79938,0.57933,-0.13722,-0.08089,0,0.43617,-0.00808,0.25492,-0.01028,0.48902,0.87221,0.00121,0.43642,-0.00804,0.25453,-0.01022,0.48907,0.87218,0.00104,0.25,0.04,-0.39
14.8052,32,0.15738,-0.02670,0.04729,0.79938,0.57933,-0.13722,-0.08089,0,0.43617,-0.00808,0.25492,-0.01028,0.48902,0.87221,0.00121,0.43642,-0.00804,0.25453,-0.01022,0.48907,0.87218,0.00104,0.25,0.04,-0.39
14.8219,33,0.15738,-0.02670,0.04729,0.79938,0.57933,-0.13722,-0.08089,0,0.43617,-0.00808,0.25492,-0.01028,0.48902,0.87221,0.00121,0.43642,-0.00804,0.25453,-0.01022,0.48907,0.87218,0.00104,0.25,0.04,-0.39
14.8389,34,0.15738,-0.02670,0.04729,0.79938,0.57933,-0.13722,-0.08089,0,0.43617,-0.00808,0.25492,-0.01028,0.48902,0.87221,0.00121,0.43642,-0.00804,0.25453,-0.01022,0.48907,0.87218,0.00104,0.25,0.04,-0.39
14.8555,35,0.15738,-0.02670,0.04729,0.79938,0.57933,-0.13722,-0.08089,0,0.43617,-0.00808,0.25492,-0.01028,0.48902,0.87221,0.00121,0.43642,-0.00804,0.25453,-0.01022,0.48907,0.87218,0.00104,0.25,0.04,-0.39
14.8724,36,0.15738,-0.02670,0.04729,0.79938,0.57933,-0.13722,-0.08089,0,0.43617,-0.00808,0.25492,-0.01028,0.48902,0.87221,0.00121,0.43642,-0.00804,0.25453,-0.01022,0.48907,0.87218,0.00104,0.25,0.04,-0.39
14.8890,37,0.15738,-0.02670,0.04729,0.79938,0.57933,-0.13722,-0.08089,0,0.43617,-0.00808,0.25492,-0.01028,0.48902,0.87221,0.00121,0.43642,-0.00804,0.25453,-0.01022,0.48907,0.87218,0.00104,0.25,0.04,-0.39
14.9059,38,0.15738,-0.02670,0.04729,0.79938,0.57933,-0.13722,-0.08089,0,0.43617,-0.00808,0.25492,-0.01028,0.48902,0.87221,0.00121,0.43642,-0.00804,0.25453,-0.01022,0.48907,0.87218,0.00104,0.25,0.04,-0.39
14.9225,39,0.15738,-0.02670,0.04729,0.79938,0.57933,-0.13722,-0.08089,0,0.43617,-0.00808,0.25492,-0.01028,0.48902,0.87221,0.00121,0.43642,-0.00804,0.25453,-0.01022,0.48907,0.87218,0.00104,0.25,0.04,-0.39
14.9393,40,0.15738,-0.02670,0.04729,0.79938,0.57933,-0.13722,-0.08089,0,0.43617,-0.00808,0.25492,-0.01028,0.48902,0.87221,0.00121,0.43642,-0.00804,0.25453,-0.01022,0.48907,0.87218,0.00104,0.25,0.04,-0.39
14.9561,41,0.15738,-0.02670,0.04729,0.79938,0.57933,-0.13722,-0.08089,0,0.43617,-0.00808,0.25492,-0.01028,0.48902,0.87221,0.00121,0.43642,-0.00804,0.25453,-0.01022,0.48907,0.87218,0.00104,0.25,0.04,-0.39
14.9727,42,0.15738,-0.02670,0.04729,0.79938,0.57933,-0.13722,-0.08089,0,0.43618,-0.00808,0.25492,-0.01028,0.48902,0.87221,0.00121,0.43642,-0.00804,0.25453,-0.01022,0.48907,0.87218,0.00104,0.25,0.04,-0.39
14.9896,43,0.15738,-0.02670,0.04729,0.79938,0.57933,-0.13722,-0.08089,0,0.43618,-0.00808,0.25492,-0.01027,0.48902,0.87221,0.00121,0.43642,-0.00804,0.25453,-0.01022,0.48907,0.87218,0.00104,0.24,0.04,-0.39
15.0063,44,0.15738,-0.02670,0.04729,0.79938,0.57933,-0.13722,-0.08089,0,0.43618,-0.00808,0.25492,-0.01027,0.48902,0.87221,0.00121,0.43642,-0.00804,0.25453,-0.01022,0.48907,0.87218,0.00104,0.24,0.04,-0.38
15.0230,45,0.15738,-0.02670,0.04729,0.79938,0.57933,-0.13722,-0.08089,0,0.43618,-0.00808,0.25491,-0.01028,0.48902,0.87221,0.00121,0.43642,-0.00804,0.25453,-0.01022,0.48907,0.87218,0.00104,0.24,0.04,-0.38
15.0397,46,0.15738,-0.02670,0.04729,0.79938,0.57933,-0.13722,-0.08089,0,0.43618,-0.00808,0.25491,-0.01028,0.48902,0.87221,0.00121,0.43642,-0.00804,0.25453,-0.01022,0.48907,0.87218,0.00104,0.24,0.04,-0.38
15.0565,47,0.15738,-0.02670,0.04729,0.79938,0.57933,-0.13722,-0.08089,0,0.43618,-0.00808,0.25491,-0.01027,0.48902,0.87221,0.00121,0.43642,-0.00804,0.25453,-0.01022,0.48907,0.87218,0.00104,0.24,0.04,-0.38
15.0733,48,0.15738,-0.02670,0.04729,0.79938,0.57933,-0.13722,-0.08089,0,0.43618,-0.00808,0.25491,-0.01028,0.48903,0.87221,0.00121,0.43642,-0.00804,0.25453,-0.01022,0.48907,0.87218,0.00104,0.24,0.04,-0.38
15.0900,49,0.15738,-0.02670,0.04729,0.79938,0.57933,-0.13722,-0.08089,0,0.43618,-0.00808,0.25491,-0.01028,0.48903,0.87221,0.00121,0.43642,-0.00804,0.25453,-0.01022,0.48907,0.87218,0.00104,0.24,0.04,-0.38
15.1067,50,0.15738,-0.02670,0.04729,0.79938,0.57933,-0.13722,-0.08089,0,0.43618,-0.00808,0.25491,-0.01028,0.48902,0.87221,0.00121,0.43642,-0.00804,0.25453,-0.01022,0.48907,0.87218,0.00104,0.24,0.04,-0.38
15.1235,51,0.15738,-0.02670,0.04729,0.79938,0.57933,-0.13722,-0.08089,0,0.43618,-0.00808,0.25491,-0.01027,0.48902,0.87221,0.00121,0.43642,-0.00804,0.25453,-0.01022,0.48907,0.87218,0.00104,0.24,0.04,-0.38
15.1403,52,0.15738,-0.02670,0.04729,0.79938,0.57933,-0.13722,-0.08089,0,0.43618,-0.00808,0.25491,-0.01027,0.48902,0.87221,0.00121,0.43642,-0.00804,0.25453,-0.01022,0.48907,0.87218,0.00104,0.24,0.04,-0.38
15.1572,53,0.15738,-0.02670,0.04729,0.79938,0.57933,-0.13722,-0.08089,0,0.43618,-0.00808,0.25491,-0.01027,0.48902,0.87221,0.00121,0.43642,-0.00804,0.25453,-0.01022,0.48907,0.87218,0.00104,0.24,0.04,-0.38
15.1737,54,0.15738,-0.02670,0.04729,0.79938,0.57933,-0.13722,-0.08089,0,0.43618,-0.00808,0.25491,-0.01027,0.48902,0.87221,0.00120,0.43642,-0.00804,0.25453,-0.01022,0.48907,0.87218,0.00104,0.25,0.04,-0.38
15.1905,55,0.15738,-0.02670,0.04729,0.79938,0.57933,-0.13722,-0.08089,0,0.43618,-0.00808,0.25491,-0.01027,0.48902,0.87221,0.00120,0.43642,-0.00804,0.25453,-0.01022,0.48907,0.87218,0.00104,0.25,0.04,-0.38
15.2073,56,0.15738,-0.02670,0.04729,0.79938,0.57933,-0.13722,-0.08089,0,0.43618,-0.00808,0.25491,-0.01027,0.48902,0.87221,0.00121,0.43642,-0.00804,0.25453,-0.01022,0.48907,0.87218,0.00104,0.24,0.04,-0.38
15.2241,57,0.15738,-0.02670,0.04729,0.79938,0.57933,-0.13722,-0.08089,0,0.43618,-0.00808,0.25491,-0.01027,0.48902,0.87221,0.00121,0.43642,-0.00804,0.25453,-0.01022,0.48907,0.87218,0.00104,0.24,0.04,-0.38
15.2408,58,0.15738,-0.02670,0.04729,0.79938,0.57933,-0.13722,-0.08089,0,0.43618,-0.00808,0.25490,-0.01027,0.48902,0.87221,0.00121,0.43642,-0.00804,0.25453,-0.01022,0.48907,0.87218,0.00104,0.24,0.04,-0.37
15.2576,59,0.15738,-0.02670,0.04729,0.79938,0.57933,-0.13722,-0.08089,0,0.43618,-0.00808,0.25490,-0.01027,0.48902,0.87221,0.00121,0.43642,-0.00804,0.25453,-0.01022,0.48907,0.87218,0.00104,0.25,0.04,-0.37
15.2744,60,0.15738,-0.02670,0.04729,0.79938,0.57933,-0.13722,-0.08089,0,0.43618,-0.00808,0.25490,-0.01027,0.48902,0.87221,0.00121,0.43642,-0.00804,0.25453,-0.01022,0.48907,0.87218,0.00104,0.24,0.04,-0.37
15.2912,61,0.15738,-0.02670,0.04729,0.79938,0.57933,-0.13722,-0.08089,0,0.43618,-0.00808,0.25490,-0.01027,0.48902,0.87221,0.00121,0.43642,-0.00804,0.25453,-0.01022,0.48907,0.87218,0.00104,0.24,0.04,-0.37
15.3080,62,0.15738,-0.02670,0.04729,0.79938,0.57933,-0.13722,-0.08089,0,0.43618,-0.00808,0.25490,-0.01027,0.48902,0.87221,0.00121,0.43642,-0.00804,0.25453,-0.01022,0.48907,0.87218,0.00104,0.24,0.04,-0.37
15.3248,63,0.15738,-0.02670,0.04729,0.79938,0.57933,-0.13722,-0.08089,0,0.43618,-0.00808,0.25490,-0.01027,0.48902,0.87221,0.00121,0.43642,-0.00804,0.25453,-0.01022,0.48907,0.87218,0.00104,0.24,0.04,-0.37
15.3413,64,0.15738,-0.02670,0.04729,0.79938,0.57933,-0.13722,-0.08089,0,0.43618,-0.00808,0.25490,-0.01027,0.48902,0.87221,0.00121,0.43642,-0.00804,0.25453,-0.01022,0.48907,0.87218,0.00104,0.24,0.04,-0.37
15.3581,65,0.15738,-0.02670,0.04729,0.79938,0.57933,-0.13722,-0.08089,0,0.43618,-0.00808,0.25490,-0.01027,0.48902,0.87221,0.00121,0.43642,-0.00804,0.25453,-0.01022,0.48907,0.87218,0.00104,0.24,0.04,-0.37
15.3748,66,0.15738,-0.02670,0.04729,0.79938,0.57933,-0.13722,-0.08089,0,0.43618,-0.00808,0.25490,-0.01027,0.48902,0.87221,0.00121,0.43642,-0.00804,0.25453,-0.01022,0.48907,0.87218,0.00104,0.24,0.04,-0.37
15.3916,67,0.15738,-0.02670,0.04729,0.79938,0.57933,-0.13722,-0.08089,0,0.43618,-0.00808,0.25490,-0.01027,0.48902,0.87221,0.00121,0.43642,-0.00804,0.25453,-0.01022,0.48907,0.87218,0.00104,0.24,0.04,-0.37
15.4083,68,0.15738,-0.02670,0.04729,0.79938,0.57933,-0.13722,-0.08089,0,0.43618,-0.00808,0.25490,-0.01027,0.48902,0.87221,0.00121,0.43642,-0.00804,0.25453,-0.01022,0.48907,0.87218,0.00104,0.24,0.04,-0.37
15.4250,69,0.15738,-0.02670,0.04729,0.79938,0.57933,-0.13722,-0.08089,0,0.43618,-0.00808,0.25490,-0.01027,0.48903,0.87221,0.00121,0.43642,-0.00804,0.25453,-0.01022,0.48907,0.87218,0.00104,0.24,0.04,-0.37
15.4417,70,0.15738,-0.02670,0.04729,0.79938,0.57933,-0.13722,-0.08089,0,0.43618,-0.00808,0.25490,-0.01027,0.48902,0.87221,0.00121,0.43642,-0.00804,0.25453,-0.01022,0.48907,0.87218,0.00104,0.24,0.04,-0.37
15.4584,71,0.15738,-0.02670,0.04729,0.79938,0.57933,-0.13722,-0.08089,0,0.43618,-0.00808,0.25490,-0.01027,0.48902,0.87221,0.00121,0.43642,-0.00804,0.25453,-0.01022,0.48907,0.87218,0.00104,0.24,0.04,-0.37
15.4753,72,0.15738,-0.02670,0.04729,0.79938,0.57933,-0.13722,-0.08089,0,0.43618,-0.00808,0.25490,-0.01027,0.48902,0.87221,0.00121,0.43642,-0.00804,0.25453,-0.01022,0.48907,0.87218,0.00104,0.24,0.04,-0.37
15.4919,73,0.15738,-0.02670,0.04729,0.79938,0.57933,-0.13722,-0.08089,0,0.43618,-0.00808,0.25490,-0.01027,0.48902,0.87221,0.00121,0.43642,-0.00804,0.25453,-0.01022,0.48907,0.87218,0.00104,0.24,0.04,-0.37
15.5087,74,0.15738,-0.02670,0.04729,0.79938,0.57933,-0.13722,-0.08089,0,0.43618,-0.00808,0.25490,-0.01027,0.48902,0.87221,0.00121,0.43642,-0.00804,0.25453,-0.01022,0.48907,0.87218,0.00104,0.24,0.04,-0.37
15.5255,75,0.15738,-0.02670,0.04729,0.79938,0.57933,-0.13722,-0.08089,0,0.43618,-0.00808,0.25490,-0.01027,0.48902,0.87221,0.00121,0.43642,-0.00804,0.25453,-0.01022,0.48907,0.87218,0.00104,0.24,0.04,-0.37
15.5422,76,0.15738,-0.02670,0.04729,0.79938,0.57933,-0.13722,-0.08089,0,0.43618,-0.00808,0.25490,-0.01027,0.48902,0.87221,0.00121,0.43642,-0.00804,0.25453,-0.01022,0.48907,0.87218,0.00104,0.24,0.04,-0.37
15.5589,77,0.15738,-0.02670,0.04729,0.79938,0.57933,-0.13722,-0.08089,0,0.43618,-0.00808,0.25490,-0.01027,0.48902,0.87221,0.00121,0.43642,-0.00804,0.25453,-0.01022,0.48907,0.87218,0.00104,0.24,0.04,-0.37
15.5757,78,0.15738,-0.02670,0.04729,0.79938,0.57933,-0.13722,-0.08089,0,0.43618,-0.00808,0.25490,-0.01027,0.48902,0.87221,0.00121,0.43642,-0.00804,0.25453,-0.01022,0.48907,0.87218,0.00104,0.24,0.04,-0.37
15.5924,79,0.15738,-0.02670,0.04729,0.79938,0.57933,-0.13722,-0.08089,0,0.43618,-0.00808,0.25490,-0.01027,0.48902,0.87221,0.00121,0.43642,-0.00804,0.25453,-0.01022,0.48907,0.87218,0.00104,0.24,0.04,-0.37
15.6093,80,0.15738,-0.02670,0.04729,0.79938,0.57933,-0.13722,-0.08089,0,0.43618,-0.00808,0.25490,-0.01027,0.48902,0.87221,0.00121,0.43642,-0.00804,0.25453,-0.01022,0.48907,0.87218,0.00104,0.24,0.04,-0.37
15.6261,81,0.15738,-0.02670,0.04729,0.79938,0.57933,-0.13722,-0.08089,0,0.43618,-0.00808,0.25489,-0.01027,0.48902,0.87221,0.00121,0.43642,-0.00804,0.25453,-0.01022,0.48907,0.87218,0.00104,0.24,0.04,-0.36
15.6428,82,0.15738,-0.02670,0.04729,0.79938,0.57933,-0.13722,-0.08089,0,0.43618,-0.00808,0.25489,-0.01027,0.48902,0.87221,0.00121,0.43642,-0.00804,0.25453,-0.01022,0.48907,0.87218,0.00104,0.24,0.04,-0.36
15.6595,83,0.15738,-0.02670,0.04729,0.79938,0.57933,-0.13722,-0.08089,0,0.43618,-0.00808,0.25489,-0.01027,0.48902,0.87221,0.00121,0.43642,-0.00804,0.25453,-0.01022,0.48907,0.87218,0.00104,0.24,0.04,-0.36
15.6761,84,0.15738,-0.02670,0.04729,0.79938,0.57933,-0.13722,-0.08089,0,0.43619,-0.00808,0.25489,-0.01027,0.48902,0.87221,0.00121,0.43642,-0.00804,0.25453,-0.01022,0.48907,0.87218,0.00104,0.24,0.04,-0.36
15.6930,85,0.15738,-0.02670,0.04729,0.79938,0.57933,-0.13722,-0.08089,0,0.43618,-0.00808,0.25489,-0.01027,0.48902,0.87221,0.00121,0.43642,-0.00804,0.25453,-0.01022,0.48907,0.87218,0.00104,0.24,0.04,-0.36
15.7098,86,0.15738,-0.02670,0.04729,0.79938,0.57933,-0.13722,-0.08089,0,0.43618,-0.00808,0.25489,-0.01027,0.48902,0.87221,0.00121,0.43642,-0.00804,0.25453,-0.01022,0.48907,0.87218,0.00104,0.24,0.04,-0.36
15.7264,87,0.15738,-0.02670,0.04729,0.79938,0.57933,-0.13722,-0.08089,0,0.43618,-0.00808,0.25489,-0.01027,0.48902,0.87221,0.00121,0.43642,-0.00804,0.25453,-0.01022,0.48907,0.87218,0.00104,0.24,0.04,-0.36
15.7433,88,0.15738,-0.02670,0.04729,0.79938,0.57933,-0.13722,-0.08089,0,0.43619,-0.00808,0.25489,-0.01027,0.48902,0.87221,0.00121,0.43642,-0.00804,0.25453,-0.01022,0.48907,0.87218,0.00104,0.24,0.04,-0.36
15.7601,89,0.15738,-0.02670,0.04729,0.79938,0.57933,-0.13722,-0.08089,0,0.43619,-0.00808,0.25489,-0.01027,0.48902,0.87221,0.00121,0.43642,-0.00804,0.25453,-0.01022,0.48907,0.87218,0.00104,0.23,0.04,-0.36
15.7768,90,0.15738,-0.02670,0.04729,0.79938,0.57933,-0.13722,-0.08089,0,0.43619,-0.00808,0.25489,-0.01027,0.48902,0.87221,0.00121,0.43642,-0.00804,0.25453,-0.01022,0.48907,0.87218,0.00104,0.23,0.04,-0.36
15.7936,91,0.15738,-0.02670,0.04729,0.79938,0.57933,-0.13722,-0.08089,0,0.43619,-0.00808,0.25489,-0.01027,0.48902,0.87221,0.00121,0.43642,-0.00804,0.25453,-0.01022,0.48907,0.87218,0.00104,0.23,0.04,-0.36
15.8102,92,0.15738,-0.02670,0.04729,0.79938,0.57933,-0.13722,-0.08089,0,0.43618,-0.00808,0.25489,-0.01027,0.48903,0.87221,0.00121,0.43642,-0.00804,0.25453,-0.01022,0.48907,0.87218,0.00104,0.24,0.04,-0.35
15.8270,93,0.15738,-0.02670,0.04729,0.79938,0.57933,-0.13722,-0.08089,0,0.43619,-0.00808,0.25489,-0.01027,0.48903,0.87221,0.00121,0.43642,-0.00804,0.25453,-0.01022,0.48907,0.87218,0.00104,0.24,0.04,-0.35
15.8439,94,0.15738,-0.02670,0.04729,0.79938,0.57933,-0.13722,-0.08089,0,0.43619,-0.00808,0.25489,-0.01027,0.48902,0.87221,0.00121,0.43642,-0.00804,0.25453,-0.01022,0.48907,0.87218,0.00104,0.23,0.04,-0.35
15.8604,95,0.15738,-0.02670,0.04729,0.79938,0.57933,-0.13722,-0.08089,0,0.43619,-0.00808,0.25489,-0.01027,0.48902,0.87221,0.00121,0.43642,-0.00804,0.25453,-0.01022,0.48907,0.87218,0.00104,0.23,0.04,-0.35
15.8773,96,0.15738,-0.02670,0.04729,0.79938,0.57933,-0.13722,-0.08089,0,0.43619,-0.00808,0.25489,-0.01027,0.48902,0.87221,0.00121,0.43642,-0.00804,0.25453,-0.01022,0.48907,0.87218,0.00104,0.23,0.04,-0.35
15.8939,97,0.15738,-0.02670,0.04729,0.79938,0.57933,-0.13722,-0.08089,0,0.43619,-0.00808,0.25488,-0.01027,0.48902,0.87221,0.00121,0.43642,-0.00804,0.25453,-0.01022,0.48907,0.87218,0.00104,0.23,0.04,-0.35
15.9107,98,0.15738,-0.02670,0.04729,0.79938,0.57933,-0.13722,-0.08089,0,0.43619,-0.00808,0.25488,-0.01027,0.48902,0.87221,0.00121,0.43642,-0.00804,0.25453,-0.01022,0.48907,0.87218,0.00104,0.23,0.04,-0.35
15.9274,99,0.15738,-0.02670,0.04729,0.79938,0.57933,-0.13722,-0.08089,0,0.43619,-0.00808,0.25488,-0.01026,0.48902,0.87221,0.00121,0.43642,-0.00804,0.25453,-0.01022,0.48907,0.87218,0.00104,0.23,0.04,-0.35
15.9442,100,0.15738,-0.02670,0.04729,0.79938,0.57933,-0.13722,-0.08089,0,0.43619,-0.00808,0.25488,-0.01027,0.48902,0.87221,0.00121,0.43642,-0.00804,0.25453,-0.01022,0.48907,0.87218,0.00104,0.23,0.04,-0.35
15.9610,101,0.15738,-0.02670,0.04729,0.79938,0.57933,-0.13722,-0.08089,0,0.43619,-0.00808,0.25488,-0.01027,0.48902,0.87221,0.00121,0.43642,-0.00804,0.25453,-0.01022,0.48907,0.87218,0.00104,0.23,0.04,-0.35
15.9777,102,0.15738,-0.02670,0.04729,0.79938,0.57933,-0.13722,-0.08089,0,0.43619,-0.00808,0.25488,-0.01027,0.48902,0.87221,0.00121,0.43642,-0.00804,0.25453,-0.01022,0.48907,0.87218,0.00104,0.23,0.04,-0.35
15.9945,103,0.15738,-0.02670,0.04729,0.79938,0.57933,-0.13722,-0.08089,0,0.43619,-0.00808,0.25488,-0.01027,0.48902,0.87221,0.00121,0.43642,-0.00804,0.25453,-0.01022,0.48907,0.87218,0.00104,0.23,0.04,-0.35
16.0112,104,0.15738,-0.02670,0.04729,0.79938,0.57933,-0.13722,-0.08089,0,0.43619,-0.00808,0.25488,-0.01026,0.48902,0.87221,0.00121,0.43642,-0.00804,0.25453,-0.01022,0.48907,0.87218,0.00104,0.23,0.04,-0.35
16.0279,105,0.15738,-0.02670,0.04729,0.79938,0.57933,-0.13722,-0.08089,0,0.43619,-0.00808,0.25488,-0.01027,0.48902,0.87221,0.00121,0.43642,-0.00804,0.25453,-0.01022,0.48907,0.87218,0.00104,0.23,0.04,-0.35
16.0447,106,0.15738,-0.02670,0.04729,0.79938,0.57933,-0.13722,-0.08089,0,0.43619,-0.00808,0.25488,-0.01027,0.48902,0.87221,0.00121,0.43642,-0.00804,0.25453,-0.01022,0.48907,0.87218,0.00104,0.23,0.04,-0.35
16.0614,107,0.15738,-0.02670,0.04729,0.79938,0.57933,-0.13722,-0.08089,0,0.43619,-0.00808,0.25488,-0.01027,0.48903,0.87221,0.00121,0.43642,-0.00804,0.25453,-0.01022,0.48907,0.87218,0.00104,0.23,0.04,-0.35
16.0782,108,0.15738,-0.02670,0.04729,0.79938,0.57933,-0.13722,-0.08089,0,0.43619,-0.00808,0.25488,-0.01027,0.48903,0.87221,0.00121,0.43642,-0.00804,0.25453,-0.01022,0.48907,0.87218,0.00104,0.23,0.04,-0.35
16.0950,109,0.15738,-0.02670,0.04729,0.79938,0.57933,-0.13722,-0.08089,0,0.43619,-0.00808,0.25488,-0.01027,0.48903,0.87221,0.00121,0.43642,-0.00804,0.25453,-0.01022,0.48907,0.87218,0.00104,0.23,0.04,-0.35
16.1117,110,0.15738,-0.02670,0.04729,0.79938,0.57933,-0.13722,-0.08089,0,0.43619,-0.00807,0.25488,-0.01027,0.48902,0.87221,0.00121,0.43642,-0.00804,0.25453,-0.01022,0.48907,0.87218,0.00104,0.23,0.03,-0.35
16.1284,111,0.15738,-0.02670,0.04729,0.79938,0.57933,-0.13722,-0.08089,0,0.43619,-0.00808,0.25488,-0.01027,0.48902,0.87221,0.00121,0.43642,-0.00804,0.25453,-0.01022,0.48907,0.87218,0.00104,0.23,0.04,-0.35
16.1452,112,0.15738,-0.02670,0.04729,0.79938,0.57933,-0.13722,-0.08089,0,0.43619,-0.00808,0.25488,-0.01027,0.48903,0.87221,0.00121,0.43642,-0.00804,0.25453,-0.01022,0.48907,0.87218,0.00104,0.23,0.04,-0.35
16.1620,113,0.15738,-0.02670,0.04729,0.79938,0.57933,-0.13722,-0.08089,0,0.43619,-0.00808,0.25488,-0.01027,0.48902,0.87221,0.00120,0.43642,-0.00804,0.25453,-0.01022,0.48907,0.87218,0.00104,0.23,0.04,-0.35
16.1787,114,0.15738,-0.02670,0.04729,0.79938,0.57933,-0.13722,-0.08089,0,0.43619,-0.00808,0.25488,-0.01026,0.48902,0.87221,0.00120,0.43642,-0.00804,0.25453,-0.01022,0.48907,0.87218,0.00104,0.23,0.04,-0.35
16.1955,115,0.15738,-0.02670,0.04729,0.79938,0.57933,-0.13722,-0.08089,0,0.43619,-0.00808,0.25488,-0.01026,0.48902,0.87221,0.00120,0.43642,-0.00804,0.25453,-0.01022,0.48907,0.87218,0.00104,0.23,0.04,-0.35
16.2123,116,0.15738,-0.02670,0.04729,0.79938,0.57933,-0.13722,-0.08089,0,0.43619,-0.00808,0.25488,-0.01026,0.48902,0.87221,0.00120,0.43642,-0.00804,0.25453,-0.01022,0.48907,0.87218,0.00104,0.23,0.04,-0.35
16.2291,117,0.15738,-0.02670,0.04729,0.79938,0.57933,-0.13722,-0.08089,0,0.43619,-0.00808,0.25488,-0.01026,0.48902,0.87221,0.00120,0.43642,-0.00804,0.25453,-0.01022,0.48907,0.87218,0.00104,0.23,0.04,-0.35
16.2458,118,0.15738,-0.02670,0.04729,0.79938,0.57933,-0.13722,-0.08089,0,0.43619,-0.00808,0.25488,-0.01026,0.48902,0.87221,0.00120,0.43642,-0.00804,0.25453,-0.01022,0.48907,0.87218,0.00104,0.23,0.04,-0.35
16.2626,119,0.15738,-0.02670,0.04729,0.79938,0.57933,-0.13722,-0.08089,0,0.43619,-0.00808,0.25488,-0.01026,0.48903,0.87221,0.00120,0.43642,-0.00804,0.25453,-0.01022,0.48907,0.87218,0.00104,0.23,0.04,-0.35
16.2794,120,0.15738,-0.02670,0.04729,0.79938,0.57933,-0.13722,-0.08089,0,0.43619,-0.00808,0.25488,-0.01026,0.48903,0.87221,0.00120,0.43642,-0.00804,0.25453,-0.01022,0.48907,0.87218,0.00104,0.23,0.04,-0.35
16.2960,121,0.15738,-0.02670,0.04729,0.79938,0.57933,-0.13722,-0.08089,0,0.43619,-0.00807,0.25488,-0.01026,0.48903,0.87221,0.00120,0.43642,-0.00804,0.25453,-0.01022,0.48907,0.87218,0.00104,0.23,0.03,-0.35
16.3127,122,0.15738,-0.02670,0.04729,0.79938,0.57933,-0.13722,-0.08089,0,0.43620,-0.00807,0.25488,-0.01026,0.48902,0.87221,0.00120,0.43642,-0.00804,0.25453,-0.01022,0.48907,0.87218,0.00104,0.22,0.03,-0.34
16.3297,123,0.15738,-0.02670,0.04729,0.79938,0.57933,-0.13722,-0.08089,0,0.43619,-0.00807,0.25487,-0.01027,0.48902,0.87221,0.00120,0.43642,-0.00804,0.25453,-0.01022,0.48907,0.87218,0.00104,0.23,0.03,-0.34
16.3464,124,0.15738,-0.02670,0.04729,0.79938,0.57933,-0.13722,-0.08089,0,0.43620,-0.00808,0.25487,-0.01027,0.48902,0.87221,0.00120,0.43642,-0.00804,0.25453,-0.01022,0.48907,0.87218,0.00104,0.22,0.04,-0.34
16.3630,125,0.15738,-0.02670,0.04729,0.79938,0.57933,-0.13722,-0.08089,0,0.43620,-0.00808,0.25487,-0.01027,0.48903,0.87221,0.00120,0.43642,-0.00804,0.25453,-0.01022,0.48907,0.87218,0.00104,0.22,0.04,-0.34
16.3800,126,0.15738,-0.02670,0.04729,0.79938,0.57933,-0.13722,-0.08089,0,0.43620,-0.00808,0.25487,-0.01026,0.48903,0.87221,0.00120,0.43642,-0.00804,0.25453,-0.01022,0.48907,0.87218,0.00104,0.22,0.04,-0.34
16.3966,127,0.15738,-0.02670,0.04729,0.79938,0.57933,-0.13722,-0.08089,0,0.43620,-0.00807,0.25487,-0.01027,0.48902,0.87221,0.00120,0.43642,-0.00804,0.25453,-0.01022,0.48907,0.87218,0.00104,0.22,0.03,-0.34
16.4134,128,0.15738,-0.02670,0.04729,0.79938,0.57933,-0.13722,-0.08089,0,0.43620,-0.00807,0.25487,-0.01027,0.48902,0.87221,0.00120,0.43642,-0.00804,0.25453,-0.01022,0.48907,0.87218,0.00104,0.22,0.03,-0.34
16.4301,129,0.15738,-0.02670,0.04729,0.79938,0.57933,-0.13722,-0.08089,0,0.43620,-0.00807,0.25487,-0.01027,0.48903,0.87221,0.00120,0.43642,-0.00804,0.25453,-0.01022,0.48907,0.87218,0.00104,0.22,0.03,-0.34
16.4469,130,0.15738,-0.02670,0.04729,0.79938,0.57933,-0.13722,-0.08089,0,0.43620,-0.00808,0.25487,-0.01026,0.48903,0.87220,0.00120,0.43642,-0.00804,0.25453,-0.01022,0.48907,0.87218,0.00104,0.22,0.04,-0.34
16.4637,131,0.15738,-0.02670,0.04729,0.79938,0.57933,-0.13722,-0.08089,0,0.43620,-0.00807,0.25487,-0.01026,0.48903,0.87221,0.00120,0.43642,-0.00804,0.25453,-0.01022,0.48907,0.87218,0.00104,0.22,0.03,-0.34
16.4805,132,0.15738,-0.02670,0.04729,0.79938,0.57933,-0.13722,-0.08089,0,0.43620,-0.00807,0.25487,-0.01027,0.48902,0.87221,0.00120,0.43642,-0.00804,0.25453,-0.01022,0.48907,0.87218,0.00104,0.22,0.03,-0.34
16.4971,133,0.15738,-0.02670,0.04729,0.79938,0.57933,-0.13722,-0.08089,0,0.43620,-0.00807,0.25487,-0.01027,0.48902,0.87221,0.00120,0.43642,-0.00804,0.25453,-0.01022,0.48907,0.87218,0.00104,0.22,0.03,-0.33
16.5139,134,0.15738,-0.02670,0.04729,0.79938,0.57933,-0.13722,-0.08089,0,0.43620,-0.00807,0.25487,-0.01027,0.48902,0.87221,0.00120,0.43642,-0.00804,0.25453,-0.01022,0.48907,0.87218,0.00104,0.22,0.03,-0.34
16.5307,135,0.15738,-0.02670,0.04729,0.79938,0.57933,-0.13722,-0.08089,0,0.43620,-0.00807,0.25487,-0.01026,0.48903,0.87221,0.00120,0.43642,-0.00804,0.25453,-0.01022,0.48907,0.87218,0.00104,0.22,0.03,-0.34
16.5474,136,0.15738,-0.02670,0.04729,0.79938,0.57933,-0.13722,-0.08089,0,0.43620,-0.00807,0.25487,-0.01027,0.48903,0.87221,0.00120,0.43642,-0.00804,0.25453,-0.01022,0.48907,0.87218,0.00104,0.22,0.03,-0.34
16.5642,137,0.15738,-0.02670,0.04729,0.79938,0.57933,-0.13722,-0.08089,0,0.43620,-0.00807,0.25487,-0.01027,0.48903,0.87221,0.00120,0.43642,-0.00804,0.25453,-0.01022,0.48907,0.87218,0.00104,0.22,0.03,-0.33
16.5811,138,0.15738,-0.02670,0.04729,0.79938,0.57933,-0.13722,-0.08089,0,0.43620,-0.00807,0.25486,-0.01027,0.48903,0.87221,0.00120,0.43642,-0.00804,0.25453,-0.01022,0.48907,0.87218,0.00104,0.22,0.03,-0.33
16.5978,139,0.15738,-0.02670,0.04729,0.79938,0.57933,-0.13722,-0.08089,0,0.43620,-0.00808,0.25487,-0.01027,0.48903,0.87221,0.00120,0.43642,-0.00804,0.25453,-0.01022,0.48907,0.87218,0.00104,0.22,0.04,-0.33
16.6144,140,0.15738,-0.02670,0.04729,0.79938,0.57933,-0.13722,-0.08089,0,0.43620,-0.00808,0.25487,-0.01026,0.48903,0.87221,0.00120,0.43642,-0.00804,0.25453,-0.01022,0.48907,0.87218,0.00104,0.22,0.04,-0.33
16.6311,141,0.15738,-0.02670,0.04729,0.79938,0.57933,-0.13722,-0.08089,0,0.43620,-0.00808,0.25487,-0.01026,0.48903,0.87221,0.00120,0.43642,-0.00804,0.25453,-0.01022,0.48907,0.87218,0.00104,0.22,0.04,-0.33
16.6479,142,0.15738,-0.02670,0.04729,0.79938,0.57933,-0.13722,-0.08089,0,0.43620,-0.00808,0.25486,-0.01027,0.48903,0.87221,0.00120,0.43642,-0.00804,0.25453,-0.01022,0.48907,0.87218,0.00104,0.22,0.04,-0.33
16.6646,143,0.15738,-0.02670,0.04729,0.79938,0.57933,-0.13722,-0.08089,0,0.43620,-0.00808,0.25486,-0.01027,0.48903,0.87221,0.00120,0.43642,-0.00804,0.25453,-0.01022,0.48907,0.87218,0.00104,0.22,0.04,-0.33
16.6813,144,0.15738,-0.02670,0.04729,0.79938,0.57933,-0.13722,-0.08089,0,0.43620,-0.00808,0.25486,-0.01026,0.48903,0.87221,0.00120,0.43642,-0.00804,0.25453,-0.01022,0.48907,0.87218,0.00104,0.22,0.04,-0.33
16.6983,145,0.15738,-0.02670,0.04729,0.79938,0.57933,-0.13722,-0.08089,0,0.43621,-0.00808,0.25486,-0.01026,0.48903,0.87221,0.00120,0.43642,-0.00804,0.25453,-0.01022,0.48907,0.87218,0.00104,0.21,0.04,-0.33
16.7149,146,0.15738,-0.02670,0.04729,0.79938,0.57933,-0.13722,-0.08089,0,0.43620,-0.00807,0.25486,-0.01026,0.48902,0.87221,0.00120,0.43642,-0.00804,0.25453,-0.01022,0.48907,0.87218,0.00104,0.22,0.03,-0.33
16.7316,147,0.15738,-0.02670,0.04729,0.79938,0.57933,-0.13722,-0.08089,0,0.43620,-0.00808,0.25486,-0.01027,0.48902,0.87221,0.00120,0.43642,-0.00804,0.25453,-0.01022,0.48907,0.87218,0.00104,0.22,0.04,-0.33
16.7484,148,0.15738,-0.02670,0.04729,0.79938,0.57933,-0.13722,-0.08089,0,0.43620,-0.00808,0.25486,-0.01026,0.48902,0.87221,0.00120,0.43642,-0.00804,0.25453,-0.01022,0.48907,0.87218,0.00104,0.22,0.04,-0.33
16.7652,149,0.15738,-0.02670,0.04729,0.79938,0.57933,-0.13722,-0.08089,0,0.43620,-0.00808,0.25486,-0.01026,0.48903,0.87221,0.00120,0.43642,-0.00804,0.25453,-0.01022,0.48907,0.87218,0.00104,0.22,0.04,-0.33
16.7818,150,0.15738,-0.02670,0.04729,0.79938,0.57933,-0.13722,-0.08089,0,0.43620,-0.00808,0.25486,-0.01026,0.48902,0.87221,0.00120,0.43642,-0.00804,0.25453,-0.01022,0.48907,0.87218,0.00104,0.22,0.04,-0.33
16.7985,151,0.15738,-0.02670,0.04729,0.79938,0.57933,-0.13722,-0.08089,0,0.43620,-0.00808,0.25486,-0.01026,0.48902,0.87221,0.00120,0.43642,-0.00804,0.25453,-0.01022,0.48907,0.87218,0.00104,0.22,0.04,-0.33
16.8153,152,0.15738,-0.02670,0.04729,0.79938,0.57933,-0.13722,-0.08089,0,0.43620,-0.00808,0.25486,-0.01026,0.48902,0.87221,0.00120,0.43642,-0.00804,0.25453,-0.01022,0.48907,0.87218,0.00104,0.22,0.04,-0.33
16.8320,153,0.15738,-0.02670,0.04729,0.79938,0.57933,-0.13722,-0.08089,0,0.43620,-0.00808,0.25486,-0.01026,0.48902,0.87221,0.00120,0.43642,-0.00804,0.25453,-0.01022,0.48907,0.87218,0.00104,0.22,0.04,-0.33
16.8488,154,0.15738,-0.02670,0.04729,0.79938,0.57933,-0.13722,-0.08089,0,0.43620,-0.00808,0.25486,-0.01026,0.48903,0.87221,0.00120,0.43642,-0.00804,0.25453,-0.01022,0.48907,0.87218,0.00104,0.22,0.04,-0.33
16.8656,155,0.15738,-0.02670,0.04729,0.79938,0.57933,-0.13722,-0.08089,0,0.43620,-0.00808,0.25486,-0.01026,0.48903,0.87221,0.00120,0.43642,-0.00804,0.25453,-0.01022,0.48907,0.87218,0.00104,0.22,0.04,-0.33
16.8823,156,0.15738,-0.02670,0.04729,0.79938,0.57933,-0.13722,-0.08089,0,0.43620,-0.00808,0.25486,-0.01026,0.48903,0.87221,0.00120,0.43642,-0.00804,0.25453,-0.01022,0.48907,0.87218,0.00104,0.22,0.04,-0.33
16.8989,157,0.15738,-0.02670,0.04729,0.79938,0.57933,-0.13722,-0.08089,0,0.43620,-0.00808,0.25486,-0.01026,0.48903,0.87221,0.00120,0.43642,-0.00804,0.25453,-0.01022,0.48907,0.87218,0.00104,0.22,0.04,-0.33
16.9157,158,0.15738,-0.02670,0.04729,0.79938,0.57933,-0.13722,-0.08089,0,0.43620,-0.00808,0.25486,-0.01026,0.48903,0.87221,0.00120,0.43642,-0.00804,0.25453,-0.01022,0.48907,0.87218,0.00104,0.22,0.04,-0.33
16.9326,159,0.15738,-0.02670,0.04729,0.79938,0.57933,-0.13722,-0.08089,0,0.43620,-0.00807,0.25486,-0.01026,0.48902,0.87221,0.00120,0.43642,-0.00804,0.25453,-0.01022,0.48907,0.87218,0.00104,0.22,0.03,-0.33
16.9494,160,0.15738,-0.02670,0.04729,0.79938,0.57933,-0.13722,-0.08089,0,0.43620,-0.00807,0.25486,-0.01026,0.48903,0.87221,0.00120,0.43642,-0.00804,0.25453,-0.01022,0.48907,0.87218,0.00104,0.22,0.03,-0.32
16.9662,161,0.15738,-0.02670,0.04729,0.79938,0.57933,-0.13722,-0.08089,0,0.43620,-0.00807,0.25486,-0.01026,0.48903,0.87221,0.00120,0.43642,-0.00804,0.25453,-0.01022,0.48907,0.87218,0.00104,0.22,0.03,-0.32
16.9830,162,0.15738,-0.02670,0.04729,0.79938,0.57933,-0.13722,-0.08089,0,0.43621,-0.00807,0.25486,-0.01026,0.48903,0.87221,0.00120,0.43642,-0.00804,0.25453,-0.01022,0.48907,0.87218,0.00104,0.21,0.03,-0.33
16.9997,163,0.15738,-0.02670,0.04729,0.79938,0.57933,-0.13722,-0.08089,0,0.43621,-0.00807,0.25486,-0.01026,0.48903,0.87221,0.00120,0.43642,-0.00804,0.25453,-0.01022,0.48907,0.87218,0.00104,0.21,0.03,-0.33
17.0165,164,0.15738,-0.02670,0.04729,0.79938,0.57933,-0.13722,-0.08089,0,0.43621,-0.00807,0.25486,-0.01026,0.48903,0.87221,0.00120,0.43642,-0.00804,0.25453,-0.01022,0.48907,0.87218,0.00104,0.22,0.03,-0.32
17.0331,165,0.15738,-0.02670,0.04729,0.79938,0.57933,-0.13722,-0.08089,0,0.43621,-0.00808,0.25486,-0.01026,0.48903,0.87221,0.00120,0.43642,-0.00804,0.25453,-0.01022,0.48907,0.87218,0.00104,0.22,0.04,-0.32
17.0501,166,0.15738,-0.02670,0.04729,0.79938,0.57933,-0.13722,-0.08089,0,0.43621,-0.00808,0.25485,-0.01026,0.48903,0.87221,0.00120,0.43642,-0.00804,0.25453,-0.01022,0.48907,0.87218,0.00104,0.22,0.04,-0.32
17.0668,167,0.15738,-0.02670,0.04729,0.79938,0.57933,-0.13722,-0.08089,0,0.43621,-0.00808,0.25485,-0.01026,0.48903,0.87221,0.00120,0.43642,-0.00804,0.25453,-0.01022,0.48907,0.87218,0.00104,0.22,0.04,-0.32
17.0836,168,0.15738,-0.02670,0.04729,0.79938,0.57933,-0.13722,-0.08089,0,0.43620,-0.00808,0.25485,-0.01026,0.48903,0.87221,0.00120,0.43642,-0.00804,0.25453,-0.01022,0.48907,0.87218,0.00104,0.22,0.04,-0.32
17.1004,169,0.15738,-0.02670,0.04729,0.79938,0.57933,-0.13722,-0.08089,0,0.43620,-0.00808,0.25485,-0.01026,0.48903,0.87221,0.00120,0.43642,-0.00804,0.25453,-0.01022,0.48907,0.87218,0.00104,0.22,0.03,-0.32
17.1170,170,0.15738,-0.02670,0.04729,0.79938,0.57933,-0.13722,-0.08089,0,0.43621,-0.00808,0.25485,-0.01026,0.48903,0.87221,0.00120,0.43642,-0.00804,0.25453,-0.01022,0.48907,0.87218,0.00104,0.21,0.04,-0.32
17.1339,171,0.15738,-0.02670,0.04729,0.79938,0.57933,-0.13722,-0.08089,0,0.43621,-0.00808,0.25485,-0.01026,0.48903,0.87221,0.00120,0.43642,-0.00804,0.25453,-0.01022,0.48907,0.87218,0.00104,0.21,0.04,-0.32
17.1600,172,0.15738,-0.02670,0.04729,0.79938,0.57933,-0.13722,-0.08089,0,0.43621,-0.00808,0.25485,-0.01026,0.48903,0.87221,0.00120,0.43642,-0.00804,0.25453,-0.01022,0.48907,0.87218,0.00104,0.21,0.04,-0.32
17.1767,173,0.15738,-0.02670,0.04729,0.79938,0.57933,-0.13722,-0.08089,0,0.43621,-0.00808,0.25485,-0.01026,0.48903,0.87221,0.00120,0.43642,-0.00804,0.25453,-0.01022,0.48907,0.87218,0.00104,0.22,0.04,-0.32
17.1935,174,0.15738,-0.02670,0.04729,0.79938,0.57933,-0.13722,-0.08089,0,0.43620,-0.00808,0.25485,-0.01026,0.48903,0.87221,0.00120,0.43642,-0.00804,0.25453,-0.01022,0.48907,0.87218,0.00104,0.22,0.04,-0.32
17.2103,175,0.15738,-0.02670,0.04729,0.79938,0.57933,-0.13722,-0.08089,0,0.43621,-0.00808,0.25485,-0.01026,0.48903,0.87221,0.00120,0.43642,-0.00804,0.25453,-0.01022,0.48907,0.87218,0.00104,0.21,0.04,-0.32
17.2270,176,0.15738,-0.02670,0.04729,0.79938,0.57933,-0.13722,-0.08089,0,0.43621,-0.00808,0.25485,-0.01026,0.48903,0.87221,0.00120,0.43642,-0.00804,0.25453,-0.01022,0.48907,0.87218,0.00104,0.21,0.04,-0.32
17.2438,177,0.15738,-0.02670,0.04729,0.79938,0.57933,-0.13722,-0.08089,0,0.43621,-0.00808,0.25485,-0.01025,0.48903,0.87221,0.00120,0.43642,-0.00804,0.25453,-0.01022,0.48907,0.87218,0.00104,0.21,0.04,-0.32
17.2605,178,0.15738,-0.02670,0.04729,0.79938,0.57933,-0.13722,-0.08089,0,0.43621,-0.00808,0.25485,-0.01026,0.48903,0.87221,0.00120,0.43642,-0.00804,0.25453,-0.01022,0.48907,0.87218,0.00104,0.21,0.04,-0.32
17.2772,179,0.15738,-0.02670,0.04729,0.79938,0.57933,-0.13722,-0.08089,0,0.43621,-0.00808,0.25485,-0.01026,0.48903,0.87221,0.00120,0.43642,-0.00804,0.25453,-0.01022,0.48907,0.87218,0.00104,0.21,0.04,-0.32
17.2939,180,0.15738,-0.02670,0.04729,0.79938,0.57933,-0.13722,-0.08089,0,0.43621,-0.00808,0.25485,-0.01026,0.48903,0.87221,0.00120,0.43642,-0.00804,0.25453,-0.01022,0.48907,0.87218,0.00104,0.21,0.04,-0.31
17.3107,181,0.15738,-0.02670,0.04729,0.79938,0.57933,-0.13722,-0.08089,0,0.43621,-0.00807,0.25485,-0.01026,0.48902,0.87221,0.00120,0.43642,-0.00804,0.25453,-0.01022,0.48907,0.87218,0.00104,0.21,0.03,-0.31
17.3275,182,0.15738,-0.02670,0.04729,0.79938,0.57933,-0.13722,-0.08089,0,0.43621,-0.00807,0.25485,-0.01026,0.48902,0.87221,0.00120,0.43642,-0.00804,0.25453,-0.01022,0.48907,0.87218,0.00104,0.21,0.03,-0.31
17.3442,183,0.15738,-0.02670,0.04729,0.79938,0.57933,-0.13722,-0.08089,0,0.43621,-0.00807,0.25485,-0.01026,0.48903,0.87221,0.00120,0.43642,-0.00804,0.25453,-0.01022,0.48907,0.87218,0.00104,0.21,0.03,-0.31
17.3610,184,0.15738,-0.02670,0.04729,0.79938,0.57933,-0.13722,-0.08089,0,0.43621,-0.00808,0.25484,-0.01026,0.48903,0.87221,0.00120,0.43642,-0.00804,0.25453,-0.01022,0.48907,0.87218,0.00104,0.21,0.03,-0.31
17.3776,185,0.15738,-0.02670,0.04729,0.79938,0.57933,-0.13722,-0.08089,0,0.43621,-0.00808,0.25485,-0.01026,0.48903,0.87221,0.00120,0.43642,-0.00804,0.25453,-0.01022,0.48907,0.87218,0.00104,0.21,0.04,-0.31
17.3944,186,0.15738,-0.02670,0.04729,0.79938,0.57933,-0.13722,-0.08089,0,0.43621,-0.00807,0.25485,-0.01026,0.48903,0.87221,0.00120,0.43642,-0.00804,0.25453,-0.01022,0.48907,0.87218,0.00104,0.21,0.03,-0.31
17.4112,187,0.15738,-0.02670,0.04729,0.79938,0.57933,-0.13722,-0.08089,0,0.43621,-0.00807,0.25485,-0.01026,0.48903,0.87221,0.00120,0.43642,-0.00804,0.25453,-0.01022,0.48907,0.87218,0.00104,0.21,0.03,-0.31
17.4279,188,0.15738,-0.02670,0.04729,0.79938,0.57933,-0.13722,-0.08089,0,0.43621,-0.00807,0.25484,-0.01026,0.48903,0.87221,0.00119,0.43642,-0.00804,0.25453,-0.01022,0.48907,0.87218,0.00104,0.21,0.03,-0.31
17.4446,189,0.15738,-0.02670,0.04729,0.79938,0.57933,-0.13722,-0.08089,0,0.43621,-0.00808,0.25484,-0.01026,0.48903,0.87221,0.00119,0.43642,-0.00804,0.25453,-0.01022,0.48907,0.87218,0.00104,0.21,0.04,-0.31
17.4613,190,0.15738,-0.02670,0.04729,0.79938,0.57933,-0.13722,-0.08089,0,0.43621,-0.00808,0.25484,-0.01026,0.48903,0.87221,0.00119,0.43642,-0.00804,0.25453,-0.01022,0.48907,0.87218,0.00104,0.21,0.04,-0.31
17.4782,191,0.15738,-0.02670,0.04729,0.79938,0.57933,-0.13722,-0.08089,0,0.43621,-0.00807,0.25484,-0.01025,0.48903,0.87221,0.00119,0.43642,-0.00804,0.25453,-0.01022,0.48907,0.87218,0.00104,0.21,0.03,-0.31
17.4951,192,0.15738,-0.02670,0.04729,0.79938,0.57933,-0.13722,-0.08089,0,0.43621,-0.00807,0.25484,-0.01026,0.48903,0.87221,0.00119,0.43642,-0.00804,0.25453,-0.01022,0.48907,0.87218,0.00104,0.21,0.03,-0.31
17.5119,193,0.15738,-0.02670,0.04729,0.79938,0.57933,-0.13722,-0.08089,0,0.43621,-0.00807,0.25484,-0.01026,0.48903,0.87221,0.00119,0.43642,-0.00804,0.25453,-0.01022,0.48907,0.87218,0.00104,0.21,0.03,-0.31
17.5286,194,0.15738,-0.02670,0.04729,0.79938,0.57933,-0.13722,-0.08089,0,0.43621,-0.00807,0.25484,-0.01026,0.48903,0.87221,0.00119,0.43642,-0.00804,0.25453,-0.01022,0.48907,0.87218,0.00104,0.21,0.03,-0.31
17.5454,195,0.15738,-0.02670,0.04729,0.79938,0.57933,-0.13722,-0.08089,0,0.43621,-0.00807,0.25484,-0.01026,0.48903,0.87221,0.00119,0.43642,-0.00804,0.25453,-0.01022,0.48907,0.87218,0.00104,0.21,0.03,-0.31
17.5622,196,0.15738,-0.02670,0.04729,0.79938,0.57933,-0.13722,-0.08089,0,0.43621,-0.00807,0.25484,-0.01026,0.48903,0.87221,0.00119,0.43642,-0.00804,0.25453,-0.01022,0.48907,0.87218,0.00104,0.21,0.03,-0.31
17.5788,197,0.15738,-0.02670,0.04729,0.79938,0.57933,-0.13722,-0.08089,0,0.43621,-0.00807,0.25484,-0.01026,0.48903,0.87221,0.00119,0.43642,-0.00804,0.25453,-0.01022,0.48907,0.87218,0.00104,0.21,0.03,-0.31
17.5956,198,0.15738,-0.02670,0.04729,0.79938,0.57933,-0.13722,-0.08089,0,0.43621,-0.00807,0.25484,-0.01026,0.48903,0.87221,0.00119,0.43642,-0.00804,0.25453,-0.01022,0.48907,0.87218,0.00104,0.21,0.03,-0.31
17.6124,199,0.15738,-0.02670,0.04729,0.79938,0.57933,-0.13722,-0.08089,0,0.43621,-0.00807,0.25484,-0.01026,0.48903,0.87221,0.00120,0.43642,-0.00804,0.25453,-0.01022,0.48907,0.87218,0.00104,0.21,0.03,-0.31
17.6290,200,0.15738,-0.02670,0.04729,0.79938,0.57933,-0.13722,-0.08089,0,0.43621,-0.00807,0.25484,-0.01026,0.48903,0.87221,0.00120,0.43642,-0.00804,0.25453,-0.01022,0.48907,0.87218,0.00104,0.21,0.03,-0.31
17.6458,201,0.16608,0.21449,-0.03393,0.71925,0.62894,-0.17063,-0.24082,0,0.43621,-0.00807,0.25484,-0.01026,0.48903,0.87221,0.00120,0.43642,-0.00804,0.25453,-0.01022,0.48907,0.87218,0.00104,0.21,0.03,-0.31
17.6625,202,0.16463,0.21174,-0.03938,0.71780,0.63140,-0.16733,-0.24103,0,0.43621,-0.00807,0.25484,-0.01026,0.48903,0.87221,0.00120,0.43642,-0.00804,0.25453,-0.01022,0.48907,0.87218,0.00104,0.21,0.03,-0.31
17.6792,203,0.16792,0.21411,-0.04378,0.71861,0.63145,-0.16215,-0.24201,0,0.43621,-0.00807,0.25484,-0.01026,0.48903,0.87221,0.00120,0.43642,-0.00804,0.25453,-0.01022,0.48907,0.87218,0.00104,0.21,0.03,-0.31
17.6961,204,0.16885,0.21628,-0.04755,0.71981,0.63157,-0.15812,-0.24081,0,0.43621,-0.00807,0.25484,-0.01026,0.48903,0.87221,0.00120,0.43642,-0.00804,0.25453,-0.01022,0.48907,0.87218,0.00104,0.21,0.03,-0.31
17.7127,205,0.16794,0.21777,-0.05101,0.71945,0.63257,-0.15452,-0.24160,0,0.43621,-0.00807,0.25484,-0.01026,0.48903,0.87220,0.00119,0.43642,-0.00804,0.25453,-0.01022,0.48907,0.87218,0.00104,0.21,0.03,-0.31
17.7296,206,0.16633,0.22010,-0.05829,0.72032,0.62979,-0.15197,-0.24782,0,0.43621,-0.00807,0.25484,-0.01026,0.48903,0.87220,0.00119,0.43642,-0.00804,0.25453,-0.01022,0.48907,0.87218,0.00104,0.21,0.03,-0.31
17.7462,207,0.16624,0.22086,-0.06178,0.72128,0.62727,-0.14862,-0.25338,0,0.43621,-0.00807,0.25484,-0.01026,0.48903,0.87221,0.00119,0.43642,-0.00804,0.25453,-0.01022,0.48907,0.87218,0.00104,0.21,0.03,-0.31
17.7631,208,0.16488,0.22117,-0.06505,0.72138,0.62746,-0.14701,-0.25356,0,0.43621,-0.00807,0.25484,-0.01026,0.48903,0.87221,0.00119,0.43642,-0.00804,0.25453,-0.01022,0.48907,0.87218,0.00104,0.21,0.03,-0.30
17.7798,209,0.16435,0.22169,-0.06748,0.71960,0.63060,-0.14512,-0.25191,0,0.43621,-0.00807,0.25484,-0.01026,0.48903,0.87221,0.00119,0.43642,-0.00804,0.25453,-0.01022,0.48907,0.87218,0.00104,0.21,0.03,-0.30
17.7965,210,0.16350,0.22370,-0.06857,0.71900,0.63190,-0.14295,-0.25162,0,0.43621,-0.00807,0.25484,-0.01026,0.48903,0.87221,0.00119,0.43642,-0.00804,0.25453,-0.01022,0.48907,0.87218,0.00104,0.21,0.03,-0.30
17.8135,211,0.15953,0.22779,-0.06456,0.71553,0.63737,-0.14373,-0.24723,0,0.43621,-0.00807,0.25484,-0.01025,0.48903,0.87221,0.00119,0.43642,-0.00804,0.25453,-0.01022,0.48907,0.87218,0.00104,0.21,0.03,-0.30
17.8302,212,0.15775,0.23111,-0.05775,0.71641,0.63833,-0.15059,-0.23793,0,0.43621,-0.00807,0.25484,-0.01025,0.48903,0.87221,0.00119,0.43642,-0.00804,0.25453,-0.01022,0.48907,0.87218,0.00104,0.21,0.03,-0.30
17.8468,213,0.15544,0.23443,-0.05629,0.71472,0.64183,-0.14933,-0.23439,0,0.43621,-0.00807,0.25484,-0.01025,0.48903,0.87221,0.00119,0.43642,-0.00804,0.25453,-0.01022,0.48907,0.87218,0.00104,0.21,0.03,-0.30
17.8638,214,0.15396,0.23755,-0.05338,0.71277,0.64587,-0.14124,-0.23422,0,0.43622,-0.00807,0.25483,-0.01025,0.48903,0.87221,0.00119,0.43642,-0.00804,0.25453,-0.01022,0.48907,0.87218,0.00104,0.21,0.03,-0.30
17.8805,215,0.15102,0.24056,-0.05124,0.71111,0.64979,-0.13251,-0.23352,0,0.43622,-0.00807,0.25483,-0.01025,0.48903,0.87221,0.00119,0.43642,-0.00804,0.25453,-0.01022,0.48907,0.87218,0.00104,0.21,0.03,-0.30
17.8971,216,0.14764,0.24351,-0.04794,0.71046,0.65235,-0.12380,-0.23317,0,0.43622,-0.00807,0.25483,-0.01026,0.48903,0.87221,0.00119,0.43642,-0.00804,0.25453,-0.01022,0.48907,0.87218,0.00104,0.21,0.03,-0.30
17.9139,217,0.14170,0.24781,-0.04369,0.70889,0.65648,-0.11491,-0.23087,0,0.43622,-0.00807,0.25483,-0.01025,0.48903,0.87221,0.00119,0.43642,-0.00804,0.25453,-0.01022,0.48907,0.87218,0.00104,0.20,0.03,-0.30
17.9306,218,0.13988,0.24977,-0.04217,0.70706,0.65907,-0.11024,-0.23138,0,0.43622,-0.00807,0.25483,-0.01025,0.48903,0.87221,0.00119,0.43642,-0.00804,0.25453,-0.01022,0.48907,0.87218,0.00104,0.20,0.03,-0.30
17.9475,219,0.13839,0.25084,-0.04099,0.70402,0.66215,-0.10687,-0.23343,0,0.43622,-0.00807,0.25483,-0.01025,0.48903,0.87221,0.00119,0.43642,-0.00804,0.25453,-0.01022,0.48907,0.87218,0.00104,0.20,0.03,-0.30
17.9642,220,0.13809,0.25164,-0.04052,0.70288,0.66399,-0.10366,-0.23310,0,0.43622,-0.00807,0.25483,-0.01025,0.48903,0.87220,0.00119,0.43642,-0.00804,0.25453,-0.01022,0.48907,0.87218,0.00104,0.20,0.03,-0.30
17.9810,221,0.13801,0.25209,-0.04040,0.70098,0.66584,-0.10254,-0.23401,0,0.43622,-0.00807,0.25483,-0.01025,0.48903,0.87221,0.00119,0.43642,-0.00804,0.25453,-0.01022,0.48907,0.87218,0.00104,0.20,0.03,-0.30
17.9977,222,0.13921,0.25265,-0.04291,0.69925,0.66776,-0.09818,-0.23560,0,0.43622,-0.00807,0.25483,-0.01025,0.48903,0.87221,0.00119,0.43642,-0.00804,0.25453,-0.01022,0.48907,0.87218,0.00104,0.20,0.03,-0.30
18.0145,223,0.13900,0.25319,-0.04365,0.69841,0.66801,-0.09431,-0.23895,0,0.43622,-0.00807,0.25483,-0.01025,0.48903,0.87221,0.00119,0.43642,-0.00804,0.25453,-0.01022,0.48907,0.87218,0.00104,0.20,0.03,-0.30
18.0312,224,0.13951,0.25316,-0.04360,0.69631,0.66959,-0.09113,-0.24187,0,0.43622,-0.00807,0.25483,-0.01025,0.48903,0.87221,0.00119,0.43642,-0.00804,0.25453,-0.01022,0.48907,0.87218,0.00104,0.20,0.03,-0.30
18.0479,225,0.13975,0.25386,-0.04346,0.69330,0.67169,-0.08817,-0.24577,0,0.43622,-0.00807,0.25483,-0.01026,0.48903,0.87220,0.00119,0.43642,-0.00804,0.25453,-0.01022,0.48907,0.87218,0.00104,0.20,0.03,-0.30
18.0647,226,0.13965,0.25464,-0.04384,0.69238,0.67253,-0.08626,-0.24672,0,0.43622,-0.00807,0.25483,-0.01025,0.48903,0.87220,0.00119,0.43642,-0.00804,0.25453,-0.01022,0.48907,0.87218,0.00104,0.20,0.03,-0.30
18.0815,227,0.14069,0.25471,-0.04522,0.69072,0.67283,-0.08908,-0.24952,0,0.43622,-0.00807,0.25483,-0.01025,0.48903,0.87221,0.00119,0.43642,-0.00804,0.25453,-0.01022,0.48907,0.87218,0.00104,0.20,0.03,-0.30
18.0982,228,0.14127,0.25463,-0.04533,0.68910,0.67511,-0.08949,-0.24770,0,0.43622,-0.00807,0.25483,-0.01025,0.48903,0.87221,0.00119,0.43642,-0.00804,0.25453,-0.01022,0.48907,0.87218,0.00104,0.20,0.03,-0.30
18.1148,229,0.14030,0.25572,-0.04508,0.68992,0.67477,-0.08571,-0.24771,0,0.43622,-0.00807,0.25483,-0.01025,0.48903,0.87221,0.00119,0.43642,-0.00804,0.25453,-0.01022,0.48907,0.87218,0.00104,0.20,0.03,-0.30
18.1316,230,0.13902,0.25663,-0.04457,0.68922,0.67635,-0.08329,-0.24616,0,0.43622,-0.00807,0.25483,-0.01025,0.48903,0.87221,0.00119,0.43642,-0.00804,0.25453,-0.01022,0.48907,0.87218,0.00104,0.20,0.03,-0.30
18.1483,231,0.13822,0.25770,-0.04361,0.68777,0.67772,-0.08302,-0.24652,0,0.43622,-0.00807,0.25483,-0.01025,0.48903,0.87221,0.00119,0.43642,-0.00804,0.25453,-0.01022,0.48907,0.87218,0.00104,0.20,0.03,-0.30
18.1652,232,0.13637,0.25925,-0.04094,0.68467,0.67962,-0.07885,-0.25123,0,0.43622,-0.00807,0.25483,-0.01025,0.48903,0.87221,0.00119,0.43642,-0.00804,0.25453,-0.01022,0.48907,0.87218,0.00104,0.20,0.03,-0.30
18.1820,233,0.13453,0.26090,-0.03890,0.68449,0.67962,-0.07637,-0.25250,0,0.43622,-0.00807,0.25483,-0.01025,0.48903,0.87221,0.00119,0.43642,-0.00804,0.25453,-0.01022,0.48907,0.87218,0.00104,0.20,0.03,-0.30
18.1986,234,0.13242,0.26260,-0.03722,0.68443,0.67970,-0.07454,-0.25299,0,0.43622,-0.00807,0.25483,-0.01025,0.48903,0.87221,0.00119,0.43642,-0.00804,0.25453,-0.01022,0.48907,0.87218,0.00104,0.20,0.03,-0.29
18.2153,235,0.12986,0.26404,-0.03539,0.68400,0.68002,-0.07118,-0.25427,0,0.43622,-0.00807,0.25482,-0.01025,0.48903,0.87221,0.00119,0.43642,-0.00804,0.25453,-0.01022,0.48907,0.87218,0.00104,0.20,0.03,-0.29
18.2322,236,0.12814,0.26504,-0.03400,0.68256,0.68185,-0.06882,-0.25388,0,0.43622,-0.00807,0.25482,-0.01025,0.48903,0.87221,0.00119,0.43642,-0.00804,0.25453,-0.01022,0.48907,0.87218,0.00104,0.20,0.03,-0.29
18.2490,237,0.12442,0.26659,-0.03206,0.68002,0.68515,-0.06169,-0.25364,0,0.43622,-0.00807,0.25482,-0.01025,0.48903,0.87221,0.00119,0.43642,-0.00804,0.25453,-0.01022,0.48907,0.87218,0.00104,0.20,0.03,-0.29
18.2656,238,0.12237,0.26786,-0.03247,0.67770,0.68732,-0.05862,-0.25472,0,0.43622,-0.00807,0.25482,-0.01025,0.48903,0.87221,0.00119,0.43642,-0.00804,0.25453,-0.01022,0.48907,0.87218,0.00104,0.20,0.03,-0.29
18.2824,239,0.12093,0.26860,-0.03073,0.67715,0.68789,-0.05829,-0.25472,0,0.43622,-0.00807,0.25482,-0.01025,0.48903,0.87221,0.00119,0.43642,-0.00804,0.25453,-0.01022,0.48907,0.87218,0.00104,0.20,0.03,-0.29
18.2993,240,0.11998,0.26945,-0.02975,0.67716,0.68744,-0.05911,-0.25571,0,0.43622,-0.00807,0.25482,-0.01025,0.48903,0.87221,0.00119,0.43642,-0.00804,0.25453,-0.01022,0.48907,0.87218,0.00104,0.20,0.03,-0.29
18.3160,241,0.11988,0.27016,-0.02853,0.67541,0.68853,-0.05838,-0.25755,0,0.43622,-0.00807,0.25482,-0.01025,0.48903,0.87221,0.00119,0.43642,-0.00804,0.25453,-0.01022,0.48907,0.87218,0.00104,0.20,0.03,-0.29
18.3327,242,0.11947,0.27026,-0.02710,0.67556,0.68846,-0.05928,-0.25715,0,0.43622,-0.00807,0.25482,-0.01025,0.48903,0.87221,0.00119,0.43642,-0.00804,0.25453,-0.01022,0.48907,0.87218,0.00104,0.20,0.03,-0.29
18.3496,243,0.11893,0.27065,-0.02713,0.67597,0.68805,-0.05819,-0.25742,0,0.43622,-0.00807,0.25482,-0.01025,0.48903,0.87221,0.00119,0.43642,-0.00804,0.25453,-0.01022,0.48907,0.87218,0.00104,0.20,0.03,-0.29
18.3664,244,0.11900,0.27022,-0.02725,0.67578,0.68856,-0.05803,-0.25658,0,0.43622,-0.00807,0.25482,-0.01025,0.48903,0.87221,0.00119,0.43642,-0.00804,0.25453,-0.01022,0.48907,0.87218,0.00104,0.20,0.03,-0.29
18.3832,245,0.11878,0.26998,-0.02795,0.67536,0.68863,-0.05751,-0.25763,0,0.43622,-0.00807,0.25482,-0.01025,0.48903,0.87221,0.00119,0.43642,-0.00804,0.25453,-0.01022,0.48907,0.87218,0.00104,0.20,0.03,-0.29
18.4000,246,0.11812,0.27074,-0.02737,0.67468,0.68891,-0.05794,-0.25855,0,0.43622,-0.00807,0.25482,-0.01025,0.48903,0.87220,0.00119,0.43642,-0.00804,0.25453,-0.01022,0.48907,0.87218,0.00104,0.20,0.03,-0.29
18.4168,247,0.11775,0.27109,-0.02646,0.67259,0.69079,-0.05462,-0.25970,0,0.43622,-0.00807,0.25482,-0.01025,0.48903,0.87221,0.00119,0.43642,-0.00804,0.25453,-0.01022,0.48907,0.87218,0.00104,0.20,0.03,-0.29
18.4336,248,0.11734,0.27133,-0.02539,0.67241,0.69095,-0.05355,-0.25996,0,0.43622,-0.00807,0.25482,-0.01025,0.48903,0.87221,0.00119,0.43642,-0.00804,0.25453,-0.01022,0.48907,0.87218,0.00104,0.20,0.03,-0.29
18.4504,249,0.11608,0.27197,-0.02404,0.67223,0.69102,-0.05173,-0.26063,0,0.43622,-0.00807,0.25482,-0.01025,0.48903,0.87221,0.00119,0.43642,-0.00804,0.25453,-0.01022,0.48907,0.87218,0.00104,0.20,0.03,-0.29
18.4669,250,0.11472,0.27272,-0.02275,0.67182,0.69185,-0.04900,-0.26001,0,0.43622,-0.00807,0.25482,-0.01025,0.48903,0.87220,0.00119,0.43642,-0.00804,0.25453,-0.01022,0.48907,0.87218,0.00104,0.20,0.03,-0.28
18.4839,251,0.11286,0.27368,-0.02276,0.66941,0.69504,-0.04612,-0.25823,0,0.43622,-0.00807,0.25482,-0.01025,0.48903,0.87220,0.00119,0.43642,-0.00804,0.25453,-0.01022,0.48907,0.87218,0.00104,0.20,0.03,-0.28
18.5007,252,0.11197,0.27411,-0.02300,0.66934,0.69512,-0.04687,-0.25808,0,0.43622,-0.00807,0.25482,-0.01025,0.48903,0.87220,0.00119,0.43642,-0.00804,0.25453,-0.01022,0.48907,0.87218,0.00104,0.20,0.03,-0.28
18.5175,253,0.11119,0.27441,-0.02406,0.66927,0.69524,-0.04616,-0.25806,0,0.43622,-0.00807,0.25482,-0.01025,0.48903,0.87221,0.00119,0.43642,-0.00804,0.25453,-0.01022,0.48907,0.87218,0.00104,0.20,0.03,-0.28
18.5340,254,0.11106,0.27437,-0.02564,0.66885,0.69597,-0.04635,-0.25712,0,0.43622,-0.00807,0.25481,-0.01025,0.48903,0.87221,0.00119,0.43642,-0.00804,0.25453,-0.01022,0.48907,0.87218,0.00104,0.20,0.03,-0.28
18.5510,255,0.11104,0.27439,-0.02779,0.66839,0.69677,-0.04476,-0.25645,0,0.43622,-0.00807,0.25481,-0.01025,0.48903,0.87221,0.00119,0.43642,-0.00804,0.25453,-0.01022,0.48907,0.87218,0.00104,0.20,0.03,-0.28
18.5677,256,0.11143,0.27383,-0.03331,0.67100,0.69488,-0.04832,-0.25410,0,0.43622,-0.00807,0.25481,-0.01024,0.48903,0.87221,0.00119,0.43642,-0.00804,0.25453,-0.01022,0.48907,0.87218,0.00104,0.20,0.03,-0.28
18.5846,257,0.11287,0.27268,-0.03825,0.67380,0.69263,-0.05502,-0.25145,0,0.43622,-0.00807,0.25481,-0.01024,0.48903,0.87221,0.00119,0.43642,-0.00804,0.25453,-0.01022,0.48907,0.87218,0.00104,0.20,0.03,-0.28
18.6012,258,0.11451,0.27141,-0.04311,0.67586,0.69213,-0.06336,-0.24525,0,0.43622,-0.00807,0.25481,-0.01024,0.48903,0.87221,0.00119,0.43642,-0.00804,0.25453,-0.01022,0.48907,0.87218,0.00104,0.20,0.03,-0.28
18.6179,259,0.11632,0.27025,-0.04646,0.67764,0.69249,-0.06998,-0.23742,0,0.43622,-0.00807,0.25481,-0.01025,0.48903,0.87221,0.00119,0.43642,-0.00804,0.25453,-0.01022,0.48907,0.87218,0.00104,0.20,0.03,-0.28
18.6349,260,0.11818,0.26930,-0.04955,0.67819,0.69363,-0.07356,-0.23135,0,0.43622,-0.00807,0.25481,-0.01024,0.48903,0.87221,0.00119,0.43642,-0.00804,0.25453,-0.01022,0.48907,0.87218,0.00104,0.20,0.03,-0.28
18.6514,261,0.12021,0.26839,-0.05189,0.68205,0.69130,-0.07341,-0.22698,0,0.43622,-0.00807,0.25481,-0.01024,0.48903,0.87221,0.00119,0.43642,-0.00804,0.25453,-0.01022,0.48907,0.87218,0.00104,0.20,0.03,-0.28
18.6682,262,0.11991,0.26819,-0.05261,0.68539,0.68897,-0.07142,-0.22460,0,0.43622,-0.00807,0.25481,-0.01024,0.48903,0.87220,0.00119,0.43642,-0.00804,0.25453,-0.01022,0.48907,0.87218,0.00104,0.20,0.03,-0.28
18.6851,263,0.11999,0.26775,-0.05291,0.68677,0.68853,-0.07200,-0.22157,0,0.43622,-0.00807,0.25481,-0.01024,0.48903,0.87220,0.00119,0.43642,-0.00804,0.25453,-0.01022,0.48907,0.87218,0.00104,0.20,0.03,-0.28
18.7017,264,0.12094,0.26731,-0.05271,0.68656,0.68945,-0.07624,-0.21792,0,0.43622,-0.00807,0.25481,-0.01024,0.48903,0.87220,0.00119,0.43642,-0.00804,0.25453,-0.01022,0.48907,0.87218,0.00104,0.20,0.03,-0.28
18.7185,265,0.12274,0.26704,-0.05129,0.68531,0.69079,-0.08034,-0.21611,0,0.43622,-0.00807,0.25481,-0.01024,0.48903,0.87221,0.00119,0.43642,-0.00804,0.25453,-0.01022,0.48907,0.87218,0.00104,0.20,0.03,-0.28
18.7353,266,0.12580,0.26756,-0.04479,0.68095,0.69518,-0.08305,-0.21479,0,0.43622,-0.00807,0.25481,-0.01024,0.48903,0.87221,0.00119,0.43642,-0.00804,0.25453,-0.01022,0.48907,0.87218,0.00104,0.20,0.03,-0.28
18.7521,267,0.12658,0.26810,-0.04176,0.67941,0.69619,-0.08489,-0.21565,0,0.43622,-0.00807,0.25481,-0.01025,0.48903,0.87221,0.00119,0.43642,-0.00804,0.25453,-0.01022,0.48907,0.87218,0.00104,0.20,0.03,-0.28
18.7689,268,0.12690,0.26858,-0.03985,0.67912,0.69676,-0.08594,-0.21430,0,0.43622,-0.00807,0.25481,-0.01025,0.48903,0.87220,0.00119,0.43642,-0.00804,0.25453,-0.01022,0.48907,0.87218,0.00104,0.20,0.03,-0.28
18.7856,269,0.12749,0.26886,-0.03865,0.67793,0.69894,-0.08630,-0.21084,0,0.43622,-0.00807,0.25481,-0.01025,0.48903,0.87221,0.00119,0.43642,-0.00804,0.25453,-0.01022,0.48907,0.87218,0.00104,0.20,0.03,-0.28
18.8023,270,0.12752,0.26935,-0.03840,0.67636,0.70219,-0.08441,-0.20577,0,0.43622,-0.00807,0.25481,-0.01024,0.48903,0.87221,0.00119,0.43642,-0.00804,0.25453,-0.01022,0.48907,0.87218,0.00104,0.20,0.03,-0.28
18.8191,271,0.12649,0.27078,-0.03576,0.67181,0.70925,-0.08556,-0.19574,0,0.43623,-0.00807,0.25481,-0.01024,0.48903,0.87221,0.00119,0.43642,-0.00804,0.25453,-0.01022,0.48907,0.87218,0.00104,0.20,0.03,-0.28
18.8360,272,0.12574,0.27214,-0.03354,0.67157,0.71038,-0.08491,-0.19271,0,0.43622,-0.00807,0.25481,-0.01025,0.48903,0.87221,0.00119,0.43642,-0.00804,0.25453,-0.01022,0.48907,0.87218,0.00104,0.20,0.03,-0.28
18.8525,273,0.12521,0.27333,-0.03232,0.67223,0.71089,-0.08365,-0.18907,0,0.43622,-0.00807,0.25481,-0.01025,0.48903,0.87221,0.00119,0.43642,-0.00804,0.25453,-0.01022,0.48907,0.87218,0.00104,0.20,0.03,-0.27
18.8692,274,0.12487,0.27406,-0.03137,0.67109,0.71306,-0.08373,-0.18484,0,0.43623,-0.00807,0.25481,-0.01025,0.48903,0.87221,0.00119,0.43642,-0.00804,0.25453,-0.01022,0.48907,0.87218,0.00104,0.19,0.03,-0.28
18.8859,275,0.12464,0.27454,-0.03062,0.66913,0.71568,-0.08575,-0.18084,0,0.43623,-0.00807,0.25481,-0.01024,0.48903,0.87221,0.00119,0.43642,-0.00804,0.25453,-0.01022,0.48907,0.87218,0.00104,0.19,0.03,-0.28
18.9027,276,0.12580,0.27505,-0.02964,0.66267,0.72363,-0.09091,-0.17019,0,0.43623,-0.00807,0.25481,-0.01024,0.48903,0.87221,0.00119,0.43642,-0.00804,0.25453,-0.01022,0.48907,0.87218,0.00104,0.19,0.03,-0.28
18.9194,277,0.12701,0.27531,-0.02993,0.66094,0.72510,-0.09503,-0.16840,0,0.43623,-0.00807,0.25481,-0.01024,0.48903,0.87221,0.00119,0.43642,-0.00804,0.25453,-0.01022,0.48907,0.87218,0.00104,0.19,0.03,-0.27
18.9361,278,0.12858,0.27544,-0.02885,0.66217,0.72271,-0.09783,-0.17218,0,0.43623,-0.00807,0.25481,-0.01025,0.48903,0.87220,0.00119,0.43642,-0.00804,0.25453,-0.01022,0.48907,0.87218,0.00104,0.19,0.03,-0.27
18.9528,279,0.12920,0.27564,-0.02855,0.66428,0.72181,-0.09941,-0.16684,0,0.43623,-0.00807,0.25481,-0.01024,0.48903,0.87220,0.00119,0.43642,-0.00804,0.25453,-0.01022,0.48907,0.87218,0.00104,0.19,0.03,-0.27
18.9696,280,0.12969,0.27564,-0.02897,0.66555,0.72177,-0.10122,-0.16075,0,0.43623,-0.00807,0.25481,-0.01024,0.48903,0.87220,0.00119,0.43642,-0.00804,0.25453,-0.01022,0.48907,0.87218,0.00104,0.19,0.03,-0.27
18.9863,281,0.12991,0.27546,-0.03051,0.66439,0.72361,-0.10378,-0.15556,0,0.43623,-0.00807,0.25480,-0.01025,0.48903,0.87221,0.00119,0.43642,-0.00804,0.25453,-0.01022,0.48907,0.87218,0.00104,0.19,0.03,-0.27
19.0030,282,0.13000,0.27573,-0.03075,0.66542,0.72246,-0.10462,-0.15598,0,0.43623,-0.00807,0.25480,-0.01025,0.48903,0.87220,0.00119,0.43642,-0.00804,0.25453,-0.01022,0.48907,0.87218,0.00104,0.19,0.03,-0.27
19.0198,283,0.12996,0.27616,-0.03010,0.66570,0.72140,-0.10479,-0.15953,0,0.43623,-0.00807,0.25480,-0.01025,0.48903,0.87220,0.00119,0.43642,-0.00804,0.25453,-0.01022,0.48907,0.87218,0.00104,0.19,0.03,-0.27
19.0365,284,0.12934,0.27659,-0.02959,0.66582,0.72132,-0.10272,-0.16071,0,0.43623,-0.00807,0.25481,-0.01024,0.48903,0.87221,0.00119,0.43642,-0.00804,0.25453,-0.01022,0.48907,0.87218,0.00104,0.19,0.03,-0.27
19.0532,285,0.12873,0.27666,-0.03005,0.66669,0.72106,-0.09957,-0.16027,0,0.43623,-0.00807,0.25481,-0.01024,0.48903,0.87221,0.00119,0.43642,-0.00804,0.25453,-0.01022,0.48907,0.87218,0.00104,0.19,0.03,-0.27
19.0701,286,0.12685,0.27642,-0.03174,0.66882,0.71989,-0.09523,-0.15931,0,0.43623,-0.00807,0.25480,-0.01025,0.48903,0.87221,0.00119,0.43642,-0.00804,0.25453,-0.01022,0.48907,0.87218,0.00104,0.19,0.03,-0.27
19.0868,287,0.12631,0.27620,-0.03252,0.66831,0.72021,-0.09488,-0.16017,0,0.43623,-0.00807,0.25480,-0.01025,0.48903,0.87220,0.00119,0.43642,-0.00804,0.25453,-0.01022,0.48907,0.87218,0.00104,0.19,0.03,-0.27
19.1036,288,0.12594,0.27594,-0.03361,0.66888,0.71927,-0.09426,-0.16238,0,0.43623,-0.00807,0.25480,-0.01025,0.48903,0.87221,0.00119,0.43642,-0.00804,0.25453,-0.01022,0.48907,0.87218,0.00104,0.19,0.03,-0.27
19.1204,289,0.12509,0.27595,-0.03420,0.67257,0.71643,-0.09193,-0.16103,0,0.43623,-0.00807,0.25480,-0.01025,0.48903,0.87221,0.00119,0.43642,-0.00804,0.25453,-0.01022,0.48907,0.87218,0.00104,0.19,0.03,-0.27
19.1371,290,0.12376,0.27585,-0.03522,0.67381,0.71573,-0.08997,-0.16003,0,0.43623,-0.00807,0.25480,-0.01025,0.48903,0.87221,0.00119,0.43642,-0.00804,0.25453,-0.01022,0.48907,0.87218,0.00104,0.19,0.03,-0.27
19.1539,291,0.12078,0.27651,-0.03617,0.66932,0.71859,-0.08758,-0.16727,0,0.43623,-0.00807,0.25480,-0.01025,0.48903,0.87220,0.00119,0.43642,-0.00804,0.25453,-0.01022,0.48907,0.87218,0.00104,0.19,0.03,-0.27
19.1706,292,0.12005,0.27697,-0.03588,0.66823,0.71946,-0.08579,-0.16878,0,0.43623,-0.00807,0.25480,-0.01025,0.48903,0.87220,0.00119,0.43642,-0.00804,0.25453,-0.01022,0.48907,0.87218,0.00104,0.19,0.03,-0.27
19.1873,293,0.11918,0.27758,-0.03604,0.67000,0.71850,-0.08474,-0.16638,0,0.43623,-0.00807,0.25480,-0.01025,0.48903,0.87220,0.00119,0.43642,-0.00804,0.25453,-0.01022,0.48907,0.87218,0.00104,0.19,0.03,-0.27
19.2039,294,0.11848,0.27757,-0.03571,0.67089,0.71851,-0.08123,-0.16447,0,0.43623,-0.00807,0.25480,-0.01025,0.48903,0.87221,0.00119,0.43642,-0.00804,0.25453,-0.01022,0.48907,0.87218,0.00104,0.19,0.03,-0.27
19.2209,295,0.11705,0.27792,-0.03536,0.66934,0.72013,-0.07856,-0.16503,0,0.43623,-0.00807,0.25480,-0.01025,0.48903,0.87220,0.00118,0.43642,-0.00804,0.25453,-0.01022,0.48907,0.87218,0.00104,0.19,0.03,-0.27
19.2375,296,0.11520,0.27875,-0.03441,0.66234,0.72477,-0.07798,-0.17300,0,0.43623,-0.00807,0.25480,-0.01025,0.48903,0.87220,0.00118,0.43642,-0.00804,0.25453,-0.01022,0.48907,0.87218,0.00104,0.19,0.03,-0.27
19.2541,297,0.11517,0.27941,-0.03311,0.65943,0.72597,-0.07956,-0.17827,0,0.43623,-0.00807,0.25480,-0.01025,0.48903,0.87220,0.00118,0.43642,-0.00804,0.25453,-0.01022,0.48907,0.87218,0.00104,0.19,0.03,-0.27
19.2709,0,0.11467,0.28036,-0.03200,0.65913,0.72565,-0.08025,-0.18040,0,0.43623,-0.00807,0.25480,-0.01025,0.48903,0.87220,0.00118,0.43642,-0.00804,0.25453,-0.01022,0.48907,0.87218,0.00104,0.19,0.03,-0.27
19.2876,1,0.11452,0.28114,-0.03112,0.65949,0.72437,-0.08008,-0.18423,0,0.43623,-0.00807,0.25480,-0.01025,0.48903,0.87220,0.00118,0.43642,-0.00804,0.25453,-0.01022,0.48907,0.87218,0.00104,0.19,0.03,-0.27
19.3044,2,0.11363,0.28168,-0.03230,0.65955,0.72355,-0.07610,-0.18888,0,0.43623,-0.00807,0.25480,-0.01025,0.48903,0.87220,0.00118,0.43642,-0.00804,0.25453,-0.01022,0.48907,0.87218,0.00104,0.19,0.03,-0.27
19.3211,3,0.11276,0.28196,-0.03243,0.65769,0.72422,-0.07817,-0.19194,0,0.43623,-0.00807,0.25480,-0.01025,0.48903,0.87220,0.00118,0.43642,-0.00804,0.25453,-0.01022,0.48907,0.87218,0.00104,0.19,0.03,-0.27
19.3379,4,0.11230,0.28229,-0.03316,0.65726,0.72501,-0.07816,-0.19044,0,0.43623,-0.00807,0.25480,-0.01025,0.48903,0.87220,0.00118,0.43642,-0.00804,0.25453,-0.01022,0.48907,0.87218,0.00104,0.19,0.03,-0.27
19.3547,5,0.11210,0.28254,-0.03349,0.65637,0.72622,-0.07761,-0.18908,0,0.43624,-0.00807,0.25480,-0.01025,0.48903,0.87221,0.00118,0.43642,-0.00804,0.25453,-0.01022,0.48907,0.87218,0.00104,0.19,0.03,-0.27
19.3714,6,0.11209,0.28297,-0.03332,0.65364,0.72779,-0.07806,-0.19229,0,0.43624,-0.00807,0.25480,-0.01025,0.48903,0.87221,0.00118,0.43642,-0.00804,0.25453,-0.01022,0.48907,0.87218,0.00104,0.19,0.03,-0.27
19.3882,7,0.11215,0.28328,-0.03187,0.65176,0.72862,-0.07931,-0.19499,0,0.43624,-0.00807,0.25480,-0.01025,0.48903,0.87221,0.00118,0.43642,-0.00804,0.25453,-0.01022,0.48907,0.87218,0.00104,0.18,0.03,-0.27
19.4050,8,0.11276,0.28378,-0.02956,0.65097,0.72905,-0.08050,-0.19557,0,0.43624,-0.00807,0.25480,-0.01025,0.48903,0.87221,0.00118,0.43642,-0.00804,0.25453,-0.01022,0.48907,0.87218,0.00104,0.18,0.03,-0.26
19.4218,9,0.11343,0.28375,-0.02883,0.65033,0.72926,-0.08141,-0.19654,0,0.43624,-0.00807,0.25480,-0.01024,0.48903,0.87220,0.00118,0.43642,-0.00804,0.25453,-0.01022,0.48907,0.87218,0.00104,0.18,0.03,-0.27
19.4384,10,0.11426,0.28361,-0.02813,0.64922,0.72977,-0.08253,-0.19782,0,0.43624,-0.00807,0.25480,-0.01025,0.48903,0.87220,0.00118,0.43642,-0.00804,0.25453,-0.01022,0.48907,0.87218,0.00104,0.18,0.03,-0.26
19.4552,11,0.11543,0.28350,-0.02730,0.64772,0.73076,-0.08411,-0.19844,0,0.43624,-0.00807,0.25480,-0.01025,0.48903,0.87220,0.00118,0.43642,-0.00804,0.25453,-0.01022,0.48907,0.87218,0.00104,0.18,0.03,-0.26
19.4720,12,0.11840,0.28308,-0.02712,0.64702,0.73056,-0.08628,-0.20050,0,0.43624,-0.00807,0.25480,-0.01025,0.48903,0.87220,0.00118,0.43642,-0.00804,0.25453,-0.01022,0.48907,0.87218,0.00104,0.18,0.03,-0.26
19.4887,13,0.11998,0.28264,-0.02704,0.64663,0.73037,-0.08701,-0.20215,0,0.43624,-0.00807,0.25479,-0.01025,0.48903,0.87221,0.00118,0.43642,-0.00804,0.25453,-0.01022,0.48907,0.87218,0.00104,0.18,0.03,-0.26
19.5057,14,0.12158,0.28223,-0.02684,0.64609,0.73033,-0.08838,-0.20343,0,0.43624,-0.00807,0.25479,-0.01025,0.48903,0.87220,0.00118,0.43642,-0.00804,0.25453,-0.01022,0.48907,0.87218,0.00104,0.18,0.03,-0.26
19.5224,15,0.12320,0.28186,-0.02692,0.64582,0.73071,-0.08842,-0.20286,0,0.43624,-0.00807,0.25480,-0.01025,0.48903,0.87221,0.00118,0.43642,-0.00804,0.25453,-0.01022,0.48907,0.87218,0.00104,0.18,0.03,-0.26
19.5392,16,0.12510,0.28145,-0.02736,0.64580,0.73137,-0.08639,-0.20144,0,0.43624,-0.00807,0.25479,-0.01025,0.48903,0.87220,0.00118,0.43642,-0.00804,0.25453,-0.01022,0.48907,0.87218,0.00104,0.18,0.03,-0.26
19.5560,17,0.12743,0.28088,-0.02826,0.65118,0.72753,-0.08161,-0.20000,0,0.43624,-0.00807,0.25479,-0.01025,0.48903,0.87220,0.00118,0.43642,-0.00804,0.25453,-0.01022,0.48907,0.87218,0.00104,0.18,0.03,-0.26
19.5727,18,0.12803,0.28061,-0.02952,0.65662,0.72342,-0.08083,-0.19745,0,0.43624,-0.00807,0.25479,-0.01025,0.48903,0.87220,0.00118,0.43642,-0.00804,0.25453,-0.01022,0.48907,0.87218,0.00104,0.18,0.03,-0.26
19.5895,19,0.12879,0.28056,-0.03038,0.66116,0.72048,-0.08266,-0.19220,0,0.43624,-0.00807,0.25479,-0.01025,0.48903,0.87221,0.00118,0.43642,-0.00804,0.25453,-0.01022,0.48907,0.87218,0.00104,0.18,0.03,-0.26
19.6062,20,0.12913,0.28005,-0.03190,0.66547,0.71830,-0.08803,-0.18290,0,0.43624,-0.00807,0.25479,-0.01025,0.48903,0.87221,0.00118,0.43642,-0.00804,0.25453,-0.01022,0.48907,0.87218,0.00104,0.18,0.03,-0.26
19.6230,21,0.12913,0.28032,-0.03243,0.66944,0.71622,-0.09452,-0.17305,0,0.43624,-0.00807,0.25479,-0.01025,0.48903,0.87220,0.00118,0.43642,-0.00804,0.25453,-0.01022,0.48907,0.87218,0.00104,0.18,0.03,-0.26
19.6399,22,0.13069,0.28045,-0.03452,0.67923,0.70788,-0.10538,-0.16263,0,0.43624,-0.00807,0.25479,-0.01025,0.48904,0.87220,0.00118,0.43642,-0.00804,0.25453,-0.01022,0.48907,0.87218,0.00104,0.18,0.03,-0.26
19.6566,23,0.13053,0.28110,-0.03541,0.68497,0.70238,-0.10579,-0.16212,0,0.43624,-0.00807,0.25479,-0.01025,0.48904,0.87220,0.00118,0.43642,-0.00804,0.25453,-0.01022,0.48907,0.87218,0.00104,0.18,0.03,-0.26
19.6732,24,0.12952,0.28160,-0.03662,0.69157,0.69561,-0.10246,-0.16541,0,0.43624,-0.00807,0.25479,-0.01025,0.48904,0.87220,0.00118,0.43642,-0.00804,0.25453,-0.01022,0.48907,0.87218,0.00104,0.18,0.03,-0.26
19.6901,25,0.12806,0.28331,-0.03787,0.69715,0.69072,-0.09865,-0.16482,0,0.43624,-0.00807,0.25479,-0.01025,0.48904,0.87220,0.00118,0.43642,-0.00804,0.25453,-0.01022,0.48907,0.87218,0.00104,0.18,0.03,-0.26
19.7067,26,0.12660,0.28445,-0.03827,0.69932,0.69064,-0.09647,-0.15704,0,0.43624,-0.00807,0.25479,-0.01025,0.48904,0.87220,0.00118,0.43642,-0.00804,0.25453,-0.01022,0.48907,0.87218,0.00104,0.18,0.03,-0.26
19.7236,27,0.12351,0.28824,-0.03381,0.69464,0.69821,-0.08862,-0.14872,0,0.43624,-0.00807,0.25479,-0.01025,0.48903,0.87220,0.00118,0.43642,-0.00804,0.25453,-0.01022,0.48907,0.87218,0.00104,0.18,0.03,-0.26
19.7402,28,0.12097,0.29018,-0.03040,0.69007,0.70267,-0.08450,-0.15139,0,0.43624,-0.00807,0.25479,-0.01025,0.48904,0.87220,0.00118,0.43642,-0.00804,0.25453,-0.01022,0.48907,0.87218,0.00104,0.18,0.03,-0.26
19.7570,29,0.11792,0.29272,-0.02582,0.68571,0.70639,-0.08073,-0.15585,0,0.43624,-0.00807,0.25479,-0.01025,0.48904,0.87220,0.00117,0.43642,-0.00804,0.25453,-0.01022,0.48907,0.87218,0.00104,0.18,0.03,-0.26
19.7738,30,0.11536,0.29489,-0.02129,0.68188,0.70932,-0.07735,-0.16103,0,0.43624,-0.00807,0.25479,-0.01025,0.48904,0.87220,0.00117,0.43642,-0.00804,0.25453,-0.01022,0.48907,0.87218,0.00104,0.18,0.03,-0.26
19.7904,31,0.11285,0.29682,-0.01714,0.68108,0.70991,-0.07588,-0.16250,0,0.43624,-0.00807,0.25479,-0.01025,0.48904,0.87220,0.00118,0.43642,-0.00804,0.25453,-0.01022,0.48907,0.87218,0.00104,0.18,0.03,-0.26
19.8071,32,0.10896,0.30373,-0.01090,0.68485,0.70944,-0.07044,-0.15073,0,0.43624,-0.00807,0.25479,-0.01024,0.48904,0.87220,0.00118,0.43642,-0.00804,0.25453,-0.01022,0.48907,0.87218,0.00104,0.18,0.03,-0.26
19.8239,33,0.10839,0.30533,-0.00870,0.68232,0.71252,-0.06925,-0.14817,0,0.43625,-0.00807,0.25479,-0.01024,0.48903,0.87220,0.00118,0.43642,-0.00804,0.25453,-0.01022,0.48907,0.87218,0.00104,0.18,0.03,-0.26
19.8407,34,0.11001,0.30594,-0.00766,0.68002,0.71489,-0.07016,-0.14690,0,0.43624,-0.00807,0.25479,-0.01024,0.48903,0.87220,0.00118,0.43642,-0.00804,0.25453,-0.01022,0.48907,0.87218,0.00104,0.18,0.03,-0.26
19.8575,35,0.11159,0.30619,-0.00611,0.67876,0.71576,-0.07488,-0.14618,0,0.43624,-0.00807,0.25479,-0.01025,0.48903,0.87220,0.00118,0.43642,-0.00804,0.25453,-0.01022,0.48907,0.87218,0.00104,0.18,0.03,-0.25
19.8743,36,0.11341,0.30630,-0.00269,0.67876,0.71512,-0.08123,-0.14591,0,0.43624,-0.00807,0.25479,-0.01025,0.48903,0.87220,0.00117,0.43642,-0.00804,0.25453,-0.01022,0.48907,0.87218,0.00104,0.18,0.03,-0.25
19.8910,37,0.12025,0.30897,0.00647,0.68313,0.70980,-0.08895,-0.14701,0,0.43624,-0.00807,0.25479,-0.01024,0.48903,0.87220,0.00118,0.43642,-0.00804,0.25453,-0.01022,0.48907,0.87218,0.00104,0.18,0.03,-0.25
19.9076,38,0.12476,0.30842,0.01065,0.68613,0.70597,-0.09038,-0.15053,0,0.43625,-0.00807,0.25479,-0.01024,0.48903,0.87220,0.00118,0.43642,-0.00804,0.25453,-0.01022,0.48907,0.87218,0.00104,0.18,0.03,-0.25
19.9245,39,0.12819,0.30591,0.01496,0.68737,0.70402,-0.09161,-0.15325,0,0.43624,-0.00807,0.25478,-0.01024,0.48903,0.87221,0.00118,0.43642,-0.00804,0.25453,-0.01022,0.48907,0.87218,0.00104,0.18,0.03,-0.25
19.9411,40,0.13069,0.30627,0.02127,0.68713,0.70368,-0.09472,-0.15398,0,0.43624,-0.00807,0.25478,-0.01024,0.48903,0.87220,0.00118,0.43642,-0.00804,0.25453,-0.01022,0.48907,0.87218,0.00104,0.18,0.03,-0.25
19.9578,41,0.13167,0.30423,0.02620,0.68788,0.70273,-0.09803,-0.15291,0,0.43624,-0.00807,0.25478,-0.01025,0.48903,0.87220,0.00118,0.43642,-0.00804,0.25453,-0.01022,0.48907,0.87218,0.00104,0.18,0.03,-0.25
19.9747,42,0.12983,0.30258,0.04205,0.68024,0.71141,-0.09711,-0.14746,0,0.43625,-0.00807,0.25478,-0.01024,0.48903,0.87220,0.00118,0.43642,-0.00804,0.25453,-0.01022,0.48907,0.87218,0.00104,0.18,0.03,-0.25
19.9913,43,0.13022,0.30004,0.05187,0.67432,0.71621,-0.10199,-0.14810,0,0.43625,-0.00807,0.25478,-0.01024,0.48904,0.87220,0.00118,0.43642,-0.00804,0.25453,-0.01022,0.48907,0.87218,0.00104,0.17,0.03,-0.25
20.0080,44,0.13135,0.29760,0.06113,0.67074,0.71752,-0.11341,-0.14970,0,0.43625,-0.00807,0.25478,-0.01024,0.48903,0.87220,0.00118,0.43642,-0.00804,0.25453,-0.01022,0.48907,0.87218,0.00104,0.17,0.03,-0.25
20.0248,45,0.13253,0.29561,0.06922,0.67291,0.71493,-0.12082,-0.14653,0,0.43625,-0.00807,0.25478,-0.01024,0.48903,0.87220,0.00118,0.43642,-0.00804,0.25453,-0.01022,0.48907,0.87218,0.00104,0.18,0.03,-0.25
20.0418,46,0.13209,0.29414,0.07595,0.67750,0.71233,-0.11985,-0.13861,0,0.43624,-0.00807,0.25478,-0.01025,0.48904,0.87220,0.00118,0.43642,-0.00804,0.25453,-0.01022,0.48907,0.87218,0.00104,0.18,0.03,-0.25
20.0583,47,0.12806,0.28852,0.08531,0.67710,0.71649,-0.11837,-0.11901,0,0.43624,-0.00807,0.25478,-0.01024,0.48904,0.87220,0.00118,0.43642,-0.00804,0.25453,-0.01022,0.48907,0.87218,0.00104,0.18,0.03,-0.25
20.0750,48,0.12566,0.28673,0.08931,0.67530,0.71895,-0.12159,-0.11088,0,0.43625,-0.00807,0.25478,-0.01024,0.48903,0.87220,0.00118,0.43642,-0.00804,0.25453,-0.01022,0.48907,0.87218,0.00104,0.17,0.03,-0.25
20.0919,49,0.12480,0.28498,0.09360,0.67391,0.71982,-0.12599,-0.10873,0,0.43625,-0.00807,0.25478,-0.01024,0.48903,0.87220,0.00118,0.43642,-0.00804,0.25453,-0.01022,0.48907,0.87218,0.00104,0.17,0.03,-0.25
20.1086,50,0.12343,0.28240,0.09719,0.67393,0.71902,-0.13081,-0.10825,0,0.43624,-0.00807,0.25478,-0.01024,0.48903,0.87220,0.00118,0.43642,-0.00804,0.25453,-0.01022,0.48907,0.87218,0.00104,0.18,0.03,-0.25
20.1255,51,0.12168,0.27951,0.10200,0.67392,0.71898,-0.13118,-0.10814,0,0.43624,-0.00807,0.25478,-0.01024,0.48904,0.87220,0.00118,0.43642,-0.00804,0.25453,-0.01022,0.48907,0.87218,0.00104,0.18,0.03,-0.25
20.1421,52,0.11218,0.26919,0.11504,0.67470,0.72166,-0.12075,-0.09698,0,0.43625,-0.00807,0.25478,-0.01024,0.48904,0.87220,0.00118,0.43642,-0.00804,0.25453,-0.01022,0.48907,0.87218,0.00104,0.17,0.03,-0.25
20.1588,53,0.10581,0.26349,0.12201,0.67738,0.72187,-0.10949,-0.08988,0,0.43625,-0.00807,0.25478,-0.01024,0.48904,0.87220,0.00118,0.43642,-0.00804,0.25453,-0.01022,0.48907,0.87218,0.00104,0.18,0.03,-0.25
20.1757,54,0.09870,0.25867,0.12658,0.68271,0.71899,-0.09563,-0.08845,0,0.43624,-0.00807,0.25478,-0.01024,0.48904,0.87220,0.00118,0.43642,-0.00804,0.25453,-0.01022,0.48907,0.87218,0.00104,0.18,0.03,-0.25
20.1924,55,0.08854,0.25669,0.13247,0.68621,0.71693,-0.07890,-0.09431,0,0.43624,-0.00807,0.25478,-0.01024,0.48904,0.87220,0.00118,0.43642,-0.00804,0.25453,-0.01022,0.48907,0.87218,0.00104,0.18,0.03,-0.25
20.2091,56,0.07746,0.25625,0.13512,0.69022,0.71440,-0.06116,-0.09743,0,0.43624,-0.00807,0.25478,-0.01024,0.48904,0.87220,0.00118,0.43642,-0.00804,0.25453,-0.01022,0.48907,0.87218,0.00104,0.18,0.03,-0.25
20.2260,57,0.05805,0.25891,0.13135,0.69472,0.71284,-0.03942,-0.08755,0,0.43625,-0.00807,0.25478,-0.01024,0.48904,0.87220,0.00118,0.43642,-0.00804,0.25453,-0.01022,0.48907,0.87218,0.00104,0.18,0.03,-0.25
20.2427,58,0.05230,0.25815,0.12809,0.69662,0.71280,-0.03206,-0.07491,0,0.43625,-0.00807,0.25478,-0.01024,0.48904,0.87220,0.00118,0.43642,-0.00804,0.25453,-0.01022,0.48907,0.87218,0.00104,0.18,0.03,-0.25
20.2594,59,0.04686,0.25833,0.12648,0.69638,0.71454,-0.02588,-0.06182,0,0.43625,-0.00807,0.25478,-0.01024,0.48904,0.87220,0.00118,0.43642,-0.00804,0.25453,-0.01022,0.48907,0.87218,0.00104,0.18,0.03,-0.25
20.2762,60,0.04090,0.25744,0.12568,0.69771,0.71387,-0.01875,-0.05692,0,0.43624,-0.00807,0.25478,-0.01024,0.48904,0.87220,0.00118,0.43642,-0.00804,0.25453,-0.01022,0.48907,0.87218,0.00104,0.18,0.03,-0.25
20.2928,61,0.03707,0.25665,0.12481,0.70124,0.71052,-0.01235,-0.05721,0,0.43625,-0.00807,0.25478,-0.01024,0.48903,0.87220,0.00118,0.43642,-0.00804,0.25453,-0.01022,0.48907,0.87218,0.00104,0.18,0.03,-0.25
20.3230,62,0.03891,0.23478,0.12184,0.70224,0.70837,-0.00586,-0.07099,0,0.43625,-0.00807,0.25478,-0.01024,0.48903,0.87220,0.00118,0.43642,-0.00804,0.25453,-0.01022,0.48907,0.87218,0.00104,0.17,0.03,-0.25
20.3397,63,0.03474,0.25280,0.09241,0.72829,0.67648,-0.03725,-0.10286,0,0.43625,-0.00807,0.25478,-0.01024,0.48903,0.87220,0.00118,0.43642,-0.00804,0.25453,-0.01022,0.48907,0.87218,0.00104,0.17,0.03,-0.25
20.3564,64,0.04526,0.25972,0.08427,0.73488,0.67311,-0.03723,-0.07401,0,0.43624,-0.00807,0.25477,-0.01024,0.48903,0.87220,0.00118,0.43642,-0.00804,0.25453,-0.01022,0.48907,0.87218,0.00104,0.18,0.03,-0.24
20.3731,65,0.04984,0.25513,0.09255,0.70790,0.70341,-0.02928,-0.05687,0,0.43625,-0.00807,0.25478,-0.01024,0.48904,0.87220,0.00118,0.43642,-0.00804,0.25453,-0.01022,0.48907,0.87218,0.00104,0.17,0.03,-0.24
20.3900,66,0.05868,0.24271,0.09187,0.70505,0.70597,-0.03107,-0.05964,0,0.43625,-0.00807,0.25477,-0.01024,0.48904,0.87220,0.00118,0.43642,-0.00804,0.25453,-0.01022,0.48907,0.87218,0.00104,0.17,0.03,-0.24
20.4067,67,0.06087,0.25401,0.09182,0.70328,0.70712,-0.03267,-0.06565,0,0.43624,-0.00807,0.25477,-0.01024,0.48904,0.87220,0.00118,0.43642,-0.00804,0.25453,-0.01022,0.48907,0.87218,0.00104,0.18,0.03,-0.24
20.4234,68,0.06819,0.25476,0.08859,0.71581,0.69325,-0.04223,-0.07238,0,0.43625,-0.00807,0.25477,-0.01024,0.48904,0.87220,0.00118,0.43642,-0.00804,0.25453,-0.01022,0.48907,0.87218,0.00104,0.17,0.03,-0.24
20.4404,69,0.06861,0.24796,0.09801,0.70367,0.70389,-0.04879,-0.08371,0,0.43625,-0.00807,0.25477,-0.01024,0.48903,0.87220,0.00118,0.43642,-0.00804,0.25453,-0.01022,0.48907,0.87218,0.00104,0.17,0.03,-0.24
20.4570,70,0.07338,0.25053,0.09662,0.71091,0.69569,-0.05802,-0.08518,0,0.43625,-0.00807,0.25477,-0.01024,0.48903,0.87220,0.00118,0.43642,-0.00804,0.25453,-0.01022,0.48907,0.87218,0.00104,0.17,0.03,-0.24
20.4737,71,0.07545,0.24880,0.09955,0.70953,0.69626,-0.06500,-0.08695,0,0.43625,-0.00807,0.25477,-0.01024,0.48904,0.87220,0.00118,0.43642,-0.00804,0.25453,-0.01022,0.48907,0.87218,0.00104,0.17,0.03,-0.24
20.4905,72,0.08646,0.24632,0.09898,0.71511,0.68866,-0.07874,-0.09032,0,0.43625,-0.00807,0.25477,-0.01024,0.48903,0.87220,0.00118,0.43642,-0.00804,0.25453,-0.01022,0.48907,0.87218,0.00104,0.17,0.03,-0.24
20.5073,73,0.09278,0.24763,0.09406,0.72255,0.68003,-0.08425,-0.09157,0,0.43625,-0.00807,0.25477,-0.01024,0.48903,0.87220,0.00118,0.43642,-0.00804,0.25453,-0.01022,0.48907,0.87218,0.00104,0.17,0.03,-0.24
20.5240,74,0.09855,0.24401,0.09288,0.72015,0.68241,-0.08789,-0.08931,0,0.43625,-0.00807,0.25477,-0.01024,0.48903,0.87220,0.00118,0.43642,-0.00804,0.25453,-0.01022,0.48907,0.87218,0.00104,0.17,0.03,-0.24
20.5409,75,0.10400,0.24629,0.08702,0.72374,0.67747,-0.09550,-0.09005,0,0.43625,-0.00806,0.25477,-0.01024,0.48903,0.87220,0.00118,0.43642,-0.00804,0.25453,-0.01022,0.48907,0.87218,0.00104,0.17,0.02,-0.24
20.5576,76,0.11019,0.24508,0.08268,0.72726,0.67317,-0.10124,-0.08764,0,0.43625,-0.00807,0.25477,-0.01024,0.48904,0.87220,0.00118,0.43642,-0.00804,0.25453,-0.01022,0.48907,0.87218,0.00104,0.17,0.03,-0.24
20.5743,77,0.11657,0.23999,0.07211,0.73909,0.66046,-0.10610,-0.07921,0,0.43625,-0.00807,0.25477,-0.01024,0.48904,0.87220,0.00118,0.43642,-0.00804,0.25453,-0.01022,0.48907,0.87218,0.00104,0.17,0.03,-0.24
20.5911,78,0.11427,0.23710,0.07294,0.73983,0.66037,-0.10633,-0.07252,0,0.43625,-0.00807,0.25477,-0.01024,0.48903,0.87220,0.00118,0.43642,-0.00804,0.25453,-0.01022,0.48907,0.87218,0.00104,0.17,0.03,-0.24
20.6077,79,0.11218,0.23878,0.07471,0.74289,0.65747,-0.10239,-0.07329,0,0.43625,-0.00807,0.25477,-0.01024,0.48903,0.87220,0.00118,0.43642,-0.00804,0.25453,-0.01022,0.48907,0.87218,0.00104,0.17,0.03,-0.24
20.6244,80,0.10904,0.23830,0.07327,0.75575,0.64419,-0.09724,-0.06642,0,0.43625,-0.00807,0.25477,-0.01024,0.48903,0.87220,0.00118,0.43642,-0.00804,0.25453,-0.01022,0.48907,0.87218,0.00104,0.17,0.03,-0.24
20.6413,81,0.10765,0.23649,0.07136,0.76753,0.63180,-0.09444,-0.05300,0,0.43625,-0.00807,0.25477,-0.01024,0.48903,0.87220,0.00118,0.43642,-0.00804,0.25453,-0.01022,0.48907,0.87218,0.00104,0.17,0.03,-0.23
20.6581,82,0.10915,0.23017,0.06940,0.78190,0.61438,-0.10123,-0.03043,0,0.43625,-0.00807,0.25477,-0.01024,0.48904,0.87220,0.00118,0.43642,-0.00804,0.25453,-0.01022,0.48907,0.87218,0.00104,0.17,0.03,-0.23
20.6747,83,0.11088,0.22722,0.06854,0.79098,0.60308,-0.10179,-0.01673,0,0.43625,-0.00807,0.25477,-0.01024,0.48904,0.87220,0.00118,0.43642,-0.00804,0.25453,-0.01022,0.48907,0.87218,0.00104,0.17,0.03,-0.24
20.6916,84,0.11284,0.22307,0.06654,0.80279,0.58834,-0.09674,-0.00412,0,0.43625,-0.00807,0.25477,-0.01024,0.48904,0.87220,0.00118,0.43642,-0.00804,0.25453,-0.01022,0.48907,0.87218,0.00104,0.17,0.03,-0.24
20.7083,85,0.11448,0.21928,0.06316,0.81683,0.57063,-0.08467,0.00224,0,0.43625,-0.00807,0.25477,-0.01024,0.48904,0.87220,0.00118,0.43642,-0.00804,0.25453,-0.01022,0.48907,0.87218,0.00104,0.17,0.03,-0.23
20.7251,86,0.11413,0.20931,0.05689,0.83657,0.54456,-0.05751,0.01704,0,0.43625,-0.00807,0.25476,-0.01024,0.48904,0.87220,0.00118,0.43642,-0.00804,0.25453,-0.01022,0.48907,0.87218,0.00104,0.17,0.03,-0.23
20.7419,87,0.11027,0.20503,0.05492,0.83947,0.54005,-0.05241,0.02987,0,0.43625,-0.00807,0.25476,-0.01024,0.48904,0.87220,0.00118,0.43642,-0.00804,0.25453,-0.01022,0.48907,0.87218,0.00104,0.17,0.03,-0.23
20.7586,88,0.10846,0.20161,0.05300,0.84108,0.53711,-0.04776,0.04266,0,0.43625,-0.00807,0.25477,-0.01024,0.48904,0.87220,0.00118,0.43642,-0.00804,0.25453,-0.01022,0.48907,0.87218,0.00104,0.17,0.03,-0.23
20.7754,89,0.10594,0.19947,0.05151,0.84017,0.53581,-0.05098,0.06649,0,0.43625,-0.00806,0.25477,-0.01024,0.48903,0.87220,0.00118,0.43642,-0.00804,0.25453,-0.01022,0.48907,0.87218,0.00104,0.17,0.02,-0.24
20.7921,90,0.10465,0.19845,0.05001,0.83937,0.53520,-0.05630,0.07649,0,0.43625,-0.00807,0.25476,-0.01024,0.48903,0.87220,0.00118,0.43642,-0.00804,0.25453,-0.01022,0.48907,0.87218,0.00104,0.17,0.03,-0.23
20.8087,91,0.10603,0.19712,0.04878,0.84385,0.52724,-0.07669,0.06363,0,0.43625,-0.00807,0.25476,-0.01024,0.48904,0.87220,0.00118,0.43642,-0.00804,0.25453,-0.01022,0.48907,0.87218,0.00104,0.17,0.03,-0.23
20.8255,92,0.10772,0.19548,0.04886,0.84842,0.52089,-0.08405,0.04244,0,0.43625,-0.00807,0.25476,-0.01024,0.48904,0.87220,0.00118,0.43642,-0.00804,0.25453,-0.01022,0.48907,0.87218,0.00104,0.17,0.03,-0.23
20.8423,93,0.10853,0.19400,0.04927,0.85348,0.51228,-0.09241,0.02476,0,0.43625,-0.00807,0.25477,-0.01024,0.48904,0.87220,0.00118,0.43642,-0.00804,0.25453,-0.01022,0.48907,0.87218,0.00104,0.17,0.03,-0.23
20.8591,94,0.10950,0.19195,0.04950,0.85903,0.50093,-0.10397,0.01793,0,0.43626,-0.00807,0.25477,-0.01024,0.48904,0.87220,0.00118,0.43642,-0.00804,0.25453,-0.01022,0.48907,0.87218,0.00104,0.17,0.03,-0.23
20.8757,95,0.11200,0.18931,0.04829,0.86372,0.49087,-0.11255,0.01912,0,0.43625,-0.00807,0.25476,-0.01024,0.48904,0.87220,0.00118,0.43642,-0.00804,0.25453,-0.01022,0.48907,0.87218,0.00104,0.17,0.03,-0.23
20.8925,96,0.11642,0.18341,0.04624,0.87058,0.47483,-0.12550,0.02964,0,0.43625,-0.00807,0.25476,-0.01024,0.48903,0.87220,0.00118,0.43642,-0.00804,0.25453,-0.01022,0.48907,0.87218,0.00104,0.17,0.03,-0.23
20.9093,97,0.11805,0.18083,0.04576,0.87201,0.47022,-0.13123,0.03569,0,0.43625,-0.00807,0.25476,-0.01024,0.48904,0.87220,0.00118,0.43642,-0.00804,0.25453,-0.01022,0.48907,0.87218,0.00104,0.17,0.03,-0.23
20.9260,98,0.11967,0.17862,0.04551,0.87233,0.46663,-0.14074,0.03854,0,0.43626,-0.00807,0.25476,-0.01024,0.48904,0.87220,0.00118,0.43642,-0.00804,0.25453,-0.01022,0.48907,0.87218,0.00104,0.17,0.03,-0.23
20.9428,99,0.11908,0.17722,0.04757,0.87359,0.46104,-0.15184,0.03495,0,0.43625,-0.00807,0.25476,-0.01024,0.48904,0.87220,0.00118,0.43642,-0.00804,0.25453,-0.01022,0.48907,0.87218,0.00104,0.17,0.03,-0.23
20.9594,100,0.11853,0.17462,0.05102,0.87695,0.45269,-0.15958,0.02377,0,0.43625,-0.00807,0.25476,-0.01024,0.48904,0.87220,0.00118,0.43642,-0.00804,0.25453,-0.01022,0.48907,0.87218,0.00104,0.17,0.03,-0.23
20.9763,101,0.10902,0.17328,0.05652,0.88161,0.44757,-0.14970,0.00535,0,0.43625,-0.00807,0.25476,-0.01024,0.48904,0.87220,0.00118,0.43642,-0.00804,0.25453,-0.01022,0.48907,0.87218,0.00104,0.17,0.03,-0.23
20.9929,102,0.10487,0.17128,0.05876,0.88661,0.43891,-0.14586,0.00169,0,0.43625,-0.00807,0.25476,-0.01024,0.48904,0.87220,0.00118,0.43642,-0.00804,0.25453,-0.01022,0.48907,0.87218,0.00104,0.17,0.03,-0.23
21.0097,103,0.10392,0.17020,0.05880,0.89282,0.42724,-0.14256,-0.00434,0,0.43626,-0.00807,0.25476,-0.01024,0.48904,0.87220,0.00118,0.43642,-0.00804,0.25453,-0.01022,0.48907,0.87218,0.00104,0.16,0.03,-0.23
21.0264,104,0.17280,0.06681,0.05705,0.90133,0.41018,-0.13874,-0.01020,0,0.43626,-0.00807,0.25476,-0.01024,0.48903,0.87220,0.00118,0.43642,-0.00804,0.25453,-0.01022,0.48907,0.87218,0.00104,0.16,0.03,-0.23
21.0433,105,0.20289,0.01955,0.05682,0.90574,0.39786,-0.14533,-0.01494,0,0.43626,-0.00807,0.25476,-0.01024,0.48903,0.87220,0.00118,0.43642,-0.00804,0.25453,-0.01022,0.48907,0.87218,0.00104,0.16,0.03,-0.23
21.0599,106,0.22461,-0.01624,0.05253,0.90931,0.38344,-0.15397,-0.04929,0,0.43626,-0.00807,0.25476,-0.01024,0.48903,0.87220,0.00118,0.43642,-0.00804,0.25453,-0.01022,0.48907,0.87218,0.00104,0.16,0.03,-0.23
21.0767,107,0.22700,-0.02171,0.05013,0.91051,0.37819,-0.15031,-0.07312,0,0.43626,-0.00807,0.25476,-0.01024,0.48904,0.87220,0.00118,0.43642,-0.00804,0.25453,-0.01022,0.48907,0.87218,0.00104,0.16,0.03,-0.23
21.0934,108,0.22834,-0.02667,0.04771,0.91206,0.37442,-0.13986,-0.09166,0,0.43626,-0.00807,0.25476,-0.01024,0.48904,0.87220,0.00118,0.43642,-0.00804,0.25453,-0.01022,0.48907,0.87218,0.00104,0.16,0.03,-0.23
21.1102,109,0.22792,-0.03000,0.04464,0.91628,0.36695,-0.12758,-0.09743,0,0.43626,-0.00807,0.25476,-0.01024,0.48904,0.87220,0.00117,0.43642,-0.00804,0.25453,-0.01022,0.48907,0.87218,0.00104,0.16,0.03,-0.23
21.1270,110,0.22790,-0.03121,0.04072,0.92098,0.36005,-0.11940,-0.08896,0,0.43626,-0.00807,0.25476,-0.01024,0.48904,0.87220,0.00117,0.43642,-0.00804,0.25453,-0.01022,0.48907,0.87218,0.00104,0.16,0.03,-0.23
21.1436,111,0.22751,-0.03607,0.03214,0.92347,0.35936,-0.11873,-0.06296,0,0.43626,-0.00807,0.25476,-0.01024,0.48904,0.87220,0.00117,0.43642,-0.00804,0.25453,-0.01022,0.48907,0.87218,0.00104,0.16,0.03,-0.23
21.1603,112,0.22641,-0.03797,0.02720,0.92513,0.35401,-0.12823,-0.04874,0,0.43626,-0.00807,0.25476,-0.01024,0.48904,0.87220,0.00117,0.43642,-0.00804,0.25453,-0.01022,0.48907,0.87218,0.00104,0.16,0.03,-0.23
21.1771,113,0.22558,-0.04057,0.02209,0.92452,0.35213,-0.13730,-0.04922,0,0.43626,-0.00807,0.25476,-0.01024,0.48904,0.87220,0.00117,0.43642,-0.00804,0.25453,-0.01022,0.48907,0.87218,0.00104,0.16,0.03,-0.23
21.1938,114,0.22540,-0.04441,0.01644,0.92186,0.35455,-0.14348,-0.06224,0,0.43625,-0.00807,0.25476,-0.01024,0.48904,0.87220,0.00117,0.43642,-0.00804,0.25453,-0.01022,0.48907,0.87218,0.00104,0.17,0.03,-0.23
21.2112,115,0.22528,-0.04657,0.00958,0.92115,0.35546,-0.14104,-0.07229,1,0.43625,-0.00807,0.25476,-0.01024,0.48904,0.87220,0.00117,0.43625,-0.00807,0.25476,-0.01024,0.48904,0.87220,0.00117,0.00,-0.00,0.00
21.2275,116,0.22714,-0.04826,-0.00620,0.92973,0.33331,-0.14583,-0.05685,1,0.43626,-0.00807,0.25476,-0.01024,0.48904,0.87220,0.00117,0.43790,-0.00826,0.25458,-0.01024,0.48904,0.87220,0.00117,1.65,-0.19,-0.18
21.2445,117,0.22761,-0.04960,-0.01361,0.92998,0.32756,-0.15567,-0.05999,1,0.43626,-0.00807,0.25478,-0.01021,0.48904,0.87220,0.00116,0.43954,-0.00842,0.25436,-0.01024,0.48904,0.87220,0.00117,3.29,-0.35,-0.42
21.2610,118,0.22792,-0.05069,-0.02198,0.92985,0.32726,-0.15107,-0.07387,1,0.43627,-0.00808,0.25480,-0.01019,0.48905,0.87220,0.00116,0.44119,-0.00854,0.25413,-0.01024,0.48904,0.87220,0.00117,4.92,-0.46,-0.67
21.2780,119,0.22768,-0.05231,-0.03203,0.92734,0.32571,-0.16111,-0.08946,1,0.43637,-0.00812,0.25484,-0.01019,0.48908,0.87218,0.00122,0.44284,-0.00859,0.25389,-0.01024,0.48904,0.87220,0.00117,6.47,-0.48,-0.94
21.2945,120,0.22673,-0.05245,-0.04163,0.92828,0.32148,-0.16103,-0.09493,1,0.43666,-0.00817,0.25486,-0.01017,0.48900,0.87223,0.00128,0.44450,-0.00858,0.25372,-0.01024,0.48904,0.87220,0.00117,7.84,-0.40,-1.14
21.3115,121,0.22572,-0.05004,-0.06028,0.93207,0.30502,-0.17246,-0.09197,1,0.43725,-0.00825,0.25486,-0.01014,0.48899,0.87223,0.00134,0.44616,-0.00853,0.25372,-0.01024,0.48904,0.87220,0.00117,8.91,-0.28,-1.14
21.3282,122,0.22422,-0.04717,-0.06941,0.93076,0.30380,-0.17921,-0.09635,1,0.43818,-0.00832,0.25484,-0.01007,0.48899,0.87223,0.00138,0.44783,-0.00843,0.25383,-0.01024,0.48904,0.87220,0.00117,9.65,-0.11,-1.02
21.3447,123,0.22262,-0.04371,-0.07828,0.92960,0.30505,-0.18104,-0.10003,1,0.43936,-0.00835,0.25478,-0.01002,0.48900,0.87223,0.00141,0.44947,-0.00830,0.25403,-0.01024,0.48904,0.87220,0.00117,10.11,0.05,-0.75
21.3615,124,0.22091,-0.03954,-0.08663,0.92834,0.30765,-0.18197,-0.10213,1,0.44065,-0.00838,0.25466,-0.01002,0.48901,0.87222,0.00141,0.45111,-0.00814,0.25432,-0.01024,0.48904,0.87220,0.00117,10.45,0.24,-0.34
21.3782,125,0.21886,-0.03504,-0.09439,0.92715,0.31091,-0.18158,-0.10370,1,0.44214,-0.00845,0.25450,-0.01006,0.48907,0.87219,0.00140,0.45272,-0.00795,0.25471,-0.01024,0.48904,0.87220,0.00117,10.58,0.51,0.20
21.3950,126,0.21374,-0.02340,-0.10885,0.92527,0.32088,-0.17469,-0.10201,1,0.44378,-0.00855,0.25439,-0.01002,0.48909,0.87217,0.00142,0.45426,-0.00768,0.25527,-0.01024,0.48904,0.87220,0.00117,10.48,0.87,0.88
21.4120,127,0.21076,-0.01734,-0.11562,0.92383,0.32857,-0.17026,-0.09794,1,0.44551,-0.00860,0.25438,-0.00996,0.48910,0.87217,0.00146,0.45577,-0.00737,0.25591,-0.01024,0.48904,0.87220,0.00117,10.26,1.23,1.53
21.4285,128,0.20785,-0.01095,-0.12207,0.92176,0.33975,-0.16467,-0.08838,1,0.44684,-0.00859,0.25444,-0.00996,0.48910,0.87217,0.00148,0.45724,-0.00704,0.25661,-0.01024,0.48904,0.87220,0.00117,10.40,1.55,2.17
21.4453,129,0.20461,-0.00461,-0.12818,0.91964,0.35082,-0.15947,-0.07593,1,0.44684,-0.00859,0.25444,-0.00996,0.48910,0.87217,0.00148,0.45868,-0.00667,0.25737,-0.01024,0.48904,0.87220,0.00117,11.84,1.92,2.93
21.4621,130,0.20125,0.00192,-0.13420,0.91788,0.35927,-0.15419,-0.06811,1,0.45054,-0.00831,0.25486,-0.01013,0.48910,0.87217,0.00140,0.46008,-0.00628,0.25818,-0.01024,0.48904,0.87220,0.00117,9.54,2.03,3.32
21.4788,131,0.19420,0.01564,-0.14488,0.91490,0.36982,-0.14859,-0.06410,1,0.45222,-0.00806,0.25524,-0.01016,0.48908,0.87218,0.00137,0.46141,-0.00583,0.25908,-0.01024,0.48904,0.87220,0.00117,9.19,2.23,3.84
21.4958,132,0.19043,0.02262,-0.14963,0.91306,0.37556,-0.14633,-0.06212,1,0.45388,-0.00776,0.25573,-0.01020,0.48908,0.87218,0.00133,0.46271,-0.00536,0.26002,-0.01024,0.48904,0.87220,0.00117,8.83,2.40,4.30
21.5125,133,0.18661,0.02905,-0.15414,0.91078,0.38340,-0.14221,-0.05712,1,0.45536,-0.00746,0.25625,-0.01026,0.48909,0.87217,0.00127,0.46397,-0.00487,0.26099,-0.01024,0.48904,0.87220,0.00117,8.61,2.59,4.74
21.5294,134,0.18288,0.03471,-0.15860,0.90810,0.39287,-0.13678,-0.04785,1,0.45689,-0.00710,0.25689,-0.01031,0.48908,0.87218,0.00122,0.46521,-0.00435,0.26198,-0.01024,0.48904,0.87220,0.00117,8.32,2.75,5.09
21.5461,135,0.17915,0.03998,-0.16263,0.90540,0.40250,-0.13045,-0.03509,1,0.45838,-0.00669,0.25763,-0.01033,0.48905,0.87219,0.00121,0.46642,-0.00381,0.26298,-0.01024,0.48904,0.87220,0.00117,8.04,2.88,5.35
21.5628,136,0.17219,0.04899,-0.16955,0.90215,0.41432,-0.11996,-0.00869,1,0.45979,-0.00624,0.25845,-0.01035,0.48904,0.87220,0.00118,0.46760,-0.00322,0.26401,-0.01024,0.48904,0.87220,0.00117,7.81,3.01,5.56
21.5796,137,0.16887,0.05297,-0.17234,0.90134,0.41657,-0.11851,-0.00028,1,0.46110,-0.00579,0.25929,-0.01034,0.48905,0.87219,0.00117,0.46876,-0.00262,0.26504,-0.01024,0.48904,0.87220,0.00117,7.66,3.17,5.74
21.5961,138,0.16551,0.05693,-0.17461,0.90074,0.41790,-0.11829,0.00593,1,0.46244,-0.00531,0.26022,-0.01035,0.48905,0.87219,0.00116,0.46991,-0.00199,0.26608,-0.01024,0.48904,0.87220,0.00117,7.46,3.32,5.86
21.6128,139,0.16204,0.06056,-0.17652,0.90092,0.41757,-0.11794,0.00869,1,0.46374,-0.00483,0.26118,-0.01037,0.48904,0.87220,0.00117,0.47102,-0.00134,0.26713,-0.01024,0.48904,0.87220,0.00117,7.28,3.49,5.95
21.6296,140,0.15883,0.06398,-0.17855,0.90122,0.41789,-0.11445,0.00867,1,0.46494,-0.00436,0.26210,-0.01037,0.48904,0.87220,0.00120,0.47212,-0.00067,0.26819,-0.01024,0.48904,0.87220,0.00117,7.18,3.69,6.09
21.6463,141,0.15316,0.06960,-0.18252,0.89984,0.42341,-0.10385,0.01497,1,0.46619,-0.00386,0.26310,-0.01038,0.48903,0.87220,0.00123,0.47320,0.00003,0.26925,-0.01024,0.48904,0.87220,0.00117,7.01,3.89,6.14
21.6631,142,0.15084,0.07175,-0.18467,0.89843,0.42704,-0.09987,0.02185,1,0.46740,-0.00334,0.26412,-0.01039,0.48903,0.87221,0.00128,0.47427,0.00075,0.27030,-0.01024,0.48904,0.87220,0.00117,6.87,4.09,6.18
21.6798,143,0.14875,0.07363,-0.18704,0.89715,0.43033,-0.09536,0.02899,1,0.46858,-0.00276,0.26516,-0.01039,0.48899,0.87222,0.00133,0.47535,0.00147,0.27135,-0.01024,0.48904,0.87220,0.00117,6.77,4.23,6.19
21.6965,144,0.14741,0.07529,-0.18982,0.89602,0.43272,-0.09254,0.03667,1,0.46967,-0.00215,0.26616,-0.01038,0.48899,0.87222,0.00137,0.47643,0.00219,0.27239,-0.01024,0.48904,0.87220,0.00117,6.76,4.35,6.24
21.7134,145,0.14639,0.07701,-0.19242,0.89558,0.43259,-0.09571,0.04052,1,0.47078,-0.00149,0.26721,-0.01037,0.48898,0.87223,0.00136,0.47752,0.00291,0.27343,-0.01024,0.48904,0.87220,0.00117,6.74,4.40,6.22
21.7304,146,0.14425,0.08038,-0.19763,0.89708,0.42678,-0.10885,0.03555,1,0.47187,-0.00081,0.26827,-0.01036,0.48899,0.87223,0.00136,0.47863,0.00361,0.27446,-0.01024,0.48904,0.87220,0.00117,6.76,4.43,6.19
21.7467,147,0.14336,0.08200,-0.20027,0.89841,0.42296,-0.11408,0.03079,1,0.47290,-0.00015,0.26926,-0.01033,0.48900,0.87222,0.00137,0.47974,0.00431,0.27548,-0.01024,0.48904,0.87220,0.00117,6.84,4.47,6.22
21.7638,148,0.14229,0.08331,-0.20282,0.89871,0.42174,-0.11663,0.02911,1,0.47406,0.00060,0.27037,-0.01030,0.48899,0.87223,0.00137,0.48087,0.00501,0.27650,-0.01024,0.48904,0.87220,0.00117,6.81,4.41,6.13
21.7806,149,0.14154,0.08400,-0.20546,0.89847,0.42275,-0.11427,0.03137,1,0.47508,0.00128,0.27135,-0.01029,0.48899,0.87223,0.00136,0.48201,0.00570,0.27750,-0.01024,0.48904,0.87220,0.00117,6.92,4.42,6.15
21.7971,150,0.14108,0.08498,-0.21103,0.89582,0.42771,-0.11141,0.04645,1,0.47618,0.00199,0.27239,-0.01027,0.48900,0.87222,0.00134,0.48319,0.00636,0.27846,-0.01024,0.48904,0.87220,0.00117,7.01,4.37,6.07
21.8141,151,0.14120,0.08506,-0.21396,0.89430,0.42941,-0.11322,0.05494,1,0.47730,0.00270,0.27343,-0.01025,0.48903,0.87221,0.00133,0.48440,0.00701,0.27941,-0.01024,0.48904,0.87220,0.00117,7.10,4.31,5.98
21.8310,152,0.14105,0.08500,-0.21694,0.89378,0.42859,-0.11602,0.06326,1,0.47843,0.00339,0.27446,-0.01024,0.48903,0.87221,0.00132,0.48563,0.00765,0.28033,-0.01024,0.48904,0.87220,0.00117,7.20,4.26,5.87
21.8473,153,0.14092,0.08514,-0.21972,0.89457,0.42580,-0.11704,0.06888,1,0.47951,0.00405,0.27542,-0.01026,0.48903,0.87220,0.00132,0.48689,0.00827,0.28124,-0.01024,0.48904,0.87220,0.00117,7.38,4.22,5.81
21.8640,154,0.14100,0.08554,-0.22215,0.89555,0.42303,-0.11817,0.07116,1,0.48066,0.00474,0.27644,-0.01026,0.48903,0.87221,0.00130,0.48816,0.00887,0.28212,-0.01024,0.48904,0.87220,0.00117,7.50,4.13,5.69
21.8808,155,0.14131,0.08619,-0.22706,0.89585,0.42137,-0.12449,0.06630,1,0.48177,0.00538,0.27738,-0.01026,0.48904,0.87220,0.00129,0.48948,0.00944,0.28298,-0.01024,0.48904,0.87220,0.00117,7.70,4.06,5.60
21.8978,156,0.14145,0.08630,-0.22926,0.89430,0.42373,-0.12900,0.06355,1,0.48304,0.00610,0.27841,-0.01025,0.48905,0.87219,0.00127,0.49081,0.00999,0.28382,-0.01024,0.48904,0.87220,0.00117,7.76,3.89,5.41
21.9147,157,0.14176,0.08621,-0.23161,0.89297,0.42576,-0.13119,0.06421,1,0.48427,0.00677,0.27937,-0.01024,0.48905,0.87219,0.00125,0.49216,0.01052,0.28464,-0.01024,0.48904,0.87220,0.00117,7.89,3.75,5.27
21.9310,158,0.14234,0.08577,-0.23382,0.89164,0.42755,-0.13222,0.06857,1,0.48544,0.00740,0.28024,-0.01024,0.48904,0.87220,0.00123,0.49353,0.01103,0.28543,-0.01024,0.48904,0.87220,0.00117,8.09,3.62,5.18
21.9479,159,0.14306,0.08527,-0.23571,0.89076,0.42803,-0.13315,0.07493,1,0.48671,0.00806,0.28115,-0.01024,0.48905,0.87220,0.00120,0.49494,0.01151,0.28619,-0.01024,0.48904,0.87220,0.00117,8.23,3.44,5.05
21.9645,160,0.14499,0.08430,-0.23853,0.89151,0.42449,-0.13675,0.07947,1,0.48795,0.00863,0.28198,-0.01020,0.48906,0.87219,0.00118,0.49638,0.01192,0.28691,-0.01024,0.48904,0.87220,0.00117,8.43,3.29,4.93
21.9815,161,0.14615,0.08397,-0.23927,0.89275,0.42169,-0.13956,0.07552,1,0.48930,0.00920,0.28283,-0.01018,0.48908,0.87218,0.00118,0.49784,0.01230,0.28762,-0.01024,0.48904,0.87220,0.00117,8.55,3.10,4.78
21.9982,162,0.14751,0.08364,-0.23962,0.89327,0.42020,-0.14340,0.07025,1,0.49067,0.00973,0.28367,-0.01016,0.48907,0.87218,0.00119,0.49932,0.01263,0.28831,-0.01024,0.48904,0.87220,0.00117,8.65,2.90,4.64
22.0150,163,0.14878,0.08333,-0.23939,0.89308,0.42029,-0.14609,0.06656,1,0.49207,0.01024,0.28450,-0.01015,0.48906,0.87219,0.00119,0.50081,0.01292,0.28901,-0.01024,0.48904,0.87220,0.00117,8.74,2.68,4.51
22.0316,164,0.15017,0.08281,-0.23901,0.89270,0.42102,-0.14722,0.06454,1,0.49339,0.01070,0.28526,-0.01015,0.48906,0.87219,0.00120,0.50231,0.01315,0.28969,-0.01024,0.48904,0.87220,0.00117,8.92,2.45,4.43
22.0481,165,0.15323,0.08153,-0.23558,0.89096,0.42558,-0.14222,0.06966,1,0.49481,0.01118,0.28605,-0.01016,0.48905,0.87220,0.00120,0.50382,0.01323,0.29039,-0.01024,0.48904,0.87220,0.00117,9.01,2.05,4.34
22.0649,166,0.15474,0.08115,-0.23257,0.89024,0.42781,-0.13879,0.07204,1,0.49626,0.01162,0.28681,-0.01017,0.48903,0.87221,0.00119,0.50529,0.01319,0.29117,-0.01024,0.48904,0.87220,0.00117,9.04,1.57,4.36
22.0818,167,0.15638,0.08064,-0.22896,0.88978,0.42997,-0.13507,0.07199,1,0.49771,0.01202,0.28752,-0.01019,0.48903,0.87221,0.00118,0.50664,0.01288,0.29210,-0.01024,0.48904,0.87220,0.00117,8.92,0.85,4.58
22.0985,168,0.15801,0.08005,-0.22459,0.88963,0.43195,-0.13044,0.07047,1,0.49912,0.01232,0.28819,-0.01018,0.48903,0.87221,0.00117,0.50651,0.01211,0.29274,-0.01024,0.48904,0.87220,0.00117,7.38,-0.20,4.56
22.1154,169,0.15953,0.07933,-0.21962,0.88930,0.43447,-0.12417,0.07041,1,0.50064,0.01250,0.28890,-0.01016,0.48906,0.87219,0.00115,0.50502,0.01166,0.29253,-0.01024,0.48904,0.87220,0.00117,4.38,-0.85,3.62
22.1319,170,0.16347,0.07830,-0.20735,0.88803,0.44106,-0.11088,0.06764,1,0.50208,0.01259,0.28965,-0.01019,0.48904,0.87220,0.00114,0.50343,0.01115,0.29239,-0.01024,0.48904,0.87220,0.00117,1.35,-1.45,2.75
22.1486,171,0.16588,0.07791,-0.20022,0.88661,0.44554,-0.10692,0.06315,1,0.50339,0.01258,0.29045,-0.01023,0.48901,0.87221,0.00112,0.50185,0.01063,0.29229,-0.01024,0.48904,0.87220,0.00117,-1.53,-1.96,1.84
22.1657,172,0.16869,0.07724,-0.19234,0.88525,0.44939,-0.10604,0.05608,1,0.50443,0.01243,0.29123,-0.01032,0.48901,0.87222,0.00104,0.50028,0.01009,0.29217,-0.01024,0.48904,0.87220,0.00117,-4.15,-2.34,0.94
22.1824,173,0.17160,0.07628,-0.18380,0.88420,0.45171,-0.10739,0.05114,1,0.50511,0.01216,0.29189,-0.01042,0.48910,0.87216,0.00096,0.49871,0.00955,0.29202,-0.01024,0.48904,0.87220,0.00117,-6.40,-2.60,0.13
22.1992,174,0.17436,0.07510,-0.17456,0.88354,0.45317,-0.10781,0.04868,1,0.50549,0.01174,0.29251,-0.01046,0.48912,0.87215,0.00084,0.49713,0.00904,0.29186,-0.01024,0.48904,0.87220,0.00117,-8.36,-2.70,-0.65
22.2160,175,0.18027,0.07198,-0.15470,0.88208,0.45705,-0.10391,0.04737,1,0.50546,0.01123,0.29296,-0.01054,0.48908,0.87218,0.00076,0.49555,0.00855,0.29165,-0.01024,0.48904,0.87220,0.00117,-9.91,-2.68,-1.32
22.2327,176,0.18342,0.07003,-0.14424,0.88158,0.45898,-0.09941,0.04768,1,0.50496,0.01075,0.29327,-0.01068,0.48906,0.87218,0.00074,0.49398,0.00806,0.29142,-0.01024,0.48904,0.87220,0.00117,-10.99,-2.69,-1.85
22.2491,177,0.18695,0.06846,-0.13395,0.88161,0.45999,-0.09501,0.04629,1,0.50403,0.01031,0.29334,-0.01087,0.48906,0.87218,0.00066,0.49240,0.00756,0.29119,-0.01024,0.48904,0.87220,0.00117,-11.63,-2.74,-2.15
22.2661,178,0.19060,0.06674,-0.12329,0.88152,0.46125,-0.09157,0.04226,1,0.50269,0.00983,0.29323,-0.01099,0.48906,0.87218,0.00055,0.49083,0.00706,0.29095,-0.01024,0.48904,0.87220,0.00117,-11.86,-2.77,-2.28
22.2829,179,0.19417,0.06483,-0.11213,0.88193,0.46109,-0.09054,0.03751,1,0.50113,0.00938,0.29298,-0.01101,0.48908,0.87217,0.00056,0.48926,0.00656,0.29071,-0.01024,0.48904,0.87220,0.00117,-11.87,-2.83,-2.26
22.2996,180,0.20091,0.06055,-0.08863,0.88314,0.45926,-0.09068,0.03049,1,0.49952,0.00898,0.29266,-0.01097,0.48905,0.87218,0.00060,0.48769,0.00607,0.29046,-0.01024,0.48904,0.87220,0.00117,-11.84,-2.92,-2.20
22.3161,181,0.20417,0.05815,-0.07718,0.88429,0.45742,-0.08889,0.02982,1,0.49770,0.00857,0.29225,-0.01094,0.48906,0.87218,0.00063,0.48612,0.00558,0.29019,-0.01024,0.48904,0.87220,0.00117,-11.59,-2.99,-2.06
22.3329,182,0.20746,0.05596,-0.06540,0.88464,0.45729,-0.08529,0.03197,1,0.49581,0.00816,0.29181,-0.01088,0.48904,0.87219,0.00062,0.48454,0.00511,0.28992,-0.01024,0.48904,0.87220,0.00117,-11.26,-3.06,-1.89
22.3497,183,0.21104,0.05384,-0.05386,0.88488,0.45750,-0.08172,0.03152,1,0.49394,0.00775,0.29142,-0.01072,0.48905,0.87219,0.00065,0.48297,0.00463,0.28965,-0.01024,0.48904,0.87220,0.00117,-10.97,-3.12,-1.77
22.3664,184,0.21465,0.05174,-0.04234,0.88562,0.45659,-0.07996,0.02838,1,0.49220,0.00733,0.29110,-0.01056,0.48908,0.87218,0.00068,0.48140,0.00415,0.28938,-0.01024,0.48904,0.87220,0.00117,-10.81,-3.18,-1.73
22.3831,185,0.22132,0.04701,-0.01932,0.88691,0.45447,-0.07960,0.02271,1,0.49036,0.00688,0.29080,-0.01047,0.48906,0.87219,0.00073,0.47982,0.00367,0.28910,-0.01024,0.48904,0.87220,0.00117,-10.53,-3.21,-1.70
22.3999,186,0.22437,0.04517,-0.00804,0.88932,0.45005,-0.07833,0.02087,1,0.48852,0.00642,0.29045,-0.01048,0.48904,0.87220,0.00076,0.47825,0.00320,0.28882,-0.01024,0.48904,0.87220,0.00117,-10.27,-3.22,-1.63
22.4168,187,0.22708,0.04305,0.00357,0.89140,0.44650,-0.07539,0.01901,1,0.48676,0.00594,0.29015,-0.01040,0.48902,0.87221,0.00081,0.47667,0.00274,0.28853,-0.01024,0.48904,0.87220,0.00117,-10.08,-3.20,-1.61
22.4336,188,0.22966,0.04091,0.01525,0.89284,0.44412,-0.07302,0.01649,1,0.48514,0.00544,0.28990,-0.01033,0.48904,0.87220,0.00085,0.47510,0.00228,0.28825,-0.01024,0.48904,0.87220,0.00117,-10.05,-3.16,-1.64
22.4500,189,0.23223,0.03841,0.02677,0.89388,0.44232,-0.07166,0.01414,1,0.48345,0.00490,0.28964,-0.01030,0.48904,0.87220,0.00091,0.47352,0.00184,0.28797,-0.01024,0.48904,0.87220,0.00117,-9.94,-3.06,-1.68
22.4668,190,0.23603,0.03304,0.04987,0.89711,0.43587,-0.07031,0.01662,1,0.48176,0.00436,0.28935,-0.01034,0.48900,0.87222,0.00097,0.47193,0.00141,0.28767,-0.01024,0.48904,0.87220,0.00117,-9.82,-2.95,-1.68
22.4837,191,0.23753,0.03093,0.06161,0.89986,0.43031,-0.06938,0.01636,1,0.48008,0.00385,0.28904,-0.01037,0.48898,0.87223,0.00101,0.47034,0.00101,0.28737,-0.01024,0.48904,0.87220,0.00117,-9.73,-2.84,-1.68
22.5005,192,0.23925,0.02900,0.07284,0.90221,0.42587,-0.06694,0.01331,1,0.47853,0.00335,0.28878,-0.01032,0.48899,0.87223,0.00104,0.46875,0.00061,0.28707,-0.01024,0.48904,0.87220,0.00117,-9.78,-2.74,-1.71
22.5172,193,0.24105,0.02707,0.08365,0.90380,0.42299,-0.06439,0.00932,1,0.47690,0.00285,0.28852,-0.01027,0.48900,0.87222,0.00105,0.46716,0.00022,0.28677,-0.01024,0.48904,0.87220,0.00117,-9.74,-2.63,-1.75
22.5340,194,0.24292,0.02519,0.09403,0.90463,0.42138,-0.06329,0.00903,1,0.47527,0.00236,0.28825,-0.01028,0.48902,0.87221,0.00107,0.46557,-0.00017,0.28647,-0.01024,0.48904,0.87220,0.00117,-9.71,-2.52,-1.77
22.5507,195,0.24647,0.02144,0.11399,0.90566,0.41856,-0.06648,0.01249,1,0.47373,0.00190,0.28795,-0.01031,0.48902,0.87221,0.00106,0.46397,-0.00054,0.28618,-0.01024,0.48904,0.87220,0.00117,-9.76,-2.44,-1.78
22.5675,196,0.24785,0.01952,0.12366,0.90611,0.41686,-0.06998,0.01727,1,0.47211,0.00144,0.28763,-0.01029,0.48903,0.87220,0.00106,0.46237,-0.00091,0.28588,-0.01024,0.48904,0.87220,0.00117,-9.74,-2.35,-1.76
22.5845,197,0.24920,0.01776,0.13333,0.90727,0.41371,-0.07300,0.01948,1,0.47053,0.00098,0.28735,-0.01022,0.48908,0.87218,0.00106,0.46077,-0.00127,0.28558,-0.01024,0.48904,0.87220,0.00117,-9.75,-2.26,-1.77
22.6008,198,0.25054,0.01630,0.14282,0.90881,0.41006,-0.07455,0.01876,1,0.46894,0.00053,0.28706,-0.01020,0.48912,0.87216,0.00106,0.45917,-0.00163,0.28528,-0.01024,0.48904,0.87220,0.00117,-9.77,-2.16,-1.78
22.6176,199,0.25191,0.01518,0.15210,0.90989,0.40754,-0.07552,0.01740,1,0.46742,0.00013,0.28676,-0.01025,0.48912,0.87216,0.00105,0.45757,-0.00198,0.28499,-0.01024,0.48904,0.87220,0.00117,-9.85,-2.11,-1.77
22.6345,200,0.25482,0.01319,0.16968,0.91126,0.40434,-0.07687,0.01443,1,0.46579,-0.00026,0.28642,-0.01030,0.48912,0.87216,0.00104,0.45596,-0.00233,0.28470,-0.01024,0.48904,0.87220,0.00117,-9.83,-2.07,-1.72
22.6514,201,0.25615,0.01217,0.17797,0.91047,0.40556,-0.07920,0.01702,1,0.46418,-0.00060,0.28611,-0.01026,0.48911,0.87216,0.00104,0.45436,-0.00267,0.28442,-0.01024,0.48904,0.87220,0.00117,-9.83,-2.07,-1.69
22.6679,202,0.25726,0.01118,0.18607,0.91010,0.40554,-0.08279,0.01992,1,0.46258,-0.00091,0.28585,-0.01021,0.48911,0.87216,0.00103,0.45275,-0.00301,0.28414,-0.01024,0.48904,0.87220,0.00117,-9.84,-2.10,-1.71
22.6849,203,0.25916,0.01027,0.19526,0.90966,0.40553,-0.08685,0.02282,1,0.46098,-0.00124,0.28559,-0.01020,0.48913,0.87215,0.00100,0.45114,-0.00335,0.28387,-0.01024,0.48904,0.87220,0.00117,-9.84,-2.11,-1.72
22.7015,204,0.26138,0.00924,0.20486,0.90964,0.40460,-0.09091,0.02411,1,0.45943,-0.00158,0.28530,-0.01025,0.48913,0.87215,0.00096,0.44953,-0.00369,0.28360,-0.01024,0.48904,0.87220,0.00117,-9.90,-2.11,-1.70
22.7184,205,0.26464,0.00830,0.22189,0.91081,0.40064,-0.09764,0.01945,1,0.45779,-0.00191,0.28500,-0.01028,0.48909,0.87217,0.00097,0.44792,-0.00403,0.28334,-0.01024,0.48904,0.87220,0.00117,-9.87,-2.12,-1.66
22.7352,206,0.26590,0.00827,0.22964,0.91094,0.39955,-0.10137,0.01673,1,0.45617,-0.00221,0.28472,-0.01026,0.48906,0.87219,0.00098,0.44631,-0.00437,0.28309,-0.01024,0.48904,0.87220,0.00117,-9.86,-2.16,-1.64
22.7516,207,0.26718,0.00872,0.23733,0.91025,0.39955,-0.10783,0.01349,1,0.45464,-0.00251,0.28447,-0.01024,0.48904,0.87220,0.00098,0.44469,-0.00470,0.28284,-0.01024,0.48904,0.87220,0.00117,-9.95,-2.19,-1.62
22.7686,208,0.26837,0.00894,0.24471,0.90912,0.39977,-0.11639,0.01221,1,0.45301,-0.00286,0.28418,-0.01026,0.48904,0.87220,0.00095,0.44308,-0.00503,0.28261,-0.01024,0.48904,0.87220,0.00117,-9.93,-2.18,-1.57
22.7855,209,0.26924,0.00883,0.25197,0.90751,0.40067,-0.12548,0.01232,1,0.45137,-0.00323,0.28390,-0.01027,0.48905,0.87220,0.00094,0.44146,-0.00536,0.28238,-0.01024,0.48904,0.87220,0.00117,-9.91,-2.13,-1.52
22.8022,210,0.27031,0.00867,0.26645,0.90536,0.40125,-0.13831,0.01387,1,0.44976,-0.00357,0.28365,-0.01024,0.48903,0.87221,0.00098,0.43984,-0.00568,0.28216,-0.01024,0.48904,0.87220,0.00117,-9.92,-2.11,-1.49
22.8188,211,0.27115,0.00884,0.27346,0.90461,0.40241,-0.13967,0.01579,1,0.44813,-0.00390,0.28341,-0.01024,0.48904,0.87220,0.00098,0.43822,-0.00600,0.28195,-0.01024,0.48904,0.87220,0.00117,-9.92,-2.10,-1.46
22.8355,212,0.27195,0.00879,0.28046,0.90356,0.40408,-0.14109,0.01974,1,0.44657,-0.00420,0.28315,-0.01027,0.48905,0.87220,0.00097,0.43659,-0.00631,0.28175,-0.01024,0.48904,0.87220,0.00117,-9.98,-2.11,-1.41
22.8524,213,0.27298,0.00855,0.28720,0.90258,0.40513,-0.14342,0.02565,1,0.44492,-0.00451,0.28291,-0.01024,0.48904,0.87220,0.00096,0.43497,-0.00663,0.28154,-0.01024,0.48904,0.87220,0.00117,-9.95,-2.12,-1.37
22.8692,214,0.27470,0.00828,0.30017,0.89962,0.40626,-0.15542,0.03838,1,0.44327,-0.00481,0.28268,-0.01022,0.48908,0.87218,0.00096,0.43334,-0.00693,0.28135,-0.01024,0.48904,0.87220,0.00117,-9.93,-2.13,-1.33
22.8860,215,0.27529,0.00791,0.30631,0.89803,0.40677,-0.16179,0.04358,1,0.44163,-0.00515,0.28245,-0.01023,0.48911,0.87216,0.00097,0.43171,-0.00724,0.28115,-0.01024,0.48904,0.87220,0.00117,-9.91,-2.09,-1.29
22.9028,216,0.27585,0.00776,0.31250,0.89649,0.40740,-0.16719,0.04873,1,0.44006,-0.00549,0.28220,-0.01028,0.48911,0.87216,0.00097,0.43009,-0.00754,0.28096,-0.01024,0.48904,0.87220,0.00117,-9.98,-2.05,-1.23
22.9195,217,0.27576,0.00713,0.31863,0.89489,0.40915,-0.17050,0.05201,1,0.43842,-0.00583,0.28197,-0.01026,0.48909,0.87217,0.00098,0.42846,-0.00784,0.28077,-0.01024,0.48904,0.87220,0.00117,-9.96,-2.01,-1.19
22.9364,218,0.27650,0.00651,0.32404,0.89502,0.40827,-0.17108,0.05467,1,0.43678,-0.00612,0.28176,-0.01024,0.48907,0.87219,0.00100,0.42683,-0.00813,0.28058,-0.01024,0.48904,0.87220,0.00117,-9.95,-2.01,-1.18
22.9528,219,0.27788,0.00502,0.33480,0.89352,0.40786,-0.17582,0.06609,1,0.43514,-0.00644,0.28156,-0.01025,0.48906,0.87219,0.00098,0.42520,-0.00842,0.28039,-0.01024,0.48904,0.87220,0.00117,-9.94,-1.98,-1.16
22.9699,220,0.27857,0.00383,0.33957,0.89257,0.40650,-0.18100,0.07285,1,0.43348,-0.00677,0.28133,-0.01027,0.48906,0.87219,0.00096,0.42357,-0.00871,0.28020,-0.01024,0.48904,0.87220,0.00117,-9.91,-1.94,-1.14
22.9865,221,0.27923,0.00278,0.34397,0.89259,0.40297,-0.18729,0.07628,1,0.43194,-0.00706,0.28117,-0.01022,0.48904,0.87220,0.00096,0.42194,-0.00900,0.28000,-0.01024,0.48904,0.87220,0.00117,-10.00,-1.94,-1.17
23.0032,222,0.28005,0.00198,0.34785,0.89306,0.39866,-0.19384,0.07705,1,0.43030,-0.00738,0.28097,-0.01023,0.48903,0.87221,0.00097,0.42031,-0.00929,0.27980,-0.01024,0.48904,0.87220,0.00117,-10.00,-1.91,-1.17
23.0199,223,0.28065,0.00111,0.35142,0.89307,0.39561,-0.20034,0.07606,1,0.42865,-0.00773,0.28076,-0.01026,0.48904,0.87220,0.00096,0.41868,-0.00958,0.27960,-0.01024,0.48904,0.87220,0.00117,-9.97,-1.85,-1.16
23.0368,224,0.28231,-0.00159,0.35654,0.89239,0.39122,-0.21237,0.07407,1,0.42699,-0.00803,0.28056,-0.01024,0.48904,0.87220,0.00097,0.41705,-0.00987,0.27939,-0.01024,0.48904,0.87220,0.00117,-9.94,-1.84,-1.18
23.0533,225,0.28367,-0.00333,0.35769,0.89204,0.38839,-0.21836,0.07573,1,0.42545,-0.00827,0.28039,-0.01022,0.48903,0.87221,0.00099,0.41543,-0.01017,0.27916,-0.01024,0.48904,0.87220,0.00117,-10.02,-1.90,-1.23
23.0701,226,0.28492,-0.00497,0.35827,0.89126,0.38550,-0.22550,0.07871,1,0.42380,-0.00858,0.28019,-0.01024,0.48906,0.87219,0.00098,0.41381,-0.01048,0.27893,-0.01024,0.48904,0.87220,0.00117,-9.99,-1.89,-1.26
23.0869,227,0.28647,-0.00648,0.35800,0.89092,0.38170,-0.23205,0.08203,1,0.42213,-0.00892,0.28000,-0.01022,0.48910,0.87217,0.00093,0.41219,-0.01079,0.27869,-0.01024,0.48904,0.87220,0.00117,-9.94,-1.87,-1.31
23.1040,228,0.28799,-0.00771,0.35715,0.89157,0.37589,-0.23826,0.08389,1,0.42048,-0.00919,0.27982,-0.01021,0.48912,0.87216,0.00097,0.41057,-0.01112,0.27845,-0.01024,0.48904,0.87220,0.00117,-9.91,-1.93,-1.38
23.1207,229,0.29260,-0.00952,0.35208,0.89337,0.36415,-0.24901,0.08528,1,0.41892,-0.00945,0.27962,-0.01025,0.48910,0.87217,0.00098,0.40897,-0.01147,0.27818,-0.01024,0.48904,0.87220,0.00117,-9.95,-2.02,-1.43
23.1374,230,0.29512,-0.01044,0.34837,0.89275,0.36172,-0.25552,0.08285,1,0.41725,-0.00978,0.27939,-0.01025,0.48911,0.87216,0.00093,0.40737,-0.01185,0.27791,-0.01024,0.48904,0.87220,0.00117,-9.89,-2.07,-1.47
23.1543,231,0.29793,-0.01079,0.34359,0.89177,0.36071,-0.26144,0.07924,1,0.41560,-0.01006,0.27917,-0.01019,0.48911,0.87216,0.00093,0.40577,-0.01225,0.27763,-0.01024,0.48904,0.87220,0.00117,-9.83,-2.20,-1.53
23.1708,232,0.30163,-0.01069,0.33771,0.89070,0.36103,-0.26584,0.07504,1,0.41398,-0.01035,0.27892,-0.01019,0.48909,0.87217,0.00094,0.40419,-0.01269,0.27735,-0.01024,0.48904,0.87220,0.00117,-9.79,-2.34,-1.57
23.1877,233,0.30556,-0.01117,0.33083,0.88881,0.36302,-0.27032,0.07176,1,0.41243,-0.01067,0.27868,-0.01020,0.48911,0.87216,0.00093,0.40262,-0.01317,0.27706,-0.01024,0.48904,0.87220,0.00117,-9.82,-2.49,-1.62
23.2042,234,0.31546,-0.01239,0.31390,0.88503,0.36212,-0.28407,0.07004,1,0.41079,-0.01101,0.27842,-0.01020,0.48908,0.87218,0.00094,0.40109,-0.01375,0.27674,-0.01024,0.48904,0.87220,0.00117,-9.70,-2.74,-1.68
23.2209,235,0.32083,-0.01244,0.30396,0.88322,0.35935,-0.29276,0.07124,1,0.40916,-0.01134,0.27814,-0.01024,0.48906,0.87219,0.00101,0.39959,-0.01440,0.27641,-0.01024,0.48904,0.87220,0.00117,-9.57,-3.06,-1.73
23.2377,236,0.32623,-0.01261,0.29349,0.88122,0.35811,-0.29961,0.07376,1,0.40753,-0.01175,0.27784,-0.01028,0.48907,0.87218,0.00102,0.39813,-0.01512,0.27606,-0.01024,0.48904,0.87220,0.00117,-9.40,-3.37,-1.77
23.2545,237,0.33184,-0.01283,0.28195,0.87913,0.35848,-0.30411,0.07828,1,0.40602,-0.01217,0.27759,-0.01023,0.48908,0.87218,0.00101,0.39672,-0.01593,0.27570,-0.01024,0.48904,0.87220,0.00117,-9.30,-3.76,-1.88
23.2714,238,0.33773,-0.01283,0.27000,0.87671,0.35872,-0.30892,0.08520,1,0.40443,-0.01262,0.27731,-0.01020,0.48909,0.87217,0.00102,0.39537,-0.01683,0.27532,-0.01024,0.48904,0.87220,0.00117,-9.06,-4.21,-1.99
23.2881,239,0.34977,-0.01264,0.24316,0.86760,0.36295,-0.32123,0.11112,1,0.40285,-0.01316,0.27700,-0.01020,0.48911,0.87216,0.00099,0.39421,-0.01796,0.27491,-0.01024,0.48904,0.87220,0.00117,-8.64,-4.80,-2.09
23.3047,240,0.35490,-0.01191,0.22902,0.86320,0.36328,-0.32990,0.11868,1,0.40138,-0.01377,0.27670,-0.01018,0.48914,0.87215,0.00093,0.39319,-0.01921,0.27449,-0.01024,0.48904,0.87220,0.00117,-8.19,-5.44,-2.21
23.3216,241,0.36069,-0.00996,0.21153,0.86064,0.36249,-0.33885,0.11440,1,0.39989,-0.01445,0.27638,-0.01014,0.48914,0.87215,0.00094,0.39237,-0.02059,0.27408,-0.01024,0.48904,0.87220,0.00117,-7.52,-6.14,-2.30
23.3381,242,0.36563,-0.00716,0.19424,0.85874,0.35964,-0.34938,0.10562,1,0.39847,-0.01526,0.27602,-0.01015,0.48913,0.87215,0.00096,0.39178,-0.02211,0.27370,-0.01024,0.48904,0.87220,0.00117,-6.69,-6.84,-2.32
23.3550,243,0.36876,-0.00419,0.17887,0.85757,0.35640,-0.35783,0.09752,1,0.39712,-0.01623,0.27563,-0.01015,0.48913,0.87215,0.00095,0.39143,-0.02370,0.27336,-0.01024,0.48904,0.87220,0.00117,-5.69,-7.47,-2.28
23.3716,244,0.37115,0.00211,0.15079,0.85259,0.35970,-0.36463,0.10369,1,0.39595,-0.01723,0.27527,-0.01011,0.48912,0.87216,0.00099,0.39157,-0.02534,0.27312,-0.01024,0.48904,0.87220,0.00117,-4.37,-8.12,-2.15
23.3887,245,0.37097,0.00578,0.13722,0.84987,0.36351,-0.36614,0.10738,1,0.39484,-0.01838,0.27489,-0.01008,0.48912,0.87216,0.00105,0.39196,-0.02696,0.27296,-0.01024,0.48904,0.87220,0.00117,-2.88,-8.58,-1.93
23.4054,246,0.36947,0.01000,0.12392,0.84759,0.36816,-0.36734,0.10540,1,0.39389,-0.01966,0.27451,-0.01011,0.48910,0.87217,0.00109,0.39260,-0.02850,0.27288,-0.01024,0.48904,0.87220,0.00117,-1.29,-8.83,-1.63
23.4221,247,0.36657,0.01464,0.11163,0.84620,0.37392,-0.36684,0.09775,1,0.39314,-0.02107,0.27412,-0.01013,0.48908,0.87218,0.00113,0.39345,-0.02993,0.27290,-0.01024,0.48904,0.87220,0.00117,0.31,-8.86,-1.22
23.4390,248,0.36314,0.01936,0.09921,0.84571,0.37908,-0.36388,0.09304,1,0.39267,-0.02253,0.27379,-0.01008,0.48907,0.87219,0.00119,0.39450,-0.03122,0.27301,-0.01024,0.48904,0.87220,0.00117,1.83,-8.68,-0.79
23.4557,249,0.35265,0.02803,0.07597,0.84767,0.38383,-0.35382,0.09452,1,0.39248,-0.02401,0.27354,-0.01002,0.48907,0.87219,0.00125,0.39585,-0.03215,0.27326,-0.01024,0.48904,0.87220,0.00117,3.38,-8.14,-0.27
23.4725,250,0.34570,0.03310,0.06527,0.84797,0.38701,-0.34957,0.09471,1,0.39252,-0.02537,0.27337,-0.01000,0.48909,0.87218,0.00132,0.39731,-0.03289,0.27359,-0.01024,0.48904,0.87220,0.00117,4.79,-7.53,0.22
23.4890,251,0.33795,0.03797,0.05509,0.84792,0.39228,-0.34527,0.08911,1,0.39277,-0.02679,0.27326,-0.01001,0.48904,0.87220,0.00130,0.39884,-0.03344,0.27399,-0.01024,0.48904,0.87220,0.00117,6.06,-6.65,0.73
23.5060,252,0.33002,0.04256,0.04510,0.84866,0.39644,-0.34054,0.08150,1,0.39331,-0.02815,0.27322,-0.00996,0.48905,0.87220,0.00129,0.40040,-0.03379,0.27443,-0.01024,0.48904,0.87220,0.00117,7.09,-5.64,1.21
23.5226,253,0.32037,0.04738,0.03559,0.85076,0.39943,-0.33426,0.07030,1,0.39357,-0.02860,0.27322,-0.00995,0.48906,0.87219,0.00130,0.40199,-0.03395,0.27491,-0.01024,0.48904,0.87220,0.00117,8.43,-5.34,1.69
23.5393,254,0.29886,0.05665,0.01841,0.85561,0.40441,-0.31867,0.05324,1,0.39506,-0.03039,0.27340,-0.00988,0.48896,0.87225,0.00132,0.40356,-0.03376,0.27545,-0.01024,0.48904,0.87220,0.00117,8.50,-3.37,2.05
23.5563,255,0.28765,0.06095,0.00999,0.85824,0.40640,-0.30996,0.04668,1,0.39624,-0.03131,0.27362,-0.00987,0.48900,0.87223,0.00136,0.40510,-0.03343,0.27599,-0.01024,0.48904,0.87220,0.00117,8.86,-2.12,2.37
23.5729,256,0.27552,0.06504,0.00234,0.86105,0.40798,-0.30080,0.04077,1,0.39755,-0.03207,0.27394,-0.00984,0.48904,0.87221,0.00138,0.40660,-0.03297,0.27655,-0.01024,0.48904,0.87220,0.00117,9.05,-0.90,2.61
23.5899,257,0.26283,0.06900,-0.00490,0.86392,0.41026,-0.28983,0.03637,1,0.39893,-0.03263,0.27430,-0.00987,0.48905,0.87220,0.00138,0.40806,-0.03238,0.27710,-0.01024,0.48904,0.87220,0.00117,9.13,0.25,2.80
23.6063,258,0.24967,0.07288,-0.01170,0.86752,0.41123,-0.27793,0.03249,1,0.40030,-0.03298,0.27468,-0.00995,0.48906,0.87219,0.00141,0.40947,-0.03169,0.27765,-0.01024,0.48904,0.87220,0.00117,9.18,1.29,2.97
23.6230,259,0.22231,0.08072,-0.02327,0.87526,0.41152,-0.25312,0.02246,1,0.40177,-0.03314,0.27509,-0.01005,0.48905,0.87220,0.00145,0.41078,-0.03081,0.27820,-0.01024,0.48904,0.87220,0.00117,9.01,2.33,3.11
23.6398,260,0.20843,0.08505,-0.02824,0.87938,0.41082,-0.24017,0.01548,1,0.40329,-0.03308,0.27556,-0.01008,0.48902,0.87221,0.00147,0.41204,-0.02986,0.27874,-0.01024,0.48904,0.87220,0.00117,8.74,3.21,3.18
23.6566,261,0.19432,0.08940,-0.03240,0.88315,0.41034,-0.22716,0.00806,1,0.40473,-0.03282,0.27608,-0.01007,0.48901,0.87222,0.00148,0.41324,-0.02885,0.27929,-0.01024,0.48904,0.87220,0.00117,8.51,3.98,3.21
23.6733,262,0.18004,0.09390,-0.03605,0.88600,0.41216,-0.21243,0.00168,1,0.40620,-0.03239,0.27664,-0.01011,0.48899,0.87223,0.00143,0.41439,-0.02777,0.27984,-0.01024,0.48904,0.87220,0.00117,8.19,4.62,3.20
23.6904,263,0.16574,0.09855,-0.03908,0.88859,0.41452,-0.19638,-0.00280,1,0.40761,-0.03184,0.27718,-0.01019,0.48903,0.87220,0.00138,0.41548,-0.02665,0.28040,-0.01024,0.48904,0.87220,0.00117,7.88,5.20,3.22
23.7072,264,0.13790,0.10815,-0.04406,0.89334,0.41848,-0.16361,-0.00737,1,0.40899,-0.03118,0.27772,-0.01021,0.48906,0.87219,0.00135,0.41648,-0.02543,0.28096,-0.01024,0.48904,0.87220,0.00117,7.49,5.75,3.24
23.7240,265,0.12396,0.11323,-0.04536,0.89398,0.42145,-0.15170,-0.01288,1,0.41033,-0.03039,0.27828,-0.01016,0.48905,0.87219,0.00132,0.41743,-0.02419,0.28153,-0.01024,0.48904,0.87220,0.00117,7.09,6.21,3.25
23.7404,266,0.10992,0.11831,-0.04621,0.89454,0.42403,-0.13986,-0.02111,1,0.41154,-0.02954,0.27882,-0.01014,0.48907,0.87219,0.00129,0.41833,-0.02290,0.28210,-0.01024,0.48904,0.87220,0.00117,6.78,6.63,3.28
23.7571,267,0.09554,0.12349,-0.04666,0.89491,0.42706,-0.12663,-0.02676,1,0.41275,-0.02854,0.27939,-0.01016,0.48908,0.87218,0.00124,0.41918,-0.02159,0.28268,-0.01024,0.48904,0.87220,0.00117,6.42,6.95,3.29
23.7740,268,0.06748,0.13382,-0.04607,0.89483,0.43526,-0.09326,-0.03365,1,0.41390,-0.02750,0.27993,-0.01018,0.48909,0.87217,0.00120,0.41993,-0.02023,0.28327,-0.01024,0.48904,0.87220,0.00117,6.04,7.27,3.34
23.7909,269,0.05375,0.13864,-0.04497,0.89371,0.44045,-0.07768,-0.03554,1,0.41500,-0.02641,0.28046,-0.01017,0.48909,0.87217,0.00119,0.42064,-0.01884,0.28386,-0.01024,0.48904,0.87220,0.00117,5.65,7.57,3.39
23.8074,270,0.04020,0.14327,-0.04355,0.89259,0.44471,-0.06410,-0.03766,1,0.41600,-0.02533,0.28099,-0.01013,0.48908,0.87218,0.00120,0.42131,-0.01744,0.28445,-0.01024,0.48904,0.87220,0.00117,5.31,7.90,3.46
23.8243,271,0.02640,0.14770,-0.04127,0.89166,0.44794,-0.05133,-0.04071,1,0.41698,-0.02411,0.28155,-0.01013,0.48907,0.87219,0.00120,0.42194,-0.01601,0.28504,-0.01024,0.48904,0.87220,0.00117,4.96,8.10,3.48
23.8409,272,0.01258,0.15200,-0.03837,0.89062,0.45114,-0.03667,-0.04383,1,0.41784,-0.02290,0.28211,-0.01013,0.48905,0.87219,0.00119,0.42252,-0.01456,0.28563,-0.01024,0.48904,0.87220,0.00117,4.68,8.34,3.52
23.8576,273,-0.00137,0.15643,-0.03486,0.88904,0.45483,-0.02126,-0.04776,1,0.41868,-0.02156,0.28269,-0.01015,0.48903,0.87221,0.00118,0.42305,-0.01310,0.28622,-0.01024,0.48904,0.87220,0.00117,4.37,8.47,3.53
23.8745,274,-0.02741,0.16414,-0.02636,0.88676,0.45818,0.00992,-0.06026,1,0.41947,-0.02019,0.28329,-0.01016,0.48903,0.87221,0.00118,0.42349,-0.01160,0.28681,-0.01024,0.48904,0.87220,0.00117,4.02,8.59,3.52
23.8914,275,-0.03944,0.16741,-0.02106,0.88446,0.46138,0.02335,-0.06563,1,0.42021,-0.01880,0.28388,-0.01016,0.48903,0.87221,0.00118,0.42389,-0.01009,0.28739,-0.01024,0.48904,0.87220,0.00117,3.68,8.71,3.51
23.9079,276,-0.05133,0.17011,-0.01520,0.88185,0.46463,0.03606,-0.07186,1,0.42091,-0.01741,0.28447,-0.01015,0.48904,0.87220,0.00119,0.42425,-0.00857,0.28797,-0.01024,0.48904,0.87220,0.00117,3.34,8.84,3.50
23.9248,277,-0.06341,0.17259,-0.00971,0.87975,0.46625,0.04728,-0.08008,1,0.42154,-0.01601,0.28506,-0.01014,0.48904,0.87220,0.00120,0.42456,-0.00704,0.28854,-0.01024,0.48904,0.87220,0.00117,3.02,8.97,3.48
23.9413,278,-0.08805,0.17541,0.00329,0.87774,0.46404,0.06824,-0.09785,1,0.42208,-0.01466,0.28562,-0.01015,0.48904,0.87220,0.00121,0.42479,-0.00548,0.28909,-0.01024,0.48904,0.87220,0.00117,2.71,9.18,3.47
23.9582,279,-0.10102,0.17584,0.01044,0.87715,0.46173,0.07958,-0.10527,1,0.42260,-0.01318,0.28621,-0.01015,0.48902,0.87222,0.00123,0.42497,-0.00391,0.28963,-0.01024,0.48904,0.87220,0.00117,2.37,9.27,3.42
23.9747,280,-0.11357,0.17563,0.01817,0.87648,0.45833,0.09315,-0.11420,1,0.42307,-0.01166,0.28679,-0.01015,0.48903,0.87221,0.00124,0.42511,-0.00233,0.29014,-0.01024,0.48904,0.87220,0.00117,2.04,9.33,3.35
23.9915,281,-0.12579,0.17484,0.02631,0.87574,0.45438,0.10833,-0.12202,1,0.42346,-0.01021,0.28734,-0.01013,0.48904,0.87220,0.00122,0.42521,-0.00074,0.29064,-0.01024,0.48904,0.87220,0.00117,1.75,9.46,3.30
24.0086,282,-0.13777,0.17370,0.03461,0.87428,0.45217,0.12396,-0.12575,1,0.42382,-0.00864,0.28791,-0.01013,0.48904,0.87220,0.00119,0.42527,0.00085,0.29111,-0.01024,0.48904,0.87220,0.00117,1.45,9.49,3.20
24.0251,283,-0.14955,0.17198,0.04299,0.87206,0.45147,0.13840,-0.12856,1,0.42414,-0.00705,0.28847,-0.01009,0.48904,0.87220,0.00118,0.42528,0.00246,0.29156,-0.01024,0.48904,0.87220,0.00117,1.14,9.51,3.09
24.0421,284,-0.17230,0.16737,0.05922,0.86994,0.44776,0.15892,-0.13213,1,0.42440,-0.00547,0.28903,-0.01008,0.48903,0.87221,0.00116,0.42522,0.00407,0.29197,-0.01024,0.48904,0.87220,0.00117,0.82,9.54,2.94
24.0589,285,-0.18335,0.16479,0.06803,0.87057,0.44256,0.16574,-0.13699,1,0.42461,-0.00389,0.28956,-0.01006,0.48902,0.87221,0.00112,0.42513,0.00569,0.29235,-0.01024,0.48904,0.87220,0.00117,0.52,9.58,2.80
24.0757,286,-0.19404,0.16228,0.07702,0.87158,0.43427,0.17382,-0.14679,1,0.42477,-0.00239,0.29002,-0.01006,0.48902,0.87221,0.00110,0.42500,0.00731,0.29272,-0.01024,0.48904,0.87220,0.00117,0.23,9.70,2.69
24.0923,287,-0.20442,0.15960,0.08620,0.87245,0.42456,0.18297,-0.15842,1,0.42489,-0.00077,0.29050,-0.01007,0.48903,0.87221,0.00112,0.42483,0.00894,0.29306,-0.01024,0.48904,0.87220,0.00117,-0.06,9.70,2.56
24.1091,288,-0.22367,0.15373,0.10553,0.87246,0.40757,0.20438,-0.17584,1,0.42496,0.00085,0.29095,-0.01009,0.48900,0.87223,0.00112,0.42459,0.01056,0.29336,-0.01024,0.48904,0.87220,0.00117,-0.37,9.71,2.41
24.1256,289,-0.23298,0.15046,0.11452,0.87237,0.40259,0.21221,-0.17846,1,0.42498,0.00238,0.29136,-0.01010,0.48899,0.87223,0.00112,0.42432,0.01218,0.29364,-0.01024,0.48904,0.87220,0.00117,-0.66,9.79,2.28
24.1424,290,-0.24145,0.14756,0.12371,0.87246,0.39752,0.21715,-0.18340,1,0.42496,0.00401,0.29177,-0.01012,0.48898,0.87224,0.00113,0.42402,0.01380,0.29390,-0.01024,0.48904,0.87220,0.00117,-0.94,9.78,2.13
24.1591,291,-0.24998,0.14472,0.13276,0.87249,0.39288,0.22213,-0.18725,1,0.42490,0.00563,0.29215,-0.01013,0.48900,0.87223,0.00113,0.42369,0.01541,0.29414,-0.01024,0.48904,0.87220,0.00117,-1.21,9.78,2.00
24.1762,292,-0.25795,0.14167,0.14240,0.87257,0.38720,0.22828,-0.19129,1,0.42478,0.00725,0.29249,-0.01015,0.48898,0.87223,0.00114,0.42333,0.01702,0.29437,-0.01024,0.48904,0.87220,0.00117,-1.46,9.77,1.88
24.1929,293,-0.27214,0.13616,0.16137,0.87217,0.37078,0.24641,-0.20277,1,0.42463,0.00883,0.29282,-0.01016,0.48902,0.87221,0.00115,0.42291,0.01862,0.29457,-0.01024,0.48904,0.87220,0.00117,-1.72,9.79,1.74
24.2094,294,-0.27822,0.13391,0.17072,0.87154,0.36211,0.25587,-0.20936,1,0.42445,0.01032,0.29312,-0.01018,0.48902,0.87221,0.00116,0.42246,0.02022,0.29475,-0.01024,0.48904,0.87220,0.00117,-1.99,9.89,1.63
24.2261,295,-0.28390,0.13171,0.18000,0.87065,0.35401,0.26393,-0.21677,1,0.42421,0.01191,0.29340,-0.01022,0.48902,0.87221,0.00120,0.42198,0.02181,0.29492,-0.01024,0.48904,0.87220,0.00117,-2.22,9.90,1.52
24.2428,296,-0.28925,0.12976,0.18870,0.86968,0.34644,0.27057,-0.22457,1,0.42393,0.01349,0.29367,-0.01025,0.48902,0.87221,0.00122,0.42148,0.02339,0.29508,-0.01024,0.48904,0.87220,0.00117,-2.45,9.90,1.42
24.2601,297,-0.29416,0.12773,0.19763,0.86840,0.34170,0.27786,-0.22783,1,0.42360,0.01508,0.29392,-0.01027,0.48904,0.87220,0.00124,0.42095,0.02496,0.29524,-0.01024,0.48904,0.87220,0.00117,-2.65,9.88,1.32
24.2763,0,-0.30323,0.12414,0.21442,0.86337,0.33980,0.29414,-0.22937,1,0.42326,0.01660,0.29414,-0.01029,0.48905,0.87220,0.00124,0.42038,0.02652,0.29537,-0.01024,0.48904,0.87220,0.00117,-2.88,9.92,1.23
24.2931,1,-0.30709,0.12238,0.22256,0.86106,0.33846,0.30173,-0.23017,1,0.42285,0.01823,0.29437,-0.01030,0.48904,0.87220,0.00124,0.41978,0.02807,0.29549,-0.01024,0.48904,0.87220,0.00117,-3.07,9.84,1.13
24.3098,2,-0.31076,0.12114,0.23027,0.85903,0.33449,0.30898,-0.23393,1,0.42244,0.01979,0.29457,-0.01030,0.48904,0.87220,0.00124,0.41917,0.02962,0.29561,-0.01024,0.48904,0.87220,0.00117,-3.27,9.83,1.04
24.3266,3,-0.31406,0.12004,0.23781,0.85706,0.32928,0.31626,-0.23876,1,0.42195,0.02145,0.29478,-0.01029,0.48904,0.87220,0.00120,0.41853,0.03115,0.29573,-0.01024,0.48904,0.87220,0.00117,-3.42,9.70,0.94
24.3433,4,-0.31714,0.11883,0.24539,0.85457,0.32539,0.32382,-0.24283,1,0.42144,0.02311,0.29498,-0.01027,0.48905,0.87220,0.00116,0.41788,0.03268,0.29583,-0.01024,0.48904,0.87220,0.00117,-3.56,9.57,0.85
24.3602,5,-0.32539,0.11797,0.26129,0.84806,0.32342,0.34024,-0.24582,1,0.42088,0.02479,0.29515,-0.01025,0.48904,0.87220,0.00113,0.41718,0.03419,0.29593,-0.01024,0.48904,0.87220,0.00117,-3.70,9.41,0.78
24.3769,6,-0.32883,0.11730,0.26840,0.84485,0.32396,0.34788,-0.24548,1,0.42030,0.02642,0.29530,-0.01023,0.48904,0.87220,0.00111,0.41647,0.03570,0.29603,-0.01024,0.48904,0.87220,0.00117,-3.83,9.27,0.73
24.3939,7,-0.33181,0.11685,0.27469,0.84213,0.32326,0.35437,-0.24646,1,0.41969,0.02803,0.29542,-0.01023,0.48905,0.87220,0.00109,0.41575,0.03719,0.29612,-0.01024,0.48904,0.87220,0.00117,-3.94,9.17,0.71
24.4108,8,-0.33431,0.11689,0.28081,0.83953,0.32127,0.36083,-0.24856,1,0.41911,0.02951,0.29551,-0.01022,0.48905,0.87220,0.00109,0.41501,0.03868,0.29622,-0.01024,0.48904,0.87220,0.00117,-4.10,9.17,0.70
24.4275,9,-0.33663,0.11680,0.28652,0.83682,0.31903,0.36722,-0.25122,1,0.41847,0.03107,0.29561,-0.01021,0.48905,0.87220,0.00111,0.41425,0.04017,0.29631,-0.01024,0.48904,0.87220,0.00117,-4.22,9.10,0.70
24.4439,10,-0.34136,0.11725,0.29658,0.83226,0.31590,0.37674,-0.25618,1,0.41781,0.03261,0.29571,-0.01021,0.48904,0.87220,0.00112,0.41348,0.04164,0.29640,-0.01024,0.48904,0.87220,0.00117,-4.34,9.03,0.69
24.4610,11,-0.34367,0.11781,0.30113,0.83000,0.31572,0.38078,-0.25772,1,0.41712,0.03415,0.29581,-0.01021,0.48903,0.87220,0.00111,0.41269,0.04311,0.29649,-0.01024,0.48904,0.87220,0.00117,-4.43,8.96,0.68
24.4774,12,-0.34608,0.11834,0.30522,0.82788,0.31641,0.38412,-0.25874,1,0.41644,0.03558,0.29591,-0.01020,0.48904,0.87220,0.00111,0.41190,0.04457,0.29659,-0.01024,0.48904,0.87220,0.00117,-4.54,8.99,0.67
24.4944,13,-0.34808,0.11902,0.30907,0.82543,0.31697,0.38814,-0.25990,1,0.41571,0.03711,0.29603,-0.01019,0.48903,0.87221,0.00111,0.41110,0.04603,0.29668,-0.01024,0.48904,0.87220,0.00117,-4.61,8.92,0.66
24.5112,14,-0.34994,0.12024,0.31229,0.82285,0.31714,0.39187,-0.26226,1,0.41494,0.03862,0.29614,-0.01018,0.48903,0.87221,0.00111,0.41029,0.04749,0.29678,-0.01024,0.48904,0.87220,0.00117,-4.65,8.87,0.64
24.5276,15,-0.35362,0.12227,0.31679,0.81917,0.31656,0.39635,-0.26768,1,0.41421,0.04003,0.29624,-0.01018,0.48904,0.87220,0.00112,0.40948,0.04894,0.29689,-0.01024,0.48904,0.87220,0.00117,-4.73,8.91,0.65
24.5443,16,-0.35533,0.12370,0.31827,0.81850,0.31657,0.39649,-0.26953,1,0.41343,0.04150,0.29634,-0.01019,0.48904,0.87220,0.00113,0.40867,0.05039,0.29700,-0.01024,0.48904,0.87220,0.00117,-4.76,8.88,0.67
24.5610,17,-0.35699,0.12491,0.31925,0.81778,0.31770,0.39644,-0.27043,1,0.41264,0.04294,0.29643,-0.01019,0.48906,0.87219,0.00115,0.40785,0.05184,0.29712,-0.01024,0.48904,0.87220,0.00117,-4.79,8.89,0.69
24.5779,18,-0.35843,0.12581,0.31995,0.81667,0.31981,0.39685,-0.27072,1,0.41236,0.04345,0.29646,-0.01019,0.48906,0.87219,0.00115,0.40704,0.05329,0.29723,-0.01024,0.48904,0.87220,0.00117,-5.33,9.84,0.77
24.5948,19,-0.35963,0.12702,0.31969,0.81552,0.32317,0.39683,-0.27020,1,0.41106,0.04579,0.29663,-0.01019,0.48907,0.87219,0.00119,0.40623,0.05474,0.29736,-0.01024,0.48904,0.87220,0.00117,-4.83,8.95,0.72
24.6113,20,-0.36109,0.12849,0.31765,0.81397,0.32922,0.39610,-0.26865,1,0.41031,0.04712,0.29675,-0.01019,0.48909,0.87217,0.00122,0.40542,0.05619,0.29748,-0.01024,0.48904,0.87220,0.00117,-4.89,9.08,0.73
24.6284,21,-0.36151,0.12930,0.31539,0.81403,0.33078,0.39489,-0.26832,1,0.40949,0.04856,0.29688,-0.01021,0.48907,0.87218,0.00123,0.40463,0.05765,0.29761,-0.01024,0.48904,0.87220,0.00117,-4.87,9.09,0.73
24.6451,22,-0.36141,0.12999,0.31279,0.81512,0.33141,0.39247,-0.26779,1,0.40866,0.05003,0.29701,-0.01024,0.48904,0.87220,0.00124,0.40384,0.05911,0.29775,-0.01024,0.48904,0.87220,0.00117,-4.82,9.08,0.74
24.6619,23,-0.36119,0.13053,0.31000,0.81644,0.33192,0.39003,-0.26671,1,0.40789,0.05141,0.29711,-0.01026,0.48903,0.87220,0.00123,0.40306,0.06058,0.29789,-0.01024,0.48904,0.87220,0.00117,-4.83,9.17,0.77
24.6784,24,-0.36064,0.13118,0.30627,0.81819,0.33342,0.38642,-0.26472,1,0.40707,0.05291,0.29721,-0.01028,0.48902,0.87221,0.00123,0.40229,0.06205,0.29803,-0.01024,0.48904,0.87220,0.00117,-4.78,9.15,0.81
24.6954,25,-0.35820,0.13247,0.29804,0.82150,0.33783,0.37839,-0.26045,1,0.40628,0.05440,0.29733,-0.01024,0.48901,0.87222,0.00122,0.40155,0.06354,0.29817,-0.01024,0.48904,0.87220,0.00117,-4.73,9.14,0.84
24.7119,26,-0.35642,0.13316,0.29248,0.82360,0.33997,0.37361,-0.25793,1,0.40548,0.05589,0.29747,-0.01022,0.48901,0.87221,0.00119,0.40082,0.06503,0.29833,-0.01024,0.48904,0.87220,0.00117,-4.66,9.14,0.86
24.7289,27,-0.35413,0.13377,0.28621,0.82589,0.34235,0.36837,-0.25496,1,0.40469,0.05740,0.29762,-0.01020,0.48902,0.87221,0.00117,0.40011,0.06653,0.29848,-0.01024,0.48904,0.87220,0.00117,-4.57,9.13,0.87
24.7455,28,-0.35123,0.13460,0.27924,0.82856,0.34503,0.36213,-0.25161,1,0.40392,0.05884,0.29776,-0.01019,0.48901,0.87222,0.00115,0.39943,0.06804,0.29865,-0.01024,0.48904,0.87220,0.00117,-4.50,9.20,0.88
24.7624,29,-0.34289,0.13680,0.26337,0.83303,0.35106,0.34981,-0.24587,1,0.40312,0.06036,0.29791,-0.01020,0.48900,0.87223,0.00113,0.39879,0.06957,0.29883,-0.01024,0.48904,0.87220,0.00117,-4.33,9.21,0.92
24.7790,30,-0.33776,0.13808,0.25420,0.83562,0.35477,0.34247,-0.24206,1,0.40238,0.06178,0.29804,-0.01020,0.48900,0.87222,0.00112,0.39818,0.07111,0.29902,-0.01024,0.48904,0.87220,0.00117,-4.20,9.33,0.98
24.7957,31,-0.33176,0.13967,0.24452,0.83847,0.35718,0.33494,-0.23918,1,0.40163,0.06330,0.29818,-0.01020,0.48900,0.87223,0.00113,0.39761,0.07266,0.29922,-0.01024,0.48904,0.87220,0.00117,-4.02,9.36,1.04
24.8124,32,-0.32489,0.14198,0.23436,0.84115,0.35825,0.32745,-0.23855,1,0.40090,0.06482,0.29833,-0.01019,0.48900,0.87223,0.00115,0.39708,0.07422,0.29945,-0.01024,0.48904,0.87220,0.00117,-3.82,9.40,1.11
24.8292,33,-0.31740,0.14428,0.22336,0.84301,0.36027,0.32083,-0.23792,1,0.40020,0.06637,0.29850,-0.01019,0.48899,0.87223,0.00117,0.39659,0.07580,0.29969,-0.01024,0.48904,0.87220,0.00117,-3.61,9.43,1.19
24.8465,34,-0.30771,0.15346,0.19988,0.84342,0.37993,0.30963,-0.22006,1,0.39952,0.06792,0.29868,-0.01017,0.48899,0.87223,0.00116,0.39623,0.07739,0.30001,-0.01024,0.48904,0.87220,0.00117,-3.30,9.47,1.33
24.8628,35,-0.30504,0.16115,0.18668,0.84372,0.39218,0.30225,-0.20730,1,0.39886,0.06948,0.29887,-0.01015,0.48900,0.87223,0.00114,0.39594,0.07899,0.30038,-0.01024,0.48904,0.87220,0.00117,-2.92,9.51,1.51
24.8795,36,-0.29773,0.16675,0.17385,0.84525,0.40181,0.29217,-0.19681,1,0.39828,0.07097,0.29907,-0.01012,0.48899,0.87223,0.00115,0.39574,0.08059,0.30080,-0.01024,0.48904,0.87220,0.00117,-2.54,9.62,1.73
24.8962,37,-0.28623,0.17127,0.16141,0.84776,0.40804,0.28101,-0.18933,1,0.39769,0.07257,0.29928,-0.01010,0.48900,0.87222,0.00114,0.39561,0.08219,0.30127,-0.01024,0.48904,0.87220,0.00117,-2.08,9.61,1.99
24.9131,38,-0.27157,0.17513,0.14736,0.85017,0.41380,0.26930,-0.18289,1,0.39717,0.07417,0.29952,-0.01006,0.48902,0.87221,0.00114,0.39559,0.08376,0.30181,-0.01024,0.48904,0.87220,0.00117,-1.58,9.59,2.29
24.9300,39,-0.22980,0.17842,0.11294,0.85401,0.42659,0.24590,-0.16797,1,0.39673,0.07575,0.29981,-0.01003,0.48904,0.87220,0.00115,0.39591,0.08525,0.30249,-0.01024,0.48904,0.87220,0.00117,-0.82,9.50,2.68
24.9466,40,-0.21012,0.18179,0.09854,0.85448,0.43584,0.23475,-0.15747,1,0.39640,0.07722,0.30012,-0.01003,0.48905,0.87220,0.00118,0.39642,0.08664,0.30326,-0.01024,0.48904,0.87220,0.00117,0.03,9.41,3.15
24.9635,41,-0.19158,0.18615,0.08629,0.85392,0.44753,0.22262,-0.14486,1,0.39613,0.07878,0.30050,-0.01004,0.48906,0.87219,0.00121,0.39711,0.08788,0.30414,-0.01024,0.48904,0.87220,0.00117,0.98,9.10,3.64
24.9804,42,-0.17298,0.19025,0.07461,0.85343,0.45805,0.20937,-0.13420,1,0.39600,0.08031,0.30095,-0.01006,0.48906,0.87219,0.00125,0.39798,0.08893,0.30510,-0.01024,0.48904,0.87220,0.00117,1.98,8.61,4.15
24.9972,43,-0.15391,0.19404,0.06331,0.85378,0.46585,0.19596,-0.12509,1,0.39599,0.08183,0.30147,-0.01008,0.48908,0.87218,0.00132,0.39903,0.08972,0.30613,-0.01024,0.48904,0.87220,0.00117,3.03,7.88,4.66
25.0140,44,-0.11226,0.19952,0.04204,0.85472,0.47717,0.17015,-0.11316,1,0.39615,0.08330,0.30209,-0.01011,0.48907,0.87218,0.00139,0.40031,0.08988,0.30718,-0.01024,0.48904,0.87220,0.00117,4.16,6.58,5.09
25.0304,45,-0.09104,0.20058,0.03245,0.85339,0.48450,0.16054,-0.10589,1,0.39644,0.08456,0.30275,-0.01012,0.48906,0.87219,0.00140,0.40164,0.08974,0.30817,-0.01024,0.48904,0.87220,0.00117,5.20,5.18,5.42
25.0471,46,-0.07055,0.20184,0.02370,0.85168,0.49226,0.15270,-0.09484,1,0.39695,0.08578,0.30354,-0.01009,0.48906,0.87219,0.00144,0.40297,0.08934,0.30910,-0.01024,0.48904,0.87220,0.00117,6.03,3.57,5.56
25.0638,47,-0.05117,0.20397,0.01575,0.85105,0.49839,0.14412,-0.08087,1,0.39763,0.08682,0.30442,-0.01005,0.48904,0.87220,0.00147,0.40427,0.08874,0.30996,-0.01024,0.48904,0.87220,0.00117,6.64,1.92,5.53
25.0806,48,-0.03127,0.20539,0.00831,0.85101,0.50311,0.13497,-0.06675,1,0.39842,0.08760,0.30531,-0.01003,0.48902,0.87221,0.00148,0.40552,0.08798,0.31074,-0.01024,0.48904,0.87220,0.00117,7.10,0.38,5.43
25.0973,49,0.00752,0.20611,-0.00430,0.85270,0.50920,0.10939,-0.04069,1,0.39938,0.08815,0.30629,-0.01002,0.48900,0.87223,0.00144,0.40667,0.08696,0.31140,-0.01024,0.48904,0.87220,0.00117,7.29,-1.19,5.11
25.1141,50,0.02706,0.20520,-0.00956,0.85559,0.50797,0.09449,-0.03161,1,0.40045,0.08842,0.30727,-0.00999,0.48902,0.87221,0.00143,0.40777,0.08586,0.31199,-0.01024,0.48904,0.87220,0.00117,7.32,-2.57,4.72
25.1309,51,0.04628,0.20372,-0.01458,0.85754,0.50757,0.08123,-0.01985,1,0.40160,0.08839,0.30821,-0.00999,0.48904,0.87220,0.00142,0.40882,0.08467,0.31251,-0.01024,0.48904,0.87220,0.00117,7.22,-3.71,4.30
25.1476,52,0.06565,0.20158,-0.01913,0.85930,0.50674,0.06926,-0.00469,1,0.40271,0.08809,0.30903,-0.01002,0.48903,0.87221,0.00141,0.40982,0.08343,0.31297,-0.01024,0.48904,0.87220,0.00117,7.11,-4.67,3.94
25.1646,53,0.08527,0.19896,-0.02323,0.86153,0.50419,0.05865,0.01109,1,0.40389,0.08757,0.30982,-0.01008,0.48901,0.87222,0.00141,0.41078,0.08212,0.31338,-0.01024,0.48904,0.87220,0.00117,6.89,-5.44,3.56
25.1810,54,0.12482,0.19241,-0.03029,0.86577,0.49760,0.02970,0.04419,1,0.40506,0.08688,0.31054,-0.01009,0.48900,0.87223,0.00142,0.41165,0.08073,0.31368,-0.01024,0.48904,0.87220,0.00117,6.58,-6.15,3.14
25.1979,55,0.14437,0.18870,-0.03308,0.86921,0.49101,0.01183,0.05696,1,0.40622,0.08605,0.31120,-0.01009,0.48906,0.87219,0.00142,0.41247,0.07931,0.31394,-0.01024,0.48904,0.87220,0.00117,6.26,-6.74,2.74
25.2145,56,0.16312,0.18401,-0.03542,0.87259,0.48375,-0.00626,0.06729,1,0.40726,0.08515,0.31178,-0.01007,0.48905,0.87220,0.00138,0.41326,0.07786,0.31415,-0.01024,0.48904,0.87220,0.00117,6.00,-7.30,2.37
25.2312,57,0.18147,0.17877,-0.03711,0.87550,0.47645,-0.02230,0.07750,1,0.40830,0.08412,0.31230,-0.01010,0.48902,0.87221,0.00135,0.41401,0.07638,0.31432,-0.01024,0.48904,0.87220,0.00117,5.71,-7.74,2.02
25.2481,58,0.19975,0.17394,-0.03829,0.87742,0.46991,-0.03623,0.08944,1,0.40930,0.08299,0.31275,-0.01012,0.48897,0.87224,0.00132,0.41473,0.07488,0.31445,-0.01024,0.48904,0.87220,0.00117,5.43,-8.11,1.70
25.2649,59,0.23578,0.16527,-0.03870,0.87939,0.45747,-0.06775,0.11319,1,0.41024,0.08176,0.31311,-0.01014,0.48896,0.87224,0.00128,0.41537,0.07334,0.31452,-0.01024,0.48904,0.87220,0.00117,5.13,-8.42,1.41
25.2819,60,0.25339,0.16125,-0.03762,0.88086,0.44940,-0.08575,0.12156,1,0.41110,0.08055,0.31339,-0.01012,0.48897,0.87224,0.00127,0.41597,0.07179,0.31456,-0.01024,0.48904,0.87220,0.00117,4.87,-8.76,1.17
25.2985,61,0.27078,0.15762,-0.03613,0.88102,0.44261,-0.10231,0.13206,1,0.41198,0.07920,0.31366,-0.01009,0.48898,0.87223,0.00125,0.41654,0.07022,0.31459,-0.01024,0.48904,0.87220,0.00117,4.57,-8.98,0.93
25.3153,62,0.28827,0.15386,-0.03393,0.88003,0.43735,-0.11722,0.14332,1,0.41280,0.07780,0.31388,-0.01006,0.48900,0.87223,0.00123,0.41708,0.06864,0.31459,-0.01024,0.48904,0.87220,0.00117,4.28,-9.15,0.71
25.3319,63,0.30538,0.15080,-0.03056,0.87975,0.43073,-0.13335,0.15077,1,0.41356,0.07633,0.31407,-0.01005,0.48902,0.87221,0.00120,0.41757,0.06705,0.31458,-0.01024,0.48904,0.87220,0.00117,4.01,-9.28,0.51
25.3487,64,0.33849,0.14528,-0.02290,0.87880,0.41810,-0.16788,0.15720,1,0.41424,0.07492,0.31420,-0.01006,0.48905,0.87220,0.00121,0.41799,0.06544,0.31455,-0.01024,0.48904,0.87220,0.00117,3.75,-9.48,0.35
25.3654,65,0.35437,0.14280,-0.01816,0.87689,0.41401,-0.18399,0.16068,1,0.41492,0.07334,0.31431,-0.01006,0.48909,0.87218,0.00121,0.41837,0.06382,0.31450,-0.01024,0.48904,0.87220,0.00117,3.45,-9.52,0.19
25.3824,66,0.36979,0.14049,-0.01305,0.87423,0.41054,-0.19930,0.16567,1,0.41556,0.07173,0.31438,-0.01008,0.48911,0.87216,0.00122,0.41872,0.06219,0.31445,-0.01024,0.48904,0.87220,0.00117,3.16,-9.55,0.07
25.3989,67,0.38477,0.13852,-0.00754,0.87113,0.40672,-0.21518,0.17149,1,0.41612,0.07020,0.31443,-0.01009,0.48913,0.87215,0.00125,0.41904,0.06055,0.31440,-0.01024,0.48904,0.87220,0.00117,2.91,-9.64,-0.04
25.4156,68,0.39914,0.13694,-0.00147,0.86721,0.40376,-0.23259,0.17559,1,0.41667,0.06856,0.31446,-0.01012,0.48914,0.87214,0.00128,0.41932,0.05891,0.31433,-0.01024,0.48904,0.87220,0.00117,2.64,-9.65,-0.12
25.4324,69,0.42618,0.13371,0.01115,0.85919,0.39891,-0.26447,0.18087,1,0.41717,0.06692,0.31446,-0.01014,0.48914,0.87215,0.00130,0.41953,0.05726,0.31426,-0.01024,0.48904,0.87220,0.00117,2.36,-9.66,-0.20
25.4491,70,0.43899,0.13229,0.01801,0.85501,0.39607,-0.27774,0.18693,1,0.41761,0.06530,0.31445,-0.01016,0.48913,0.87215,0.00130,0.41971,0.05560,0.31419,-0.01024,0.48904,0.87220,0.00117,2.10,-9.70,-0.26
25.4658,71,0.45169,0.13086,0.02468,0.85058,0.39398,-0.29037,0.19228,1,0.41798,0.06378,0.31443,-0.01017,0.48913,0.87215,0.00128,0.41986,0.05395,0.31411,-0.01024,0.48904,0.87220,0.00117,1.88,-9.83,-0.32
25.4825,72,0.46414,0.12923,0.03175,0.84610,0.39190,-0.30265,0.19732,1,0.41834,0.06216,0.31439,-0.01018,0.48912,0.87215,0.00126,0.41998,0.05229,0.31403,-0.01024,0.48904,0.87220,0.00117,1.64,-9.88,-0.37
25.4995,73,0.47637,0.12771,0.03888,0.84148,0.38881,-0.31508,0.20362,1,0.41867,0.06055,0.31437,-0.01017,0.48912,0.87215,0.00125,0.42008,0.05062,0.31394,-0.01024,0.48904,0.87220,0.00117,1.41,-9.92,-0.42
25.5163,74,0.49957,0.12535,0.05297,0.83157,0.38110,-0.34514,0.21010,1,0.41895,0.05891,0.31433,-0.01016,0.48911,0.87216,0.00123,0.42011,0.04896,0.31385,-0.01024,0.48904,0.87220,0.00117,1.16,-9.95,-0.47
25.5329,75,0.51037,0.12408,0.06010,0.82660,0.37713,-0.36156,0.20924,1,0.41920,0.05727,0.31427,-0.01016,0.48909,0.87217,0.00121,0.42012,0.04730,0.31376,-0.01024,0.48904,0.87220,0.00117,0.92,-9.98,-0.51
25.5498,76,0.52078,0.12265,0.06700,0.82214,0.37304,-0.37459,0.21121,1,0.41939,0.05571,0.31421,-0.01017,0.48905,0.87219,0.00118,0.42011,0.04563,0.31366,-0.01024,0.48904,0.87220,0.00117,0.72,-10.08,-0.54
25.5663,77,0.53106,0.12120,0.07404,0.81757,0.36918,-0.38486,0.21718,1,0.41957,0.05405,0.31412,-0.01015,0.48902,0.87221,0.00114,0.42007,0.04397,0.31357,-0.01024,0.48904,0.87220,0.00117,0.51,-10.08,-0.55
25.5831,78,0.54101,0.11981,0.08131,0.81296,0.36517,-0.39430,0.22421,1,0.41970,0.05241,0.31402,-0.01015,0.48902,0.87221,0.00113,0.42001,0.04231,0.31347,-0.01024,0.48904,0.87220,0.00117,0.32,-10.10,-0.55
25.6000,79,0.56017,0.11745,0.09540,0.80412,0.35647,-0.41303,0.23606,1,0.41980,0.05076,0.31392,-0.01016,0.48901,0.87222,0.00112,0.41991,0.04065,0.31336,-0.01024,0.48904,0.87220,0.00117,0.11,-10.12,-0.56
25.6166,80,0.56945,0.11631,0.10235,0.79984,0.35225,-0.42323,0.23885,1,0.41986,0.04921,0.31383,-0.01016,0.48900,0.87222,0.00110,0.41978,0.03899,0.31325,-0.01024,0.48904,0.87220,0.00117,-0.07,-10.22,-0.57
25.6442,81,0.58676,0.11398,0.11638,0.79000,0.34413,-0.44663,0.24084,1,0.41990,0.04646,0.31365,-0.01015,0.48902,0.87221,0.00107,0.41962,0.03733,0.31314,-0.01024,0.48904,0.87220,0.00117,-0.28,-9.13,-0.50
25.6609,82,0.59502,0.11282,0.12286,0.78530,0.33997,-0.45662,0.24335,1,0.41989,0.04483,0.31354,-0.01013,0.48903,0.87221,0.00105,0.41944,0.03568,0.31303,-0.01024,0.48904,0.87220,0.00117,-0.45,-9.15,-0.51
25.6776,83,0.60288,0.11182,0.12951,0.78111,0.33509,-0.46428,0.24905,1,0.41986,0.04333,0.31345,-0.01011,0.48909,0.87218,0.00103,0.41923,0.03403,0.31292,-0.01024,0.48904,0.87220,0.00117,-0.62,-9.30,-0.53
25.6944,84,0.61069,0.11054,0.13619,0.77684,0.33019,-0.47149,0.25533,1,0.41980,0.04176,0.31334,-0.01010,0.48910,0.87217,0.00102,0.41901,0.03238,0.31280,-0.01024,0.48904,0.87220,0.00117,-0.79,-9.38,-0.54
25.7112,85,0.62584,0.10774,0.14905,0.76864,0.32060,-0.48597,0.26501,1,0.41973,0.04019,0.31323,-0.01011,0.48911,0.87216,0.00101,0.41876,0.03074,0.31268,-0.01024,0.48904,0.87220,0.00117,-0.96,-9.45,-0.55
25.7279,86,0.63300,0.10635,0.15537,0.76459,0.31592,-0.49341,0.26859,1,0.41962,0.03862,0.31312,-0.01013,0.48911,0.87216,0.00102,0.41850,0.02910,0.31256,-0.01024,0.48904,0.87220,0.00117,-1.13,-9.52,-0.56
25.7447,87,0.63990,0.10535,0.16148,0.76043,0.31055,-0.50186,0.27099,1,0.41950,0.03713,0.31301,-0.01013,0.48912,0.87216,0.00101,0.41821,0.02746,0.31244,-0.01024,0.48904,0.87220,0.00117,-1.29,-9.67,-0.57
25.7614,88,0.64626,0.10474,0.16783,0.75604,0.30566,-0.51140,0.27101,1,0.41935,0.03554,0.31290,-0.01013,0.48911,0.87216,0.00101,0.41792,0.02582,0.31231,-0.01024,0.48904,0.87220,0.00117,-1.43,-9.72,-0.58
25.7781,89,0.65239,0.10388,0.17403,0.75132,0.30233,-0.52090,0.26979,1,0.41917,0.03394,0.31278,-0.01015,0.48911,0.87216,0.00102,0.41760,0.02419,0.31219,-0.01024,0.48904,0.87220,0.00117,-1.57,-9.75,-0.59
25.7949,90,0.66384,0.10222,0.18566,0.74214,0.29670,-0.53790,0.26806,1,0.41896,0.03232,0.31265,-0.01017,0.48909,0.87217,0.00102,0.41727,0.02257,0.31206,-0.01024,0.48904,0.87220,0.00117,-1.70,-9.76,-0.59
25.8116,91,0.66897,0.10149,0.19136,0.73777,0.29378,-0.54517,0.26866,1,0.41875,0.03079,0.31252,-0.01019,0.48908,0.87218,0.00103,0.41691,0.02094,0.31193,-0.01024,0.48904,0.87220,0.00117,-1.84,-9.85,-0.59
25.8284,92,0.67386,0.10093,0.19659,0.73428,0.28971,-0.55101,0.27072,1,0.41852,0.02915,0.31239,-0.01020,0.48905,0.87220,0.00104,0.41655,0.01932,0.31181,-0.01024,0.48904,0.87220,0.00117,-1.97,-9.83,-0.59
25.8450,93,0.67849,0.10037,0.20205,0.73144,0.28564,-0.55574,0.27306,1,0.41826,0.02751,0.31226,-0.01021,0.48905,0.87219,0.00103,0.41617,0.01770,0.31168,-0.01024,0.48904,0.87220,0.00117,-2.08,-9.81,-0.58
25.8618,94,0.68302,0.09991,0.20728,0.72795,0.28281,-0.56033,0.27595,1,0.41798,0.02587,0.31213,-0.01022,0.48907,0.87218,0.00102,0.41578,0.01609,0.31155,-0.01024,0.48904,0.87220,0.00117,-2.20,-9.79,-0.59
25.8789,95,0.69134,0.09893,0.21738,0.71987,0.27708,-0.57201,0.27893,1,0.41768,0.02424,0.31201,-0.01023,0.48907,0.87219,0.00101,0.41537,0.01448,0.31142,-0.01024,0.48904,0.87220,0.00117,-2.31,-9.76,-0.59
25.8955,96,0.69500,0.09870,0.22211,0.71558,0.27557,-0.57840,0.27831,1,0.41739,0.02270,0.31190,-0.01023,0.48908,0.87218,0.00099,0.41495,0.01287,0.31129,-0.01024,0.48904,0.87220,0.00117,-2.44,-9.83,-0.61
25.9120,97,0.69845,0.09860,0.22670,0.71110,0.27470,-0.58453,0.27785,1,0.41705,0.02110,0.31178,-0.01022,0.48907,0.87218,0.00097,0.41452,0.01126,0.31116,-0.01024,0.48904,0.87220,0.00117,-2.53,-9.84,-0.62
25.9288,98,0.70158,0.09848,0.23121,0.70658,0.27342,-0.59055,0.27790,1,0.41671,0.01962,0.31167,-0.01021,0.48907,0.87218,0.00093,0.41408,0.00966,0.31104,-0.01024,0.48904,0.87220,0.00117,-2.63,-9.95,-0.63
25.9457,99,0.70458,0.09852,0.23522,0.70245,0.27268,-0.59620,0.27704,1,0.41632,0.01804,0.31155,-0.01019,0.48907,0.87218,0.00089,0.41363,0.00806,0.31091,-0.01024,0.48904,0.87220,0.00117,-2.70,-9.98,-0.64
25.9624,100,0.70957,0.09832,0.24285,0.69484,0.27119,-0.60720,0.27378,1,0.41592,0.01646,0.31143,-0.01016,0.48908,0.87218,0.00084,0.41316,0.00647,0.31078,-0.01024,0.48904,0.87220,0.00117,-2.76,-9.99,-0.64
25.9795,101,0.71150,0.09812,0.24612,0.69149,0.27108,-0.61142,0.27300,1,0.41549,0.01488,0.31130,-0.01015,0.48909,0.87218,0.00081,0.41268,0.00488,0.31066,-0.01024,0.48904,0.87220,0.00117,-2.81,-10.00,-0.64
25.9961,102,0.71319,0.09789,0.24945,0.68862,0.27049,-0.61522,0.27228,1,0.41506,0.01327,0.31116,-0.01013,0.48909,0.87217,0.00079,0.41220,0.00328,0.31053,-0.01024,0.48904,0.87220,0.00117,-2.86,-9.99,-0.63
26.0128,103,0.71458,0.09785,0.25207,0.68674,0.26869,-0.61775,0.27311,1,0.41466,0.01174,0.31103,-0.01012,0.48909,0.87217,0.00079,0.41171,0.00170,0.31041,-0.01024,0.48904,0.87220,0.00117,-2.95,-10.04,-0.62
26.0296,104,0.71670,0.09748,0.25728,0.68290,0.26672,-0.62186,0.27531,1,0.41422,0.01008,0.31088,-0.01012,0.48911,0.87216,0.00080,0.41121,0.00011,0.31028,-0.01024,0.48904,0.87220,0.00117,-3.02,-9.96,-0.60
26.0463,105,0.71732,0.09726,0.25899,0.68008,0.26709,-0.62500,0.27481,1,0.41378,0.00838,0.31073,-0.01013,0.48912,0.87216,0.00083,0.41070,-0.00147,0.31016,-0.01024,0.48904,0.87220,0.00117,-3.08,-9.85,-0.57
26.0630,106,0.71738,0.09699,0.26066,0.67732,0.26738,-0.62879,0.27270,1,0.41334,0.00668,0.31059,-0.01015,0.48914,0.87215,0.00089,0.41019,-0.00305,0.31003,-0.01024,0.48904,0.87220,0.00117,-3.15,-9.73,-0.56
26.0798,107,0.71703,0.09663,0.26169,0.67521,0.26867,-0.63199,0.26926,1,0.41291,0.00509,0.31046,-0.01018,0.48912,0.87216,0.00094,0.40968,-0.00463,0.30990,-0.01024,0.48904,0.87220,0.00117,-3.23,-9.73,-0.56
26.0964,108,0.71636,0.09622,0.26188,0.67411,0.27038,-0.63322,0.26741,1,0.41242,0.00343,0.31033,-0.01021,0.48911,0.87216,0.00098,0.40916,-0.00621,0.30977,-0.01024,0.48904,0.87220,0.00117,-3.26,-9.64,-0.55
26.1132,109,0.71356,0.09510,0.26143,0.67591,0.27293,-0.63096,0.26559,1,0.41193,0.00181,0.31020,-0.01021,0.48910,0.87217,0.00100,0.40865,-0.00779,0.30964,-0.01024,0.48904,0.87220,0.00117,-3.28,-9.60,-0.56
26.1299,110,0.71161,0.09422,0.26010,0.67815,0.27363,-0.62887,0.26411,1,0.41143,0.00022,0.31008,-0.01020,0.48912,0.87216,0.00100,0.40813,-0.00937,0.30950,-0.01024,0.48904,0.87220,0.00117,-3.29,-9.60,-0.57
26.1469,111,0.70894,0.09345,0.25852,0.68033,0.27383,-0.62682,0.26319,1,0.41094,-0.00125,0.30997,-0.01018,0.48913,0.87215,0.00098,0.40762,-0.01095,0.30936,-0.01024,0.48904,0.87220,0.00117,-3.31,-9.70,-0.60
26.1633,112,0.70575,0.09279,0.25611,0.68245,0.27458,-0.62500,0.26124,1,0.41040,-0.00281,0.30984,-0.01018,0.48912,0.87215,0.00094,0.40712,-0.01253,0.30922,-0.01024,0.48904,0.87220,0.00117,-3.29,-9.72,-0.62
26.1805,113,0.70198,0.09219,0.25306,0.68489,0.27631,-0.62250,0.25897,1,0.40988,-0.00437,0.30971,-0.01017,0.48912,0.87216,0.00092,0.40661,-0.01412,0.30907,-0.01024,0.48904,0.87220,0.00117,-3.27,-9.75,-0.64
26.1971,114,0.69348,0.09082,0.24481,0.69176,0.28249,-0.61427,0.25364,1,0.40936,-0.00593,0.30957,-0.01017,0.48911,0.87217,0.00090,0.40613,-0.01570,0.30892,-0.01024,0.48904,0.87220,0.00117,-3.23,-9.77,-0.65
26.2136,115,0.68854,0.09031,0.23985,0.69569,0.28562,-0.60968,0.25046,1,0.40887,-0.00740,0.30943,-0.01018,0.48907,0.87218,0.00089,0.40566,-0.01729,0.30876,-0.01024,0.48904,0.87220,0.00117,-3.21,-9.89,-0.67
26.2306,116,0.68315,0.08972,0.23424,0.70005,0.28895,-0.60497,0.24584,1,0.40835,-0.00898,0.30929,-0.01019,0.48905,0.87220,0.00088,0.40520,-0.01889,0.30860,-0.01024,0.48904,0.87220,0.00117,-3.15,-9.91,-0.69
26.2475,117,0.67734,0.08916,0.22758,0.70470,0.29198,-0.59971,0.24185,1,0.40785,-0.01056,0.30914,-0.01019,0.48905,0.87220,0.00087,0.40476,-0.02049,0.30843,-0.01024,0.48904,0.87220,0.00117,-3.09,-9.93,-0.71
26.2643,118,0.67069,0.08901,0.22049,0.70900,0.29581,-0.59436,0.23782,1,0.40735,-0.01215,0.30900,-0.01018,0.48902,0.87221,0.00086,0.40434,-0.02209,0.30826,-0.01024,0.48904,0.87220,0.00117,-3.01,-9.94,-0.74
26.2807,119,0.65616,0.08894,0.20462,0.71903,0.30493,-0.58143,0.22791,1,0.40688,-0.01367,0.30886,-0.01018,0.48903,0.87221,0.00086,0.40397,-0.02370,0.30808,-0.01024,0.48904,0.87220,0.00117,-2.91,-10.03,-0.78
26.2976,120,0.64755,0.08907,0.19558,0.72589,0.31049,-0.57174,0.22312,1,0.40639,-0.01533,0.30872,-0.01018,0.48906,0.87219,0.00088,0.40363,-0.02533,0.30789,-0.01024,0.48904,0.87220,0.00117,-2.77,-10.00,-0.83
26.3142,121,0.63846,0.08942,0.18629,0.73296,0.31467,-0.56161,0.21989,1,0.40592,-0.01700,0.30858,-0.01017,0.48908,0.87218,0.00090,0.40331,-0.02695,0.30771,-0.01024,0.48904,0.87220,0.00117,-2.60,-9.95,-0.87
26.3309,122,0.62901,0.08981,0.17656,0.73977,0.31964,-0.55110,0.21650,1,0.40545,-0.01869,0.30841,-0.01019,0.48911,0.87216,0.00094,0.40304,-0.02858,0.30751,-0.01024,0.48904,0.87220,0.00117,-2.41,-9.90,-0.89
26.3480,123,0.61846,0.09023,0.16656,0.74621,0.32576,-0.53963,0.21415,1,0.40502,-0.02036,0.30823,-0.01020,0.48911,0.87216,0.00100,0.40281,-0.03022,0.30732,-0.01024,0.48904,0.87220,0.00117,-2.21,-9.86,-0.92
26.3647,124,0.59693,0.09091,0.14546,0.76025,0.33737,-0.51561,0.20579,1,0.40463,-0.02192,0.30806,-0.01022,0.48911,0.87216,0.00102,0.40267,-0.03187,0.30711,-0.01024,0.48904,0.87220,0.00117,-1.96,-9.95,-0.95
26.3815,125,0.58458,0.09132,0.13465,0.76792,0.34197,-0.50395,0.19848,1,0.40426,-0.02356,0.30787,-0.01021,0.48912,0.87215,0.00102,0.40259,-0.03352,0.30689,-0.01024,0.48904,0.87220,0.00117,-1.66,-9.97,-0.98
26.3983,126,0.57194,0.09173,0.12330,0.77647,0.34638,-0.49143,0.18872,1,0.40392,-0.02516,0.30767,-0.01019,0.48913,0.87215,0.00099,0.40259,-0.03517,0.30667,-0.01024,0.48904,0.87220,0.00117,-1.34,-10.01,-1.00
26.4148,127,0.55932,0.09198,0.11208,0.78501,0.35003,-0.47850,0.17965,1,0.40365,-0.02667,0.30749,-0.01017,0.48913,0.87215,0.00097,0.40265,-0.03682,0.30644,-0.01024,0.48904,0.87220,0.00117,-1.00,-10.15,-1.05
26.4318,128,0.54637,0.09241,0.10147,0.79415,0.35058,-0.46486,0.17414,1,0.40341,-0.02827,0.30729,-0.01016,0.48912,0.87216,0.00095,0.40280,-0.03846,0.30619,-0.01024,0.48904,0.87220,0.00117,-0.61,-10.19,-1.10
26.4485,129,0.51918,0.09395,0.07898,0.80942,0.34717,-0.43725,0.18199,1,0.40322,-0.02986,0.30708,-0.01017,0.48911,0.87216,0.00097,0.40315,-0.04007,0.30593,-0.01024,0.48904,0.87220,0.00117,-0.07,-10.22,-1.15
26.4652,130,0.50484,0.09487,0.06790,0.81616,0.35221,-0.42038,0.18195,1,0.40308,-0.03147,0.30688,-0.01017,0.48908,0.87218,0.00097,0.40362,-0.04165,0.30567,-0.01024,0.48904,0.87220,0.00117,0.54,-10.18,-1.21
26.4818,131,0.49026,0.09559,0.05714,0.82099,0.36021,-0.40547,0.17836,1,0.40300,-0.03301,0.30668,-0.01017,0.48908,0.87218,0.00095,0.40423,-0.04317,0.30539,-0.01024,0.48904,0.87220,0.00117,1.23,-10.16,-1.28
26.4988,132,0.47501,0.09629,0.04653,0.82821,0.36792,-0.39103,0.16062,1,0.40301,-0.03467,0.30645,-0.01016,0.48908,0.87218,0.00096,0.40500,-0.04463,0.30511,-0.01024,0.48904,0.87220,0.00117,1.99,-9.96,-1.34
26.5156,133,0.45867,0.09784,0.03581,0.83514,0.37249,-0.37919,0.14144,1,0.40312,-0.03633,0.30623,-0.01013,0.48909,0.87218,0.00098,0.40594,-0.04597,0.30483,-0.01024,0.48904,0.87220,0.00117,2.82,-9.64,-1.40
26.5320,134,0.42521,0.10120,0.01544,0.85114,0.37873,-0.34548,0.11295,1,0.40334,-0.03802,0.30601,-0.01010,0.48911,0.87216,0.00101,0.40724,-0.04698,0.30457,-0.01024,0.48904,0.87220,0.00117,3.90,-8.96,-1.44
26.5491,135,0.40807,0.10276,0.00587,0.85758,0.38191,-0.32757,0.10676,1,0.40367,-0.03969,0.30577,-0.01009,0.48912,0.87216,0.00105,0.40870,-0.04775,0.30432,-0.01024,0.48904,0.87220,0.00117,5.03,-8.06,-1.45
26.5655,136,0.39034,0.10431,-0.00352,0.86265,0.38536,-0.31096,0.10316,1,0.40411,-0.04122,0.30554,-0.01008,0.48914,0.87215,0.00113,0.41028,-0.04824,0.30411,-0.01024,0.48904,0.87220,0.00117,6.16,-7.03,-1.43
26.5822,137,0.37163,0.10619,-0.01241,0.86653,0.38886,-0.29637,0.10037,1,0.40475,-0.04273,0.30528,-0.01006,0.48912,0.87216,0.00122,0.41192,-0.04843,0.30393,-0.01024,0.48904,0.87220,0.00117,7.18,-5.70,-1.35
26.5991,138,0.35207,0.10849,-0.02083,0.87071,0.39284,-0.28121,0.09203,1,0.40557,-0.04408,0.30504,-0.01004,0.48911,0.87216,0.00130,0.41358,-0.04832,0.30380,-0.01024,0.48904,0.87220,0.00117,8.01,-4.24,-1.24
26.6158,139,0.31177,0.11400,-0.03528,0.88025,0.40134,-0.24489,0.06415,1,0.40651,-0.04517,0.30481,-0.01004,0.48901,0.87222,0.00135,0.41513,-0.04770,0.30376,-0.01024,0.48904,0.87220,0.00117,8.62,-2.54,-1.05
26.6325,140,0.29169,0.11714,-0.04141,0.88551,0.40397,-0.22435,0.04851,1,0.40767,-0.04610,0.30457,-0.01006,0.48900,0.87222,0.00141,0.41660,-0.04691,0.30377,-0.01024,0.48904,0.87220,0.00117,8.93,-0.81,-0.80
26.6494,141,0.27172,0.12085,-0.04646,0.88981,0.40595,-0.20566,0.03378,1,0.40899,-0.04680,0.30435,-0.01006,0.48902,0.87221,0.00141,0.41797,-0.04597,0.30381,-0.01024,0.48904,0.87220,0.00117,8.98,0.82,-0.53
26.6660,142,0.25132,0.12502,-0.05051,0.89186,0.40979,-0.18981,0.02493,1,0.41043,-0.04723,0.30418,-0.01001,0.48906,0.87219,0.00139,0.41925,-0.04491,0.30390,-0.01024,0.48904,0.87220,0.00117,8.82,2.32,-0.29
26.6828,143,0.23089,0.12924,-0.05436,0.89321,0.41443,-0.17346,0.01832,1,0.41182,-0.04735,0.30408,-0.01001,0.48908,0.87218,0.00138,0.42045,-0.04375,0.30402,-0.01024,0.48904,0.87220,0.00117,8.62,3.60,-0.06
26.6995,144,0.19058,0.13844,-0.05935,0.89366,0.42802,-0.13426,0.01211,1,0.41331,-0.04719,0.30398,-0.01008,0.48906,0.87219,0.00138,0.42147,-0.04245,0.30419,-0.01024,0.48904,0.87220,0.00117,8.17,4.73,0.21
26.7163,145,0.17118,0.14318,-0.06062,0.89252,0.43671,-0.11213,0.01108,1,0.41477,-0.04677,0.30390,-0.01015,0.48907,0.87219,0.00136,0.42243,-0.04110,0.30439,-0.01024,0.48904,0.87220,0.00117,7.66,5.67,0.49
26.7330,146,0.15244,0.14824,-0.06077,0.89142,0.44376,-0.09152,0.00884,1,0.41620,-0.04610,0.30390,-0.01014,0.48906,0.87219,0.00133,0.42332,-0.03971,0.30462,-0.01024,0.48904,0.87220,0.00117,7.12,6.39,0.71
26.7497,147,0.13458,0.15385,-0.06036,0.89045,0.44946,-0.07115,0.00310,1,0.41749,-0.04528,0.30396,-0.01016,0.48907,0.87218,0.00129,0.42414,-0.03828,0.30486,-0.01024,0.48904,0.87220,0.00117,6.65,7.00,0.91
26.7665,148,0.11734,0.15982,-0.05979,0.88810,0.45661,-0.05266,-0.00290,1,0.41877,-0.04428,0.30404,-0.01022,0.48907,0.87218,0.00123,0.42491,-0.03683,0.30514,-0.01024,0.48904,0.87220,0.00117,6.14,7.45,1.10
26.7833,149,0.08526,0.17139,-0.05751,0.87984,0.47421,-0.02613,-0.01788,1,0.41995,-0.04319,0.30414,-0.01026,0.48908,0.87218,0.00117,0.42557,-0.03533,0.30546,-0.01024,0.48904,0.87220,0.00117,5.62,7.86,1.31
26.8000,150,0.06990,0.17685,-0.05599,0.87640,0.48052,-0.01765,-0.02667,1,0.42107,-0.04199,0.30431,-0.01024,0.48906,0.87219,0.00117,0.42619,-0.03382,0.30579,-0.01024,0.48904,0.87220,0.00117,5.12,8.17,1.48
26.8167,151,0.05432,0.18182,-0.05385,0.87386,0.48453,-0.01184,-0.03820,1,0.42205,-0.04078,0.30451,-0.01019,0.48901,0.87222,0.00121,0.42677,-0.03229,0.30614,-0.01024,0.48904,0.87220,0.00117,4.71,8.49,1.62
26.8335,152,0.03907,0.18604,-0.05120,0.87240,0.48622,-0.00450,-0.04985,1,0.42296,-0.03944,0.30472,-0.01021,0.48900,0.87222,0.00121,0.42730,-0.03076,0.30649,-0.01024,0.48904,0.87220,0.00117,4.34,8.68,1.77
26.8505,153,0.02315,0.18965,-0.04794,0.87087,0.48766,0.00381,-0.06131,1,0.42377,-0.03804,0.30494,-0.01024,0.48900,0.87222,0.00121,0.42779,-0.02920,0.30685,-0.01024,0.48904,0.87220,0.00117,4.01,8.84,1.91
26.8670,154,-0.00820,0.19499,-0.04026,0.86894,0.48730,0.03378,-0.07966,1,0.42453,-0.03662,0.30519,-0.01022,0.48901,0.87222,0.00122,0.42819,-0.02763,0.30720,-0.01024,0.48904,0.87220,0.00117,3.66,9.00,2.01
26.8836,155,-0.02255,0.19635,-0.03588,0.86718,0.48767,0.05135,-0.08689,1,0.42520,-0.03526,0.30546,-0.01019,0.48899,0.87223,0.00124,0.42856,-0.02604,0.30755,-0.01024,0.48904,0.87220,0.00117,3.36,9.22,2.09
26.9004,156,-0.03635,0.19651,-0.03130,0.86547,0.48738,0.06827,-0.09356,1,0.42585,-0.03376,0.30578,-0.01016,0.48900,0.87223,0.00125,0.42889,-0.02444,0.30788,-0.01024,0.48904,0.87220,0.00117,3.04,9.32,2.10
26.9173,157,-0.05015,0.19643,-0.02624,0.86465,0.48541,0.08227,-0.09991,1,0.42644,-0.03222,0.30614,-0.01015,0.48900,0.87222,0.00125,0.42919,-0.02283,0.30820,-0.01024,0.48904,0.87220,0.00117,2.75,9.39,2.06
26.9341,158,-0.06413,0.19651,-0.02073,0.86368,0.48373,0.09525,-0.10484,1,0.42696,-0.03065,0.30649,-0.01015,0.48902,0.87221,0.00122,0.42944,-0.02121,0.30851,-0.01024,0.48904,0.87220,0.00117,2.49,9.44,2.02
26.9507,159,-0.09116,0.19555,-0.00912,0.86084,0.47982,0.12209,-0.11758,1,0.42740,-0.02915,0.30684,-0.01013,0.48903,0.87221,0.00121,0.42963,-0.01958,0.30880,-0.01024,0.48904,0.87220,0.00117,2.23,9.57,1.96
26.9677,160,-0.10400,0.19440,-0.00308,0.85905,0.47765,0.13621,-0.12383,1,0.42783,-0.02754,0.30719,-0.01012,0.48903,0.87221,0.00120,0.42979,-0.01794,0.30907,-0.01024,0.48904,0.87220,0.00117,1.96,9.59,1.88
26.9842,161,-0.11629,0.19311,0.00303,0.85763,0.47453,0.15017,-0.12942,1,0.42820,-0.02592,0.30752,-0.01010,0.48904,0.87220,0.00118,0.42991,-0.01630,0.30932,-0.01024,0.48904,0.87220,0.00117,1.71,9.62,1.80
27.0010,162,-0.12807,0.19160,0.00908,0.85639,0.47147,0.16178,-0.13468,1,0.42852,-0.02439,0.30784,-0.01007,0.48904,0.87221,0.00117,0.43000,-0.01465,0.30957,-0.01024,0.48904,0.87220,0.00117,1.48,9.74,1.73
27.0178,163,-0.15035,0.18940,0.02165,0.85470,0.46343,0.18237,-0.14652,1,0.42880,-0.02277,0.30814,-0.01005,0.48905,0.87220,0.00117,0.43004,-0.01300,0.30979,-0.01024,0.48904,0.87220,0.00117,1.23,9.77,1.64
27.0345,164,-0.16096,0.18912,0.02785,0.85435,0.45855,0.19125,-0.15242,1,0.42905,-0.02117,0.30843,-0.01003,0.48906,0.87219,0.00118,0.43005,-0.01135,0.31000,-0.01024,0.48904,0.87220,0.00117,1.00,9.82,1.57
27.0514,165,-0.17208,0.19084,0.03397,0.85357,0.45455,0.19945,-0.15820,1,0.42926,-0.01957,0.30871,-0.01004,0.48906,0.87219,0.00121,0.43003,-0.00970,0.31022,-0.01024,0.48904,0.87220,0.00117,0.78,9.88,1.51
27.0680,166,-0.18297,0.19276,0.04002,0.85260,0.45073,0.20767,-0.16368,1,0.42942,-0.01800,0.30896,-0.01004,0.48908,0.87218,0.00124,0.43000,-0.00805,0.31044,-0.01024,0.48904,0.87220,0.00117,0.57,9.95,1.48
27.0851,167,-0.19278,0.19200,0.04577,0.85211,0.44567,0.21648,-0.16862,1,0.42956,-0.01642,0.30921,-0.01004,0.48906,0.87219,0.00127,0.42993,-0.00639,0.31065,-0.01024,0.48904,0.87220,0.00117,0.37,10.02,1.44
27.1020,168,-0.20957,0.18471,0.05757,0.84989,0.43761,0.23556,-0.17520,1,0.42966,-0.01483,0.30945,-0.01005,0.48906,0.87219,0.00128,0.42983,-0.00474,0.31082,-0.01024,0.48904,0.87220,0.00117,0.17,10.09,1.37
27.1183,169,-0.21781,0.18244,0.06313,0.84941,0.43168,0.24360,-0.18114,1,0.42973,-0.01329,0.30967,-0.01006,0.48906,0.87219,0.00130,0.42971,-0.00308,0.31098,-0.01024,0.48904,0.87220,0.00117,-0.03,10.21,1.31
27.1350,170,-0.22583,0.18003,0.06883,0.85024,0.42460,0.24941,-0.18604,1,0.42977,-0.01173,0.30987,-0.01009,0.48906,0.87219,0.00133,0.42957,-0.00143,0.31113,-0.01024,0.48904,0.87220,0.00117,-0.21,10.30,1.26
27.1517,171,-0.23351,0.17790,0.07478,0.85077,0.41827,0.25501,-0.19031,1,0.42978,-0.01004,0.31009,-0.01011,0.48903,0.87221,0.00133,0.42940,0.00022,0.31127,-0.01024,0.48904,0.87220,0.00117,-0.38,10.26,1.18
27.1685,172,-0.24073,0.17601,0.08050,0.85043,0.41314,0.26035,-0.19572,1,0.42976,-0.00834,0.31029,-0.01012,0.48903,0.87220,0.00131,0.42922,0.00187,0.31140,-0.01024,0.48904,0.87220,0.00117,-0.54,10.21,1.10
27.1852,173,-0.25373,0.17177,0.09271,0.84969,0.40035,0.27136,-0.21003,1,0.42971,-0.00662,0.31049,-0.01012,0.48903,0.87221,0.00128,0.42900,0.00352,0.31151,-0.01024,0.48904,0.87220,0.00117,-0.71,10.14,1.01
27.2024,174,-0.25970,0.17048,0.09891,0.84957,0.39357,0.27715,-0.21568,1,0.42963,-0.00490,0.31068,-0.01011,0.48904,0.87220,0.00124,0.42876,0.00517,0.31161,-0.01024,0.48904,0.87220,0.00117,-0.87,10.07,0.93
27.2191,175,-0.26538,0.16900,0.10533,0.84769,0.38946,0.28417,-0.22134,1,0.42953,-0.00320,0.31086,-0.01010,0.48904,0.87220,0.00121,0.42850,0.00681,0.31170,-0.01024,0.48904,0.87220,0.00117,-1.03,10.01,0.85
27.2358,176,-0.27074,0.16742,0.11158,0.84457,0.38751,0.29245,-0.22585,1,0.42940,-0.00160,0.31100,-0.01011,0.48905,0.87220,0.00119,0.42822,0.00845,0.31179,-0.01024,0.48904,0.87220,0.00117,-1.18,10.05,0.79
27.2525,177,-0.27562,0.16601,0.11753,0.84138,0.38570,0.30107,-0.22951,1,0.42924,0.00010,0.31114,-0.01011,0.48904,0.87220,0.00118,0.42792,0.01009,0.31188,-0.01024,0.48904,0.87220,0.00117,-1.32,9.99,0.74
27.2691,178,-0.28423,0.16373,0.12914,0.83512,0.38245,0.31641,-0.23706,1,0.42905,0.00180,0.31126,-0.01011,0.48903,0.87221,0.00117,0.42759,0.01172,0.31195,-0.01024,0.48904,0.87220,0.00117,-1.47,9.92,0.69
27.2861,179,-0.28832,0.16268,0.13456,0.83241,0.38027,0.32325,-0.24084,1,0.42884,0.00350,0.31138,-0.01011,0.48901,0.87222,0.00115,0.42724,0.01335,0.31202,-0.01024,0.48904,0.87220,0.00117,-1.60,9.85,0.64
27.3027,180,-0.29200,0.16180,0.14002,0.82974,0.37914,0.33014,-0.24249,1,0.42863,0.00510,0.31148,-0.01010,0.48902,0.87221,0.00114,0.42687,0.01497,0.31208,-0.01024,0.48904,0.87220,0.00117,-1.76,9.88,0.60
27.3195,181,-0.29528,0.16102,0.14510,0.82701,0.37821,0.33688,-0.24398,1,0.42838,0.00678,0.31159,-0.01010,0.48903,0.87221,0.00113,0.42649,0.01660,0.31214,-0.01024,0.48904,0.87220,0.00117,-1.88,9.82,0.55
27.3363,182,-0.29814,0.16034,0.14999,0.82380,0.37701,0.34409,-0.24664,1,0.42809,0.00844,0.31169,-0.01011,0.48902,0.87221,0.00111,0.42610,0.01821,0.31220,-0.01024,0.48904,0.87220,0.00117,-2.00,9.77,0.50
27.3529,183,-0.30291,0.15918,0.15864,0.81597,0.37591,0.35808,-0.25430,1,0.42781,0.00999,0.31179,-0.01011,0.48904,0.87220,0.00111,0.42568,0.01983,0.31225,-0.01024,0.48904,0.87220,0.00117,-2.14,9.84,0.46
27.3699,184,-0.30462,0.15855,0.16210,0.81230,0.37521,0.36449,-0.25793,1,0.42749,0.01160,0.31187,-0.01013,0.48906,0.87219,0.00113,0.42524,0.02143,0.31230,-0.01024,0.48904,0.87220,0.00117,-2.25,9.84,0.43
27.3864,185,-0.30611,0.15809,0.16505,0.80924,0.37458,0.37033,-0.26014,1,0.42716,0.01318,0.31194,-0.01015,0.48905,0.87220,0.00116,0.42480,0.02304,0.31235,-0.01024,0.48904,0.87220,0.00117,-2.35,9.86,0.41
27.4034,186,-0.30728,0.15759,0.16715,0.80647,0.37514,0.37506,-0.26118,1,0.42681,0.01473,0.31200,-0.01018,0.48906,0.87219,0.00121,0.42436,0.02465,0.31239,-0.01024,0.48904,0.87220,0.00117,-2.45,9.92,0.39
27.4202,187,-0.30795,0.15709,0.16888,0.80406,0.37598,0.37887,-0.26188,1,0.42643,0.01630,0.31205,-0.01022,0.48906,0.87219,0.00126,0.42390,0.02625,0.31244,-0.01024,0.48904,0.87220,0.00117,-2.53,9.95,0.39
27.4371,188,-0.30738,0.15657,0.16919,0.80226,0.37459,0.38084,-0.26649,1,0.42604,0.01788,0.31210,-0.01025,0.48905,0.87219,0.00130,0.42345,0.02785,0.31248,-0.01024,0.48904,0.87220,0.00117,-2.59,9.97,0.38
27.4535,189,-0.30586,0.15641,0.16767,0.80238,0.37213,0.38084,-0.26956,1,0.42566,0.01941,0.31214,-0.01028,0.48902,0.87221,0.00134,0.42300,0.02946,0.31252,-0.01024,0.48904,0.87220,0.00117,-2.66,10.05,0.38
27.4703,190,-0.30404,0.15656,0.16533,0.80281,0.36883,0.38018,-0.27374,1,0.42523,0.02106,0.31219,-0.01029,0.48900,0.87222,0.00134,0.42256,0.03106,0.31256,-0.01024,0.48904,0.87220,0.00117,-2.68,10.00,0.37
27.4873,191,-0.30167,0.15678,0.16197,0.80436,0.36469,0.37752,-0.27837,1,0.42479,0.02273,0.31224,-0.01028,0.48899,0.87223,0.00132,0.42212,0.03267,0.31260,-0.01024,0.48904,0.87220,0.00117,-2.67,9.94,0.37
27.5037,192,-0.29850,0.15708,0.15741,0.80724,0.35983,0.37216,-0.28352,1,0.42437,0.02432,0.31229,-0.01025,0.48897,0.87224,0.00129,0.42171,0.03428,0.31265,-0.01024,0.48904,0.87220,0.00117,-2.66,9.97,0.36
27.5205,193,-0.29018,0.15793,0.14530,0.81529,0.35213,0.35399,-0.29324,1,0.42391,0.02599,0.31233,-0.01023,0.48899,0.87223,0.00126,0.42133,0.03591,0.31270,-0.01024,0.48904,0.87220,0.00117,-2.58,9.92,0.37
27.5372,194,-0.28518,0.15780,0.13829,0.81918,0.35102,0.34454,-0.29499,1,0.42346,0.02765,0.31238,-0.01020,0.48900,0.87222,0.00123,0.42097,0.03753,0.31275,-0.01024,0.48904,0.87220,0.00117,-2.49,9.89,0.37
27.5543,195,-0.27953,0.15767,0.13032,0.82385,0.35074,0.33467,-0.29368,1,0.42301,0.02931,0.31243,-0.01018,0.48899,0.87223,0.00121,0.42065,0.03917,0.31280,-0.01024,0.48904,0.87220,0.00117,-2.36,9.86,0.37
27.5708,196,-0.27308,0.15782,0.12192,0.82865,0.35101,0.32461,-0.29112,1,0.42260,0.03088,0.31247,-0.01016,0.48900,0.87222,0.00120,0.42036,0.04081,0.31285,-0.01024,0.48904,0.87220,0.00117,-2.24,9.93,0.38
27.5877,197,-0.26477,0.15754,0.11232,0.83344,0.35255,0.31421,-0.28698,1,0.42216,0.03254,0.31252,-0.01014,0.48901,0.87222,0.00117,0.42011,0.04246,0.31291,-0.01024,0.48904,0.87220,0.00117,-2.05,9.91,0.39
27.6046,198,-0.24495,0.15739,0.09238,0.84261,0.35658,0.29369,-0.27676,1,0.42176,0.03422,0.31257,-0.01011,0.48901,0.87222,0.00115,0.41995,0.04411,0.31296,-0.01024,0.48904,0.87220,0.00117,-1.81,9.89,0.39
27.6214,199,-0.23474,0.15864,0.08265,0.84585,0.36099,0.28389,-0.27135,1,0.42138,0.03589,0.31262,-0.01008,0.48902,0.87221,0.00113,0.41984,0.04578,0.31303,-0.01024,0.48904,0.87220,0.00117,-1.53,9.89,0.41
27.6381,200,-0.22383,0.16013,0.07272,0.84838,0.36732,0.27348,-0.26557,1,0.42102,0.03754,0.31267,-0.01006,0.48904,0.87220,0.00112,0.41979,0.04744,0.31310,-0.01024,0.48904,0.87220,0.00117,-1.23,9.90,0.43
27.6548,201,-0.21204,0.16181,0.06301,0.85071,0.37434,0.26266,-0.25920,1,0.42073,0.03909,0.31272,-0.01004,0.48906,0.87219,0.00112,0.41980,0.04910,0.31320,-0.01024,0.48904,0.87220,0.00117,-0.93,10.02,0.47
27.6714,202,-0.19950,0.16415,0.05339,0.85348,0.38094,0.24986,-0.25303,1,0.42046,0.04070,0.31277,-0.01003,0.48909,0.87218,0.00112,0.41988,0.05077,0.31331,-0.01024,0.48904,0.87220,0.00117,-0.58,10.07,0.54
27.6880,203,-0.17245,0.16933,0.03528,0.85763,0.39607,0.22432,-0.23932,1,0.42025,0.04230,0.31282,-0.01003,0.48910,0.87217,0.00116,0.42011,0.05241,0.31348,-0.01024,0.48904,0.87220,0.00117,-0.13,10.11,0.66
27.7051,204,-0.15780,0.17234,0.02664,0.85818,0.40726,0.21277,-0.22892,1,0.42009,0.04380,0.31287,-0.01004,0.48911,0.87216,0.00121,0.42044,0.05403,0.31368,-0.01024,0.48904,0.87220,0.00117,0.35,10.23,0.81
27.7219,205,-0.14247,0.17561,0.01872,0.85830,0.42010,0.20065,-0.21582,1,0.41997,0.04544,0.31294,-0.01009,0.48911,0.87216,0.00132,0.42087,0.05562,0.31394,-0.01024,0.48904,0.87220,0.00117,0.90,10.18,1.00
27.7385,206,-0.12650,0.17950,0.01121,0.85801,0.43175,0.18839,-0.20474,1,0.41993,0.04706,0.31304,-0.01012,0.48908,0.87218,0.00139,0.42142,0.05716,0.31426,-0.01024,0.48904,0.87220,0.00117,1.49,10.09,1.21
27.7554,207,-0.11019,0.18379,0.00424,0.85687,0.44393,0.17480,-0.19530,1,0.41995,0.04871,0.31317,-0.01014,0.48903,0.87221,0.00142,0.42210,0.05863,0.31466,-0.01024,0.48904,0.87220,0.00117,2.15,9.92,1.48
27.7718,208,-0.07702,0.19217,-0.00777,0.85302,0.46774,0.14753,-0.17837,1,0.42006,0.05029,0.31334,-0.01011,0.48902,0.87221,0.00145,0.42308,0.05984,0.31525,-0.01024,0.48904,0.87220,0.00117,3.02,9.55,1.90
27.7889,209,-0.05985,0.19643,-0.01276,0.85125,0.47841,0.13379,-0.16915,1,0.42025,0.05196,0.31357,-0.01007,0.48900,0.87222,0.00145,0.42421,0.06084,0.31595,-0.01024,0.48904,0.87220,0.00117,3.96,8.88,2.39
27.8057,210,-0.04244,0.20010,-0.01692,0.84889,0.48975,0.12111,-0.15769,1,0.42057,0.05362,0.31384,-0.01003,0.48901,0.87222,0.00145,0.42548,0.06156,0.31676,-0.01024,0.48904,0.87220,0.00117,4.91,7.95,2.92
27.8225,211,-0.02484,0.20287,-0.02079,0.84587,0.50216,0.11015,-0.14218,1,0.42101,0.05518,0.31417,-0.00999,0.48901,0.87222,0.00143,0.42684,0.06193,0.31764,-0.01024,0.48904,0.87220,0.00117,5.83,6.75,3.48
27.8390,212,-0.00708,0.20532,-0.02475,0.84251,0.51491,0.10009,-0.12257,1,0.42162,0.05665,0.31457,-0.00995,0.48902,0.87221,0.00144,0.42824,0.06191,0.31855,-0.01024,0.48904,0.87220,0.00117,6.62,5.27,3.98
27.8558,213,0.02884,0.20846,-0.03186,0.83561,0.53794,0.08121,-0.07600,1,0.42234,0.05788,0.31504,-0.00991,0.48903,0.87221,0.00142,0.42953,0.06122,0.31935,-0.01024,0.48904,0.87220,0.00117,7.18,3.34,4.31
27.8724,214,0.04706,0.20915,-0.03496,0.83348,0.54538,0.06973,-0.05486,1,0.42327,0.05899,0.31563,-0.00986,0.48905,0.87220,0.00140,0.43071,0.06029,0.32006,-0.01024,0.48904,0.87220,0.00117,7.44,1.30,4.43
27.8894,215,0.06515,0.20956,-0.03804,0.83253,0.54976,0.05739,-0.03703,1,0.42434,0.05982,0.31631,-0.00981,0.48906,0.87220,0.00136,0.43179,0.05918,0.32069,-0.01024,0.48904,0.87220,0.00117,7.45,-0.64,4.37
27.9060,216,0.08327,0.20928,-0.04072,0.83337,0.55056,0.04322,-0.02267,1,0.42543,0.06033,0.31703,-0.00979,0.48905,0.87220,0.00132,0.43277,0.05795,0.32123,-0.01024,0.48904,0.87220,0.00117,7.34,-2.39,4.20
27.9230,217,0.11916,0.20659,-0.04534,0.83670,0.54742,0.01567,0.00257,1,0.42671,0.06058,0.31786,-0.00983,0.48903,0.87221,0.00127,0.43359,0.05655,0.32162,-0.01024,0.48904,0.87220,0.00117,6.88,-4.03,3.76
27.9397,218,0.13713,0.20402,-0.04739,0.83919,0.54358,0.00390,0.01644,1,0.42785,0.06045,0.31857,-0.00988,0.48903,0.87221,0.00121,0.43434,0.05509,0.32194,-0.01024,0.48904,0.87220,0.00117,6.49,-5.36,3.37
27.9565,219,0.15511,0.20039,-0.04937,0.84250,0.53782,-0.00740,0.02968,1,0.42904,0.05997,0.31927,-0.00992,0.48904,0.87220,0.00116,0.43503,0.05360,0.32218,-0.01024,0.48904,0.87220,0.00117,5.99,-6.38,2.91
27.9734,220,0.17305,0.19634,-0.05113,0.84649,0.53024,-0.01900,0.04404,1,0.43019,0.05920,0.31992,-0.00995,0.48910,0.87217,0.00114,0.43568,0.05207,0.32236,-0.01024,0.48904,0.87220,0.00117,5.48,-7.13,2.44
27.9902,221,0.19126,0.19248,-0.05237,0.85015,0.52221,-0.03196,0.05933,1,0.43127,0.05822,0.32050,-0.00999,0.48916,0.87214,0.00113,0.43627,0.05052,0.32249,-0.01024,0.48904,0.87220,0.00117,5.01,-7.70,1.99
28.0069,222,0.22767,0.18410,-0.05389,0.85810,0.50278,-0.06162,0.08412,1,0.43219,0.05713,0.32097,-0.01005,0.48914,0.87215,0.00110,0.43678,0.04893,0.32253,-0.01024,0.48904,0.87220,0.00117,4.59,-8.20,1.56
28.0236,223,0.24574,0.17999,-0.05357,0.86197,0.49257,-0.07649,0.09241,1,0.43308,0.05587,0.32136,-0.01016,0.48912,0.87216,0.00112,0.43725,0.04733,0.32253,-0.01024,0.48904,0.87220,0.00117,4.17,-8.54,1.17
28.0404,224,0.26369,0.17577,-0.05278,0.86510,0.48319,-0.08969,0.10042,1,0.43390,0.05453,0.32165,-0.01025,0.48911,0.87216,0.00114,0.43768,0.04572,0.32251,-0.01024,0.48904,0.87220,0.00117,3.78,-8.81,0.86
28.0571,225,0.28171,0.17148,-0.05159,0.86781,0.47378,-0.10246,0.10928,1,0.43468,0.05311,0.32189,-0.01026,0.48911,0.87216,0.00115,0.43806,0.04410,0.32245,-0.01024,0.48904,0.87220,0.00117,3.39,-9.00,0.57
28.0738,226,0.29958,0.16722,-0.04986,0.86990,0.46464,-0.11504,0.11895,1,0.43534,0.05172,0.32206,-0.01026,0.48913,0.87215,0.00115,0.43841,0.04248,0.32238,-0.01024,0.48904,0.87220,0.00117,3.07,-9.25,0.32
28.0906,227,0.33449,0.15971,-0.04513,0.87314,0.44496,-0.14331,0.13821,1,0.43597,0.05023,0.32219,-0.01026,0.48913,0.87215,0.00113,0.43870,0.04084,0.32226,-0.01024,0.48904,0.87220,0.00117,2.72,-9.39,0.07
28.1074,228,0.35166,0.15609,-0.04197,0.87355,0.43575,-0.15929,0.14717,1,0.43653,0.04872,0.32228,-0.01027,0.48912,0.87216,0.00110,0.43894,0.03919,0.32214,-0.01024,0.48904,0.87220,0.00117,2.41,-9.53,-0.14
28.1239,229,0.36847,0.15235,-0.03855,0.87250,0.42814,-0.17518,0.15729,1,0.43700,0.04727,0.32232,-0.01026,0.48911,0.87216,0.00107,0.43916,0.03755,0.32200,-0.01024,0.48904,0.87220,0.00117,2.16,-9.72,-0.32
28.1407,230,0.38495,0.14854,-0.03426,0.87140,0.41999,-0.19071,0.16701,1,0.43744,0.04570,0.32231,-0.01026,0.48910,0.87216,0.00104,0.43934,0.03590,0.32184,-0.01024,0.48904,0.87220,0.00117,1.90,-9.80,-0.47
28.1577,231,0.40111,0.14524,-0.02994,0.87034,0.41197,-0.20447,0.17600,1,0.43782,0.04410,0.32229,-0.01026,0.48911,0.87216,0.00100,0.43949,0.03424,0.32168,-0.01024,0.48904,0.87220,0.00117,1.67,-9.86,-0.61
28.1745,232,0.43169,0.13941,-0.01977,0.86897,0.39365,-0.23485,0.18649,1,0.43816,0.04248,0.32224,-0.01025,0.48910,0.87216,0.00101,0.43958,0.03259,0.32150,-0.01024,0.48904,0.87220,0.00117,1.41,-9.89,-0.74
28.1910,233,0.44611,0.13681,-0.01405,0.86796,0.38526,-0.25041,0.18846,1,0.43847,0.04084,0.32217,-0.01025,0.48910,0.87217,0.00103,0.43963,0.03093,0.32132,-0.01024,0.48904,0.87220,0.00117,1.17,-9.90,-0.85
28.2080,234,0.46014,0.13441,-0.00797,0.86551,0.37914,-0.26695,0.18941,1,0.43872,0.03918,0.32208,-0.01027,0.48907,0.87218,0.00105,0.43966,0.02928,0.32114,-0.01024,0.48904,0.87220,0.00117,0.94,-9.90,-0.94
28.2247,235,0.47350,0.13178,-0.00130,0.86173,0.37417,-0.28406,0.19163,1,0.43892,0.03760,0.32197,-0.01027,0.48907,0.87218,0.00107,0.43966,0.02762,0.32094,-0.01024,0.48904,0.87220,0.00117,0.74,-9.98,-1.03
28.2415,236,0.48622,0.12951,0.00476,0.85851,0.36866,-0.29920,0.19376,1,0.43910,0.03591,0.32184,-0.01028,0.48907,0.87218,0.00109,0.43963,0.02597,0.32075,-0.01024,0.48904,0.87220,0.00117,0.53,-9.94,-1.09
28.2582,237,0.50995,0.12587,0.01838,0.85129,0.35732,-0.32549,0.20415,1,0.43924,0.03422,0.32170,-0.01027,0.48906,0.87219,0.00110,0.43955,0.02431,0.32055,-0.01024,0.48904,0.87220,0.00117,0.30,-9.91,-1.14
28.2751,238,0.52122,0.12391,0.02518,0.84744,0.35244,-0.33805,0.20820,1,0.43935,0.03254,0.32153,-0.01026,0.48904,0.87220,0.00110,0.43944,0.02266,0.32035,-0.01024,0.48904,0.87220,0.00117,0.09,-9.88,-1.18
28.2918,239,0.53203,0.12189,0.03233,0.84314,0.34794,-0.35115,0.21152,1,0.43942,0.03099,0.32136,-0.01024,0.48904,0.87220,0.00109,0.43931,0.02101,0.32015,-0.01024,0.48904,0.87220,0.00117,-0.12,-9.97,-1.21
28.3086,240,0.54210,0.12003,0.03960,0.83852,0.34376,-0.36458,0.21399,1,0.43946,0.02935,0.32117,-0.01024,0.48906,0.87219,0.00108,0.43915,0.01937,0.31995,-0.01024,0.48904,0.87220,0.00117,-0.31,-9.99,-1.22
28.3250,241,0.55150,0.11858,0.04623,0.83449,0.33919,-0.37779,0.21412,1,0.43945,0.02773,0.32097,-0.01022,0.48906,0.87219,0.00106,0.43896,0.01772,0.31974,-0.01024,0.48904,0.87220,0.00117,-0.49,-10.01,-1.23
28.3421,242,0.56825,0.11605,0.06027,0.82599,0.33312,-0.40234,0.21188,1,0.43942,0.02611,0.32078,-0.01019,0.48906,0.87219,0.00102,0.43874,0.01609,0.31954,-0.01024,0.48904,0.87220,0.00117,-0.68,-10.03,-1.24
28.3585,243,0.57602,0.11450,0.06693,0.82221,0.32986,-0.41190,0.21333,1,0.43936,0.02459,0.32058,-0.01016,0.48905,0.87219,0.00099,0.43849,0.01445,0.31933,-0.01024,0.48904,0.87220,0.00117,-0.87,-10.14,-1.26
28.3753,244,0.58319,0.11305,0.07363,0.81842,0.32525,-0.42081,0.21755,1,0.43927,0.02296,0.32037,-0.01015,0.48906,0.87219,0.00096,0.43822,0.01282,0.31912,-0.01024,0.48904,0.87220,0.00117,-1.05,-10.14,-1.25
28.3923,245,0.58997,0.11156,0.08010,0.81458,0.32161,-0.42929,0.22075,1,0.43915,0.02132,0.32014,-0.01015,0.48905,0.87219,0.00094,0.43793,0.01119,0.31891,-0.01024,0.48904,0.87220,0.00117,-1.22,-10.13,-1.24
28.4088,246,0.59623,0.11010,0.08613,0.81038,0.31833,-0.43780,0.22425,1,0.43902,0.01977,0.31993,-0.01014,0.48905,0.87219,0.00091,0.43762,0.00957,0.31869,-0.01024,0.48904,0.87220,0.00117,-1.39,-10.20,-1.24
28.4257,247,0.60660,0.10794,0.09752,0.80256,0.31227,-0.45374,0.22914,1,0.43885,0.01811,0.31971,-0.01013,0.48904,0.87220,0.00091,0.43728,0.00795,0.31848,-0.01024,0.48904,0.87220,0.00117,-1.57,-10.16,-1.23
28.4425,248,0.61093,0.10663,0.10248,0.79938,0.30968,-0.46044,0.23042,1,0.43866,0.01646,0.31949,-0.01013,0.48902,0.87221,0.00090,0.43693,0.00634,0.31826,-0.01024,0.48904,0.87220,0.00117,-1.74,-10.13,-1.23
28.4592,249,0.61476,0.10526,0.10713,0.79699,0.30764,-0.46605,0.23015,1,0.43844,0.01480,0.31927,-0.01014,0.48904,0.87220,0.00089,0.43656,0.00473,0.31804,-0.01024,0.48904,0.87220,0.00117,-1.88,-10.08,-1.23
28.4760,250,0.61832,0.10386,0.11149,0.79499,0.30615,-0.47084,0.22929,1,0.43821,0.01324,0.31906,-0.01016,0.48902,0.87221,0.00090,0.43618,0.00312,0.31782,-0.01024,0.48904,0.87220,0.00117,-2.02,-10.12,-1.24
28.4927,251,0.62131,0.10243,0.11542,0.79363,0.30412,-0.47469,0.22876,1,0.43794,0.01156,0.31883,-0.01019,0.48902,0.87221,0.00091,0.43579,0.00151,0.31759,-0.01024,0.48904,0.87220,0.00117,-2.15,-10.05,-1.24
28.5094,252,0.62595,0.10025,0.12144,0.79145,0.29976,-0.48012,0.23071,1,0.43765,0.00987,0.31859,-0.01021,0.48904,0.87220,0.00092,0.43538,-0.00009,0.31736,-0.01024,0.48904,0.87220,0.00117,-2.27,-9.95,-1.23
28.5261,253,0.62755,0.09911,0.12411,0.79013,0.29810,-0.48196,0.23357,1,0.43737,0.00826,0.31837,-0.01024,0.48908,0.87218,0.00094,0.43497,-0.00168,0.31712,-0.01024,0.48904,0.87220,0.00117,-2.40,-9.94,-1.25
28.5428,254,0.62882,0.09783,0.12613,0.78921,0.29604,-0.48355,0.23600,1,0.43705,0.00656,0.31814,-0.01026,0.48907,0.87218,0.00096,0.43455,-0.00328,0.31689,-0.01024,0.48904,0.87220,0.00117,-2.50,-9.83,-1.25
28.5594,255,0.62955,0.09678,0.12759,0.78881,0.29481,-0.48402,0.23790,1,0.43670,0.00488,0.31791,-0.01029,0.48909,0.87217,0.00098,0.43412,-0.00487,0.31664,-0.01024,0.48904,0.87220,0.00117,-2.58,-9.75,-1.27
28.5762,256,0.62954,0.09578,0.12910,0.78840,0.29460,-0.48457,0.23836,1,0.43634,0.00321,0.31768,-0.01032,0.48912,0.87216,0.00100,0.43369,-0.00646,0.31640,-0.01024,0.48904,0.87220,0.00117,-2.65,-9.67,-1.29
28.5929,257,0.62881,0.09444,0.12997,0.78984,0.29615,-0.48209,0.23673,1,0.43598,0.00166,0.31747,-0.01033,0.48913,0.87215,0.00099,0.43325,-0.00805,0.31615,-0.01024,0.48904,0.87220,0.00117,-2.73,-9.71,-1.32
28.6097,258,0.62790,0.09394,0.13009,0.79088,0.29742,-0.48018,0.23553,1,0.43558,0.00004,0.31725,-0.01033,0.48914,0.87214,0.00099,0.43282,-0.00964,0.31590,-0.01024,0.48904,0.87220,0.00117,-2.77,-9.68,-1.36
28.6264,259,0.62695,0.09331,0.12954,0.79201,0.29885,-0.47768,0.23501,1,0.43517,-0.00156,0.31703,-0.01033,0.48914,0.87215,0.00097,0.43238,-0.01123,0.31564,-0.01024,0.48904,0.87220,0.00117,-2.79,-9.67,-1.39
28.6435,260,0.62566,0.09259,0.12885,0.79261,0.29991,-0.47617,0.23471,1,0.43474,-0.00315,0.31680,-0.01032,0.48914,0.87214,0.00095,0.43195,-0.01282,0.31538,-0.01024,0.48904,0.87220,0.00117,-2.79,-9.66,-1.42
28.6599,261,0.62417,0.09196,0.12795,0.79296,0.30104,-0.47489,0.23466,1,0.43433,-0.00465,0.31657,-0.01032,0.48914,0.87215,0.00093,0.43152,-0.01440,0.31512,-0.01024,0.48904,0.87220,0.00117,-2.81,-9.75,-1.45
28.6766,262,0.62060,0.09157,0.12481,0.79385,0.30382,-0.47082,0.23628,1,0.43389,-0.00624,0.31631,-0.01029,0.48913,0.87215,0.00092,0.43110,-0.01599,0.31485,-0.01024,0.48904,0.87220,0.00117,-2.80,-9.76,-1.46
28.6933,263,0.61864,0.09166,0.12281,0.79469,0.30575,-0.46788,0.23679,1,0.43345,-0.00783,0.31605,-0.01027,0.48912,0.87216,0.00092,0.43068,-0.01758,0.31458,-0.01024,0.48904,0.87220,0.00117,-2.77,-9.75,-1.47
28.7101,264,0.61645,0.09166,0.12062,0.79568,0.30823,-0.46435,0.23718,1,0.43301,-0.00944,0.31578,-0.01027,0.48913,0.87215,0.00093,0.43027,-0.01918,0.31431,-0.01024,0.48904,0.87220,0.00117,-2.74,-9.74,-1.47
28.7268,265,0.61415,0.09150,0.11832,0.79690,0.31072,-0.46090,0.23658,1,0.43259,-0.01096,0.31552,-0.01026,0.48909,0.87217,0.00094,0.42987,-0.02077,0.31403,-0.01024,0.48904,0.87220,0.00117,-2.72,-9.82,-1.48
28.7436,266,0.61158,0.09127,0.11567,0.79866,0.31245,-0.45755,0.23486,1,0.43215,-0.01257,0.31524,-0.01026,0.48909,0.87217,0.00096,0.42947,-0.02237,0.31376,-0.01024,0.48904,0.87220,0.00117,-2.68,-9.80,-1.48
28.7605,267,0.60551,0.09267,0.10993,0.80315,0.31518,-0.44888,0.23264,1,0.43172,-0.01417,0.31496,-0.01026,0.48906,0.87219,0.00098,0.42910,-0.02397,0.31348,-0.01024,0.48904,0.87220,0.00117,-2.62,-9.80,-1.48
28.7771,268,0.60222,0.09352,0.10664,0.80481,0.31853,-0.44299,0.23361,1,0.43129,-0.01575,0.31468,-0.01026,0.48904,0.87220,0.00099,0.42874,-0.02557,0.31321,-0.01024,0.48904,0.87220,0.00117,-2.56,-9.82,-1.48
28.7938,269,0.59866,0.09433,0.10346,0.80655,0.32212,-0.43636,0.23516,1,0.43090,-0.01723,0.31442,-0.01026,0.48903,0.87220,0.00099,0.42839,-0.02718,0.31293,-0.01024,0.48904,0.87220,0.00117,-2.51,-9.95,-1.49
28.8105,270,0.59508,0.09520,0.10010,0.80844,0.32544,-0.42996,0.23590,1,0.43048,-0.01881,0.31415,-0.01025,0.48904,0.87220,0.00097,0.42805,-0.02879,0.31266,-0.01024,0.48904,0.87220,0.00117,-2.43,-9.97,-1.49
28.8274,271,0.59137,0.09621,0.09676,0.81013,0.32904,-0.42330,0.23713,1,0.43008,-0.02040,0.31388,-0.01023,0.48906,0.87219,0.00094,0.42772,-0.03040,0.31238,-0.01024,0.48904,0.87220,0.00117,-2.36,-10.00,-1.50
28.8440,272,0.58368,0.09884,0.09011,0.81369,0.33632,-0.41038,0.23745,1,0.42972,-0.02191,0.31363,-0.01020,0.48908,0.87218,0.00091,0.42743,-0.03202,0.31212,-0.01024,0.48904,0.87220,0.00117,-2.29,-10.11,-1.51
28.8607,273,0.57964,0.10081,0.08668,0.81487,0.34119,-0.40501,0.23566,1,0.42933,-0.02351,0.31336,-0.01017,0.48908,0.87218,0.00089,0.42715,-0.03364,0.31186,-0.01024,0.48904,0.87220,0.00117,-2.19,-10.13,-1.50
28.8779,274,0.57562,0.10270,0.08362,0.81488,0.34715,-0.40054,0.23457,1,0.42896,-0.02512,0.31310,-0.01016,0.48910,0.87217,0.00087,0.42688,-0.03526,0.31161,-0.01024,0.48904,0.87220,0.00117,-2.09,-10.14,-1.50
28.8943,275,0.57166,0.10437,0.08033,0.81523,0.35266,-0.39581,0.23314,1,0.42860,-0.02676,0.31284,-0.01015,0.48911,0.87216,0.00086,0.42663,-0.03689,0.31136,-0.01024,0.48904,0.87220,0.00117,-1.97,-10.13,-1.48
28.9114,276,0.56768,0.10601,0.07686,0.81597,0.35792,-0.39032,0.23180,1,0.42824,-0.02844,0.31257,-0.01015,0.48913,0.87215,0.00087,0.42639,-0.03853,0.31112,-0.01024,0.48904,0.87220,0.00117,-1.85,-10.09,-1.45
28.9278,277,0.56026,0.10904,0.07121,0.81741,0.36783,-0.37883,0.23028,1,0.42793,-0.03004,0.31231,-0.01015,0.48914,0.87214,0.00090,0.42619,-0.04016,0.31090,-0.01024,0.48904,0.87220,0.00117,-1.74,-10.12,-1.42
28.9449,278,0.55689,0.11031,0.06810,0.81821,0.37229,-0.37289,0.22997,1,0.42762,-0.03176,0.31204,-0.01016,0.48913,0.87215,0.00096,0.42601,-0.04181,0.31068,-0.01024,0.48904,0.87220,0.00117,-1.61,-10.04,-1.37
28.9613,279,0.55354,0.11171,0.06531,0.81872,0.37625,-0.36736,0.23059,1,0.42733,-0.03348,0.31178,-0.01018,0.48912,0.87216,0.00102,0.42584,-0.04345,0.31046,-0.01024,0.48904,0.87220,0.00117,-1.48,-9.97,-1.32
28.9783,280,0.55048,0.11286,0.06265,0.81934,0.37953,-0.36288,0.23014,1,0.42705,-0.03517,0.31152,-0.01021,0.48909,0.87218,0.00108,0.42570,-0.04510,0.31025,-0.01024,0.48904,0.87220,0.00117,-1.35,-9.93,-1.27
28.9948,281,0.54512,0.11355,0.05712,0.82157,0.38466,-0.35498,0.22593,1,0.42681,-0.03675,0.31128,-0.01023,0.48907,0.87219,0.00112,0.42559,-0.04675,0.31004,-0.01024,0.48904,0.87220,0.00117,-1.21,-10.00,-1.24
29.0116,282,0.54285,0.11388,0.05446,0.82258,0.38681,-0.35092,0.22493,1,0.42657,-0.03840,0.31104,-0.01023,0.48904,0.87220,0.00113,0.42551,-0.04840,0.30983,-0.01024,0.48904,0.87220,0.00117,-1.06,-10.00,-1.21
29.0286,283,0.54062,0.11395,0.05211,0.82353,0.38755,-0.34824,0.22435,1,0.42636,-0.04004,0.31082,-0.01022,0.48906,0.87219,0.00112,0.42545,-0.05005,0.30962,-0.01024,0.48904,0.87220,0.00117,-0.91,-10.01,-1.19
29.0454,284,0.53865,0.11358,0.04935,0.82455,0.38792,-0.34608,0.22331,1,0.42617,-0.04166,0.31059,-0.01022,0.48907,0.87218,0.00110,0.42542,-0.05170,0.30941,-0.01024,0.48904,0.87220,0.00117,-0.75,-10.04,-1.19
29.0618,285,0.53689,0.11294,0.04673,0.82589,0.38724,-0.34462,0.22179,1,0.42601,-0.04318,0.31039,-0.01021,0.48908,0.87218,0.00111,0.42541,-0.05336,0.30918,-0.01024,0.48904,0.87220,0.00117,-0.61,-10.18,-1.21
29.0786,286,0.53355,0.11128,0.04200,0.82879,0.38518,-0.34259,0.21766,1,0.42586,-0.04480,0.31019,-0.01020,0.48908,0.87218,0.00110,0.42544,-0.05500,0.30894,-0.01024,0.48904,0.87220,0.00117,-0.41,-10.20,-1.25
29.0953,287,0.53182,0.11042,0.03944,0.83007,0.38414,-0.34150,0.21632,1,0.42573,-0.04644,0.30999,-0.01018,0.48910,0.87217,0.00107,0.42551,-0.05665,0.30868,-0.01024,0.48904,0.87220,0.00117,-0.21,-10.21,-1.31
29.1121,288,0.53001,0.10977,0.03723,0.83114,0.38260,-0.34179,0.21449,1,0.42562,-0.04807,0.30978,-0.01015,0.48910,0.87217,0.00105,0.42561,-0.05829,0.30841,-0.01024,0.48904,0.87220,0.00117,-0.02,-10.22,-1.37
29.1287,289,0.52799,0.10932,0.03493,0.83221,0.38150,-0.34215,0.21171,1,0.42555,-0.04959,0.30957,-0.01012,0.48908,0.87218,0.00104,0.42573,-0.05993,0.30813,-0.01024,0.48904,0.87220,0.00117,0.18,-10.33,-1.44
29.1455,290,0.52558,0.10925,0.03297,0.83340,0.38046,-0.34289,0.20763,1,0.42551,-0.05125,0.30934,-0.01009,0.48909,0.87218,0.00103,0.42588,-0.06157,0.30785,-0.01024,0.48904,0.87220,0.00117,0.37,-10.31,-1.49
29.1623,291,0.51978,0.10999,0.02894,0.83558,0.38260,-0.34108,0.19773,1,0.42549,-0.05290,0.30910,-0.01006,0.48910,0.87217,0.00102,0.42609,-0.06319,0.30756,-0.01024,0.48904,0.87220,0.00117,0.60,-10.29,-1.54
29.1793,292,0.51644,0.11084,0.02712,0.83651,0.38665,-0.33532,0.19572,1,0.42551,-0.05457,0.30886,-0.01003,0.48910,0.87217,0.00100,0.42634,-0.06482,0.30728,-0.01024,0.48904,0.87220,0.00117,0.83,-10.25,-1.58
29.1957,293,0.51324,0.11193,0.02523,0.83730,0.39103,-0.32741,0.19705,1,0.42556,-0.05615,0.30862,-0.01002,0.48912,0.87216,0.00099,0.42662,-0.06644,0.30701,-0.01024,0.48904,0.87220,0.00117,1.07,-10.29,-1.61
29.2129,294,0.51008,0.11357,0.02336,0.83731,0.39405,-0.32309,0.19813,1,0.42564,-0.05785,0.30836,-0.01001,0.48915,0.87214,0.00099,0.42695,-0.06805,0.30676,-0.01024,0.48904,0.87220,0.00117,1.31,-10.20,-1.60
29.2294,295,0.50652,0.11619,0.02186,0.83476,0.39856,-0.32490,0.19688,1,0.42576,-0.05957,0.30809,-0.01001,0.48915,0.87214,0.00102,0.42732,-0.06966,0.30655,-0.01024,0.48904,0.87220,0.00117,1.56,-10.09,-1.54
29.2463,296,0.49707,0.12317,0.01837,0.82804,0.41136,-0.33288,0.18529,1,0.42592,-0.06130,0.30781,-0.01003,0.48916,0.87214,0.00105,0.42783,-0.07125,0.30648,-0.01024,0.48904,0.87220,0.00117,1.90,-9.95,-1.33
29.2629,297,0.49138,0.12767,0.01691,0.82724,0.42026,-0.33094,0.17185,1,0.42612,-0.06292,0.30754,-0.01004,0.48914,0.87215,0.00109,0.42841,-0.07281,0.30653,-0.01024,0.48904,0.87220,0.00117,2.29,-9.89,-1.01
29.2797,0,0.48559,0.13296,0.01542,0.82770,0.43010,-0.32245,0.16109,1,0.42638,-0.06460,0.30727,-0.01005,0.48912,0.87216,0.00113,0.42909,-0.07431,0.30676,-0.01024,0.48904,0.87220,0.00117,2.72,-9.71,-0.50
29.2963,1,0.47995,0.13845,0.01394,0.82797,0.44027,-0.31120,0.15423,1,0.42668,-0.06625,0.30701,-0.01007,0.48911,0.87216,0.00115,0.42989,-0.07570,0.30724,-0.01024,0.48904,0.87220,0.00117,3.21,-9.45,0.23
29.3130,2,0.47451,0.14370,0.01252,0.82703,0.45021,-0.30074,0.15130,1,0.42704,-0.06778,0.30683,-0.01006,0.48910,0.87217,0.00115,0.43080,-0.07687,0.30800,-0.01024,0.48904,0.87220,0.00117,3.75,-9.10,1.17
29.3298,3,0.46390,0.15527,0.00938,0.81812,0.47491,-0.28595,0.15288,1,0.42750,-0.06937,0.30673,-0.01004,0.48908,0.87218,0.00114,0.43176,-0.07736,0.30927,-0.01024,0.48904,0.87220,0.00117,4.25,-7.99,2.54
29.3468,4,0.45863,0.16112,0.00764,0.81183,0.48837,-0.28240,0.15059,1,0.42805,-0.07091,0.30676,-0.01000,0.48908,0.87218,0.00110,0.43266,-0.07749,0.31066,-0.01024,0.48904,0.87220,0.00117,4.61,-6.57,3.90
29.3632,5,0.45333,0.16711,0.00535,0.80811,0.49942,-0.27734,0.14359,0,0.42872,-0.07237,0.30695,-0.00991,0.48908,0.87218,0.00114,0.43266,-0.07749,0.31066,-0.01024,0.48904,0.87220,0.00117,3.94,-5.12,3.71
29.3801,6,0.44846,0.17261,0.00264,0.80781,0.50521,-0.27064,0.13771,0,0.42940,-0.07360,0.30730,-0.00987,0.48906,0.87219,0.00113,0.43266,-0.07749,0.31066,-0.01024,0.48904,0.87220,0.00117,3.26,-3.88,3.37
29.3968,7,0.44315,0.17999,0.00128,0.80820,0.51102,-0.26191,0.13064,0,0.43013,-0.07469,0.30784,-0.00989,0.48905,0.87220,0.00110,0.43266,-0.07749,0.31066,-0.01024,0.48904,0.87220,0.00117,2.53,-2.79,2.82
29.4136,8,0.43408,0.19119,-0.00263,0.80264,0.53072,-0.24609,0.11641,0,0.43085,-0.07554,0.30851,-0.00994,0.48907,0.87219,0.00108,0.43266,-0.07749,0.31066,-0.01024,0.48904,0.87220,0.00117,1.81,-1.95,2.15
29.4304,9,0.42972,0.19639,-0.00461,0.79994,0.53898,-0.23918,0.11134,0,0.43148,-0.07613,0.30919,-0.01001,0.48904,0.87220,0.00107,0.43266,-0.07749,0.31066,-0.01024,0.48904,0.87220,0.00117,1.18,-1.35,1.47
29.4470,10,0.42565,0.20098,-0.00690,0.79778,0.54551,-0.23304,0.10794,0,0.43193,-0.07650,0.30973,-0.01010,0.48904,0.87220,0.00105,0.43266,-0.07749,0.31066,-0.01024,0.48904,0.87220,0.00117,0.74,-0.98,0.93
29.4638,11,0.42186,0.20489,-0.00919,0.79624,0.54986,-0.22837,0.10719,0,0.43227,-0.07676,0.31017,-0.01016,0.48904,0.87220,0.00101,0.43266,-0.07749,0.31066,-0.01024,0.48904,0.87220,0.00117,0.39,-0.72,0.50
29.4806,12,0.41813,0.20837,-0.01163,0.79573,0.55203,-0.22447,0.10810,0,0.43246,-0.07691,0.31042,-0.01023,0.48903,0.87221,0.00097,0.43266,-0.07749,0.31066,-0.01024,0.48904,0.87220,0.00117,0.20,-0.58,0.24
29.4974,13,0.41071,0.21339,-0.01606,0.79646,0.55450,-0.21669,0.10592,0,0.43258,-0.07699,0.31053,-0.01028,0.48902,0.87221,0.00096,0.43266,-0.07749,0.31066,-0.01024,0.48904,0.87220,0.00117,0.08,-0.49,0.14
29.5140,14,0.40732,0.21458,-0.01840,0.79901,0.55448,-0.20945,0.10129,0,0.43266,-0.07706,0.31054,-0.01027,0.48901,0.87222,0.00095,0.43266,-0.07749,0.31066,-0.01024,0.48904,0.87220,0.00117,0.00,-0.43,0.12
29.5307,15,0.40389,0.21472,-0.02071,0.80119,0.55537,-0.20074,0.09678,0,0.43270,-0.07712,0.31053,-0.01024,0.48901,0.87222,0.00093,0.43266,-0.07749,0.31066,-0.01024,0.48904,0.87220,0.00117,-0.04,-0.36,0.13
29.5476,16,0.40074,0.21402,-0.02314,0.80193,0.55712,-0.19309,0.09614,0,0.43274,-0.07716,0.31054,-0.01019,0.48903,0.87221,0.00094,0.43266,-0.07749,0.31066,-0.01024,0.48904,0.87220,0.00117,-0.08,-0.32,0.12
29.5642,17,0.39745,0.21179,-0.02614,0.80175,0.55854,-0.18710,0.10109,0,0.43276,-0.07719,0.31055,-0.01015,0.48904,0.87220,0.00093,0.43266,-0.07749,0.31066,-0.01024,0.48904,0.87220,0.00117,-0.10,-0.30,0.12
29.5812,18,0.39140,0.20275,-0.03351,0.80475,0.55330,-0.18021,0.11730,1,0.43277,-0.07720,0.31055,-0.01012,0.48904,0.87220,0.00092,0.43277,-0.07720,0.31055,-0.01012,0.48904,0.87220,0.00092,-0.00,0.00,-0.00
29.5978,19,0.38835,0.19705,-0.03739,0.80889,0.54597,-0.17764,0.12673,1,0.43277,-0.07719,0.31055,-0.01011,0.48903,0.87221,0.00091,0.43362,-0.07652,0.30929,-0.01012,0.48904,0.87220,0.00092,0.86,0.67,-1.25
29.6146,20,0.38528,0.18957,-0.04097,0.81536,0.53592,-0.17520,0.13143,1,0.43277,-0.07716,0.31052,-0.01011,0.48903,0.87221,0.00092,0.43433,-0.07592,0.30791,-0.01012,0.48904,0.87220,0.00092,1.57,1.23,-2.61
29.6314,21,0.38216,0.18141,-0.04439,0.82318,0.52527,-0.17157,0.13049,1,0.43280,-0.07707,0.31045,-0.01014,0.48905,0.87220,0.00097,0.43498,-0.07535,0.30648,-0.01012,0.48904,0.87220,0.00092,2.18,1.71,-3.97
29.6481,22,0.37894,0.17253,-0.04753,0.83100,0.51540,-0.16745,0.12556,1,0.43292,-0.07690,0.31025,-0.01020,0.48907,0.87219,0.00109,0.43556,-0.07480,0.30502,-0.01012,0.48904,0.87220,0.00092,2.64,2.10,-5.23
29.6648,23,0.37297,0.15113,-0.05369,0.84561,0.49659,-0.16216,0.10980,1,0.43314,-0.07673,0.30990,-0.01021,0.48901,0.87222,0.00112,0.43606,-0.07432,0.30350,-0.01012,0.48904,0.87220,0.00092,2.92,2.41,-6.40
29.6816,24,0.36979,0.13882,-0.05647,0.85296,0.48541,-0.15948,0.10680,1,0.43349,-0.07643,0.30932,-0.01020,0.48899,0.87223,0.00116,0.43652,-0.07387,0.30197,-0.01012,0.48904,0.87220,0.00092,3.02,2.57,-7.35
29.6983,25,0.36697,0.12540,-0.05892,0.86036,0.47257,-0.15650,0.10937,1,0.43391,-0.07605,0.30848,-0.01023,0.48898,0.87223,0.00118,0.43693,-0.07344,0.30041,-0.01012,0.48904,0.87220,0.00092,3.02,2.61,-8.08
29.7152,26,0.36426,0.11146,-0.06132,0.86791,0.45822,-0.15348,0.11497,1,0.43434,-0.07560,0.30740,-0.01030,0.48899,0.87223,0.00118,0.43731,-0.07304,0.29884,-0.01012,0.48904,0.87220,0.00092,2.97,2.56,-8.57
29.7318,27,0.36158,0.09682,-0.06297,0.87577,0.44160,-0.15147,0.12276,1,0.43478,-0.07517,0.30622,-0.01030,0.48901,0.87221,0.00118,0.43765,-0.07266,0.29725,-0.01012,0.48904,0.87220,0.00092,2.87,2.51,-8.97
29.7485,28,0.35577,0.06654,-0.06453,0.89180,0.40945,-0.14620,0.12514,1,0.43528,-0.07471,0.30487,-0.01024,0.48903,0.87221,0.00117,0.43791,-0.07230,0.29564,-0.01012,0.48904,0.87220,0.00092,2.63,2.41,-9.23
29.7653,29,0.35283,0.05060,-0.06460,0.89934,0.39559,-0.14157,0.12102,1,0.43576,-0.07426,0.30344,-0.01022,0.48903,0.87221,0.00115,0.43813,-0.07195,0.29403,-0.01012,0.48904,0.87220,0.00092,2.36,2.31,-9.42
29.7821,30,0.35015,0.03435,-0.06392,0.90673,0.38112,-0.13687,0.11771,1,0.43622,-0.07383,0.30195,-0.01023,0.48905,0.87220,0.00113,0.43831,-0.07161,0.29241,-0.01012,0.48904,0.87220,0.00092,2.09,2.22,-9.54
29.7987,31,0.34757,0.01783,-0.06297,0.91375,0.36571,-0.13326,0.11649,1,0.43661,-0.07345,0.30049,-0.01025,0.48906,0.87219,0.00111,0.43845,-0.07128,0.29078,-0.01012,0.48904,0.87220,0.00092,1.84,2.17,-9.71
29.8156,32,0.34519,0.00121,-0.06132,0.92101,0.34736,-0.13124,0.11771,1,0.43701,-0.07305,0.29889,-0.01027,0.48907,0.87218,0.00111,0.43856,-0.07096,0.28915,-0.01012,0.48904,0.87220,0.00092,1.55,2.09,-9.74
29.8326,33,0.34082,-0.03033,-0.05641,0.93449,0.30811,-0.13307,0.11866,1,0.43738,-0.07268,0.29730,-0.01026,0.48907,0.87219,0.00112,0.43859,-0.07066,0.28751,-0.01012,0.48904,0.87220,0.00092,1.22,2.02,-9.79
29.8492,34,0.33868,-0.04591,-0.05326,0.93941,0.29229,-0.13572,0.11687,1,0.43769,-0.07231,0.29571,-0.01026,0.48906,0.87219,0.00112,0.43860,-0.07036,0.28587,-0.01012,0.48904,0.87220,0.00092,0.91,1.94,-9.84
29.8660,35,0.33669,-0.06167,-0.04972,0.94363,0.27839,-0.13635,0.11605,1,0.43792,-0.07196,0.29419,-0.01029,0.48904,0.87220,0.00111,0.43857,-0.07008,0.28423,-0.01012,0.48904,0.87220,0.00092,0.65,1.88,-9.97
29.8825,36,0.33484,-0.07701,-0.04577,0.94772,0.26448,-0.13439,0.11756,1,0.43813,-0.07161,0.29255,-0.01031,0.48904,0.87220,0.00110,0.43851,-0.06980,0.28258,-0.01012,0.48904,0.87220,0.00092,0.38,1.81,-9.97
29.8997,37,0.33328,-0.09182,-0.04123,0.95206,0.24868,-0.13217,0.11944,1,0.43828,-0.07127,0.29089,-0.01034,0.48903,0.87220,0.00112,0.43841,-0.06952,0.28094,-0.01012,0.48904,0.87220,0.00092,0.13,1.75,-9.95
29.9160,38,0.33067,-0.11985,-0.03193,0.96006,0.21662,-0.13291,0.11700,1,0.43839,-0.07099,0.28934,-0.01031,0.48902,0.87221,0.00110,0.43827,-0.06927,0.27930,-0.01012,0.48904,0.87220,0.00092,-0.12,1.72,-10.03
29.9327,39,0.32968,-0.13325,-0.02639,0.96282,0.20311,-0.13734,0.11337,1,0.43846,-0.07068,0.28769,-0.01029,0.48902,0.87221,0.00112,0.43809,-0.06902,0.27766,-0.01012,0.48904,0.87220,0.00092,-0.37,1.66,-10.02
29.9495,40,0.32877,-0.14650,-0.02094,0.96531,0.18973,-0.14098,0.11091,1,0.43847,-0.07037,0.28605,-0.01030,0.48902,0.87221,0.00111,0.43788,-0.06878,0.27603,-0.01012,0.48904,0.87220,0.00092,-0.59,1.60,-10.02
29.9663,41,0.32799,-0.15956,-0.01530,0.96753,0.17629,-0.14292,0.11128,1,0.43842,-0.07008,0.28440,-0.01031,0.48901,0.87222,0.00111,0.43765,-0.06854,0.27439,-0.01012,0.48904,0.87220,0.00092,-0.78,1.54,-10.00
29.9832,42,0.32693,-0.18378,-0.00302,0.97081,0.14778,-0.14887,0.11630,1,0.43835,-0.06980,0.28273,-0.01033,0.48901,0.87222,0.00113,0.43736,-0.06832,0.27277,-0.01012,0.48904,0.87220,0.00092,-0.99,1.48,-9.97
30.0003,43,0.32637,-0.19492,0.00322,0.97239,0.13266,-0.15396,0.11473,1,0.43825,-0.06954,0.28107,-0.01032,0.48900,0.87222,0.00115,0.43705,-0.06811,0.27114,-0.01012,0.48904,0.87220,0.00092,-1.20,1.43,-9.92
30.0170,44,0.32577,-0.20539,0.00954,0.97376,0.11921,-0.15819,0.11204,1,0.43814,-0.06929,0.27951,-0.01030,0.48900,0.87222,0.00117,0.43671,-0.06791,0.26952,-0.01012,0.48904,0.87220,0.00092,-1.43,1.39,-9.99
30.0337,45,0.32570,-0.21532,0.01567,0.97489,0.10808,-0.16126,0.10908,1,0.43797,-0.06904,0.27786,-0.01030,0.48899,0.87223,0.00118,0.43636,-0.06771,0.26791,-0.01012,0.48904,0.87220,0.00092,-1.62,1.33,-9.95
30.0505,46,0.32573,-0.22486,0.02218,0.97548,0.09896,-0.16354,0.10909,1,0.43776,-0.06879,0.27623,-0.01029,0.48901,0.87222,0.00117,0.43597,-0.06751,0.26630,-0.01012,0.48904,0.87220,0.00092,-1.79,1.27,-9.93
30.0669,47,0.32656,-0.24290,0.03532,0.97618,0.07824,-0.16714,0.11408,1,0.43753,-0.06856,0.27469,-0.01029,0.48902,0.87221,0.00116,0.43555,-0.06734,0.26470,-0.01012,0.48904,0.87220,0.00092,-1.98,1.22,-10.00
30.0837,48,0.32683,-0.25103,0.04171,0.97594,0.06502,-0.17340,0.11514,1,0.43726,-0.06833,0.27307,-0.01029,0.48903,0.87221,0.00117,0.43510,-0.06717,0.26310,-0.01012,0.48904,0.87220,0.00092,-2.16,1.16,-9.97
30.1004,49,0.32700,-0.25856,0.04783,0.97543,0.05128,-0.18057,0.11530,1,0.43694,-0.06809,0.27143,-0.01031,0.48902,0.87221,0.00118,0.43463,-0.06701,0.26151,-0.01012,0.48904,0.87220,0.00092,-2.31,1.09,-9.92
30.1174,50,0.32702,-0.26561,0.05398,0.97502,0.03905,-0.18587,0.11520,1,0.43660,-0.06786,0.26978,-0.01032,0.48902,0.87221,0.00118,0.43414,-0.06685,0.25992,-0.01012,0.48904,0.87220,0.00092,-2.45,1.01,-9.86
30.1343,51,0.32727,-0.27237,0.06014,0.97513,0.02909,-0.18822,0.11335,1,0.43624,-0.06765,0.26814,-0.01030,0.48903,0.87220,0.00117,0.43364,-0.06670,0.25834,-0.01012,0.48904,0.87220,0.00092,-2.60,0.95,-9.80
30.1507,52,0.32827,-0.28476,0.07252,0.97637,0.01490,-0.18153,0.11634,1,0.43587,-0.06747,0.26661,-0.01029,0.48907,0.87218,0.00115,0.43309,-0.06656,0.25677,-0.01012,0.48904,0.87220,0.00092,-2.78,0.91,-9.84
30.1677,53,0.32916,-0.29040,0.07856,0.97654,0.00787,-0.17831,0.12048,1,0.43545,-0.06731,0.26499,-0.01029,0.48908,0.87218,0.00113,0.43253,-0.06642,0.25521,-0.01012,0.48904,0.87220,0.00092,-2.92,0.89,-9.78
30.1845,54,0.32997,-0.29551,0.08412,0.97611,-0.00084,-0.17828,0.12418,1,0.43500,-0.06715,0.26338,-0.01032,0.48907,0.87218,0.00113,0.43195,-0.06630,0.25365,-0.01012,0.48904,0.87220,0.00092,-3.05,0.85,-9.72
30.2013,55,0.33058,-0.29994,0.08954,0.97511,-0.01016,-0.18244,0.12560,1,0.43451,-0.06697,0.26177,-0.01036,0.48907,0.87218,0.00112,0.43135,-0.06617,0.25210,-0.01012,0.48904,0.87220,0.00092,-3.15,0.80,-9.66
30.2179,56,0.33088,-0.30396,0.09454,0.97402,-0.01846,-0.18777,0.12523,1,0.43405,-0.06681,0.26028,-0.01035,0.48906,0.87219,0.00112,0.43074,-0.06606,0.25056,-0.01012,0.48904,0.87220,0.00092,-3.31,0.75,-9.72
30.2347,57,0.33119,-0.31083,0.10435,0.97313,-0.03031,-0.19252,0.12262,1,0.43353,-0.06665,0.25870,-0.01035,0.48908,0.87218,0.00111,0.43010,-0.06594,0.24902,-0.01012,0.48904,0.87220,0.00092,-3.43,0.70,-9.68
30.2511,58,0.33151,-0.31400,0.10914,0.97315,-0.03452,-0.19167,0.12270,1,0.43301,-0.06651,0.25723,-0.01035,0.48908,0.87217,0.00111,0.42944,-0.06583,0.24749,-0.01012,0.48904,0.87220,0.00092,-3.57,0.67,-9.74
30.2681,59,0.33205,-0.31697,0.11354,0.97344,-0.03830,-0.18837,0.12434,1,0.43244,-0.06637,0.25567,-0.01037,0.48908,0.87218,0.00110,0.42877,-0.06573,0.24597,-0.01012,0.48904,0.87220,0.00092,-3.67,0.64,-9.70
30.2848,60,0.33241,-0.31978,0.11823,0.97355,-0.04184,-0.18541,0.12681,1,0.43184,-0.06623,0.25408,-0.01040,0.48907,0.87218,0.00110,0.42809,-0.06563,0.24445,-0.01012,0.48904,0.87220,0.00092,-3.74,0.60,-9.63
30.3014,61,0.33285,-0.32262,0.12243,0.97331,-0.04573,-0.18464,0.12841,1,0.43126,-0.06609,0.25252,-0.01035,0.48906,0.87219,0.00113,0.42740,-0.06553,0.24294,-0.01012,0.48904,0.87220,0.00092,-3.86,0.56,-9.58
30.3181,62,0.33342,-0.32742,0.13033,0.97203,-0.05604,-0.18923,0.12730,1,0.43064,-0.06598,0.25095,-0.01033,0.48908,0.87217,0.00113,0.42668,-0.06543,0.24144,-0.01012,0.48904,0.87220,0.00092,-3.96,0.55,-9.50
30.3351,63,0.33338,-0.32946,0.13393,0.97139,-0.06089,-0.19254,0.12499,1,0.43004,-0.06589,0.24948,-0.01030,0.48909,0.87217,0.00113,0.42595,-0.06534,0.23995,-0.01012,0.48904,0.87220,0.00092,-4.10,0.55,-9.53
30.3519,64,0.33338,-0.33134,0.13735,0.97117,-0.06445,-0.19381,0.12292,1,0.42939,-0.06579,0.24791,-0.01030,0.48907,0.87218,0.00114,0.42521,-0.06525,0.23845,-0.01012,0.48904,0.87220,0.00092,-4.18,0.55,-9.46
30.3687,65,0.33329,-0.33312,0.14088,0.97130,-0.06689,-0.19273,0.12226,1,0.42870,-0.06568,0.24634,-0.01031,0.48906,0.87219,0.00114,0.42446,-0.06516,0.23697,-0.01012,0.48904,0.87220,0.00092,-4.24,0.52,-9.38
30.3851,66,0.33361,-0.33482,0.14401,0.97164,-0.06755,-0.19025,0.12313,1,0.42801,-0.06556,0.24479,-0.01030,0.48906,0.87219,0.00114,0.42370,-0.06507,0.23549,-0.01012,0.48904,0.87220,0.00092,-4.31,0.50,-9.30
30.4022,67,0.33410,-0.33797,0.15079,0.97175,-0.07040,-0.18713,0.12542,1,0.42730,-0.06548,0.24325,-0.01030,0.48907,0.87218,0.00112,0.42292,-0.06498,0.23402,-0.01012,0.48904,0.87220,0.00092,-4.38,0.49,-9.24
30.4188,68,0.33453,-0.33955,0.15378,0.97135,-0.07214,-0.18842,0.12560,1,0.42662,-0.06540,0.24182,-0.01029,0.48906,0.87219,0.00111,0.42213,-0.06490,0.23255,-0.01012,0.48904,0.87220,0.00092,-4.49,0.50,-9.27
30.4358,69,0.33466,-0.34108,0.15673,0.97073,-0.07481,-0.19102,0.12489,1,0.42590,-0.06531,0.24032,-0.01029,0.48906,0.87219,0.00112,0.42133,-0.06482,0.23109,-0.01012,0.48904,0.87220,0.00092,-4.57,0.49,-9.23
30.4525,70,0.33476,-0.34255,0.15966,0.97001,-0.07848,-0.19441,0.12295,1,0.42515,-0.06520,0.23882,-0.01031,0.48904,0.87220,0.00112,0.42053,-0.06474,0.22963,-0.01012,0.48904,0.87220,0.00092,-4.62,0.47,-9.18
30.4689,71,0.33505,-0.34379,0.16230,0.96938,-0.08206,-0.19735,0.12090,1,0.42444,-0.06511,0.23742,-0.01030,0.48904,0.87220,0.00112,0.41972,-0.06466,0.22818,-0.01012,0.48904,0.87220,0.00092,-4.72,0.45,-9.24
30.4856,72,0.33554,-0.34601,0.16718,0.96836,-0.08673,-0.20097,0.11987,1,0.42367,-0.06503,0.23594,-0.01030,0.48905,0.87220,0.00112,0.41889,-0.06459,0.22674,-0.01012,0.48904,0.87220,0.00092,-4.78,0.45,-9.21
30.5024,73,0.33587,-0.34699,0.16941,0.96802,-0.08816,-0.20204,0.11975,1,0.42289,-0.06496,0.23446,-0.01029,0.48904,0.87220,0.00114,0.41805,-0.06451,0.22530,-0.01012,0.48904,0.87220,0.00092,-4.84,0.44,-9.17
30.5195,74,0.33620,-0.34788,0.17149,0.96770,-0.08961,-0.20351,0.11881,1,0.42210,-0.06487,0.23299,-0.01030,0.48903,0.87221,0.00115,0.41721,-0.06444,0.22386,-0.01012,0.48904,0.87220,0.00092,-4.88,0.43,-9.13
30.5362,75,0.33681,-0.34858,0.17324,0.96742,-0.09060,-0.20480,0.11808,1,0.42129,-0.06478,0.23151,-0.01030,0.48901,0.87221,0.00116,0.41636,-0.06438,0.22242,-0.01012,0.48904,0.87220,0.00092,-4.92,0.40,-9.09
30.5531,76,0.33713,-0.34908,0.17426,0.96711,-0.09152,-0.20619,0.11749,1,0.42051,-0.06470,0.23013,-0.01031,0.48903,0.87220,0.00115,0.41551,-0.06431,0.22099,-0.01012,0.48904,0.87220,0.00092,-5.00,0.39,-9.13
30.5699,77,0.33748,-0.34983,0.17464,0.96644,-0.09246,-0.20950,0.11642,1,0.41970,-0.06464,0.22867,-0.01031,0.48903,0.87221,0.00115,0.41467,-0.06425,0.21956,-0.01012,0.48904,0.87220,0.00092,-5.03,0.39,-9.11
30.5865,78,0.33764,-0.34995,0.17478,0.96601,-0.09324,-0.21192,0.11495,1,0.41885,-0.06458,0.22719,-0.01034,0.48902,0.87221,0.00114,0.41382,-0.06419,0.21813,-0.01012,0.48904,0.87220,0.00092,-5.04,0.39,-9.06
30.6030,79,0.33790,-0.34979,0.17449,0.96573,-0.09327,-0.21378,0.11388,1,0.41804,-0.06451,0.22580,-0.01037,0.48901,0.87221,0.00113,0.41297,-0.06413,0.21669,-0.01012,0.48904,0.87220,0.00092,-5.08,0.38,-9.11
30.6199,80,0.33815,-0.34966,0.17412,0.96558,-0.09199,-0.21542,0.11311,1,0.41720,-0.06443,0.22434,-0.01039,0.48902,0.87221,0.00114,0.41212,-0.06407,0.21526,-0.01012,0.48904,0.87220,0.00092,-5.08,0.36,-9.08
30.6366,81,0.33825,-0.34945,0.17346,0.96548,-0.09010,-0.21684,0.11271,1,0.41634,-0.06437,0.22289,-0.01041,0.48902,0.87221,0.00112,0.41127,-0.06402,0.21382,-0.01012,0.48904,0.87220,0.00092,-5.07,0.36,-9.06
30.6534,82,0.33418,-0.34847,0.16980,0.96542,-0.08507,-0.21930,0.11239,1,0.41549,-0.06432,0.22144,-0.01043,0.48904,0.87220,0.00112,0.41044,-0.06393,0.21238,-0.01012,0.48904,0.87220,0.00092,-5.05,0.39,-9.06
30.6701,83,0.33193,-0.34750,0.16820,0.96534,-0.08337,-0.22047,0.11205,1,0.41465,-0.06426,0.21999,-0.01044,0.48903,0.87221,0.00113,0.40962,-0.06383,0.21094,-0.01012,0.48904,0.87220,0.00092,-5.03,0.43,-9.06
30.6871,84,0.33083,-0.34750,0.16921,0.96543,-0.08145,-0.22137,0.11089,1,0.41384,-0.06419,0.21863,-0.01045,0.48902,0.87221,0.00113,0.40879,-0.06373,0.20950,-0.01012,0.48904,0.87220,0.00092,-5.05,0.47,-9.14
30.7039,85,0.32982,-0.34774,0.16985,0.96569,-0.07939,-0.22198,0.10894,1,0.41299,-0.06412,0.21719,-0.01046,0.48902,0.87221,0.00113,0.40796,-0.06361,0.20806,-0.01012,0.48904,0.87220,0.00092,-5.03,0.50,-9.13
30.7207,86,0.32909,-0.34759,0.16978,0.96593,-0.07784,-0.22232,0.10724,1,0.41214,-0.06405,0.21574,-0.01046,0.48905,0.87219,0.00115,0.40713,-0.06350,0.20662,-0.01012,0.48904,0.87220,0.00092,-5.02,0.56,-9.13
30.7375,87,0.32933,-0.34645,0.16709,0.96643,-0.07259,-0.22271,0.10555,1,0.41130,-0.06399,0.21430,-0.01045,0.48903,0.87220,0.00116,0.40630,-0.06338,0.20517,-0.01012,0.48904,0.87220,0.00092,-4.99,0.61,-9.13
30.7543,88,0.32937,-0.34564,0.16605,0.96654,-0.06960,-0.22317,0.10558,1,0.41045,-0.06391,0.21285,-0.01045,0.48904,0.87220,0.00117,0.40549,-0.06326,0.20372,-0.01012,0.48904,0.87220,0.00092,-4.96,0.65,-9.13
30.7712,89,0.32953,-0.34488,0.16476,0.96674,-0.06650,-0.22341,0.10529,1,0.40959,-0.06381,0.21140,-0.01044,0.48904,0.87220,0.00119,0.40467,-0.06315,0.20227,-0.01012,0.48904,0.87220,0.00092,-4.92,0.66,-9.13
30.7876,90,0.32948,-0.34419,0.16346,0.96700,-0.06339,-0.22354,0.10453,1,0.40878,-0.06371,0.21003,-0.01044,0.48905,0.87219,0.00119,0.40387,-0.06303,0.20082,-0.01012,0.48904,0.87220,0.00092,-4.91,0.68,-9.21
30.8046,91,0.32944,-0.34362,0.16207,0.96739,-0.06019,-0.22359,0.10267,1,0.40791,-0.06362,0.20856,-0.01044,0.48906,0.87219,0.00119,0.40307,-0.06291,0.19936,-0.01012,0.48904,0.87220,0.00092,-4.85,0.71,-9.20
30.8214,92,0.32963,-0.34223,0.15956,0.96778,-0.05557,-0.22513,0.09812,1,0.40707,-0.06351,0.20710,-0.01043,0.48905,0.87219,0.00120,0.40228,-0.06279,0.19790,-0.01012,0.48904,0.87220,0.00092,-4.79,0.72,-9.20
30.8379,93,0.32973,-0.34150,0.15841,0.96776,-0.05289,-0.22642,0.09679,1,0.40627,-0.06340,0.20571,-0.01043,0.48904,0.87220,0.00121,0.40149,-0.06267,0.19643,-0.01012,0.48904,0.87220,0.00092,-4.78,0.73,-9.28
30.8546,94,0.32980,-0.34053,0.15729,0.96763,-0.05052,-0.22753,0.09684,1,0.40543,-0.06328,0.20425,-0.01044,0.48906,0.87219,0.00119,0.40071,-0.06255,0.19497,-0.01012,0.48904,0.87220,0.00092,-4.72,0.72,-9.29
30.8717,95,0.32963,-0.33959,0.15634,0.96752,-0.04813,-0.22859,0.09663,1,0.40462,-0.06317,0.20279,-0.01042,0.48908,0.87218,0.00119,0.39994,-0.06243,0.19350,-0.01012,0.48904,0.87220,0.00092,-4.69,0.74,-9.30
30.8885,96,0.32938,-0.33744,0.15381,0.96795,-0.04100,-0.22857,0.09563,1,0.40382,-0.06307,0.20133,-0.01041,0.48908,0.87217,0.00120,0.39917,-0.06231,0.19202,-0.01012,0.48904,0.87220,0.00092,-4.65,0.76,-9.31
30.9051,97,0.32920,-0.33613,0.15261,0.96829,-0.03736,-0.22822,0.09457,1,0.40308,-0.06297,0.19995,-0.01042,0.48908,0.87218,0.00121,0.39841,-0.06218,0.19054,-0.01012,0.48904,0.87220,0.00092,-4.67,0.79,-9.40
30.9217,98,0.32934,-0.33439,0.15077,0.96834,-0.03377,-0.22895,0.09357,1,0.40230,-0.06285,0.19848,-0.01042,0.48908,0.87217,0.00120,0.39766,-0.06205,0.18906,-0.01012,0.48904,0.87220,0.00092,-4.64,0.80,-9.41
30.9386,99,0.32936,-0.33200,0.14868,0.96803,-0.02977,-0.23114,0.09274,1,0.40152,-0.06274,0.19701,-0.01042,0.48910,0.87217,0.00119,0.39691,-0.06192,0.18758,-0.01012,0.48904,0.87220,0.00092,-4.61,0.83,-9.43
30.9555,100,0.32916,-0.32856,0.14566,0.96765,-0.02430,-0.23393,0.09131,1,0.40073,-0.06264,0.19552,-0.01044,0.48911,0.87216,0.00117,0.39618,-0.06178,0.18609,-0.01012,0.48904,0.87220,0.00092,-4.56,0.87,-9.43
30.9724,101,0.32923,-0.32036,0.13750,0.96805,-0.00918,-0.23634,0.08330,1,0.39997,-0.06253,0.19403,-0.01043,0.48909,0.87217,0.00117,0.39549,-0.06163,0.18458,-0.01012,0.48904,0.87220,0.00092,-4.48,0.91,-9.46
30.9886,102,0.32965,-0.31513,0.13267,0.96843,0.00001,-0.23685,0.07781,1,0.39925,-0.06241,0.19262,-0.01044,0.48907,0.87218,0.00118,0.39484,-0.06147,0.18305,-0.01012,0.48904,0.87220,0.00092,-4.41,0.94,-9.57
31.0054,103,0.33062,-0.30911,0.12701,0.96844,0.00871,-0.23788,0.07388,1,0.39848,-0.06226,0.19112,-0.01045,0.48906,0.87218,0.00117,0.39423,-0.06132,0.18150,-0.01012,0.48904,0.87220,0.00092,-4.25,0.94,-9.62
31.0225,104,0.33169,-0.30244,0.12114,0.96821,0.01846,-0.23891,0.07173,1,0.39770,-0.06211,0.18962,-0.01049,0.48908,0.87218,0.00115,0.39369,-0.06118,0.17994,-0.01012,0.48904,0.87220,0.00092,-4.02,0.93,-9.68
31.0392,105,0.33318,-0.29469,0.11437,0.96794,0.03048,-0.23888,0.07141,1,0.39701,-0.06197,0.18820,-0.01051,0.48908,0.87218,0.00114,0.39323,-0.06106,0.17834,-0.01012,0.48904,0.87220,0.00092,-3.78,0.91,-9.86
31.0557,106,0.33740,-0.27639,0.09850,0.96699,0.05902,-0.23760,0.07063,1,0.39630,-0.06182,0.18669,-0.01052,0.48905,0.87219,0.00114,0.39322,-0.06105,0.17667,-0.01012,0.48904,0.87220,0.00092,-3.08,0.78,-10.02
31.0725,107,0.33990,-0.26578,0.08968,0.96624,0.07446,-0.23686,0.06874,1,0.39561,-0.06166,0.18515,-0.01058,0.48904,0.87219,0.00115,0.39382,-0.06121,0.17512,-0.01012,0.48904,0.87220,0.00092,-1.79,0.46,-10.02
31.0892,108,0.34273,-0.25434,0.08052,0.96524,0.09133,-0.23579,0.06606,1,0.39501,-0.06152,0.18361,-0.01058,0.48904,0.87220,0.00118,0.39533,-0.06165,0.17458,-0.01012,0.48904,0.87220,0.00092,0.33,-0.13,-9.03
31.1063,109,0.34596,-0.24142,0.07110,0.96376,0.11032,-0.23456,0.06309,1,0.39450,-0.06142,0.18204,-0.01061,0.48903,0.87220,0.00120,0.39680,-0.06211,0.17524,-0.01012,0.48904,0.87220,0.00092,2.29,-0.70,-6.81
31.1227,110,0.34948,-0.22742,0.06121,0.96190,0.13023,-0.23260,0.06071,1,0.39422,-0.06137,0.18058,-0.01059,0.48904,0.87220,0.00126,0.39804,-0.06253,0.17627,-0.01012,0.48904,0.87220,0.00092,3.82,-1.15,-4.31
31.1398,111,0.35706,-0.19703,0.04143,0.95602,0.17212,-0.22985,0.05975,1,0.39418,-0.06138,0.17910,-0.01051,0.48901,0.87221,0.00134,0.39909,-0.06290,0.17750,-0.01012,0.48904,0.87220,0.00092,4.91,-1.53,-1.60
31.1565,112,0.36101,-0.18004,0.03142,0.95188,0.19308,-0.22990,0.06159,1,0.39439,-0.06144,0.17775,-0.01046,0.48898,0.87223,0.00139,0.40009,-0.06327,0.17879,-0.01012,0.48904,0.87220,0.00092,5.70,-1.83,1.04
31.1730,113,0.36482,-0.16202,0.02184,0.94733,0.21347,-0.23036,0.06276,1,0.39483,-0.06153,0.17667,-0.01041,0.48897,0.87224,0.00141,0.40104,-0.06362,0.18011,-0.01012,0.48904,0.87220,0.00092,6.21,-2.09,3.44
31.1900,114,0.36848,-0.14700,0.00579,0.94269,0.23365,-0.22972,0.06305,1,0.39555,-0.06172,0.17582,-0.01032,0.48896,0.87224,0.00140,0.40205,-0.06396,0.18139,-0.01012,0.48904,0.87220,0.00092,6.50,-2.23,5.57
31.2068,115,0.37204,-0.13047,-0.01012,0.93782,0.25363,-0.22815,0.06413,1,0.39652,-0.06202,0.17538,-0.01015,0.48899,0.87223,0.00136,0.40308,-0.06428,0.18266,-0.01012,0.48904,0.87220,0.00092,6.56,-2.26,7.28
31.2236,116,0.37884,-0.09008,-0.03047,0.92652,0.29557,-0.22328,0.06599,1,0.39768,-0.06238,0.17542,-0.00995,0.48904,0.87220,0.00134,0.40404,-0.06458,0.18399,-0.01012,0.48904,0.87220,0.00092,6.35,-2.21,8.57
31.2403,117,0.38187,-0.06859,-0.03837,0.92007,0.31772,-0.21916,0.06702,1,0.39886,-0.06275,0.17593,-0.00985,0.48909,0.87218,0.00127,0.40495,-0.06488,0.18536,-0.01012,0.48904,0.87220,0.00092,6.09,-2.13,9.43
31.2570,118,0.38471,-0.04698,-0.04533,0.91284,0.34037,-0.21480,0.06879,1,0.39990,-0.06312,0.17680,-0.00986,0.48910,0.87217,0.00106,0.40582,-0.06516,0.18675,-0.01012,0.48904,0.87220,0.00092,5.92,-2.05,9.95
31.2735,119,0.38743,-0.02536,-0.05189,0.90475,0.36325,-0.21127,0.06959,1,0.40096,-0.06350,0.17802,-0.00993,0.48912,0.87216,0.00095,0.40665,-0.06544,0.18817,-0.01012,0.48904,0.87220,0.00092,5.68,-1.94,10.15
31.2903,120,0.38991,-0.00366,-0.05789,0.89677,0.38374,-0.20911,0.06937,1,0.40203,-0.06380,0.17951,-0.00999,0.48909,0.87217,0.00098,0.40744,-0.06571,0.18961,-0.01012,0.48904,0.87220,0.00092,5.42,-1.91,10.10
31.3073,121,0.39419,0.03999,-0.06784,0.88118,0.41981,-0.20613,0.06915,1,0.40304,-0.06408,0.18114,-0.01012,0.48904,0.87220,0.00100,0.40817,-0.06596,0.19109,-0.01012,0.48904,0.87220,0.00092,5.13,-1.88,9.94
31.3242,122,0.39627,0.06118,-0.07239,0.87324,0.43728,-0.20350,0.06945,1,0.40393,-0.06435,0.18273,-0.01030,0.48904,0.87220,0.00100,0.40888,-0.06621,0.19258,-0.01012,0.48904,0.87220,0.00092,4.94,-1.86,9.84
31.3410,123,0.39813,0.08186,-0.07586,0.86552,0.45331,-0.19984,0.07383,1,0.40484,-0.06465,0.18444,-0.01046,0.48902,0.87221,0.00100,0.40955,-0.06645,0.19408,-0.01012,0.48904,0.87220,0.00092,4.71,-1.80,9.65
31.3575,124,0.40003,0.10225,-0.07903,0.85734,0.46901,-0.19635,0.08028,1,0.40573,-0.06497,0.18612,-0.01054,0.48903,0.87220,0.00103,0.41020,-0.06668,0.19560,-0.01012,0.48904,0.87220,0.00092,4.47,-1.71,9.48
31.3746,125,0.40163,0.12260,-0.08159,0.84915,0.48314,-0.19506,0.08642,1,0.40658,-0.06531,0.18779,-0.01059,0.48907,0.87218,0.00107,0.41082,-0.06691,0.19713,-0.01012,0.48904,0.87220,0.00092,4.24,-1.60,9.34
31.3909,126,0.40358,0.16194,-0.08537,0.83337,0.50860,-0.19539,0.09302,1,0.40735,-0.06562,0.18934,-0.01060,0.48906,0.87219,0.00110,0.41140,-0.06712,0.19868,-0.01012,0.48904,0.87220,0.00092,4.04,-1.51,9.34
31.4080,127,0.40430,0.18094,-0.08634,0.82550,0.52158,-0.19407,0.09397,1,0.40812,-0.06595,0.19095,-0.01061,0.48906,0.87218,0.00113,0.41195,-0.06733,0.20024,-0.01012,0.48904,0.87220,0.00092,3.83,-1.39,9.29
31.4248,128,0.40496,0.19936,-0.08728,0.81692,0.53537,-0.19203,0.09560,1,0.40886,-0.06627,0.19253,-0.01059,0.48909,0.87217,0.00117,0.41248,-0.06753,0.20180,-0.01012,0.48904,0.87220,0.00092,3.61,-1.26,9.27
31.4414,129,0.40529,0.21708,-0.08773,0.80803,0.54924,-0.18957,0.09735,1,0.40955,-0.06658,0.19409,-0.01059,0.48909,0.87217,0.00117,0.41299,-0.06772,0.20338,-0.01012,0.48904,0.87220,0.00092,3.44,-1.14,9.29
31.4583,130,0.40549,0.23441,-0.08785,0.79912,0.56240,-0.18699,0.10071,1,0.41021,-0.06686,0.19563,-0.01057,0.48910,0.87216,0.00118,0.41348,-0.06791,0.20496,-0.01012,0.48904,0.87220,0.00092,3.26,-1.05,9.33
31.4752,131,0.40597,0.26681,-0.08822,0.78240,0.58493,-0.18334,0.10995,1,0.41085,-0.06711,0.19719,-0.01055,0.48910,0.87217,0.00117,0.41393,-0.06808,0.20656,-0.01012,0.48904,0.87220,0.00092,3.08,-0.97,9.36
31.4916,132,0.40596,0.28227,-0.08754,0.77496,0.59371,-0.18418,0.11411,1,0.41141,-0.06731,0.19867,-0.01053,0.48908,0.87217,0.00114,0.41437,-0.06825,0.20816,-0.01012,0.48904,0.87220,0.00092,2.96,-0.94,9.49
31.5085,133,0.40574,0.29745,-0.08685,0.76853,0.60138,-0.18559,0.11513,1,0.41198,-0.06748,0.20024,-0.01051,0.48908,0.87218,0.00111,0.41479,-0.06842,0.20976,-0.01012,0.48904,0.87220,0.00092,2.82,-0.93,9.52
31.5255,134,0.40553,0.31194,-0.08611,0.76259,0.60906,-0.18708,0.11181,1,0.41252,-0.06761,0.20183,-0.01047,0.48906,0.87219,0.00107,0.41520,-0.06857,0.21137,-0.01012,0.48904,0.87220,0.00092,2.67,-0.97,9.54
31.5423,135,0.40510,0.32603,-0.08511,0.75629,0.61751,-0.18784,0.10689,1,0.41304,-0.06771,0.20343,-0.01044,0.48906,0.87219,0.00102,0.41559,-0.06872,0.21298,-0.01012,0.48904,0.87220,0.00092,2.55,-1.01,9.55
31.5591,136,0.40379,0.35216,-0.08284,0.74267,0.63546,-0.18470,0.10257,1,0.41351,-0.06782,0.20494,-0.01042,0.48905,0.87219,0.00098,0.41595,-0.06886,0.21460,-0.01012,0.48904,0.87220,0.00092,2.45,-1.04,9.66
31.5759,137,0.40338,0.36379,-0.08197,0.73597,0.64350,-0.18215,0.10522,1,0.41398,-0.06795,0.20654,-0.01040,0.48906,0.87219,0.00094,0.41631,-0.06900,0.21622,-0.01012,0.48904,0.87220,0.00092,2.33,-1.04,9.68
31.5927,138,0.40292,0.37512,-0.08080,0.73031,0.64953,-0.18075,0.10997,1,0.41445,-0.06811,0.20815,-0.01036,0.48905,0.87219,0.00091,0.41665,-0.06913,0.21785,-0.01012,0.48904,0.87220,0.00092,2.20,-1.02,9.70
31.6091,139,0.40250,0.38596,-0.07945,0.72517,0.65446,-0.18097,0.11430,1,0.41487,-0.06824,0.20966,-0.01034,0.48905,0.87219,0.00093,0.41698,-0.06925,0.21948,-0.01012,0.48904,0.87220,0.00092,2.11,-1.01,9.82
31.6259,140,0.40086,0.40623,-0.07696,0.71579,0.66366,-0.18410,0.11538,1,0.41528,-0.06836,0.21129,-0.01034,0.48903,0.87220,0.00095,0.41729,-0.06937,0.22111,-0.01012,0.48904,0.87220,0.00092,2.00,-1.01,9.83
31.6426,141,0.39978,0.41584,-0.07540,0.71219,0.66817,-0.18419,0.11141,1,0.41567,-0.06850,0.21292,-0.01034,0.48903,0.87220,0.00095,0.41759,-0.06948,0.22275,-0.01012,0.48904,0.87220,0.00092,1.91,-0.98,9.83
31.6593,142,0.39862,0.42499,-0.07377,0.70846,0.67332,-0.18245,0.10695,1,0.41604,-0.06864,0.21456,-0.01034,0.48903,0.87221,0.00097,0.41788,-0.06958,0.22439,-0.01012,0.48904,0.87220,0.00092,1.83,-0.95,9.83
31.6761,143,0.39760,0.43368,-0.07219,0.70453,0.67862,-0.17993,0.10358,1,0.41636,-0.06879,0.21609,-0.01036,0.48902,0.87221,0.00098,0.41815,-0.06968,0.22603,-0.01012,0.48904,0.87220,0.00092,1.79,-0.89,9.94
31.6928,144,0.39679,0.44179,-0.07072,0.70052,0.68347,-0.17767,0.10278,1,0.41668,-0.06894,0.21771,-0.01041,0.48901,0.87221,0.00101,0.41843,-0.06978,0.22767,-0.01012,0.48904,0.87220,0.00092,1.75,-0.83,9.96
31.7095,145,0.39479,0.45710,-0.06755,0.69159,0.69127,-0.17986,0.10724,1,0.41702,-0.06910,0.21936,-0.01040,0.48901,0.87222,0.00105,0.41868,-0.06987,0.22931,-0.01012,0.48904,0.87220,0.00092,1.66,-0.76,9.96
31.7262,146,0.39391,0.46398,-0.06592,0.68727,0.69486,-0.18211,0.10801,1,0.41736,-0.06925,0.22103,-0.01038,0.48900,0.87222,0.00106,0.41892,-0.06995,0.23096,-0.01012,0.48904,0.87220,0.00092,1.56,-0.70,9.93
31.7433,147,0.39300,0.47042,-0.06439,0.68361,0.69841,-0.18268,0.10737,1,0.41768,-0.06941,0.22272,-0.01037,0.48903,0.87220,0.00105,0.41916,-0.07003,0.23261,-0.01012,0.48904,0.87220,0.00092,1.48,-0.62,9.89
31.7600,148,0.39181,0.47659,-0.06232,0.67993,0.70242,-0.18172,0.10615,1,0.41795,-0.06955,0.22431,-0.01037,0.48907,0.87218,0.00104,0.41939,-0.07010,0.23426,-0.01012,0.48904,0.87220,0.00092,1.44,-0.56,9.95
31.7765,149,0.39067,0.48230,-0.06064,0.67631,0.70643,-0.17970,0.10613,1,0.41822,-0.06969,0.22599,-0.01038,0.48907,0.87218,0.00106,0.41961,-0.07017,0.23591,-0.01012,0.48904,0.87220,0.00092,1.39,-0.48,9.92
31.7934,150,0.38878,0.49233,-0.05830,0.67042,0.71296,-0.17523,0.10729,1,0.41850,-0.06983,0.22765,-0.01037,0.48909,0.87217,0.00109,0.41982,-0.07024,0.23756,-0.01012,0.48904,0.87220,0.00092,1.32,-0.40,9.91
31.8101,151,0.38794,0.49692,-0.05638,0.66824,0.71495,-0.17602,0.10642,1,0.41876,-0.06995,0.22920,-0.01035,0.48909,0.87217,0.00112,0.42003,-0.07030,0.23921,-0.01012,0.48904,0.87220,0.00092,1.27,-0.35,10.01
31.8271,152,0.38704,0.50093,-0.05518,0.66568,0.71736,-0.17709,0.10446,1,0.41902,-0.07006,0.23084,-0.01034,0.48911,0.87216,0.00113,0.42023,-0.07036,0.24087,-0.01012,0.48904,0.87220,0.00092,1.21,-0.29,10.02
31.8435,153,0.38601,0.50459,-0.05379,0.66330,0.71965,-0.17744,0.10319,1,0.41927,-0.07015,0.23249,-0.01032,0.48912,0.87216,0.00112,0.42042,-0.07041,0.24252,-0.01012,0.48904,0.87220,0.00092,1.15,-0.26,10.03
31.8605,154,0.38459,0.50816,-0.05213,0.66129,0.72211,-0.17595,0.10147,1,0.41950,-0.07022,0.23416,-0.01028,0.48914,0.87215,0.00112,0.42060,-0.07046,0.24418,-0.01012,0.48904,0.87220,0.00092,1.10,-0.24,10.02
31.8771,155,0.38203,0.51370,-0.04974,0.65672,0.72730,-0.17162,0.10146,1,0.41969,-0.07027,0.23572,-0.01029,0.48913,0.87215,0.00110,0.42078,-0.07050,0.24583,-0.01012,0.48904,0.87220,0.00092,1.09,-0.23,10.11
31.8939,156,0.38059,0.51582,-0.04827,0.65382,0.73011,-0.16969,0.10331,1,0.41988,-0.07029,0.23738,-0.01032,0.48912,0.87215,0.00109,0.42095,-0.07054,0.24749,-0.01012,0.48904,0.87220,0.00092,1.07,-0.25,10.11
31.9105,157,0.37925,0.51763,-0.04715,0.65196,0.73198,-0.16787,0.10471,1,0.42007,-0.07030,0.23903,-0.01034,0.48911,0.87216,0.00110,0.42112,-0.07057,0.24915,-0.01012,0.48904,0.87220,0.00092,1.05,-0.26,10.12
31.9272,158,0.37787,0.51908,-0.04610,0.65065,0.73340,-0.16637,0.10540,1,0.42026,-0.07034,0.24068,-0.01036,0.48911,0.87216,0.00109,0.42128,-0.07060,0.25081,-0.01012,0.48904,0.87220,0.00092,1.02,-0.25,10.13
31.9440,159,0.37633,0.52040,-0.04487,0.64931,0.73506,-0.16449,0.10501,1,0.42046,-0.07039,0.24225,-0.01035,0.48913,0.87215,0.00109,0.42144,-0.07062,0.25247,-0.01012,0.48904,0.87220,0.00092,0.99,-0.23,10.22
31.9607,160,0.37304,0.52210,-0.04260,0.64680,0.73862,-0.16008,0.10227,1,0.42066,-0.07043,0.24394,-0.01032,0.48909,0.87217,0.00108,0.42159,-0.07063,0.25413,-0.01012,0.48904,0.87220,0.00092,0.93,-0.20,10.19
31.9774,161,0.37116,0.52256,-0.04155,0.64502,0.74095,-0.15687,0.10169,1,0.42085,-0.07045,0.24565,-0.01031,0.48907,0.87218,0.00109,0.42174,-0.07063,0.25579,-0.01012,0.48904,0.87220,0.00092,0.89,-0.18,10.14
31.9942,162,0.36966,0.52272,-0.04079,0.64379,0.74257,-0.15412,0.10183,1,0.42104,-0.07044,0.24735,-0.01029,0.48905,0.87219,0.00111,0.42189,-0.07063,0.25745,-0.01012,0.48904,0.87220,0.00092,0.85,-0.19,10.09
32.0110,163,0.36812,0.52262,-0.04006,0.64249,0.74391,-0.15201,0.10337,1,0.42118,-0.07044,0.24894,-0.01032,0.48904,0.87220,0.00109,0.42203,-0.07063,0.25911,-0.01012,0.48904,0.87220,0.00092,0.85,-0.19,10.17
32.0281,164,0.36659,0.52236,-0.03928,0.64111,0.74528,-0.14974,0.10544,1,0.42133,-0.07047,0.25061,-0.01032,0.48904,0.87220,0.00107,0.42217,-0.07062,0.26077,-0.01012,0.48904,0.87220,0.00092,0.84,-0.15,10.16
32.0448,165,0.36346,0.52177,-0.03792,0.63957,0.74727,-0.14433,0.10820,1,0.42149,-0.07050,0.25227,-0.01031,0.48904,0.87220,0.00107,0.42231,-0.07060,0.26243,-0.01012,0.48904,0.87220,0.00092,0.82,-0.09,10.16
32.0616,166,0.36195,0.52135,-0.03752,0.63828,0.74884,-0.14179,0.10832,1,0.42167,-0.07054,0.25395,-0.01027,0.48902,0.87221,0.00108,0.42244,-0.07057,0.26409,-0.01012,0.48904,0.87220,0.00092,0.77,-0.04,10.13
32.0781,167,0.36067,0.52079,-0.03699,0.63820,0.74962,-0.13953,0.10630,1,0.42182,-0.07054,0.25554,-0.01026,0.48901,0.87222,0.00107,0.42258,-0.07054,0.26575,-0.01012,0.48904,0.87220,0.00092,0.76,-0.00,10.21
32.0951,168,0.35933,0.52016,-0.03660,0.63816,0.75030,-0.13706,0.10499,1,0.42196,-0.07052,0.25724,-0.01026,0.48901,0.87222,0.00105,0.42271,-0.07051,0.26741,-0.01012,0.48904,0.87220,0.00092,0.74,0.02,10.17
32.1116,169,0.35802,0.51955,-0.03612,0.63798,0.75071,-0.13506,0.10571,1,0.42209,-0.07050,0.25892,-0.01027,0.48901,0.87222,0.00102,0.42284,-0.07047,0.26907,-0.01012,0.48904,0.87220,0.00092,0.75,0.03,10.15
32.1283,170,0.35530,0.51845,-0.03632,0.63650,0.75221,-0.12968,0.11060,1,0.42224,-0.07050,0.26060,-0.01026,0.48902,0.87221,0.00100,0.42297,-0.07042,0.27073,-0.01012,0.48904,0.87220,0.00092,0.73,0.08,10.14
32.1450,171,0.35407,0.51809,-0.03638,0.63599,0.75278,-0.12686,0.11292,1,0.42238,-0.07050,0.26216,-0.01025,0.48903,0.87220,0.00100,0.42310,-0.07036,0.27239,-0.01012,0.48904,0.87220,0.00092,0.72,0.13,10.24
32.1619,172,0.35336,0.51757,-0.03631,0.63561,0.75334,-0.12524,0.11313,1,0.42255,-0.07049,0.26384,-0.01022,0.48902,0.87221,0.00100,0.42323,-0.07031,0.27405,-0.01012,0.48904,0.87220,0.00092,0.68,0.19,10.21
32.1789,173,0.35276,0.51703,-0.03676,0.63561,0.75379,-0.12343,0.11209,1,0.42271,-0.07045,0.26554,-0.01019,0.48904,0.87220,0.00101,0.42337,-0.07025,0.27571,-0.01012,0.48904,0.87220,0.00092,0.66,0.21,10.18
32.1956,174,0.35235,0.51662,-0.03682,0.63608,0.75358,-0.12289,0.11143,1,0.42284,-0.07038,0.26723,-0.01019,0.48904,0.87220,0.00100,0.42350,-0.07018,0.27737,-0.01012,0.48904,0.87220,0.00092,0.66,0.20,10.14
32.2122,175,0.35160,0.51590,-0.03756,0.63563,0.75396,-0.12126,0.11326,1,0.42296,-0.07032,0.26882,-0.01019,0.48905,0.87220,0.00098,0.42364,-0.07012,0.27903,-0.01012,0.48904,0.87220,0.00092,0.67,0.20,10.21
32.2289,176,0.35130,0.51557,-0.03832,0.63533,0.75402,-0.12085,0.11491,1,0.42310,-0.07026,0.27049,-0.01018,0.48906,0.87219,0.00098,0.42378,-0.07005,0.28069,-0.01012,0.48904,0.87220,0.00092,0.68,0.21,10.20
32.2461,177,0.35097,0.51521,-0.03876,0.63487,0.75405,-0.12060,0.11752,1,0.42324,-0.07022,0.27215,-0.01017,0.48908,0.87218,0.00098,0.42392,-0.06999,0.28235,-0.01012,0.48904,0.87220,0.00092,0.68,0.23,10.21
32.2629,178,0.35092,0.51472,-0.03939,0.63448,0.75401,-0.12031,0.12012,1,0.42337,-0.07018,0.27378,-0.01016,0.48909,0.87217,0.00098,0.42406,-0.06992,0.28401,-0.01012,0.48904,0.87220,0.00092,0.70,0.26,10.23
32.2792,179,0.35141,0.51384,-0.04027,0.63458,0.75379,-0.12026,0.12099,1,0.42352,-0.07012,0.27545,-0.01014,0.48909,0.87217,0.00099,0.42421,-0.06986,0.28567,-0.01012,0.48904,0.87220,0.00092,0.69,0.27,10.22
32.2962,180,0.35169,0.51195,-0.04146,0.63513,0.75348,-0.12020,0.12014,1,0.42366,-0.07006,0.27714,-0.01012,0.48909,0.87217,0.00096,0.42437,-0.06979,0.28733,-0.01012,0.48904,0.87220,0.00092,0.70,0.27,10.18
32.3130,181,0.35185,0.51067,-0.04278,0.63640,0.75262,-0.11998,0.11906,1,0.42378,-0.06999,0.27874,-0.01014,0.48911,0.87216,0.00095,0.42453,-0.06973,0.28899,-0.01012,0.48904,0.87220,0.00092,0.74,0.26,10.25
32.3294,182,0.35196,0.50913,-0.04433,0.63758,0.75166,-0.11993,0.11882,1,0.42390,-0.06991,0.28043,-0.01017,0.48912,0.87216,0.00092,0.42469,-0.06966,0.29064,-0.01012,0.48904,0.87220,0.00092,0.80,0.25,10.22
32.3461,183,0.35190,0.50733,-0.04549,0.63838,0.75081,-0.11980,0.12002,1,0.42402,-0.06985,0.28200,-0.01019,0.48913,0.87215,0.00092,0.42487,-0.06960,0.29230,-0.01012,0.48904,0.87220,0.00092,0.85,0.25,10.30
32.3629,184,0.35218,0.50471,-0.04679,0.63900,0.75001,-0.11959,0.12192,1,0.42417,-0.06978,0.28366,-0.01020,0.48911,0.87216,0.00093,0.42505,-0.06954,0.29396,-0.01012,0.48904,0.87220,0.00092,0.88,0.25,10.30
32.3796,185,0.35274,0.49710,-0.05070,0.63957,0.74953,-0.11845,0.12294,1,0.42433,-0.06971,0.28532,-0.01020,0.48912,0.87216,0.00093,0.42525,-0.06947,0.29561,-0.01012,0.48904,0.87220,0.00092,0.93,0.24,10.29
32.3964,186,0.35230,0.49169,-0.05337,0.63966,0.74975,-0.11843,0.12120,1,0.42450,-0.06965,0.28700,-0.01016,0.48912,0.87216,0.00092,0.42547,-0.06941,0.29726,-0.01012,0.48904,0.87220,0.00092,0.97,0.25,10.26
32.4130,187,0.35151,0.48458,-0.05739,0.64239,0.74807,-0.11712,0.11838,1,0.42467,-0.06960,0.28859,-0.01013,0.48913,0.87215,0.00091,0.42571,-0.06934,0.29891,-0.01012,0.48904,0.87220,0.00092,1.05,0.26,10.31
32.4299,188,0.35074,0.47702,-0.06106,0.64909,0.74293,-0.11357,0.11761,1,0.42484,-0.06954,0.29029,-0.01011,0.48913,0.87215,0.00090,0.42598,-0.06926,0.30055,-0.01012,0.48904,0.87220,0.00092,1.15,0.28,10.26
32.4465,189,0.35020,0.46842,-0.06447,0.65789,0.73589,-0.10772,0.11852,1,0.42501,-0.06947,0.29197,-0.01012,0.48912,0.87215,0.00091,0.42628,-0.06918,0.30219,-0.01012,0.48904,0.87220,0.00092,1.27,0.29,10.22
32.4634,190,0.34973,0.44867,-0.07160,0.67481,0.72138,-0.09558,0.12291,1,0.42520,-0.06940,0.29364,-0.01012,0.48911,0.87216,0.00093,0.42663,-0.06909,0.30382,-0.01012,0.48904,0.87220,0.00092,1.43,0.31,10.18
32.4802,191,0.34863,0.43497,-0.07566,0.68295,0.71408,-0.09173,0.12349,1,0.42541,-0.06933,0.29529,-0.01013,0.48910,0.87217,0.00095,0.42703,-0.06899,0.30543,-0.01012,0.48904,0.87220,0.00092,1.62,0.34,10.14
32.4969,192,0.34739,0.41997,-0.07995,0.69149,0.70633,-0.08981,0.12193,1,0.42565,-0.06928,0.29685,-0.01012,0.48910,0.87217,0.00095,0.42748,-0.06888,0.30703,-0.01012,0.48904,0.87220,0.00092,1.83,0.40,10.18
32.5135,193,0.34647,0.40515,-0.08381,0.70047,0.69816,-0.08901,0.11828,1,0.42592,-0.06923,0.29852,-0.01012,0.48912,0.87216,0.00095,0.42798,-0.06875,0.30862,-0.01012,0.48904,0.87220,0.00092,2.06,0.48,10.10
32.5303,194,0.34620,0.39121,-0.08761,0.70934,0.69013,-0.08819,0.11304,1,0.42621,-0.06919,0.30009,-0.01012,0.48911,0.87216,0.00097,0.42854,-0.06861,0.31018,-0.01012,0.48904,0.87220,0.00092,2.33,0.57,10.09
32.5472,195,0.34603,0.36061,-0.09524,0.73074,0.66920,-0.08669,0.10332,1,0.42655,-0.06910,0.30185,-0.01016,0.48910,0.87217,0.00098,0.42925,-0.06846,0.31168,-0.01012,0.48904,0.87220,0.00092,2.71,0.64,9.82
32.5639,196,0.34580,0.34390,-0.09882,0.74285,0.65650,-0.08576,0.09916,1,0.42691,-0.06900,0.30342,-0.01014,0.48910,0.87217,0.00101,0.43006,-0.06828,0.31312,-0.01012,0.48904,0.87220,0.00092,3.15,0.72,9.70
32.5805,197,0.34554,0.32629,-0.10237,0.75509,0.64305,-0.08517,0.09521,1,0.42732,-0.06889,0.30506,-0.01015,0.48909,0.87218,0.00100,0.43099,-0.06809,0.31449,-0.01012,0.48904,0.87220,0.00092,3.67,0.79,9.43
32.5972,198,0.34535,0.30797,-0.10575,0.76694,0.62940,-0.08448,0.09235,1,0.42780,-0.06877,0.30667,-0.01014,0.48910,0.87217,0.00101,0.43206,-0.06788,0.31575,-0.01012,0.48904,0.87220,0.00092,4.27,0.89,9.08
32.6139,199,0.34509,0.28902,-0.10874,0.77817,0.61562,-0.08512,0.09066,1,0.42831,-0.06865,0.30816,-0.01011,0.48910,0.87217,0.00102,0.43330,-0.06763,0.31685,-0.01012,0.48904,0.87220,0.00092,4.98,1.02,8.69
32.6307,200,0.34440,0.24820,-0.11381,0.80079,0.58581,-0.09232,0.08389,1,0.42895,-0.06851,0.30969,-0.01009,0.48907,0.87218,0.00106,0.43486,-0.06733,0.31734,-0.01012,0.48904,0.87220,0.00092,5.91,1.17,7.65
32.6474,201,0.34340,0.22663,-0.11576,0.81303,0.56895,-0.09553,0.07850,1,0.42968,-0.06833,0.31116,-0.01008,0.48901,0.87222,0.00111,0.43649,-0.06700,0.31736,-0.01012,0.48904,0.87220,0.00092,6.81,1.33,6.21
32.6642,202,0.34225,0.20458,-0.11710,0.82634,0.54995,-0.09620,0.07386,1,0.43052,-0.06813,0.31255,-0.01010,0.48905,0.87220,0.00122,0.43806,-0.06667,0.31690,-0.01012,0.48904,0.87220,0.00092,7.54,1.46,4.35
32.6809,203,0.34125,0.18223,-0.11829,0.83951,0.53013,-0.09391,0.07324,1,0.43142,-0.06796,0.31374,-0.01011,0.48906,0.87219,0.00125,0.43945,-0.06636,0.31604,-0.01012,0.48904,0.87220,0.00092,8.03,1.60,2.30
32.6977,204,0.34046,0.15941,-0.11873,0.85079,0.51206,-0.09124,0.07504,1,0.43254,-0.06776,0.31481,-0.01008,0.48906,0.87219,0.00127,0.44063,-0.06608,0.31489,-0.01012,0.48904,0.87220,0.00092,8.08,1.68,0.08
32.7144,205,0.33868,0.11274,-0.11737,0.87319,0.47238,-0.09654,0.07129,1,0.43380,-0.06750,0.31562,-0.01006,0.48904,0.87220,0.00127,0.44142,-0.06586,0.31344,-0.01012,0.48904,0.87220,0.00092,7.62,1.63,-2.17
32.7313,206,0.33702,0.08910,-0.11529,0.88463,0.45035,-0.10280,0.06357,1,0.43513,-0.06717,0.31608,-0.01008,0.48905,0.87220,0.00127,0.44208,-0.06566,0.31192,-0.01012,0.48904,0.87220,0.00092,6.95,1.51,-4.16
32.7481,207,0.33525,0.06605,-0.11294,0.89584,0.42765,-0.10669,0.05662,1,0.43637,-0.06686,0.31615,-0.01014,0.48904,0.87220,0.00121,0.44261,-0.06546,0.31036,-0.01012,0.48904,0.87220,0.00092,6.25,1.40,-5.79
32.7647,208,0.33296,0.04247,-0.10920,0.90633,0.40569,-0.10676,0.05085,1,0.43762,-0.06655,0.31582,-0.01023,0.48906,0.87219,0.00111,0.44304,-0.06527,0.30876,-0.01012,0.48904,0.87220,0.00092,5.42,1.28,-7.07
32.7815,209,0.33106,0.01917,-0.10495,0.91530,0.38581,-0.10386,0.05086,1,0.43879,-0.06628,0.31511,-0.01027,0.48908,0.87218,0.00108,0.44338,-0.06508,0.30714,-0.01012,0.48904,0.87220,0.00092,4.59,1.20,-7.97
32.7981,210,0.32779,-0.02622,-0.09482,0.93118,0.34451,-0.10601,0.05467,1,0.43979,-0.06608,0.31416,-0.01025,0.48910,0.87216,0.00110,0.44358,-0.06491,0.30549,-0.01012,0.48904,0.87220,0.00092,3.79,1.17,-8.67
32.8148,211,0.32581,-0.04781,-0.08833,0.93879,0.32107,-0.11324,0.05261,1,0.44071,-0.06587,0.31297,-0.01025,0.48908,0.87218,0.00112,0.44371,-0.06473,0.30384,-0.01012,0.48904,0.87220,0.00092,3.00,1.14,-9.13
32.8318,212,0.32367,-0.06836,-0.08134,0.94571,0.29793,-0.12081,0.04768,1,0.44147,-0.06569,0.31159,-0.01030,0.48907,0.87218,0.00111,0.44379,-0.06456,0.30218,-0.01012,0.48904,0.87220,0.00092,2.31,1.13,-9.40
32.8485,213,0.32169,-0.08803,-0.07406,0.95197,0.27600,-0.12595,0.04147,1,0.44209,-0.06553,0.31006,-0.01037,0.48908,0.87218,0.00112,0.44381,-0.06438,0.30053,-0.01012,0.48904,0.87220,0.00092,1.72,1.14,-9.54
32.8652,214,0.31866,-0.12441,-0.05854,0.96168,0.23727,-0.13289,0.03501,1,0.44258,-0.06538,0.30859,-0.01038,0.48906,0.87219,0.00114,0.44374,-0.06421,0.29887,-0.01012,0.48904,0.87220,0.00092,1.17,1.17,-9.72
32.8819,215,0.31747,-0.14137,-0.05046,0.96496,0.21981,-0.13959,0.03247,1,0.44299,-0.06520,0.30700,-0.01039,0.48904,0.87220,0.00115,0.44364,-0.06405,0.29722,-0.01012,0.48904,0.87220,0.00092,0.65,1.16,-9.79
32.8986,216,0.31597,-0.15735,-0.04213,0.96752,0.20115,-0.15009,0.03030,1,0.44327,-0.06501,0.30540,-0.01042,0.48900,0.87222,0.00113,0.44349,-0.06388,0.29556,-0.01012,0.48904,0.87220,0.00092,0.22,1.13,-9.84
32.9153,217,0.31435,-0.17198,-0.03398,0.96974,0.18128,-0.16122,0.02745,1,0.44345,-0.06479,0.30376,-0.01048,0.48900,0.87222,0.00109,0.44331,-0.06372,0.29391,-0.01012,0.48904,0.87220,0.00092,-0.13,1.07,-9.84
32.9321,218,0.31245,-0.18558,-0.02550,0.97158,0.16326,-0.16947,0.02583,1,0.44356,-0.06459,0.30221,-0.01046,0.48900,0.87222,0.00108,0.44310,-0.06355,0.29227,-0.01012,0.48904,0.87220,0.00092,-0.46,1.04,-9.94
32.9488,219,0.30936,-0.21004,-0.00929,0.97536,0.13037,-0.17629,0.02437,1,0.44361,-0.06440,0.30057,-0.01041,0.48901,0.87222,0.00105,0.44283,-0.06338,0.29063,-0.01012,0.48904,0.87220,0.00092,-0.78,1.02,-9.94
32.9656,220,0.30814,-0.22042,-0.00144,0.97664,0.11757,-0.17803,0.02564,1,0.44359,-0.06422,0.29895,-0.01038,0.48903,0.87220,0.00104,0.44253,-0.06321,0.28900,-0.01012,0.48904,0.87220,0.00092,-1.06,1.01,-9.94
32.9823,221,0.30707,-0.22985,0.00596,0.97758,0.10585,-0.18005,0.02667,1,0.44351,-0.06405,0.29743,-0.01037,0.48901,0.87221,0.00105,0.44220,-0.06304,0.28738,-0.01012,0.48904,0.87220,0.00092,-1.30,1.01,-10.05
32.9992,222,0.30615,-0.23841,0.01293,0.97819,0.09526,-0.18238,0.02842,1,0.44336,-0.06388,0.29579,-0.01037,0.48901,0.87222,0.00106,0.44186,-0.06287,0.28576,-0.01012,0.48904,0.87220,0.00092,-1.50,1.01,-10.03
33.0158,223,0.30540,-0.24589,0.01925,0.97873,0.08523,-0.18408,0.03074,1,0.44316,-0.06370,0.29412,-0.01037,0.48902,0.87221,0.00108,0.44149,-0.06270,0.28414,-0.01012,0.48904,0.87220,0.00092,-1.67,1.00,-9.98
33.0329,224,0.30534,-0.25747,0.02965,0.97954,0.06763,-0.18618,0.03566,1,0.44295,-0.06353,0.29246,-0.01032,0.48902,0.87221,0.00111,0.44109,-0.06254,0.28253,-0.01012,0.48904,0.87220,0.00092,-1.85,0.99,-9.93
33.0493,225,0.30605,-0.26212,0.03411,0.97956,0.06182,-0.18777,0.03720,1,0.44269,-0.06337,0.29080,-0.01029,0.48904,0.87220,0.00112,0.44068,-0.06238,0.28092,-0.01012,0.48904,0.87220,0.00092,-2.01,0.99,-9.87
33.0663,226,0.30737,-0.26599,0.03762,0.97941,0.05777,-0.18969,0.03781,1,0.44240,-0.06323,0.28915,-0.01026,0.48904,0.87220,0.00113,0.44026,-0.06223,0.27932,-0.01012,0.48904,0.87220,0.00092,-2.14,1.00,-9.83
33.0832,227,0.30886,-0.26886,0.04076,0.97874,0.05468,-0.19408,0.03763,1,0.44209,-0.06308,0.28759,-0.01027,0.48904,0.87220,0.00115,0.43982,-0.06209,0.27771,-0.01012,0.48904,0.87220,0.00092,-2.27,0.99,-9.87
33.0996,228,0.31045,-0.27115,0.04340,0.97764,0.05108,-0.20071,0.03636,1,0.44173,-0.06290,0.28594,-0.01027,0.48906,0.87219,0.00115,0.43938,-0.06195,0.27611,-0.01012,0.48904,0.87220,0.00092,-2.35,0.95,-9.82
33.1163,229,0.31426,-0.27324,0.04651,0.97444,0.04720,-0.21732,0.03187,1,0.44136,-0.06272,0.28430,-0.01025,0.48904,0.87220,0.00115,0.43893,-0.06184,0.27451,-0.01012,0.48904,0.87220,0.00092,-2.43,0.88,-9.79
33.1331,230,0.31635,-0.27384,0.04759,0.97324,0.04683,-0.22304,0.02931,1,0.44099,-0.06256,0.28277,-0.01023,0.48907,0.87219,0.00114,0.43847,-0.06173,0.27291,-0.01012,0.48904,0.87220,0.00092,-2.52,0.83,-9.86
33.1498,231,0.31850,-0.27442,0.04835,0.97238,0.04704,-0.22694,0.02747,1,0.44058,-0.06239,0.28116,-0.01022,0.48907,0.87218,0.00112,0.43801,-0.06163,0.27131,-0.01012,0.48904,0.87220,0.00092,-2.57,0.76,-9.85
33.1666,232,0.32091,-0.27463,0.04910,0.97208,0.04801,-0.22806,0.02739,1,0.44016,-0.06222,0.27955,-0.01021,0.48907,0.87218,0.00113,0.43755,-0.06155,0.26972,-0.01012,0.48904,0.87220,0.00092,-2.61,0.67,-9.84
33.1836,233,0.32354,-0.27459,0.04957,0.97206,0.04925,-0.22753,0.03010,1,0.43972,-0.06206,0.27793,-0.01021,0.48907,0.87218,0.00113,0.43709,-0.06147,0.26812,-0.01012,0.48904,0.87220,0.00092,-2.63,0.58,-9.82
33.2002,234,0.32908,-0.27394,0.05000,0.97164,0.04917,-0.22831,0.03691,1,0.43930,-0.06191,0.27641,-0.01020,0.48906,0.87219,0.00113,0.43662,-0.06143,0.26652,-0.01012,0.48904,0.87220,0.00092,-2.68,0.48,-9.89
33.2172,235,0.33170,-0.27345,0.04984,0.97110,0.04895,-0.23048,0.03802,1,0.43885,-0.06178,0.27479,-0.01018,0.48908,0.87218,0.00113,0.43615,-0.06139,0.26492,-0.01012,0.48904,0.87220,0.00092,-2.70,0.39,-9.87
33.2339,236,0.33420,-0.27273,0.04943,0.97051,0.04938,-0.23279,0.03840,1,0.43840,-0.06169,0.27316,-0.01017,0.48909,0.87218,0.00113,0.43569,-0.06137,0.26332,-0.01012,0.48904,0.87220,0.00092,-2.72,0.32,-9.85
33.2507,237,0.33653,-0.27192,0.04916,0.97008,0.05003,-0.23458,0.03771,1,0.43794,-0.06160,0.27154,-0.01019,0.48907,0.87218,0.00114,0.43522,-0.06136,0.26172,-0.01012,0.48904,0.87220,0.00092,-2.72,0.25,-9.82
33.2671,238,0.33895,-0.27103,0.04858,0.96978,0.05107,-0.23564,0.03734,1,0.43750,-0.06153,0.27000,-0.01021,0.48908,0.87218,0.00115,0.43476,-0.06136,0.26012,-0.01012,0.48904,0.87220,0.00092,-2.74,0.17,-9.89
33.2838,239,0.34311,-0.26882,0.04792,0.96898,0.05462,-0.23798,0.03823,1,0.43704,-0.06146,0.26838,-0.01021,0.48907,0.87218,0.00115,0.43429,-0.06138,0.25852,-0.01012,0.48904,0.87220,0.00092,-2.75,0.07,-9.86
33.3006,240,0.34503,-0.26775,0.04729,0.96865,0.05625,-0.23872,0.03962,1,0.43657,-0.06141,0.26676,-0.01021,0.48908,0.87218,0.00115,0.43383,-0.06142,0.25692,-0.01012,0.48904,0.87220,0.00092,-2.74,-0.01,-9.85
33.3175,241,0.34653,-0.26652,0.04671,0.96809,0.05865,-0.24007,0.04166,1,0.43609,-0.06139,0.26515,-0.01023,0.48909,0.87217,0.00113,0.43337,-0.06146,0.25531,-0.01012,0.48904,0.87220,0.00092,-2.73,-0.07,-9.84
33.3341,242,0.34813,-0.26524,0.04597,0.96756,0.06057,-0.24159,0.04236,1,0.43565,-0.06137,0.26364,-0.01025,0.48908,0.87218,0.00113,0.43291,-0.06151,0.25371,-0.01012,0.48904,0.87220,0.00092,-2.74,-0.14,-9.92
33.3508,243,0.34992,-0.26362,0.04503,0.96698,0.06320,-0.24308,0.04317,1,0.43516,-0.06136,0.26202,-0.01029,0.48906,0.87219,0.00113,0.43245,-0.06157,0.25211,-0.01012,0.48904,0.87220,0.00092,-2.71,-0.21,-9.91
33.3675,244,0.35352,-0.25985,0.04317,0.96525,0.06979,-0.24812,0.04311,1,0.43469,-0.06134,0.26042,-0.01029,0.48906,0.87219,0.00113,0.43200,-0.06166,0.25051,-0.01012,0.48904,0.87220,0.00092,-2.69,-0.32,-9.91
33.3842,245,0.35589,-0.25740,0.04173,0.96406,0.07375,-0.25179,0.04191,1,0.43423,-0.06136,0.25884,-0.01028,0.48907,0.87218,0.00113,0.43155,-0.06176,0.24891,-0.01012,0.48904,0.87220,0.00092,-2.68,-0.40,-9.93
33.4010,246,0.35834,-0.25487,0.04024,0.96258,0.07775,-0.25659,0.03961,1,0.43377,-0.06139,0.25732,-0.01031,0.48907,0.87218,0.00111,0.43111,-0.06188,0.24731,-0.01012,0.48904,0.87220,0.00092,-2.66,-0.49,-10.01
33.4182,247,0.36127,-0.25172,0.03825,0.96035,0.08264,-0.26355,0.03788,1,0.43329,-0.06144,0.25570,-0.01033,0.48907,0.87218,0.00111,0.43067,-0.06201,0.24570,-0.01012,0.48904,0.87220,0.00092,-2.62,-0.57,-10.00
33.4345,248,0.36445,-0.24805,0.03608,0.95771,0.08768,-0.27173,0.03547,1,0.43283,-0.06151,0.25407,-0.01034,0.48906,0.87219,0.00113,0.43025,-0.06218,0.24410,-0.01012,0.48904,0.87220,0.00092,-2.58,-0.67,-9.97
33.4515,249,0.37127,-0.23964,0.03237,0.95045,0.10017,-0.29297,0.02802,1,0.43238,-0.06158,0.25244,-0.01031,0.48904,0.87220,0.00115,0.42983,-0.06239,0.24250,-0.01012,0.48904,0.87220,0.00092,-2.55,-0.81,-9.94
33.4682,250,0.37510,-0.23472,0.03018,0.94588,0.10745,-0.30538,0.02265,1,0.43196,-0.06167,0.25090,-0.01029,0.48905,0.87219,0.00116,0.42942,-0.06264,0.24090,-0.01012,0.48904,0.87220,0.00092,-2.54,-0.97,-10.00
33.4850,251,0.37904,-0.22927,0.02724,0.94079,0.11518,-0.31840,0.01649,1,0.43152,-0.06180,0.24927,-0.01027,0.48905,0.87219,0.00116,0.42903,-0.06293,0.23931,-0.01012,0.48904,0.87220,0.00092,-2.49,-1.13,-9.96
33.5015,252,0.38312,-0.22349,0.02375,0.93496,0.12333,-0.33248,0.00970,1,0.43108,-0.06195,0.24764,-0.01027,0.48903,0.87220,0.00117,0.42865,-0.06326,0.23772,-0.01012,0.48904,0.87220,0.00092,-2.43,-1.31,-9.92
33.5185,253,0.38717,-0.21730,0.02007,0.92901,0.13082,-0.34616,0.00299,1,0.43063,-0.06211,0.24601,-0.01028,0.48902,0.87221,0.00118,0.42829,-0.06364,0.23614,-0.01012,0.48904,0.87220,0.00092,-2.34,-1.53,-9.88
33.5350,254,0.39515,-0.20325,0.01159,0.91834,0.14655,-0.36757,-0.00851,1,0.43022,-0.06226,0.24449,-0.01027,0.48901,0.87222,0.00117,0.42799,-0.06412,0.23457,-0.01012,0.48904,0.87220,0.00092,-2.23,-1.86,-9.92
33.5518,255,0.39865,-0.19568,0.00686,0.91481,0.15666,-0.37214,-0.00995,1,0.42980,-0.06245,0.24288,-0.01024,0.48899,0.87223,0.00114,0.42773,-0.06467,0.23302,-0.01012,0.48904,0.87220,0.00092,-2.07,-2.21,-9.86
33.5685,256,0.40195,-0.18781,0.00201,0.91213,0.16683,-0.37429,-0.00910,1,0.42939,-0.06269,0.24127,-0.01025,0.48900,0.87222,0.00112,0.42751,-0.06528,0.23148,-0.01012,0.48904,0.87220,0.00092,-1.87,-2.59,-9.79
33.5855,257,0.40509,-0.17905,-0.00346,0.91075,0.17770,-0.37271,-0.00580,1,0.42901,-0.06298,0.23967,-0.01025,0.48899,0.87223,0.00112,0.42735,-0.06596,0.22997,-0.01012,0.48904,0.87220,0.00092,-1.66,-2.98,-9.70
33.6020,258,0.40808,-0.16958,-0.00899,0.90904,0.18944,-0.37115,-0.00196,1,0.42868,-0.06331,0.23816,-0.01024,0.48897,0.87224,0.00112,0.42726,-0.06673,0.22849,-0.01012,0.48904,0.87220,0.00092,-1.42,-3.42,-9.67
33.6187,259,0.41072,-0.15972,-0.01491,0.90630,0.20170,-0.37141,-0.00017,1,0.42834,-0.06371,0.23656,-0.01025,0.48898,0.87223,0.00112,0.42726,-0.06760,0.22707,-0.01012,0.48904,0.87220,0.00092,-1.08,-3.89,-9.48
33.6355,260,0.41449,-0.13777,-0.02795,0.89815,0.22517,-0.37761,-0.00583,1,0.42807,-0.06418,0.23498,-0.01022,0.48897,0.87224,0.00112,0.42751,-0.06869,0.22584,-0.01012,0.48904,0.87220,0.00092,-0.56,-4.51,-9.14
33.6525,261,0.41518,-0.12573,-0.03504,0.89400,0.23713,-0.38000,-0.01189,1,0.42783,-0.06475,0.23342,-0.01020,0.48898,0.87223,0.00113,0.42795,-0.06989,0.22477,-0.01012,0.48904,0.87220,0.00092,0.12,-5.14,-8.65
33.6690,262,0.41512,-0.11334,-0.04216,0.89040,0.24992,-0.38003,-0.01731,1,0.42766,-0.06536,0.23199,-0.01018,0.48898,0.87224,0.00115,0.42862,-0.07119,0.22396,-0.01012,0.48904,0.87220,0.00092,0.96,-5.83,-8.03
33.6859,263,0.41447,-0.10076,-0.04927,0.88772,0.26299,-0.37729,-0.02118,1,0.42754,-0.06610,0.23051,-0.01018,0.48898,0.87223,0.00117,0.42952,-0.07251,0.22350,-0.01012,0.48904,0.87220,0.00092,1.98,-6.41,-7.00
33.7027,264,0.41124,-0.07506,-0.06377,0.88442,0.28695,-0.36737,-0.02237,1,0.42754,-0.06695,0.22910,-0.01018,0.48898,0.87223,0.00119,0.43075,-0.07357,0.22387,-0.01012,0.48904,0.87220,0.00092,3.21,-6.62,-5.22
33.7193,265,0.40805,-0.06143,-0.07081,0.88340,0.29754,-0.36146,-0.02052,1,0.42768,-0.06793,0.22778,-0.01017,0.48901,0.87222,0.00119,0.43202,-0.07439,0.22458,-0.01012,0.48904,0.87220,0.00092,4.33,-6.46,-3.20
33.7364,266,0.40423,-0.04797,-0.07807,0.88272,0.30764,-0.35470,-0.01890,1,0.42802,-0.06906,0.22664,-0.01012,0.48904,0.87220,0.00120,0.43326,-0.07498,0.22553,-0.01012,0.48904,0.87220,0.00092,5.24,-5.92,-1.11
33.7531,267,0.39856,-0.03420,-0.08501,0.88242,0.31761,-0.34664,-0.01743,1,0.42851,-0.07020,0.22579,-0.01005,0.48906,0.87219,0.00121,0.43445,-0.07533,0.22664,-0.01012,0.48904,0.87220,0.00092,5.94,-5.13,0.86
33.7696,268,0.39259,-0.02073,-0.09174,0.88179,0.32834,-0.33812,-0.01763,1,0.42922,-0.07140,0.22518,-0.00997,0.48908,0.87218,0.00123,0.43559,-0.07549,0.22785,-0.01012,0.48904,0.87220,0.00092,6.36,-4.09,2.67
33.7863,269,0.37739,0.00558,-0.10476,0.88189,0.35130,-0.31375,-0.02035,1,0.43004,-0.07242,0.22494,-0.00993,0.48912,0.87216,0.00124,0.43661,-0.07535,0.22916,-0.01012,0.48904,0.87220,0.00092,6.57,-2.92,4.22
33.8031,270,0.36895,0.01832,-0.11075,0.88221,0.36233,-0.29989,-0.02218,1,0.43105,-0.07333,0.22500,-0.00990,0.48912,0.87216,0.00131,0.43759,-0.07510,0.23048,-0.01012,0.48904,0.87220,0.00092,6.54,-1.77,5.48
33.8201,271,0.35909,0.03068,-0.11639,0.88289,0.37308,-0.28406,-0.02506,1,0.43213,-0.07406,0.22540,-0.00992,0.48909,0.87218,0.00133,0.43853,-0.07475,0.23181,-0.01012,0.48904,0.87220,0.00092,6.40,-0.69,6.41
33.8368,272,0.34815,0.04214,-0.12150,0.88418,0.38233,-0.26706,-0.02710,1,0.43324,-0.07456,0.22611,-0.00997,0.48908,0.87218,0.00131,0.43943,-0.07429,0.23314,-0.01012,0.48904,0.87220,0.00092,6.19,0.27,7.03
33.8532,273,0.32513,0.06388,-0.13090,0.88703,0.39865,-0.23121,-0.02841,1,0.43435,-0.07486,0.22708,-0.01001,0.48909,0.87217,0.00128,0.44025,-0.07367,0.23445,-0.01012,0.48904,0.87220,0.00092,5.90,1.19,7.37
33.8703,274,0.31215,0.07375,-0.13481,0.88895,0.40484,-0.21228,-0.02856,1,0.43538,-0.07496,0.22814,-0.01008,0.48908,0.87218,0.00125,0.44105,-0.07297,0.23574,-0.01012,0.48904,0.87220,0.00092,5.66,1.99,7.60
33.8868,275,0.29659,0.08303,-0.13765,0.89085,0.41021,-0.19333,-0.02711,1,0.43644,-0.07490,0.22937,-0.01014,0.48901,0.87222,0.00118,0.44179,-0.07218,0.23700,-0.01012,0.48904,0.87220,0.00092,5.36,2.71,7.63
33.9035,276,0.28046,0.09170,-0.13968,0.89213,0.41591,-0.17452,-0.02579,1,0.43744,-0.07467,0.23065,-0.01021,0.48898,0.87223,0.00116,0.44249,-0.07131,0.23824,-0.01012,0.48904,0.87220,0.00092,5.05,3.36,7.59
33.9203,277,0.26568,0.09952,-0.14160,0.89321,0.42155,-0.15430,-0.02594,1,0.43840,-0.07431,0.23195,-0.01028,0.48900,0.87222,0.00117,0.44316,-0.07038,0.23945,-0.01012,0.48904,0.87220,0.00092,4.76,3.93,7.50
33.9369,278,0.23664,0.11320,-0.14504,0.89397,0.43313,-0.11194,-0.02605,1,0.43924,-0.07386,0.23318,-0.01033,0.48899,0.87223,0.00114,0.44376,-0.06934,0.24061,-0.01012,0.48904,0.87220,0.00092,4.53,4.52,7.43
33.9540,279,0.22180,0.11925,-0.14629,0.89413,0.43743,-0.09220,-0.02613,1,0.44006,-0.07329,0.23446,-0.01038,0.48902,0.87221,0.00111,0.44434,-0.06826,0.24174,-0.01012,0.48904,0.87220,0.00092,4.27,5.03,7.28
33.9708,280,0.20643,0.12474,-0.14705,0.89502,0.43908,-0.07331,-0.02792,1,0.44087,-0.07261,0.23575,-0.01037,0.48901,0.87221,0.00110,0.44488,-0.06713,0.24284,-0.01012,0.48904,0.87220,0.00092,4.01,5.48,7.09
33.9873,281,0.19111,0.12988,-0.14709,0.89574,0.44020,-0.05450,-0.03005,1,0.44164,-0.07182,0.23702,-0.01037,0.48901,0.87222,0.00108,0.44539,-0.06596,0.24391,-0.01012,0.48904,0.87220,0.00092,3.76,5.86,6.89
34.0040,282,0.17568,0.13473,-0.14678,0.89636,0.44076,-0.03489,-0.03233,1,0.44231,-0.07101,0.23818,-0.01039,0.48901,0.87221,0.00107,0.44588,-0.06476,0.24495,-0.01012,0.48904,0.87220,0.00092,3.57,6.25,6.77
34.0208,283,0.14549,0.14374,-0.14497,0.89572,0.44298,0.00571,-0.03776,1,0.44297,-0.07008,0.23938,-0.01040,0.48903,0.87221,0.00106,0.44630,-0.06349,0.24595,-0.01012,0.48904,0.87220,0.00092,3.33,6.60,6.57
34.0379,284,0.13066,0.14789,-0.14360,0.89393,0.44576,0.02515,-0.03943,1,0.44361,-0.06908,0.24054,-0.01040,0.48901,0.87221,0.00107,0.44669,-0.06219,0.24691,-0.01012,0.48904,0.87220,0.00092,3.08,6.89,6.37
34.0544,285,0.11575,0.15176,-0.14211,0.89213,0.44802,0.04258,-0.03950,1,0.44422,-0.06802,0.24166,-0.01040,0.48900,0.87222,0.00107,0.44706,-0.06086,0.24786,-0.01012,0.48904,0.87220,0.00092,2.84,7.15,6.20
34.0710,286,0.10102,0.15558,-0.14029,0.89047,0.44947,0.05873,-0.04001,1,0.44476,-0.06696,0.24270,-0.01039,0.48900,0.87222,0.00108,0.44739,-0.05952,0.24878,-0.01012,0.48904,0.87220,0.00092,2.63,7.44,6.08
34.0881,287,0.08623,0.15930,-0.13809,0.88839,0.45123,0.07460,-0.03981,1,0.44529,-0.06578,0.24376,-0.01039,0.48900,0.87222,0.00107,0.44770,-0.05815,0.24968,-0.01012,0.48904,0.87220,0.00092,2.41,7.62,5.92
34.1046,288,0.05762,0.16623,-0.13302,0.88298,0.45543,0.10699,-0.03849,1,0.44578,-0.06455,0.24480,-0.01038,0.48901,0.87221,0.00104,0.44796,-0.05675,0.25055,-0.01012,0.48904,0.87220,0.00092,2.18,7.80,5.75
34.1215,289,0.04371,0.16978,-0.13001,0.87978,0.45741,0.12370,-0.03833,1,0.44624,-0.06330,0.24580,-0.01036,0.48902,0.87221,0.00102,0.44819,-0.05533,0.25139,-0.01012,0.48904,0.87220,0.00092,1.96,7.96,5.59
34.1380,290,0.03010,0.17308,-0.12693,0.87613,0.45966,0.13980,-0.03948,1,0.44663,-0.06209,0.24672,-0.01034,0.48903,0.87221,0.00100,0.44840,-0.05390,0.25222,-0.01012,0.48904,0.87220,0.00092,1.77,8.19,5.50
34.1549,291,0.01670,0.17618,-0.12363,0.87240,0.46164,0.15519,-0.04148,1,0.44702,-0.06080,0.24766,-0.01034,0.48906,0.87219,0.00100,0.44859,-0.05246,0.25304,-0.01012,0.48904,0.87220,0.00092,1.57,8.34,5.38
34.1718,292,0.00345,0.17899,-0.11998,0.86816,0.46402,0.17070,-0.04302,1,0.44737,-0.05949,0.24858,-0.01034,0.48909,0.87217,0.00100,0.44875,-0.05101,0.25384,-0.01012,0.48904,0.87220,0.00092,1.38,8.49,5.26
34.1885,293,-0.02027,0.18021,-0.10793,0.85861,0.46917,0.20227,-0.04189,1,0.44768,-0.05818,0.24946,-0.01036,0.48910,0.87216,0.00102,0.44884,-0.04953,0.25460,-0.01012,0.48904,0.87220,0.00092,1.16,8.65,5.14
34.2051,294,-0.03127,0.18054,-0.10181,0.85327,0.47200,0.21776,-0.04166,1,0.44796,-0.05693,0.25027,-0.01037,0.48913,0.87215,0.00105,0.44891,-0.04804,0.25534,-0.01012,0.48904,0.87220,0.00092,0.95,8.89,5.07
34.2221,295,-0.04227,0.18207,-0.09695,0.84832,0.47425,0.23168,-0.04190,1,0.44822,-0.05556,0.25112,-0.01039,0.48912,0.87216,0.00108,0.44895,-0.04654,0.25607,-0.01012,0.48904,0.87220,0.00092,0.73,9.02,4.95
34.2389,296,-0.05268,0.18324,-0.09180,0.84470,0.47478,0.24312,-0.04434,1,0.44843,-0.05415,0.25196,-0.01041,0.48909,0.87217,0.00111,0.44897,-0.04503,0.25678,-0.01012,0.48904,0.87220,0.00092,0.54,9.11,4.82
34.2557,297,-0.06335,0.18441,-0.08637,0.84261,0.47324,0.25221,-0.04937,1,0.44862,-0.05269,0.25280,-0.01043,0.48908,0.87217,0.00113,0.44897,-0.04352,0.25748,-0.01012,0.48904,0.87220,0.00092,0.35,9.17,4.68
34.2724,298,-0.08447,0.18590,-0.07383,0.83800,0.47062,0.26904,-0.06239,1,0.44876,-0.05119,0.25362,-0.01044,0.48905,0.87219,0.00112,0.44891,-0.04199,0.25815,-0.01012,0.48904,0.87220,0.00092,0.15,9.20,4.53
34.2892,0,-0.09463,0.18608,-0.06709,0.83370,0.47065,0.28074,-0.06791,1,0.44887,-0.04975,0.25439,-0.01043,0.48904,0.87220,0.00111,0.44883,-0.04046,0.25881,-0.01012,0.48904,0.87220,0.00092,-0.04,9.29,4.42
34.3056,1,-0.10439,0.18592,-0.06027,0.82852,0.47154,0.29339,-0.07159,1,0.44893,-0.04820,0.25519,-0.01043,0.48903,0.87221,0.00109,0.44872,-0.03893,0.25945,-0.01012,0.48904,0.87220,0.00092,-0.22,9.27,4.26
34.3224,2,-0.11371,0.18550,-0.05325,0.82348,0.47184,0.30591,-0.07534,1,0.44896,-0.04665,0.25596,-0.01042,0.48901,0.87221,0.00107,0.44858,-0.03739,0.26007,-0.01012,0.48904,0.87220,0.00092,-0.38,9.26,4.11
34.3394,3,-0.12250,0.18513,-0.04594,0.81919,0.47156,0.31643,-0.08022,1,0.44895,-0.04510,0.25670,-0.01041,0.48899,0.87222,0.00107,0.44842,-0.03585,0.26068,-0.01012,0.48904,0.87220,0.00092,-0.54,9.25,3.98
34.3559,4,-0.13930,0.18387,-0.02993,0.81241,0.46923,0.33265,-0.09569,1,0.44891,-0.04364,0.25737,-0.01042,0.48899,0.87223,0.00108,0.44820,-0.03430,0.26126,-0.01012,0.48904,0.87220,0.00092,-0.72,9.34,3.89
34.3727,5,-0.14724,0.18273,-0.02143,0.80812,0.46805,0.34222,-0.10365,1,0.44885,-0.04208,0.25807,-0.01041,0.48897,0.87224,0.00110,0.44795,-0.03275,0.26183,-0.01012,0.48904,0.87220,0.00092,-0.91,9.33,3.76
34.3894,6,-0.15461,0.18177,-0.01264,0.80272,0.46721,0.35422,-0.10900,1,0.44878,-0.04062,0.25870,-0.01039,0.48895,0.87225,0.00111,0.44767,-0.03120,0.26238,-0.01012,0.48904,0.87220,0.00092,-1.11,9.41,3.68
34.4061,7,-0.16137,0.18074,-0.00390,0.79672,0.46605,0.36703,-0.11546,1,0.44867,-0.03905,0.25935,-0.01038,0.48894,0.87226,0.00111,0.44736,-0.02966,0.26291,-0.01012,0.48904,0.87220,0.00092,-1.30,9.39,3.56
34.4228,8,-0.16764,0.17977,0.00472,0.79134,0.46470,0.37808,-0.12205,1,0.44852,-0.03747,0.25999,-0.01038,0.48893,0.87226,0.00110,0.44703,-0.02811,0.26344,-0.01012,0.48904,0.87220,0.00092,-1.49,9.36,3.45
34.4395,9,-0.17900,0.17771,0.02232,0.78185,0.45894,0.39876,-0.13813,1,0.44834,-0.03590,0.26060,-0.01037,0.48894,0.87225,0.00108,0.44664,-0.02657,0.26394,-0.01012,0.48904,0.87220,0.00092,-1.70,9.33,3.34
34.4566,10,-0.18397,0.17691,0.03093,0.77610,0.45758,0.40942,-0.14374,1,0.44813,-0.03434,0.26120,-0.01037,0.48896,0.87224,0.00107,0.44622,-0.02503,0.26443,-0.01012,0.48904,0.87220,0.00092,-1.91,9.31,3.23
34.4734,11,-0.18851,0.17599,0.03941,0.76966,0.45713,0.42013,-0.14883,1,0.44789,-0.03282,0.26177,-0.01036,0.48899,0.87223,0.00106,0.44577,-0.02350,0.26491,-0.01012,0.48904,0.87220,0.00092,-2.11,9.33,3.14
34.4901,12,-0.19264,0.17523,0.04758,0.76319,0.45684,0.43027,-0.15395,1,0.44763,-0.03142,0.26229,-0.01035,0.48904,0.87220,0.00106,0.44530,-0.02197,0.26538,-0.01012,0.48904,0.87220,0.00092,-2.33,9.45,3.09
34.5069,13,-0.19629,0.17461,0.05531,0.75689,0.45599,0.43986,-0.16037,1,0.44733,-0.02994,0.26283,-0.01035,0.48906,0.87219,0.00107,0.44481,-0.02045,0.26584,-0.01012,0.48904,0.87220,0.00092,-2.52,9.50,3.01
34.5234,14,-0.20251,0.17338,0.06974,0.74358,0.45408,0.45890,-0.17407,1,0.44699,-0.02843,0.26335,-0.01036,0.48907,0.87218,0.00110,0.44427,-0.01893,0.26629,-0.01012,0.48904,0.87220,0.00092,-2.71,9.49,2.93
34.5401,15,-0.20522,0.17288,0.07605,0.73702,0.45345,0.46803,-0.17927,1,0.44663,-0.02698,0.26383,-0.01038,0.48906,0.87219,0.00112,0.44372,-0.01742,0.26673,-0.01012,0.48904,0.87220,0.00092,-2.91,9.55,2.89
34.5572,16,-0.20761,0.17227,0.08179,0.73087,0.45376,0.47598,-0.18270,1,0.44622,-0.02541,0.26434,-0.01039,0.48905,0.87220,0.00114,0.44315,-0.01592,0.26716,-0.01012,0.48904,0.87220,0.00092,-3.07,9.49,2.83
34.5738,17,-0.20992,0.17174,0.08701,0.72538,0.45415,0.48274,-0.18585,1,0.44578,-0.02381,0.26483,-0.01039,0.48905,0.87220,0.00113,0.44256,-0.01442,0.26759,-0.01012,0.48904,0.87220,0.00092,-3.21,9.39,2.76
34.5906,18,-0.21182,0.17094,0.09132,0.72090,0.45525,0.48751,-0.18813,1,0.44531,-0.02220,0.26532,-0.01037,0.48903,0.87220,0.00111,0.44196,-0.01292,0.26802,-0.01012,0.48904,0.87220,0.00092,-3.35,9.28,2.69
34.6071,19,-0.21469,0.16916,0.09799,0.71486,0.45562,0.49517,-0.19026,1,0.44485,-0.02070,0.26577,-0.01036,0.48905,0.87219,0.00107,0.44135,-0.01143,0.26843,-0.01012,0.48904,0.87220,0.00092,-3.50,9.27,2.66
34.6238,20,-0.21534,0.16848,0.09983,0.71311,0.45474,0.49792,-0.19174,1,0.44433,-0.01913,0.26622,-0.01034,0.48905,0.87219,0.00104,0.44072,-0.00994,0.26884,-0.01012,0.48904,0.87220,0.00092,-3.60,9.19,2.61
34.6407,21,-0.21598,0.16771,0.10106,0.71235,0.45261,0.49998,-0.19419,1,0.44378,-0.01757,0.26666,-0.01033,0.48905,0.87219,0.00103,0.44010,-0.00845,0.26924,-0.01012,0.48904,0.87220,0.00092,-3.68,9.12,2.58
34.6573,22,-0.21636,0.16695,0.10093,0.71353,0.45017,0.49988,-0.19582,1,0.44321,-0.01600,0.26710,-0.01031,0.48904,0.87220,0.00103,0.43947,-0.00696,0.26964,-0.01012,0.48904,0.87220,0.00092,-3.74,9.05,2.54
34.6742,23,-0.21626,0.16621,0.10012,0.71550,0.44867,0.49849,-0.19563,1,0.44266,-0.01454,0.26751,-0.01029,0.48904,0.87220,0.00102,0.43885,-0.00547,0.27004,-0.01012,0.48904,0.87220,0.00092,-3.81,9.08,2.53
34.6909,24,-0.21461,0.16518,0.09546,0.72170,0.44773,0.49191,-0.19163,1,0.44204,-0.01298,0.26795,-0.01028,0.48904,0.87220,0.00103,0.43824,-0.00397,0.27044,-0.01012,0.48904,0.87220,0.00092,-3.80,9.02,2.49
34.7076,25,-0.21302,0.16471,0.09231,0.72478,0.44777,0.48850,-0.18861,1,0.44141,-0.01144,0.26837,-0.01027,0.48906,0.87219,0.00102,0.43764,-0.00246,0.27084,-0.01012,0.48904,0.87220,0.00092,-3.77,8.98,2.47
34.7246,26,-0.21084,0.16470,0.08836,0.72807,0.44705,0.48532,-0.18581,1,0.44078,-0.00993,0.26878,-0.01026,0.48906,0.87219,0.00102,0.43705,-0.00096,0.27124,-0.01012,0.48904,0.87220,0.00092,-3.74,8.97,2.46
34.7413,27,-0.20794,0.16507,0.08366,0.73196,0.44571,0.48169,-0.18317,1,0.44020,-0.00856,0.26916,-0.01026,0.48910,0.87217,0.00103,0.43647,0.00055,0.27165,-0.01012,0.48904,0.87220,0.00092,-3.73,9.11,2.49
34.7577,28,-0.20406,0.16565,0.07833,0.73690,0.44266,0.47713,-0.18271,1,0.43959,-0.00714,0.26954,-0.01026,0.48914,0.87214,0.00106,0.43591,0.00207,0.27207,-0.01012,0.48904,0.87220,0.00092,-3.67,9.21,2.53
34.7744,29,-0.19431,0.16737,0.06618,0.74826,0.43575,0.46524,-0.18380,1,0.43898,-0.00571,0.26992,-0.01028,0.48913,0.87215,0.00111,0.43539,0.00359,0.27251,-0.01012,0.48904,0.87220,0.00092,-3.59,9.30,2.58
34.7912,30,-0.18833,0.16819,0.05927,0.75143,0.43638,0.46103,-0.17992,1,0.43842,-0.00434,0.27030,-0.01030,0.48911,0.87216,0.00115,0.43489,0.00511,0.27296,-0.01012,0.48904,0.87220,0.00092,-3.52,9.45,2.66
34.8080,31,-0.18171,0.16920,0.05163,0.75310,0.44098,0.45723,-0.17120,1,0.43782,-0.00283,0.27071,-0.01031,0.48910,0.87217,0.00120,0.43442,0.00664,0.27343,-0.01012,0.48904,0.87220,0.00092,-3.39,9.47,2.72
34.8247,32,-0.17436,0.17009,0.04347,0.75450,0.44691,0.45315,-0.16019,1,0.43722,-0.00128,0.27114,-0.01031,0.48907,0.87218,0.00122,0.43398,0.00817,0.27392,-0.01012,0.48904,0.87220,0.00092,-3.24,9.45,2.77
34.8414,33,-0.16645,0.17109,0.03496,0.75742,0.45134,0.44771,-0.14892,1,0.43663,0.00030,0.27159,-0.01030,0.48905,0.87220,0.00120,0.43357,0.00971,0.27442,-0.01012,0.48904,0.87220,0.00092,-3.05,9.40,2.83
34.8581,34,-0.14878,0.17351,0.01762,0.76715,0.45361,0.43384,-0.13227,1,0.43609,0.00181,0.27202,-0.01028,0.48904,0.87220,0.00119,0.43324,0.01124,0.27498,-0.01012,0.48904,0.87220,0.00092,-2.84,9.44,2.97
34.8749,35,-0.13925,0.17473,0.00920,0.77245,0.45409,0.42578,-0.12584,1,0.43554,0.00338,0.27247,-0.01027,0.48904,0.87220,0.00116,0.43296,0.01277,0.27557,-0.01012,0.48904,0.87220,0.00092,-2.58,9.39,3.10
34.8916,36,-0.12888,0.17579,0.00069,0.77828,0.45373,0.41722,-0.11976,1,0.43503,0.00493,0.27293,-0.01024,0.48903,0.87221,0.00115,0.43272,0.01430,0.27619,-0.01012,0.48904,0.87220,0.00092,-2.31,9.37,3.26
34.9085,37,-0.11839,0.17660,-0.00765,0.78291,0.45550,0.40875,-0.11179,1,0.43456,0.00649,0.27341,-0.01020,0.48901,0.87222,0.00117,0.43252,0.01582,0.27685,-0.01012,0.48904,0.87220,0.00092,-2.03,9.34,3.44
34.9250,38,-0.10775,0.17725,-0.01609,0.78681,0.45866,0.40006,-0.10250,1,0.43414,0.00796,0.27388,-0.01020,0.48900,0.87222,0.00118,0.43239,0.01733,0.27754,-0.01012,0.48904,0.87220,0.00092,-1.75,9.37,3.66
34.9418,39,-0.08480,0.17783,-0.03255,0.79569,0.46485,0.37953,-0.08210,1,0.43375,0.00953,0.27442,-0.01017,0.48899,0.87223,0.00118,0.43239,0.01881,0.27832,-0.01012,0.48904,0.87220,0.00092,-1.35,9.28,3.90
34.9587,40,-0.07269,0.17810,-0.04017,0.80120,0.46633,0.36775,-0.07332,1,0.43339,0.01110,0.27500,-0.01013,0.48898,0.87223,0.00118,0.43247,0.02025,0.27915,-0.01012,0.48904,0.87220,0.00092,-0.92,9.15,4.15
34.9752,41,-0.06041,0.17820,-0.04759,0.80676,0.46702,0.35572,-0.06697,1,0.43310,0.01256,0.27558,-0.01011,0.48899,0.87223,0.00115,0.43264,0.02165,0.28003,-0.01012,0.48904,0.87220,0.00092,-0.46,9.09,4.45
34.9920,42,-0.04775,0.17773,-0.05478,0.81251,0.46760,0.34260,-0.06169,1,0.43285,0.01409,0.27624,-0.01009,0.48900,0.87222,0.00114,0.43291,0.02300,0.28098,-0.01012,0.48904,0.87220,0.00092,0.05,8.91,4.73
35.0089,43,-0.03500,0.17721,-0.06202,0.81790,0.46775,0.33044,-0.05529,1,0.43269,0.01557,0.27694,-0.01007,0.48903,0.87221,0.00114,0.43329,0.02427,0.28198,-0.01012,0.48904,0.87220,0.00092,0.61,8.70,5.04
35.0255,44,-0.01926,0.17925,-0.08873,0.82532,0.47195,0.30747,-0.03972,1,0.43261,0.01701,0.27768,-0.01007,0.48907,0.87219,0.00116,0.43407,0.02532,0.28302,-0.01012,0.48904,0.87220,0.00092,1.46,8.31,5.34
35.0422,45,-0.01130,0.18025,-0.10317,0.83099,0.47193,0.29284,-0.03137,1,0.43261,0.01832,0.27842,-0.01008,0.48907,0.87218,0.00119,0.43503,0.02622,0.28404,-0.01012,0.48904,0.87220,0.00092,2.42,7.90,5.62
35.0589,46,0.00198,0.17872,-0.10940,0.83965,0.46803,0.27417,-0.02750,1,0.43272,0.01969,0.27925,-0.01011,0.48907,0.87218,0.00123,0.43613,0.02694,0.28507,-0.01012,0.48904,0.87220,0.00092,3.41,7.25,5.82
35.0757,47,0.01543,0.17669,-0.11502,0.84810,0.46362,0.25489,-0.02864,1,0.43295,0.02102,0.28012,-0.01015,0.48907,0.87219,0.00125,0.43735,0.02744,0.28609,-0.01012,0.48904,0.87220,0.00092,4.39,6.42,5.97
35.0928,48,0.02892,0.17421,-0.11993,0.85586,0.45839,0.23764,-0.03024,1,0.43335,0.02230,0.28108,-0.01015,0.48907,0.87218,0.00129,0.43867,0.02769,0.28708,-0.01012,0.48904,0.87220,0.00092,5.31,5.39,6.00
35.1093,49,0.05654,0.16826,-0.12882,0.86562,0.45350,0.21080,-0.02461,1,0.43387,0.02342,0.28202,-0.01017,0.48907,0.87219,0.00132,0.44009,0.02741,0.28790,-0.01012,0.48904,0.87220,0.00092,6.22,3.99,5.88
35.1259,50,0.07074,0.16450,-0.13273,0.86878,0.45358,0.19801,-0.01639,1,0.43410,0.02380,0.28238,-0.01017,0.48906,0.87219,0.00131,0.44150,0.02688,0.28860,-0.01012,0.48904,0.87220,0.00092,7.40,3.08,6.23
35.1429,51,0.08492,0.16064,-0.13636,0.87329,0.45129,0.18344,-0.00776,1,0.43544,0.02529,0.28406,-0.01013,0.48907,0.87218,0.00124,0.44287,0.02613,0.28918,-0.01012,0.48904,0.87220,0.00092,7.44,0.84,5.12
35.1595,52,0.09887,0.15676,-0.13925,0.87909,0.44667,0.16639,-0.00237,1,0.43645,0.02592,0.28507,-0.01009,0.48907,0.87218,0.00122,0.44418,0.02519,0.28964,-0.01012,0.48904,0.87220,0.00092,7.73,-0.72,4.57
35.1762,53,0.12633,0.14817,-0.14347,0.88977,0.43590,0.13531,0.00023,1,0.43751,0.02629,0.28598,-0.01007,0.48907,0.87218,0.00120,0.44531,0.02399,0.28988,-0.01012,0.48904,0.87220,0.00092,7.80,-2.30,3.90
35.1933,54,0.14022,0.14348,-0.14488,0.89374,0.43136,0.12312,0.00273,1,0.43871,0.02641,0.28688,-0.01006,0.48908,0.87218,0.00117,0.44635,0.02270,0.29002,-0.01012,0.48904,0.87220,0.00092,7.64,-3.71,3.15
35.2101,55,0.15402,0.13805,-0.14571,0.89681,0.42794,0.11192,0.00843,1,0.43997,0.02623,0.28768,-0.01005,0.48909,0.87217,0.00114,0.44731,0.02134,0.29007,-0.01012,0.48904,0.87220,0.00092,7.34,-4.89,2.39
35.2269,56,0.16756,0.13241,-0.14619,0.90012,0.42377,0.09992,0.01494,1,0.44123,0.02578,0.28835,-0.01010,0.48911,0.87217,0.00115,0.44818,0.01992,0.29005,-0.01012,0.48904,0.87220,0.00092,6.95,-5.86,1.69
35.2436,57,0.18099,0.12654,-0.14603,0.90361,0.41899,0.08646,0.02165,1,0.44246,0.02508,0.28887,-0.01016,0.48910,0.87217,0.00115,0.44897,0.01845,0.28994,-0.01012,0.48904,0.87220,0.00092,6.51,-6.63,1.07
35.2601,58,0.20601,0.11564,-0.14458,0.91064,0.40786,0.05856,0.03088,1,0.44359,0.02424,0.28924,-0.01019,0.48914,0.87215,0.00117,0.44962,0.01693,0.28973,-0.01012,0.48904,0.87220,0.00092,6.03,-7.31,0.49
35.2772,59,0.21857,0.11046,-0.14349,0.91391,0.40175,0.04642,0.03477,1,0.44474,0.02319,0.28952,-0.01020,0.48918,0.87212,0.00117,0.45021,0.01539,0.28948,-0.01012,0.48904,0.87220,0.00092,5.46,-7.80,-0.03
35.2940,60,0.23106,0.10530,-0.14209,0.91638,0.39669,0.03674,0.03925,1,0.44583,0.02200,0.28969,-0.01021,0.48917,0.87213,0.00117,0.45073,0.01384,0.28920,-0.01012,0.48904,0.87220,0.00092,4.91,-8.16,-0.49
35.3104,61,0.24351,0.10001,-0.14034,0.91840,0.39207,0.02775,0.04531,1,0.44675,0.02080,0.28977,-0.01024,0.48914,0.87215,0.00119,0.45121,0.01227,0.28888,-0.01012,0.48904,0.87220,0.00092,4.45,-8.53,-0.89
35.3272,62,0.25597,0.09481,-0.13860,0.92052,0.38683,0.01838,0.05174,1,0.44764,0.01950,0.28977,-0.01028,0.48910,0.87216,0.00119,0.45163,0.01070,0.28854,-0.01012,0.48904,0.87220,0.00092,3.99,-8.80,-1.23
35.3443,63,0.28002,0.08482,-0.13447,0.92500,0.37472,-0.00412,0.06273,1,0.44841,0.01813,0.28967,-0.01034,0.48908,0.87218,0.00115,0.45196,0.00911,0.28815,-0.01012,0.48904,0.87220,0.00092,3.55,-9.02,-1.52
35.3607,64,0.29163,0.07982,-0.13199,0.92684,0.36907,-0.01537,0.06725,1,0.44911,0.01672,0.28951,-0.01035,0.48907,0.87218,0.00109,0.45225,0.00752,0.28774,-0.01012,0.48904,0.87220,0.00092,3.14,-9.20,-1.77
35.3774,65,0.30312,0.07472,-0.12964,0.92839,0.36371,-0.02541,0.07181,1,0.44977,0.01529,0.28930,-0.01032,0.48907,0.87219,0.00107,0.45251,0.00593,0.28731,-0.01012,0.48904,0.87220,0.00092,2.74,-9.36,-1.99
35.3944,66,0.31453,0.06938,-0.12686,0.92982,0.35807,-0.03478,0.07756,1,0.45032,0.01391,0.28907,-0.01028,0.48905,0.87219,0.00105,0.45273,0.00434,0.28687,-0.01012,0.48904,0.87220,0.00092,2.41,-9.56,-2.20
35.4110,67,0.32586,0.06434,-0.12417,0.93114,0.35207,-0.04407,0.08421,1,0.45083,0.01240,0.28879,-0.01025,0.48904,0.87220,0.00101,0.45291,0.00275,0.28641,-0.01012,0.48904,0.87220,0.00092,2.09,-9.65,-2.38
35.4279,68,0.34779,0.05475,-0.11850,0.93362,0.33907,-0.06876,0.09304,1,0.45125,0.01086,0.28846,-0.01024,0.48904,0.87220,0.00097,0.45304,0.00116,0.28593,-0.01012,0.48904,0.87220,0.00092,1.79,-9.70,-2.53
35.4444,69,0.35818,0.05021,-0.11545,0.93446,0.33316,-0.08155,0.09554,1,0.45162,0.00931,0.28811,-0.01024,0.48904,0.87220,0.00096,0.45314,-0.00043,0.28544,-0.01012,0.48904,0.87220,0.00092,1.52,-9.74,-2.67
35.4614,70,0.36851,0.04572,-0.11226,0.93536,0.32728,-0.09268,0.09696,1,0.45195,0.00773,0.28773,-0.01022,0.48903,0.87221,0.00096,0.45322,-0.00202,0.28494,-0.01012,0.48904,0.87220,0.00092,1.27,-9.74,-2.79
35.4782,71,0.37883,0.04117,-0.10898,0.93590,0.32186,-0.10269,0.09980,1,0.45222,0.00621,0.28734,-0.01021,0.48902,0.87221,0.00096,0.45326,-0.00361,0.28443,-0.01012,0.48904,0.87220,0.00092,1.04,-9.82,-2.92
35.4948,72,0.38899,0.03666,-0.10564,0.93606,0.31677,-0.11231,0.10411,1,0.45245,0.00457,0.28691,-0.01020,0.48903,0.87221,0.00097,0.45329,-0.00519,0.28391,-0.01012,0.48904,0.87220,0.00092,0.84,-9.76,-3.00
35.5115,73,0.40854,0.02836,-0.09849,0.93574,0.30521,-0.13649,0.11233,1,0.45264,0.00291,0.28645,-0.01022,0.48904,0.87220,0.00099,0.45327,-0.00677,0.28339,-0.01012,0.48904,0.87220,0.00092,0.63,-9.68,-3.06
35.5282,74,0.41763,0.02452,-0.09493,0.93527,0.29997,-0.14976,0.11338,1,0.45279,0.00134,0.28599,-0.01023,0.48904,0.87220,0.00102,0.45323,-0.00835,0.28286,-0.01012,0.48904,0.87220,0.00092,0.44,-9.69,-3.13
35.5452,75,0.42653,0.02088,-0.09110,0.93473,0.29520,-0.16234,0.11311,1,0.45292,-0.00033,0.28548,-0.01024,0.48904,0.87220,0.00106,0.45316,-0.00993,0.28232,-0.01012,0.48904,0.87220,0.00092,0.24,-9.60,-3.16
35.5618,76,0.43530,0.01719,-0.08725,0.93403,0.29102,-0.17384,0.11260,1,0.45301,-0.00197,0.28497,-0.01025,0.48904,0.87220,0.00110,0.45308,-0.01150,0.28178,-0.01012,0.48904,0.87220,0.00092,0.07,-9.54,-3.18
35.5784,77,0.44388,0.01353,-0.08353,0.93328,0.28666,-0.18477,0.11261,1,0.45307,-0.00360,0.28445,-0.01027,0.48904,0.87220,0.00110,0.45298,-0.01308,0.28124,-0.01012,0.48904,0.87220,0.00092,-0.10,-9.47,-3.21
35.5951,78,0.46022,0.00696,-0.07543,0.93134,0.27699,-0.20638,0.11527,1,0.45311,-0.00514,0.28396,-0.01027,0.48905,0.87219,0.00110,0.45284,-0.01465,0.28070,-0.01012,0.48904,0.87220,0.00092,-0.28,-9.51,-3.27
35.6121,79,0.46795,0.00378,-0.07146,0.92983,0.27303,-0.21646,0.11840,1,0.45312,-0.00674,0.28345,-0.01027,0.48907,0.87218,0.00110,0.45268,-0.01621,0.28015,-0.01012,0.48904,0.87220,0.00092,-0.45,-9.47,-3.29
35.6286,80,0.47543,0.00057,-0.06734,0.92831,0.26862,-0.22602,0.12249,1,0.45311,-0.00834,0.28293,-0.01027,0.48908,0.87218,0.00110,0.45250,-0.01778,0.27960,-0.01012,0.48904,0.87220,0.00092,-0.61,-9.44,-3.33
35.6454,81,0.48282,-0.00248,-0.06346,0.92692,0.26422,-0.23486,0.12589,1,0.45306,-0.00983,0.28244,-0.01027,0.48909,0.87217,0.00108,0.45231,-0.01934,0.27905,-0.01012,0.48904,0.87220,0.00092,-0.75,-9.51,-3.38
35.6621,82,0.48995,-0.00533,-0.05937,0.92526,0.26024,-0.24365,0.12964,1,0.45298,-0.01141,0.28191,-0.01027,0.48910,0.87217,0.00106,0.45210,-0.02090,0.27850,-0.01012,0.48904,0.87220,0.00092,-0.88,-9.48,-3.40
35.6788,83,0.50350,-0.01032,-0.05136,0.92122,0.25311,-0.26456,0.13153,1,0.45288,-0.01299,0.28137,-0.01026,0.48909,0.87217,0.00105,0.45186,-0.02245,0.27795,-0.01012,0.48904,0.87220,0.00092,-1.02,-9.46,-3.42
35.6956,84,0.50987,-0.01245,-0.04747,0.91893,0.24989,-0.27546,0.13128,1,0.45275,-0.01457,0.28082,-0.01027,0.48911,0.87216,0.00104,0.45160,-0.02400,0.27740,-0.01012,0.48904,0.87220,0.00092,-1.15,-9.43,-3.42
35.7124,85,0.51596,-0.01451,-0.04339,0.91652,0.24713,-0.28637,0.13004,1,0.45259,-0.01616,0.28027,-0.01027,0.48911,0.87216,0.00102,0.45133,-0.02555,0.27685,-0.01012,0.48904,0.87220,0.00092,-1.26,-9.39,-3.42
35.7294,86,0.52178,-0.01646,-0.03968,0.91426,0.24413,-0.29660,0.12869,1,0.45241,-0.01774,0.27972,-0.01027,0.48911,0.87216,0.00102,0.45104,-0.02710,0.27631,-0.01012,0.48904,0.87220,0.00092,-1.37,-9.36,-3.41
35.7462,87,0.52743,-0.01840,-0.03572,0.91185,0.24178,-0.30594,0.12836,1,0.45223,-0.01923,0.27919,-0.01026,0.48912,0.87216,0.00102,0.45074,-0.02865,0.27576,-0.01012,0.48904,0.87220,0.00092,-1.49,-9.41,-3.43
35.7629,88,0.53825,-0.02178,-0.02810,0.90674,0.23768,-0.32287,0.13070,1,0.45202,-0.02082,0.27862,-0.01026,0.48910,0.87217,0.00104,0.45042,-0.03019,0.27522,-0.01012,0.48904,0.87220,0.00092,-1.61,-9.37,-3.40
35.7795,89,0.54342,-0.02338,-0.02424,0.90394,0.23501,-0.33156,0.13315,1,0.45179,-0.02238,0.27806,-0.01025,0.48908,0.87218,0.00105,0.45008,-0.03173,0.27468,-0.01012,0.48904,0.87220,0.00092,-1.71,-9.34,-3.38
35.7961,90,0.54824,-0.02485,-0.02062,0.90087,0.23244,-0.34053,0.13583,1,0.45154,-0.02385,0.27753,-0.01026,0.48905,0.87220,0.00105,0.44973,-0.03327,0.27414,-0.01012,0.48904,0.87220,0.00092,-1.82,-9.41,-3.39
35.8128,91,0.55277,-0.02614,-0.01704,0.89805,0.23032,-0.34872,0.13728,1,0.45127,-0.02540,0.27698,-0.01026,0.48905,0.87220,0.00106,0.44936,-0.03480,0.27360,-0.01012,0.48904,0.87220,0.00092,-1.91,-9.40,-3.38
35.8296,92,0.55707,-0.02751,-0.01323,0.89544,0.22849,-0.35623,0.13814,1,0.45098,-0.02694,0.27642,-0.01025,0.48902,0.87221,0.00106,0.44898,-0.03633,0.27307,-0.01012,0.48904,0.87220,0.00092,-1.99,-9.40,-3.36
35.8463,93,0.56511,-0.02957,-0.00640,0.89065,0.22543,-0.36917,0.14012,1,0.45068,-0.02839,0.27590,-0.01025,0.48899,0.87223,0.00106,0.44858,-0.03786,0.27254,-0.01012,0.48904,0.87220,0.00092,-2.10,-9.48,-3.37
35.8632,94,0.56877,-0.03020,-0.00281,0.88793,0.22417,-0.37604,0.14117,1,0.45036,-0.02992,0.27536,-0.01024,0.48897,0.87224,0.00106,0.44817,-0.03939,0.27201,-0.01012,0.48904,0.87220,0.00092,-2.19,-9.47,-3.35
35.8800,95,0.57230,-0.03082,0.00032,0.88531,0.22295,-0.38261,0.14184,1,0.45002,-0.03146,0.27482,-0.01024,0.48897,0.87224,0.00103,0.44775,-0.04091,0.27149,-0.01012,0.48904,0.87220,0.00092,-2.27,-9.45,-3.32
35.8967,96,0.57554,-0.03152,0.00354,0.88264,0.22202,-0.38869,0.14344,1,0.44967,-0.03299,0.27428,-0.01023,0.48896,0.87225,0.00102,0.44731,-0.04244,0.27097,-0.01012,0.48904,0.87220,0.00092,-2.36,-9.44,-3.31
35.9135,97,0.57863,-0.03210,0.00675,0.88016,0.22148,-0.39401,0.14497,1,0.44931,-0.03454,0.27373,-0.01023,0.48898,0.87223,0.00099,0.44687,-0.04396,0.27045,-0.01012,0.48904,0.87220,0.00092,-2.44,-9.41,-3.28
35.9301,98,0.58446,-0.03275,0.01278,0.87545,0.22079,-0.40388,0.14738,1,0.44897,-0.03599,0.27322,-0.01023,0.48898,0.87224,0.00099,0.44640,-0.04548,0.26995,-0.01012,0.48904,0.87220,0.00092,-2.56,-9.48,-3.28
35.9469,99,0.58712,-0.03302,0.01572,0.87289,0.22097,-0.40880,0.14875,1,0.44858,-0.03753,0.27268,-0.01023,0.48901,0.87222,0.00097,0.44593,-0.04699,0.26944,-0.01012,0.48904,0.87220,0.00092,-2.65,-9.46,-3.24
35.9639,100,0.58962,-0.03330,0.01833,0.87047,0.22109,-0.41375,0.14903,1,0.44817,-0.03909,0.27213,-0.01024,0.48902,0.87221,0.00095,0.44544,-0.04850,0.26894,-0.01012,0.48904,0.87220,0.00092,-2.73,-9.42,-3.19
35.9806,101,0.59198,-0.03373,0.02118,0.86783,0.22127,-0.41915,0.14903,1,0.44778,-0.04056,0.27161,-0.01024,0.48905,0.87219,0.00093,0.44495,-0.05002,0.26844,-0.01012,0.48904,0.87220,0.00092,-2.83,-9.45,-3.17
35.9971,102,0.59418,-0.03400,0.02372,0.86547,0.22156,-0.42404,0.14855,1,0.44736,-0.04214,0.27107,-0.01022,0.48907,0.87218,0.00093,0.44444,-0.05153,0.26794,-0.01012,0.48904,0.87220,0.00092,-2.91,-9.39,-3.13
36.0138,103,0.59836,-0.03472,0.02882,0.86118,0.22057,-0.43364,0.14725,1,0.44691,-0.04372,0.27053,-0.01022,0.48910,0.87217,0.00092,0.44392,-0.05303,0.26745,-0.01012,0.48904,0.87220,0.00092,-2.99,-9.31,-3.07
36.0306,104,0.60024,-0.03505,0.03127,0.85880,0.22055,-0.43842,0.14701,1,0.44647,-0.04531,0.26999,-0.01022,0.48912,0.87216,0.00093,0.44339,-0.05453,0.26696,-0.01012,0.48904,0.87220,0.00092,-3.07,-9.22,-3.02
36.0476,105,0.60191,-0.03540,0.03346,0.85625,0.22083,-0.44313,0.14731,1,0.44600,-0.04689,0.26944,-0.01024,0.48912,0.87215,0.00094,0.44286,-0.05603,0.26648,-0.01012,0.48904,0.87220,0.00092,-3.14,-9.14,-2.97
36.0643,106,0.60335,-0.03580,0.03604,0.85368,0.22058,-0.44815,0.14742,1,0.44555,-0.04836,0.26894,-0.01027,0.48913,0.87215,0.00095,0.44231,-0.05753,0.26599,-0.01012,0.48904,0.87220,0.00092,-3.24,-9.17,-2.94
36.0815,107,0.60562,-0.03684,0.04019,0.84987,0.21995,-0.45573,0.14719,1,0.44504,-0.05001,0.26838,-0.01029,0.48912,0.87215,0.00096,0.44175,-0.05902,0.26551,-0.01012,0.48904,0.87220,0.00092,-3.30,-9.02,-2.87
36.0980,108,0.60659,-0.03730,0.04227,0.84876,0.21940,-0.45830,0.14640,1,0.44458,-0.05145,0.26790,-0.01031,0.48910,0.87217,0.00097,0.44118,-0.06051,0.26502,-0.01012,0.48904,0.87220,0.00092,-3.40,-9.06,-2.88
36.1145,109,0.60734,-0.03773,0.04420,0.84746,0.21959,-0.46058,0.14651,1,0.44408,-0.05297,0.26740,-0.01034,0.48911,0.87216,0.00096,0.44060,-0.06200,0.26454,-0.01012,0.48904,0.87220,0.00092,-3.48,-9.03,-2.86
36.1312,110,0.60798,-0.03818,0.04617,0.84634,0.21933,-0.46269,0.14673,1,0.44359,-0.05438,0.26694,-0.01036,0.48909,0.87217,0.00095,0.44001,-0.06348,0.26405,-0.01012,0.48904,0.87220,0.00092,-3.58,-9.10,-2.89
36.1480,111,0.60861,-0.03874,0.04808,0.84532,0.21840,-0.46483,0.14717,1,0.44306,-0.05589,0.26646,-0.01037,0.48909,0.87217,0.00093,0.43942,-0.06496,0.26356,-0.01012,0.48904,0.87220,0.00092,-3.65,-9.07,-2.89
36.1646,112,0.60994,-0.03998,0.05172,0.84276,0.21696,-0.46957,0.14894,1,0.44251,-0.05739,0.26597,-0.01038,0.48908,0.87218,0.00093,0.43881,-0.06643,0.26307,-0.01012,0.48904,0.87220,0.00092,-3.71,-9.04,-2.89
36.1914,113,0.61049,-0.04059,0.05329,0.84139,0.21574,-0.47226,0.14996,1,0.44164,-0.05968,0.26522,-0.01041,0.48907,0.87218,0.00092,0.43819,-0.06790,0.26258,-0.01012,0.48904,0.87220,0.00092,-3.45,-8.22,-2.64
36.2081,114,0.61149,-0.04139,0.05650,0.83851,0.21356,-0.47762,0.15220,1,0.44109,-0.06114,0.26475,-0.01039,0.48906,0.87219,0.00094,0.43756,-0.06936,0.26209,-0.01012,0.48904,0.87220,0.00092,-3.53,-8.22,-2.66
36.2250,115,0.61217,-0.04191,0.05773,0.83781,0.21267,-0.47917,0.15245,1,0.44051,-0.06259,0.26428,-0.01040,0.48907,0.87218,0.00093,0.43693,-0.07082,0.26160,-0.01012,0.48904,0.87220,0.00092,-3.59,-8.24,-2.67
36.2418,116,0.61286,-0.04218,0.05906,0.83724,0.21211,-0.48031,0.15276,1,0.43995,-0.06399,0.26381,-0.01041,0.48908,0.87217,0.00093,0.43629,-0.07228,0.26111,-0.01012,0.48904,0.87220,0.00092,-3.66,-8.29,-2.70
36.2587,117,0.61357,-0.04237,0.06047,0.83622,0.21183,-0.48219,0.15282,1,0.43939,-0.06537,0.26335,-0.01041,0.48908,0.87218,0.00094,0.43564,-0.07374,0.26062,-0.01012,0.48904,0.87220,0.00092,-3.75,-8.37,-2.73
36.2755,118,0.61433,-0.04235,0.06140,0.83490,0.21154,-0.48453,0.15305,1,0.43885,-0.06665,0.26292,-0.01041,0.48906,0.87218,0.00094,0.43499,-0.07519,0.26013,-0.01012,0.48904,0.87220,0.00092,-3.86,-8.55,-2.79
36.2919,119,0.61565,-0.04196,0.06349,0.83120,0.21029,-0.49022,0.15672,1,0.43828,-0.06799,0.26248,-0.01040,0.48906,0.87219,0.00092,0.43433,-0.07665,0.25965,-0.01012,0.48904,0.87220,0.00092,-3.94,-8.66,-2.83
36.3087,120,0.61621,-0.04182,0.06384,0.83012,0.20957,-0.49147,0.15951,1,0.43768,-0.06933,0.26204,-0.01040,0.48906,0.87219,0.00088,0.43368,-0.07810,0.25917,-0.01012,0.48904,0.87220,0.00092,-4.00,-8.77,-2.87
36.3255,121,0.61658,-0.04154,0.06455,0.82928,0.20878,-0.49250,0.16169,1,0.43706,-0.07069,0.26158,-0.01040,0.48906,0.87219,0.00085,0.43302,-0.07956,0.25869,-0.01012,0.48904,0.87220,0.00092,-4.04,-8.86,-2.89
36.3423,122,0.61691,-0.04081,0.06509,0.82875,0.20887,-0.49290,0.16306,1,0.43646,-0.07200,0.26115,-0.01038,0.48907,0.87218,0.00082,0.43235,-0.08101,0.25822,-0.01012,0.48904,0.87220,0.00092,-4.11,-9.01,-2.93
36.3589,123,0.61695,-0.04001,0.06536,0.82835,0.20975,-0.49296,0.16382,1,0.43582,-0.07342,0.26069,-0.01036,0.48906,0.87219,0.00080,0.43169,-0.08246,0.25775,-0.01012,0.48904,0.87220,0.00092,-4.14,-9.05,-2.94
36.3756,124,0.61668,-0.03830,0.06576,0.82732,0.21254,-0.49336,0.16421,1,0.43516,-0.07486,0.26021,-0.01036,0.48907,0.87219,0.00080,0.43101,-0.08392,0.25730,-0.01012,0.48904,0.87220,0.00092,-4.15,-9.06,-2.91
36.3925,125,0.61628,-0.03727,0.06554,0.82608,0.21459,-0.49467,0.16386,1,0.43453,-0.07622,0.25975,-0.01035,0.48906,0.87219,0.00081,0.43034,-0.08538,0.25685,-0.01012,0.48904,0.87220,0.00092,-4.19,-9.16,-2.90
36.4092,126,0.61574,-0.03644,0.06547,0.82479,0.21591,-0.49613,0.16421,1,0.43386,-0.07770,0.25927,-0.01034,0.48905,0.87219,0.00083,0.42967,-0.08684,0.25640,-0.01012,0.48904,0.87220,0.00092,-4.19,-9.14,-2.86
36.4259,127,0.61518,-0.03559,0.06478,0.82366,0.21777,-0.49687,0.16518,1,0.43318,-0.07920,0.25878,-0.01035,0.48905,0.87219,0.00085,0.42900,-0.08830,0.25596,-0.01012,0.48904,0.87220,0.00092,-4.18,-9.10,-2.82
36.4428,128,0.61430,-0.03480,0.06419,0.82297,0.21913,-0.49679,0.16703,1,0.43250,-0.08071,0.25830,-0.01035,0.48906,0.87219,0.00088,0.42833,-0.08976,0.25552,-0.01012,0.48904,0.87220,0.00092,-4.17,-9.05,-2.77
36.4594,129,0.61185,-0.03348,0.06218,0.82396,0.22100,-0.49348,0.16952,1,0.43182,-0.08225,0.25782,-0.01036,0.48905,0.87219,0.00092,0.42767,-0.09123,0.25509,-0.01012,0.48904,0.87220,0.00092,-4.15,-8.98,-2.73
36.4762,130,0.61035,-0.03260,0.06115,0.82494,0.22220,-0.49090,0.17062,1,0.43117,-0.08370,0.25737,-0.01037,0.48907,0.87218,0.00096,0.42700,-0.09269,0.25466,-0.01012,0.48904,0.87220,0.00092,-4.17,-8.99,-2.71
36.4931,131,0.60830,-0.03168,0.05978,0.82664,0.22342,-0.48723,0.17133,1,0.43050,-0.08525,0.25691,-0.01037,0.48908,0.87218,0.00101,0.42635,-0.09416,0.25423,-0.01012,0.48904,0.87220,0.00092,-4.15,-8.91,-2.68
36.5098,132,0.60584,-0.03071,0.05783,0.82826,0.22534,-0.48320,0.17239,1,0.42982,-0.08678,0.25646,-0.01039,0.48910,0.87216,0.00105,0.42569,-0.09564,0.25380,-0.01012,0.48904,0.87220,0.00092,-4.12,-8.85,-2.65
36.5268,133,0.60055,-0.02903,0.05391,0.83127,0.23046,-0.47555,0.17242,1,0.42914,-0.08829,0.25600,-0.01041,0.48910,0.87217,0.00106,0.42505,-0.09711,0.25338,-0.01012,0.48904,0.87220,0.00092,-4.08,-8.82,-2.63
36.5432,134,0.59775,-0.02789,0.05147,0.83249,0.23339,-0.47229,0.17156,1,0.42851,-0.08968,0.25559,-0.01042,0.48909,0.87217,0.00108,0.42443,-0.09860,0.25295,-0.01012,0.48904,0.87220,0.00092,-4.09,-8.92,-2.63
36.5601,135,0.59451,-0.02666,0.04900,0.83356,0.23651,-0.46952,0.16967,1,0.42785,-0.09115,0.25514,-0.01042,0.48911,0.87216,0.00108,0.42381,-0.10009,0.25253,-0.01012,0.48904,0.87220,0.00092,-4.04,-8.94,-2.61
36.5769,136,0.59098,-0.02538,0.04599,0.83482,0.23945,-0.46638,0.16799,1,0.42719,-0.09260,0.25470,-0.01041,0.48912,0.87216,0.00104,0.42321,-0.10158,0.25211,-0.01012,0.48904,0.87220,0.00092,-3.99,-8.98,-2.59
36.5936,137,0.58696,-0.02398,0.04267,0.83621,0.24260,-0.46288,0.16628,1,0.42654,-0.09405,0.25425,-0.01039,0.48914,0.87215,0.00100,0.42262,-0.10309,0.25169,-0.01012,0.48904,0.87220,0.00092,-3.92,-9.04,-2.56
36.6103,138,0.57824,-0.02170,0.03545,0.83970,0.24904,-0.45414,0.16323,1,0.42595,-0.09543,0.25383,-0.01037,0.48914,0.87214,0.00097,0.42209,-0.10461,0.25126,-0.01012,0.48904,0.87220,0.00092,-3.86,-9.17,-2.57
36.6270,139,0.57341,-0.02013,0.03134,0.84228,0.25188,-0.44818,0.16202,1,0.42531,-0.09691,0.25338,-0.01035,0.48915,0.87214,0.00095,0.42160,-0.10614,0.25083,-0.01012,0.48904,0.87220,0.00092,-3.72,-9.23,-2.54
36.6438,140,0.56818,-0.01805,0.02730,0.84519,0.25475,-0.44143,0.16095,1,0.42470,-0.09840,0.25293,-0.01034,0.48915,0.87214,0.00094,0.42114,-0.10769,0.25042,-0.01012,0.48904,0.87220,0.00092,-3.56,-9.29,-2.51
36.6606,141,0.56242,-0.01584,0.02275,0.84858,0.25845,-0.43305,0.15993,1,0.42409,-0.09989,0.25248,-0.01033,0.48913,0.87215,0.00094,0.42075,-0.10926,0.25001,-0.01012,0.48904,0.87220,0.00092,-3.35,-9.36,-2.48
36.6774,142,0.55612,-0.01372,0.01787,0.85182,0.26294,-0.42427,0.15894,1,0.42355,-0.10129,0.25207,-0.01032,0.48910,0.87217,0.00096,0.42044,-0.11084,0.24960,-0.01012,0.48904,0.87220,0.00092,-3.11,-9.56,-2.47
36.6940,143,0.54166,-0.00912,0.00786,0.85697,0.27363,-0.40796,0.15591,1,0.42299,-0.10277,0.25164,-0.01032,0.48906,0.87219,0.00096,0.42043,-0.11247,0.24923,-0.01012,0.48904,0.87220,0.00092,-2.57,-9.69,-2.40
36.7107,144,0.53375,-0.00650,0.00285,0.86100,0.27820,-0.39724,0.15325,1,0.42248,-0.10429,0.25122,-0.01030,0.48905,0.87219,0.00097,0.42074,-0.11408,0.24892,-0.01012,0.48904,0.87220,0.00092,-1.75,-9.79,-2.30
36.7275,145,0.52537,-0.00347,-0.00247,0.86579,0.28356,-0.38388,0.15045,1,0.42201,-0.10582,0.25081,-0.01029,0.48906,0.87219,0.00098,0.42179,-0.11536,0.24883,-0.01012,0.48904,0.87220,0.00092,-0.22,-9.54,-1.98
36.7442,146,0.51656,-0.00032,-0.00777,0.87021,0.29062,-0.36955,0.14735,1,0.42164,-0.10728,0.25044,-0.01028,0.48906,0.87219,0.00103,0.42338,-0.11506,0.24922,-0.01012,0.48904,0.87220,0.00092,1.74,-7.78,-1.22
36.7611,147,0.50735,0.00255,-0.01292,0.87398,0.29726,-0.35659,0.14362,1,0.42138,-0.10886,0.25008,-0.01025,0.48904,0.87220,0.00106,0.42454,-0.11395,0.24968,-0.01012,0.48904,0.87220,0.00092,3.16,-5.09,-0.40
36.7780,148,0.48757,0.00841,-0.02370,0.88147,0.30846,-0.33125,0.13470,1,0.42131,-0.11044,0.24975,-0.01020,0.48905,0.87219,0.00109,0.42543,-0.11261,0.25011,-0.01012,0.48904,0.87220,0.00092,4.13,-2.17,0.36
36.7947,149,0.47689,0.01188,-0.02883,0.88534,0.31281,-0.31879,0.12923,1,0.42149,-0.11193,0.24949,-0.01010,0.48908,0.87218,0.00112,0.42627,-0.11124,0.25056,-0.01012,0.48904,0.87220,0.00092,4.78,0.69,1.07
36.8113,150,0.46625,0.01561,-0.03394,0.88936,0.31726,-0.30563,0.12242,1,0.42189,-0.11313,0.24932,-0.01004,0.48911,0.87216,0.00117,0.42706,-0.10985,0.25102,-0.01012,0.48904,0.87220,0.00092,5.17,3.28,1.70
36.8281,151,0.45472,0.01955,-0.03894,0.89282,0.32234,-0.29193,0.11726,1,0.42253,-0.11411,0.24923,-0.01001,0.48912,0.87216,0.00123,0.42782,-0.10844,0.25149,-0.01012,0.48904,0.87220,0.00092,5.29,5.66,2.26
36.8447,152,0.44289,0.02341,-0.04363,0.89593,0.32741,-0.27807,0.11307,1,0.42339,-0.11466,0.24927,-0.00995,0.48902,0.87221,0.00135,0.42854,-0.10702,0.25197,-0.01012,0.48904,0.87220,0.00092,5.15,7.65,2.70
36.8614,153,0.41805,0.03209,-0.05273,0.90279,0.33908,-0.24264,0.10549,1,0.42436,-0.11475,0.24942,-0.00996,0.48900,0.87223,0.00144,0.42920,-0.10557,0.25246,-0.01012,0.48904,0.87220,0.00092,4.84,9.18,3.03
36.8784,154,0.40556,0.03691,-0.05669,0.90547,0.34586,-0.22369,0.10232,1,0.42532,-0.11436,0.24970,-0.00999,0.48903,0.87221,0.00143,0.42984,-0.10411,0.25296,-0.01012,0.48904,0.87220,0.00092,4.52,10.25,3.26
36.8953,155,0.39292,0.04186,-0.06042,0.90700,0.35376,-0.20608,0.09863,1,0.42631,-0.11349,0.25010,-0.01004,0.48904,0.87220,0.00137,0.43045,-0.10265,0.25348,-0.01012,0.48904,0.87220,0.00092,4.14,10.84,3.38
36.9118,156,0.37990,0.04696,-0.06374,0.90756,0.36181,-0.19084,0.09489,1,0.42719,-0.11216,0.25057,-0.01014,0.48903,0.87221,0.00132,0.43103,-0.10118,0.25400,-0.01012,0.48904,0.87220,0.00092,3.84,10.99,3.43
36.9288,157,0.36628,0.05211,-0.06675,0.90781,0.36968,-0.17704,0.08869,1,0.42796,-0.11056,0.25109,-0.01022,0.48902,0.87221,0.00126,0.43158,-0.09970,0.25454,-0.01012,0.48904,0.87220,0.00092,3.61,10.87,3.45
36.9452,158,0.33808,0.06291,-0.07162,0.90947,0.38270,-0.14543,0.07248,1,0.42862,-0.10891,0.25161,-0.01025,0.48900,0.87222,0.00118,0.43207,-0.09820,0.25508,-0.01012,0.48904,0.87220,0.00092,3.44,10.71,3.47
36.9623,159,0.32381,0.06900,-0.07329,0.91023,0.38903,-0.12652,0.06431,1,0.42928,-0.10711,0.25218,-0.01024,0.48901,0.87222,0.00108,0.43253,-0.09670,0.25564,-0.01012,0.48904,0.87220,0.00092,3.24,10.41,3.46
36.9791,160,0.30948,0.07506,-0.07435,0.90972,0.39725,-0.10662,0.05686,1,0.42991,-0.10530,0.25275,-0.01024,0.48904,0.87220,0.00101,0.43295,-0.09519,0.25621,-0.01012,0.48904,0.87220,0.00092,3.04,10.11,3.46
36.9959,161,0.29512,0.08106,-0.07511,0.90800,0.40669,-0.08753,0.04987,1,0.43048,-0.10352,0.25331,-0.01027,0.48906,0.87219,0.00096,0.43335,-0.09368,0.25678,-0.01012,0.48904,0.87220,0.00092,2.87,9.84,3.48
37.0127,162,0.28070,0.08689,-0.07540,0.90518,0.41684,-0.07118,0.04280,1,0.43102,-0.10177,0.25387,-0.01028,0.48905,0.87219,0.00093,0.43372,-0.09216,0.25737,-0.01012,0.48904,0.87220,0.00092,2.70,9.61,3.50
37.0295,163,0.25019,0.09823,-0.07386,0.90094,0.43122,-0.04048,0.02659,1,0.43153,-0.10005,0.25443,-0.01026,0.48904,0.87220,0.00092,0.43402,-0.09063,0.25795,-0.01012,0.48904,0.87220,0.00092,2.49,9.43,3.52
37.0462,164,0.23484,0.10421,-0.07226,0.89843,0.43827,-0.01996,0.01880,1,0.43200,-0.09847,0.25497,-0.01022,0.48904,0.87220,0.00092,0.43428,-0.08909,0.25854,-0.01012,0.48904,0.87220,0.00092,2.28,9.38,3.56
37.0630,165,0.21994,0.10970,-0.07035,0.89451,0.44688,0.00221,0.01155,1,0.43245,-0.09681,0.25555,-0.01020,0.48903,0.87221,0.00091,0.43451,-0.08755,0.25912,-0.01012,0.48904,0.87220,0.00092,2.06,9.27,3.57
37.0797,166,0.20522,0.11487,-0.06791,0.89018,0.45490,0.02501,0.00429,1,0.43287,-0.09522,0.25614,-0.01019,0.48902,0.87221,0.00091,0.43471,-0.08600,0.25971,-0.01012,0.48904,0.87220,0.00092,1.84,9.22,3.57
37.0965,167,0.19078,0.11976,-0.06502,0.88514,0.46294,0.04700,-0.00179,1,0.43324,-0.09375,0.25669,-0.01020,0.48904,0.87220,0.00094,0.43488,-0.08445,0.26029,-0.01012,0.48904,0.87220,0.00092,1.64,9.30,3.60
37.1132,168,0.16233,0.12935,-0.05756,0.87601,0.47470,0.08467,-0.00987,1,0.43359,-0.09222,0.25728,-0.01022,0.48904,0.87220,0.00098,0.43499,-0.08289,0.26087,-0.01012,0.48904,0.87220,0.00092,1.39,9.34,3.60
37.1297,169,0.14830,0.13440,-0.05292,0.87075,0.48051,0.10344,-0.01433,1,0.43391,-0.09071,0.25786,-0.01025,0.48901,0.87222,0.00103,0.43506,-0.08133,0.26145,-0.01012,0.48904,0.87220,0.00092,1.15,9.38,3.59
37.1464,170,0.13458,0.13909,-0.04767,0.86308,0.48947,0.12297,-0.02003,1,0.43419,-0.08917,0.25846,-0.01029,0.48900,0.87222,0.00109,0.43510,-0.07976,0.26203,-0.01012,0.48904,0.87220,0.00092,0.90,9.41,3.57
37.1634,171,0.12130,0.14323,-0.04216,0.85466,0.49803,0.14406,-0.02769,1,0.43443,-0.08771,0.25902,-0.01031,0.48898,0.87223,0.00113,0.43510,-0.07820,0.26260,-0.01012,0.48904,0.87220,0.00092,0.67,9.51,3.58
37.1800,172,0.10835,0.14687,-0.03676,0.84605,0.50562,0.16509,-0.03598,1,0.43463,-0.08615,0.25962,-0.01034,0.48899,0.87223,0.00114,0.43508,-0.07663,0.26317,-0.01012,0.48904,0.87220,0.00092,0.45,9.52,3.55
37.1969,173,0.08326,0.15289,-0.02502,0.83309,0.51240,0.20182,-0.05170,1,0.43479,-0.08456,0.26023,-0.01034,0.48899,0.87223,0.00114,0.43499,-0.07506,0.26372,-0.01012,0.48904,0.87220,0.00092,0.21,9.50,3.50
37.2133,174,0.07130,0.15528,-0.01863,0.82783,0.51280,0.21962,-0.05914,1,0.43490,-0.08308,0.26079,-0.01035,0.48901,0.87222,0.00113,0.43488,-0.07349,0.26427,-0.01012,0.48904,0.87220,0.00092,-0.02,9.58,3.48
37.2301,175,0.05983,0.15751,-0.01169,0.82049,0.51575,0.23821,-0.06370,1,0.43499,-0.08150,0.26138,-0.01035,0.48902,0.87221,0.00112,0.43474,-0.07192,0.26481,-0.01012,0.48904,0.87220,0.00092,-0.25,9.58,3.43
37.2468,176,0.04893,0.15923,-0.00481,0.81268,0.51887,0.25604,-0.06904,1,0.43504,-0.07996,0.26196,-0.01036,0.48905,0.87219,0.00113,0.43457,-0.07035,0.26533,-0.01012,0.48904,0.87220,0.00092,-0.47,9.61,3.38
37.2638,177,0.03841,0.16062,0.00189,0.80507,0.52067,0.27368,-0.07659,1,0.43504,-0.07844,0.26252,-0.01038,0.48907,0.87218,0.00115,0.43437,-0.06878,0.26585,-0.01012,0.48904,0.87220,0.00092,-0.67,9.67,3.33
37.2806,178,0.01916,0.16253,0.01529,0.78976,0.52266,0.30796,-0.09095,1,0.43502,-0.07692,0.26307,-0.01038,0.48908,0.87218,0.00117,0.43412,-0.06721,0.26635,-0.01012,0.48904,0.87220,0.00092,-0.90,9.72,3.28
37.2973,179,0.01032,0.16330,0.02195,0.78333,0.52186,0.32285,-0.09908,1,0.43496,-0.07546,0.26359,-0.01041,0.48908,0.87218,0.00120,0.43385,-0.06563,0.26684,-0.01012,0.48904,0.87220,0.00092,-1.11,9.83,3.25
37.3139,180,0.00221,0.16345,0.02853,0.77692,0.52125,0.33657,-0.10684,1,0.43487,-0.07389,0.26413,-0.01042,0.48908,0.87217,0.00123,0.43356,-0.06407,0.26731,-0.01012,0.48904,0.87220,0.00092,-1.31,9.82,3.18
37.3308,181,-0.00510,0.16331,0.03498,0.77112,0.52014,0.34920,-0.11353,1,0.43474,-0.07228,0.26468,-0.01042,0.48907,0.87218,0.00124,0.43324,-0.06250,0.26778,-0.01012,0.48904,0.87220,0.00092,-1.50,9.79,3.10
37.3475,182,-0.01175,0.16323,0.04092,0.76696,0.51672,0.36069,-0.12116,1,0.43458,-0.07074,0.26519,-0.01041,0.48906,0.87218,0.00123,0.43291,-0.06093,0.26823,-0.01012,0.48904,0.87220,0.00092,-1.67,9.81,3.04
37.3643,183,-0.02478,0.16302,0.05358,0.75758,0.51074,0.38199,-0.13892,1,0.43437,-0.06909,0.26574,-0.01039,0.48905,0.87219,0.00119,0.43253,-0.05937,0.26867,-0.01012,0.48904,0.87220,0.00092,-1.84,9.72,2.93
37.3810,184,-0.03044,0.16255,0.05942,0.75386,0.50616,0.39109,-0.15020,1,0.43413,-0.06743,0.26626,-0.01037,0.48905,0.87219,0.00115,0.43213,-0.05780,0.26910,-0.01012,0.48904,0.87220,0.00092,-2.00,9.62,2.84
37.3979,185,-0.03582,0.16214,0.06499,0.75070,0.50034,0.40041,-0.16054,1,0.43386,-0.06579,0.26676,-0.01035,0.48907,0.87218,0.00112,0.43172,-0.05625,0.26952,-0.01012,0.48904,0.87220,0.00092,-2.15,9.54,2.76
37.4145,186,-0.04085,0.16156,0.07036,0.74732,0.49540,0.40921,-0.16922,1,0.43357,-0.06416,0.26724,-0.01033,0.48907,0.87218,0.00110,0.43129,-0.05469,0.26993,-0.01012,0.48904,0.87220,0.00092,-2.29,9.47,2.69
37.4312,187,-0.04525,0.16081,0.07528,0.74386,0.49072,0.41749,-0.17766,1,0.43329,-0.06264,0.26768,-0.01031,0.48905,0.87219,0.00107,0.43084,-0.05313,0.27033,-0.01012,0.48904,0.87220,0.00092,-2.45,9.51,2.65
37.4480,188,-0.05233,0.15871,0.08391,0.73765,0.48205,0.43145,-0.19329,1,0.43295,-0.06103,0.26813,-0.01030,0.48906,0.87219,0.00106,0.43037,-0.05158,0.27072,-0.01012,0.48904,0.87220,0.00092,-2.59,9.45,2.59
37.4647,189,-0.05529,0.15789,0.08784,0.73755,0.47413,0.43622,-0.20230,1,0.43259,-0.05941,0.26856,-0.01029,0.48905,0.87219,0.00103,0.42988,-0.05003,0.27109,-0.01012,0.48904,0.87220,0.00092,-2.71,9.37,2.53
37.4815,190,-0.05772,0.15722,0.09138,0.73888,0.46311,0.44027,-0.21389,1,0.43220,-0.05780,0.26900,-0.01026,0.48904,0.87220,0.00100,0.42938,-0.04849,0.27146,-0.01012,0.48904,0.87220,0.00092,-2.82,9.31,2.46
37.4984,191,-0.05958,0.15676,0.09451,0.74034,0.45226,0.44305,-0.22597,1,0.43182,-0.05628,0.26941,-0.01024,0.48904,0.87220,0.00097,0.42888,-0.04694,0.27183,-0.01012,0.48904,0.87220,0.00092,-2.94,9.33,2.42
37.5150,192,-0.06235,0.15522,0.09963,0.73918,0.44123,0.44785,-0.24157,1,0.43138,-0.05467,0.26982,-0.01023,0.48903,0.87220,0.00095,0.42835,-0.04540,0.27219,-0.01012,0.48904,0.87220,0.00092,-3.03,9.27,2.36
37.5321,193,-0.06336,0.15429,0.10128,0.73791,0.44027,0.44959,-0.24397,1,0.43092,-0.05309,0.27023,-0.01021,0.48904,0.87220,0.00094,0.42782,-0.04386,0.27254,-0.01012,0.48904,0.87220,0.00092,-3.10,9.23,2.31
37.5486,194,-0.06403,0.15341,0.10242,0.73672,0.44059,0.45092,-0.24453,1,0.43045,-0.05153,0.27060,-0.01021,0.48904,0.87220,0.00093,0.42729,-0.04232,0.27288,-0.01012,0.48904,0.87220,0.00092,-3.16,9.21,2.28
37.5654,195,-0.06438,0.15270,0.10315,0.73789,0.43771,0.45036,-0.24721,1,0.43000,-0.05009,0.27094,-0.01020,0.48905,0.87219,0.00094,0.42675,-0.04078,0.27323,-0.01012,0.48904,0.87220,0.00092,-3.25,9.31,2.28
37.5820,196,-0.06463,0.15213,0.10356,0.74163,0.42905,0.44852,-0.25442,1,0.42950,-0.04860,0.27130,-0.01020,0.48909,0.87217,0.00096,0.42621,-0.03924,0.27356,-0.01012,0.48904,0.87220,0.00092,-3.29,9.36,2.27
37.5988,197,-0.06440,0.15105,0.10397,0.75019,0.40789,0.44375,-0.27190,1,0.42900,-0.04711,0.27165,-0.01020,0.48910,0.87217,0.00098,0.42567,-0.03770,0.27390,-0.01012,0.48904,0.87220,0.00092,-3.33,9.41,2.25
37.6155,198,-0.06411,0.15042,0.10384,0.75320,0.40037,0.44209,-0.27741,1,0.42848,-0.04561,0.27202,-0.01020,0.48912,0.87216,0.00101,0.42513,-0.03616,0.27423,-0.01012,0.48904,0.87220,0.00092,-3.35,9.46,2.22
37.6321,199,-0.06385,0.14963,0.10348,0.75539,0.39682,0.44049,-0.27908,1,0.42798,-0.04419,0.27236,-0.01022,0.48911,0.87216,0.00105,0.42459,-0.03462,0.27456,-0.01012,0.48904,0.87220,0.00092,-3.39,9.57,2.20
37.6492,200,-0.06366,0.14883,0.10292,0.75734,0.39579,0.43863,-0.27820,1,0.42743,-0.04264,0.27272,-0.01025,0.48909,0.87217,0.00108,0.42405,-0.03307,0.27489,-0.01012,0.48904,0.87220,0.00092,-3.38,9.57,2.16
37.6656,201,-0.06361,0.14769,0.10211,0.75836,0.39768,0.43736,-0.27469,1,0.42688,-0.04108,0.27307,-0.01027,0.48909,0.87217,0.00111,0.42352,-0.03153,0.27521,-0.01012,0.48904,0.87220,0.00092,-3.37,9.55,2.14
37.6824,202,-0.06373,0.14574,0.10053,0.76165,0.40352,0.43458,-0.26117,1,0.42637,-0.03959,0.27339,-0.01028,0.48906,0.87219,0.00112,0.42299,-0.02998,0.27552,-0.01012,0.48904,0.87220,0.00092,-3.38,9.61,2.13
37.6991,203,-0.06363,0.14515,0.09991,0.76457,0.40199,0.43177,-0.25963,1,0.42582,-0.03799,0.27373,-0.01027,0.48905,0.87220,0.00112,0.42246,-0.02843,0.27583,-0.01012,0.48904,0.87220,0.00092,-3.36,9.57,2.10
37.7158,204,-0.06370,0.14463,0.09982,0.76854,0.39614,0.42831,-0.26262,1,0.42528,-0.03638,0.27408,-0.01025,0.48903,0.87221,0.00111,0.42194,-0.02687,0.27613,-0.01012,0.48904,0.87220,0.00092,-3.34,9.51,2.05
37.7325,205,-0.06395,0.14436,0.10006,0.77278,0.38815,0.42502,-0.26741,1,0.42473,-0.03479,0.27443,-0.01024,0.48903,0.87221,0.00108,0.42141,-0.02532,0.27644,-0.01012,0.48904,0.87220,0.00092,-3.31,9.47,2.00
37.7496,206,-0.06428,0.14406,0.10053,0.77540,0.38117,0.42378,-0.27179,1,0.42417,-0.03318,0.27479,-0.01022,0.48903,0.87221,0.00107,0.42088,-0.02377,0.27674,-0.01012,0.48904,0.87220,0.00092,-3.29,9.41,1.95
37.7662,207,-0.06532,0.14299,0.10185,0.77459,0.38134,0.42627,-0.26998,1,0.42364,-0.03167,0.27510,-0.01023,0.48902,0.87221,0.00107,0.42035,-0.02222,0.27703,-0.01012,0.48904,0.87220,0.00092,-3.29,9.45,1.93
37.7827,208,-0.06532,0.14291,0.10265,0.77179,0.38780,0.42925,-0.26401,1,0.42308,-0.03008,0.27543,-0.01022,0.48900,0.87222,0.00108,0.41981,-0.02067,0.27733,-0.01012,0.48904,0.87220,0.00092,-3.26,9.41,1.90
37.7995,209,-0.06549,0.14263,0.10341,0.76972,0.39262,0.43178,-0.25874,1,0.42252,-0.02849,0.27574,-0.01022,0.48899,0.87223,0.00109,0.41927,-0.01912,0.27762,-0.01012,0.48904,0.87220,0.00092,-3.25,9.37,1.88
37.8162,210,-0.06593,0.14260,0.10424,0.76926,0.39464,0.43306,-0.25487,1,0.42200,-0.02699,0.27603,-0.01021,0.48898,0.87223,0.00109,0.41873,-0.01757,0.27791,-0.01012,0.48904,0.87220,0.00092,-3.27,9.42,1.89
37.8331,211,-0.06666,0.14212,0.10523,0.76956,0.39422,0.43322,-0.25435,1,0.42146,-0.02542,0.27633,-0.01019,0.48899,0.87223,0.00108,0.41818,-0.01602,0.27820,-0.01012,0.48904,0.87220,0.00092,-3.28,9.39,1.87
37.8497,212,-0.06850,0.14151,0.10815,0.77010,0.38765,0.43471,-0.26020,1,0.42092,-0.02384,0.27665,-0.01017,0.48899,0.87223,0.00106,0.41762,-0.01448,0.27848,-0.01012,0.48904,0.87220,0.00092,-3.30,9.36,1.83
37.8666,213,-0.06937,0.14113,0.10968,0.76846,0.38495,0.43790,-0.26368,1,0.42037,-0.02226,0.27697,-0.01015,0.48901,0.87222,0.00105,0.41705,-0.01294,0.27876,-0.01012,0.48904,0.87220,0.00092,-3.32,9.32,1.79
37.8834,214,-0.07026,0.14066,0.11102,0.76618,0.38474,0.44146,-0.26468,1,0.41984,-0.02077,0.27727,-0.01014,0.48900,0.87222,0.00103,0.41648,-0.01140,0.27903,-0.01012,0.48904,0.87220,0.00092,-3.36,9.37,1.76
37.8999,215,-0.07123,0.14002,0.11234,0.76375,0.38658,0.44467,-0.26366,1,0.41927,-0.01922,0.27758,-0.01015,0.48903,0.87221,0.00103,0.41590,-0.00986,0.27930,-0.01012,0.48904,0.87220,0.00092,-3.37,9.36,1.72
37.9166,216,-0.07217,0.13943,0.11350,0.76207,0.38864,0.44675,-0.26197,1,0.41870,-0.01770,0.27786,-0.01016,0.48906,0.87219,0.00104,0.41531,-0.00832,0.27956,-0.01012,0.48904,0.87220,0.00092,-3.38,9.38,1.70
37.9335,217,-0.07420,0.13871,0.11634,0.76099,0.39027,0.44891,-0.25897,1,0.41813,-0.01620,0.27813,-0.01018,0.48908,0.87218,0.00106,0.41472,-0.00678,0.27982,-0.01012,0.48904,0.87220,0.00092,-3.42,9.41,1.68
37.9502,218,-0.07507,0.13863,0.11800,0.75984,0.38895,0.45087,-0.26092,1,0.41761,-0.01480,0.27838,-0.01020,0.48911,0.87216,0.00110,0.41411,-0.00525,0.28007,-0.01012,0.48904,0.87220,0.00092,-3.50,9.55,1.69
37.9673,219,-0.07591,0.13868,0.11959,0.75791,0.38766,0.45320,-0.26438,1,0.41705,-0.01331,0.27864,-0.01023,0.48910,0.87217,0.00114,0.41350,-0.00372,0.28032,-0.01012,0.48904,0.87220,0.00092,-3.55,9.59,1.68
37.9839,220,-0.07658,0.13849,0.12122,0.75561,0.38576,0.45656,-0.26795,1,0.41649,-0.01178,0.27891,-0.01025,0.48910,0.87217,0.00118,0.41288,-0.00219,0.28057,-0.01012,0.48904,0.87220,0.00092,-3.61,9.59,1.66
38.0008,221,-0.07734,0.13844,0.12270,0.75334,0.38449,0.45991,-0.27041,1,0.41591,-0.01021,0.27918,-0.01027,0.48907,0.87218,0.00118,0.41226,-0.00067,0.28082,-0.01012,0.48904,0.87220,0.00092,-3.65,9.54,1.64
38.0176,222,-0.07865,0.13819,0.12506,0.74760,0.38724,0.46636,-0.27138,1,0.41535,-0.00870,0.27945,-0.01028,0.48907,0.87218,0.00117,0.41162,0.00085,0.28106,-0.01012,0.48904,0.87220,0.00092,-3.73,9.55,1.62
38.0344,223,-0.07933,0.13795,0.12584,0.74494,0.39043,0.46882,-0.26989,1,0.41474,-0.00708,0.27972,-0.01028,0.48907,0.87218,0.00115,0.41098,0.00237,0.28131,-0.01012,0.48904,0.87220,0.00092,-3.76,9.45,1.59
38.0509,224,-0.07998,0.13796,0.12635,0.74323,0.39262,0.47020,-0.26902,1,0.41412,-0.00546,0.27998,-0.01029,0.48907,0.87218,0.00112,0.41033,0.00389,0.28155,-0.01012,0.48904,0.87220,0.00092,-3.78,9.35,1.57
38.0678,225,-0.08036,0.13813,0.12695,0.74226,0.39171,0.47139,-0.27092,1,0.41350,-0.00386,0.28022,-0.01028,0.48907,0.87219,0.00109,0.40969,0.00541,0.28179,-0.01012,0.48904,0.87220,0.00092,-3.81,9.27,1.56
38.0843,226,-0.08028,0.13872,0.12694,0.74287,0.38493,0.47151,-0.27865,1,0.41292,-0.00238,0.28045,-0.01026,0.48908,0.87218,0.00108,0.40904,0.00692,0.28203,-0.01012,0.48904,0.87220,0.00092,-3.87,9.30,1.58
38.1014,227,-0.07926,0.14018,0.12597,0.74425,0.36630,0.47396,-0.29543,1,0.41229,-0.00082,0.28070,-0.01025,0.48908,0.87218,0.00106,0.40840,0.00844,0.28229,-0.01012,0.48904,0.87220,0.00092,-3.89,9.26,1.59
38.1182,228,-0.07855,0.14106,0.12489,0.74456,0.36197,0.47450,-0.29909,1,0.41166,0.00073,0.28096,-0.01024,0.48908,0.87218,0.00106,0.40777,0.00996,0.28256,-0.01012,0.48904,0.87220,0.00092,-3.89,9.23,1.60
38.1350,229,-0.07728,0.14194,0.12311,0.74473,0.36372,0.47349,-0.29815,1,0.41101,0.00230,0.28122,-0.01023,0.48907,0.87219,0.00105,0.40714,0.01148,0.28284,-0.01012,0.48904,0.87220,0.00092,-3.87,9.18,1.62
38.1514,230,-0.07575,0.14252,0.12097,0.74439,0.37002,0.47172,-0.29402,1,0.41039,0.00377,0.28147,-0.01023,0.48906,0.87219,0.00105,0.40653,0.01300,0.28312,-0.01012,0.48904,0.87220,0.00092,-3.87,9.23,1.65
38.1681,231,-0.07382,0.14306,0.11808,0.74404,0.37869,0.46890,-0.28831,1,0.40973,0.00534,0.28172,-0.01024,0.48904,0.87220,0.00104,0.40593,0.01453,0.28342,-0.01012,0.48904,0.87220,0.00092,-3.80,9.19,1.70
38.1850,232,-0.06919,0.14430,0.11130,0.74551,0.38879,0.46258,-0.28121,1,0.40908,0.00689,0.28196,-0.01024,0.48904,0.87220,0.00104,0.40538,0.01607,0.28374,-0.01012,0.48904,0.87220,0.00092,-3.69,9.18,1.77
38.2017,233,-0.06637,0.14510,0.10706,0.74866,0.39037,0.45749,-0.27897,1,0.40844,0.00842,0.28221,-0.01021,0.48905,0.87219,0.00103,0.40486,0.01762,0.28407,-0.01012,0.48904,0.87220,0.00092,-3.58,9.19,1.86
38.2184,234,-0.06244,0.14586,0.10179,0.75342,0.39126,0.45009,-0.27694,1,0.40785,0.00986,0.28247,-0.01018,0.48904,0.87220,0.00103,0.40439,0.01917,0.28443,-0.01012,0.48904,0.87220,0.00092,-3.47,9.31,1.96
38.2353,235,-0.05758,0.14678,0.09584,0.75906,0.39272,0.44104,-0.27403,1,0.40724,0.01138,0.28276,-0.01016,0.48906,0.87219,0.00102,0.40396,0.02074,0.28481,-0.01012,0.48904,0.87220,0.00092,-3.28,9.36,2.05
38.2524,236,-0.05203,0.14768,0.08962,0.76529,0.39486,0.43096,-0.26962,1,0.40664,0.01291,0.28307,-0.01014,0.48907,0.87219,0.00102,0.40360,0.02231,0.28522,-0.01012,0.48904,0.87220,0.00092,-3.04,9.41,2.15
38.2692,237,-0.03857,0.14970,0.07625,0.77639,0.40329,0.40939,-0.25880,1,0.40605,0.01444,0.28339,-0.01015,0.48907,0.87218,0.00104,0.40339,0.02389,0.28572,-0.01012,0.48904,0.87220,0.00092,-2.66,9.45,2.34
38.2855,238,-0.03069,0.15090,0.06918,0.78189,0.40854,0.39714,-0.25304,1,0.40551,0.01596,0.28370,-0.01016,0.48907,0.87219,0.00106,0.40331,0.02545,0.28629,-0.01012,0.48904,0.87220,0.00092,-2.20,9.50,2.59
38.3022,239,-0.02209,0.15211,0.06223,0.78725,0.41387,0.38428,-0.24752,1,0.40504,0.01738,0.28401,-0.01015,0.48908,0.87218,0.00109,0.40336,0.02699,0.28694,-0.01012,0.48904,0.87220,0.00092,-1.68,9.61,2.93
38.3190,240,-0.01303,0.15335,0.05526,0.79258,0.41812,0.37118,-0.24335,1,0.40461,0.01889,0.28436,-0.01015,0.48907,0.87218,0.00112,0.40360,0.02845,0.28769,-0.01012,0.48904,0.87220,0.00092,-1.01,9.56,3.33
38.3357,241,-0.00268,0.15466,0.04840,0.79804,0.42223,0.35697,-0.23964,1,0.40426,0.02043,0.28476,-0.01015,0.48907,0.87218,0.00116,0.40408,0.02978,0.28858,-0.01012,0.48904,0.87220,0.00092,-0.18,9.35,3.82
38.3524,242,0.01931,0.15753,0.03579,0.81126,0.42647,0.32401,-0.23451,1,0.40402,0.02189,0.28521,-0.01013,0.48905,0.87220,0.00118,0.40514,0.03040,0.28971,-0.01012,0.48904,0.87220,0.00092,1.12,8.51,4.50
38.3691,243,0.03094,0.15896,0.03015,0.81757,0.42829,0.30640,-0.23296,1,0.40386,0.02345,0.28575,-0.01013,0.48903,0.87221,0.00119,0.40638,0.03048,0.29082,-0.01012,0.48904,0.87220,0.00092,2.51,7.03,5.08
38.3859,244,0.04286,0.16012,0.02499,0.82251,0.43176,0.29018,-0.22991,1,0.40386,0.02499,0.28639,-0.01009,0.48901,0.87222,0.00121,0.40764,0.03004,0.29182,-0.01012,0.48904,0.87220,0.00092,3.78,5.05,5.43
38.4027,245,0.05523,0.16109,0.02021,0.82588,0.43825,0.27563,-0.22335,1,0.40403,0.02642,0.28712,-0.01004,0.48900,0.87222,0.00120,0.40882,0.02920,0.29264,-0.01012,0.48904,0.87220,0.00092,4.80,2.77,5.52
38.4197,246,0.06769,0.16188,0.01550,0.82778,0.44764,0.26246,-0.21333,1,0.40439,0.02767,0.28794,-0.01002,0.48903,0.87221,0.00124,0.40990,0.02811,0.29330,-0.01012,0.48904,0.87220,0.00092,5.51,0.44,5.35
38.4361,247,0.09379,0.16289,0.00681,0.83067,0.46644,0.23743,-0.18987,1,0.40494,0.02857,0.28882,-0.00999,0.48903,0.87221,0.00125,0.41080,0.02678,0.29374,-0.01012,0.48904,0.87220,0.00092,5.86,-1.80,4.92
38.4529,248,0.10715,0.16323,0.00261,0.83288,0.47260,0.22419,-0.18080,1,0.40568,0.02916,0.28978,-0.00997,0.48900,0.87223,0.00121,0.41163,0.02538,0.29411,-0.01012,0.48904,0.87220,0.00092,5.95,-3.78,4.32
38.4696,249,0.12069,0.16359,-0.00163,0.83535,0.47792,0.21047,-0.17171,1,0.40659,0.02934,0.29078,-0.00992,0.48902,0.87222,0.00119,0.41241,0.02394,0.29442,-0.01012,0.48904,0.87220,0.00092,5.82,-5.40,3.65
38.4868,250,0.13458,0.16352,-0.00596,0.83770,0.48320,0.19630,-0.16199,1,0.40758,0.02909,0.29171,-0.00989,0.48903,0.87221,0.00117,0.41315,0.02247,0.29469,-0.01012,0.48904,0.87220,0.00092,5.57,-6.61,2.98
38.5030,251,0.14868,0.16313,-0.01037,0.83971,0.48963,0.18188,-0.14858,1,0.40850,0.02848,0.29247,-0.00993,0.48909,0.87218,0.00113,0.41385,0.02098,0.29491,-0.01012,0.48904,0.87220,0.00092,5.36,-7.50,2.44
38.5199,252,0.17777,0.16151,-0.01949,0.84566,0.49874,0.14925,-0.11765,1,0.40942,0.02755,0.29312,-0.01000,0.48912,0.87216,0.00109,0.41451,0.01946,0.29506,-0.01012,0.48904,0.87220,0.00092,5.09,-8.09,1.94
38.5366,253,0.19242,0.16040,-0.02402,0.84933,0.50018,0.13170,-0.10538,1,0.41030,0.02638,0.29361,-0.01007,0.48910,0.87217,0.00112,0.41515,0.01792,0.29517,-0.01012,0.48904,0.87220,0.00092,4.85,-8.46,1.57
38.5534,254,0.20747,0.15899,-0.02871,0.85374,0.49923,0.11306,-0.09544,1,0.41111,0.02515,0.29396,-0.01012,0.48907,0.87218,0.00119,0.41578,0.01638,0.29526,-0.01012,0.48904,0.87220,0.00092,4.67,-8.77,1.30
38.5703,255,0.22254,0.15735,-0.03320,0.85846,0.49692,0.09447,-0.08475,1,0.41194,0.02372,0.29427,-0.01013,0.48906,0.87219,0.00125,0.41639,0.01483,0.29532,-0.01012,0.48904,0.87220,0.00092,4.45,-8.90,1.05
38.5871,256,0.23797,0.15546,-0.03752,0.86330,0.49333,0.07584,-0.07469,1,0.41273,0.02226,0.29452,-0.01016,0.48904,0.87220,0.00130,0.41698,0.01327,0.29536,-0.01012,0.48904,0.87220,0.00092,4.25,-8.98,0.83
38.6039,257,0.26680,0.15114,-0.04573,0.87074,0.48722,0.03847,-0.05435,1,0.41347,0.02076,0.29474,-0.01018,0.48904,0.87220,0.00133,0.41756,0.01171,0.29535,-0.01012,0.48904,0.87220,0.00092,4.09,-9.06,0.61
38.6206,258,0.28118,0.14719,-0.05050,0.87503,0.48178,0.01722,-0.04373,1,0.41417,0.01928,0.29491,-0.01021,0.48901,0.87222,0.00133,0.41812,0.01014,0.29531,-0.01012,0.48904,0.87220,0.00092,3.96,-9.14,0.40
38.6373,259,0.29623,0.14265,-0.05478,0.87957,0.47435,-0.00502,-0.03643,1,0.41480,0.01790,0.29504,-0.01021,0.48898,0.87223,0.00131,0.41869,0.00857,0.29523,-0.01012,0.48904,0.87220,0.00092,3.88,-9.33,0.19
38.6538,260,0.31112,0.14018,-0.05825,0.88294,0.46781,-0.02707,-0.02901,1,0.41544,0.01645,0.29514,-0.01021,0.48898,0.87224,0.00127,0.41923,0.00700,0.29514,-0.01012,0.48904,0.87220,0.00092,3.79,-9.44,0.01
38.6705,261,0.32582,0.13555,-0.06328,0.88745,0.45579,-0.06690,-0.01468,1,0.41607,0.01497,0.29521,-0.01017,0.48900,0.87223,0.00120,0.41978,0.00543,0.29503,-0.01012,0.48904,0.87220,0.00092,3.71,-9.53,-0.18
38.6874,262,0.33313,0.13237,-0.06563,0.88915,0.44957,-0.08527,-0.00531,1,0.41663,0.01355,0.29525,-0.01015,0.48901,0.87222,0.00112,0.42033,0.00386,0.29489,-0.01012,0.48904,0.87220,0.00092,3.70,-9.68,-0.35
38.7041,263,0.34018,0.12907,-0.06745,0.89206,0.43976,-0.10410,0.00037,1,0.41721,0.01202,0.29526,-0.01013,0.48902,0.87221,0.00107,0.42087,0.00229,0.29474,-0.01012,0.48904,0.87220,0.00092,3.65,-9.73,-0.52
38.7210,264,0.34673,0.12577,-0.06897,0.89450,0.42971,-0.12328,0.00389,1,0.41780,0.01044,0.29524,-0.01010,0.48908,0.87218,0.00105,0.42140,0.00072,0.29457,-0.01012,0.48904,0.87220,0.00092,3.60,-9.72,-0.67
38.7379,265,0.35446,0.12214,-0.06983,0.89615,0.42043,-0.14192,0.00431,1,0.41839,0.00880,0.29519,-0.01008,0.48912,0.87216,0.00103,0.42192,-0.00085,0.29437,-0.01012,0.48904,0.87220,0.00092,3.54,-9.65,-0.81
38.7546,266,0.37038,0.11357,-0.06930,0.89776,0.40500,-0.17293,0.00941,1,0.41896,0.00713,0.29510,-0.01008,0.48915,0.87214,0.00106,0.42241,-0.00242,0.29414,-0.01012,0.48904,0.87220,0.00092,3.45,-9.55,-0.97
38.7714,267,0.38189,0.10837,-0.06939,0.89830,0.39793,-0.18578,0.01369,1,0.41950,0.00554,0.29500,-0.01011,0.48916,0.87213,0.00110,0.42287,-0.00400,0.29388,-0.01012,0.48904,0.87220,0.00092,3.38,-9.55,-1.12
38.7882,268,0.39255,0.10252,-0.06910,0.89888,0.39059,-0.19750,0.02094,1,0.42006,0.00388,0.29486,-0.01014,0.48917,0.87213,0.00115,0.42332,-0.00558,0.29359,-0.01012,0.48904,0.87220,0.00092,3.26,-9.46,-1.27
38.8046,269,0.40244,0.09678,-0.06894,0.89992,0.38077,-0.21088,0.02627,1,0.42058,0.00235,0.29470,-0.01016,0.48913,0.87215,0.00119,0.42374,-0.00716,0.29327,-0.01012,0.48904,0.87220,0.00092,3.16,-9.51,-1.43
38.8213,270,0.41158,0.09109,-0.06855,0.90042,0.37137,-0.22454,0.03021,1,0.42111,0.00075,0.29452,-0.01018,0.48913,0.87215,0.00121,0.42415,-0.00875,0.29294,-0.01012,0.48904,0.87220,0.00092,3.04,-9.49,-1.58
38.8382,271,0.42716,0.07856,-0.06762,0.90206,0.35357,-0.24489,0.03618,1,0.42162,-0.00083,0.29431,-0.01018,0.48911,0.87216,0.00119,0.42452,-0.01032,0.29255,-0.01012,0.48904,0.87220,0.00092,2.90,-9.50,-1.77
38.8548,272,0.43378,0.07197,-0.06698,0.90390,0.34348,-0.25172,0.04019,1,0.42212,-0.00240,0.29407,-0.01017,0.48911,0.87216,0.00114,0.42488,-0.01189,0.29213,-0.01012,0.48904,0.87220,0.00092,2.76,-9.49,-1.94
38.8716,273,0.43969,0.06534,-0.06626,0.90582,0.33353,-0.25793,0.04136,1,0.42260,-0.00397,0.29380,-0.01016,0.48912,0.87215,0.00112,0.42523,-0.01346,0.29168,-0.01012,0.48904,0.87220,0.00092,2.63,-9.49,-2.12
38.8884,274,0.44456,0.05920,-0.06559,0.90715,0.32318,-0.26647,0.04022,1,0.42304,-0.00545,0.29351,-0.01014,0.48912,0.87216,0.00109,0.42557,-0.01502,0.29120,-0.01012,0.48904,0.87220,0.00092,2.52,-9.57,-2.31
38.9050,275,0.44877,0.05328,-0.06484,0.90836,0.31301,-0.27487,0.03677,1,0.42350,-0.00704,0.29320,-0.01011,0.48911,0.87216,0.00107,0.42589,-0.01658,0.29071,-0.01012,0.48904,0.87220,0.00092,2.40,-9.54,-2.49
38.9219,276,0.45339,0.04245,-0.06360,0.91054,0.29620,-0.28711,0.02746,1,0.42391,-0.00861,0.29284,-0.01012,0.48909,0.87217,0.00106,0.42620,-0.01812,0.29016,-0.01012,0.48904,0.87220,0.00092,2.29,-9.51,-2.69
38.9389,277,0.45440,0.03728,-0.06292,0.91215,0.29055,-0.28824,0.02193,1,0.42431,-0.01016,0.29246,-0.01012,0.48907,0.87218,0.00106,0.42650,-0.01966,0.28958,-0.01012,0.48904,0.87220,0.00092,2.19,-9.49,-2.88
38.9557,278,0.45474,0.03274,-0.06258,0.91423,0.28603,-0.28647,0.01736,1,0.42466,-0.01162,0.29208,-0.01012,0.48905,0.87220,0.00104,0.42680,-0.02118,0.28898,-0.01012,0.48904,0.87220,0.00092,2.14,-9.56,-3.09
38.9722,279,0.45461,0.02869,-0.06222,0.91622,0.28182,-0.28461,0.01093,1,0.42502,-0.01316,0.29163,-0.01012,0.48904,0.87220,0.00103,0.42710,-0.02270,0.28836,-0.01012,0.48904,0.87220,0.00092,2.08,-9.54,-3.27
38.9888,280,0.45383,0.02505,-0.06202,0.91759,0.27799,-0.28409,0.00633,1,0.42537,-0.01470,0.29115,-0.01010,0.48904,0.87220,0.00101,0.42739,-0.02421,0.28772,-0.01012,0.48904,0.87220,0.00092,2.02,-9.51,-3.43
39.0055,281,0.45041,0.01929,-0.06246,0.91927,0.27132,-0.28517,-0.00210,1,0.42571,-0.01625,0.29063,-0.01010,0.48904,0.87220,0.00100,0.42769,-0.02570,0.28704,-0.01012,0.48904,0.87220,0.00092,1.98,-9.45,-3.59
39.0226,282,0.44789,0.01696,-0.06305,0.91948,0.26930,-0.28630,-0.00771,1,0.42603,-0.01781,0.29007,-0.01010,0.48903,0.87221,0.00099,0.42799,-0.02719,0.28634,-0.01012,0.48904,0.87220,0.00092,1.96,-9.38,-3.73
39.0392,283,0.44428,0.01621,-0.06422,0.91963,0.26894,-0.28586,-0.01501,1,0.42633,-0.01929,0.28953,-0.01008,0.48903,0.87221,0.00099,0.42830,-0.02866,0.28563,-0.01012,0.48904,0.87220,0.00092,1.97,-9.38,-3.90
39.0558,284,0.44050,0.01612,-0.06517,0.91956,0.27008,-0.28422,-0.02607,1,0.42665,-0.02087,0.28893,-0.01008,0.48906,0.87219,0.00101,0.42863,-0.03013,0.28491,-0.01012,0.48904,0.87220,0.00092,1.97,-9.26,-4.02
39.0726,285,0.43636,0.01670,-0.06638,0.91951,0.27282,-0.28030,-0.03878,1,0.42695,-0.02237,0.28834,-0.01009,0.48908,0.87218,0.00102,0.42897,-0.03159,0.28418,-0.01012,0.48904,0.87220,0.00092,2.02,-9.22,-4.16
39.0893,286,0.42727,0.01941,-0.06934,0.91988,0.28176,-0.26734,-0.05432,1,0.42726,-0.02397,0.28770,-0.01011,0.48910,0.87217,0.00105,0.42934,-0.03304,0.28345,-0.01012,0.48904,0.87220,0.00092,2.08,-9.06,-4.25
39.1060,287,0.42280,0.02134,-0.07132,0.92004,0.28768,-0.26109,-0.05101,1,0.42758,-0.02555,0.28703,-0.01013,0.48911,0.87216,0.00110,0.42974,-0.03448,0.28271,-0.01012,0.48904,0.87220,0.00092,2.16,-8.92,-4.32
39.1228,288,0.41751,0.02408,-0.07351,0.91976,0.29629,-0.25497,-0.03544,1,0.42789,-0.02710,0.28635,-0.01016,0.48909,0.87217,0.00115,0.43016,-0.03591,0.28198,-0.01012,0.48904,0.87220,0.00092,2.27,-8.81,-4.37
39.1396,289,0.41198,0.02674,-0.07552,0.91940,0.30643,-0.24616,-0.01422,1,0.42821,-0.02862,0.28564,-0.01019,0.48909,0.87217,0.00117,0.43062,-0.03734,0.28125,-0.01012,0.48904,0.87220,0.00092,2.41,-8.72,-4.39
39.1566,290,0.40605,0.02984,-0.07796,0.91973,0.31736,-0.23054,0.01502,1,0.42856,-0.03011,0.28492,-0.01021,0.48908,0.87218,0.00118,0.43112,-0.03876,0.28053,-0.01012,0.48904,0.87220,0.00092,2.56,-8.65,-4.40
39.1730,291,0.39467,0.03677,-0.08253,0.91966,0.33844,-0.18852,0.06442,1,0.42891,-0.03150,0.28424,-0.01021,0.48907,0.87218,0.00118,0.43170,-0.04016,0.27983,-0.01012,0.48904,0.87220,0.00092,2.79,-8.66,-4.42
39.1898,292,0.38922,0.04075,-0.08488,0.91791,0.35009,-0.16662,0.08431,1,0.42930,-0.03296,0.28352,-0.01021,0.48907,0.87219,0.00117,0.43232,-0.04154,0.27915,-0.01012,0.48904,0.87220,0.00092,3.03,-8.59,-4.37
39.2065,293,0.38406,0.04463,-0.08719,0.91430,0.36311,-0.14680,0.10325,1,0.42972,-0.03441,0.28279,-0.01020,0.48908,0.87218,0.00117,0.43300,-0.04291,0.27849,-0.01012,0.48904,0.87220,0.00092,3.28,-8.51,-4.31
39.2235,294,0.37881,0.04859,-0.08960,0.90933,0.37526,-0.12758,0.12655,1,0.43016,-0.03577,0.28212,-0.01017,0.48908,0.87218,0.00117,0.43374,-0.04427,0.27786,-0.01012,0.48904,0.87220,0.00092,3.58,-8.50,-4.27
39.2404,295,0.37345,0.05303,-0.09211,0.90110,0.38860,-0.10754,0.15950,1,0.43065,-0.03720,0.28142,-0.01015,0.48908,0.87218,0.00116,0.43455,-0.04560,0.27727,-0.01012,0.48904,0.87220,0.00092,3.89,-8.41,-4.15
39.2570,296,0.36345,0.06128,-0.09663,0.87840,0.41459,-0.05660,0.23092,1,0.43117,-0.03859,0.28072,-0.01016,0.48906,0.87219,0.00115,0.43549,-0.04688,0.27676,-0.01012,0.48904,0.87220,0.00092,4.32,-8.29,-3.96
39.2739,297,0.35923,0.06545,-0.09901,0.86532,0.42610,-0.02974,0.26224,1,0.43175,-0.03996,0.28001,-0.01018,0.48904,0.87220,0.00114,0.43651,-0.04812,0.27632,-0.01012,0.48904,0.87220,0.00092,4.76,-8.16,-3.70
39.2903,0,0.35487,0.06976,-0.10097,0.85179,0.43590,-0.00740,0.29050,1,0.43236,-0.04125,0.27936,-0.01016,0.48905,0.87220,0.00114,0.43760,-0.04932,0.27594,-0.01012,0.48904,0.87220,0.00092,5.24,-8.08,-3.42
39.3071,1,0.35045,0.07422,-0.10297,0.83570,0.44732,0.01378,0.31832,1,0.43308,-0.04260,0.27871,-0.01010,0.48902,0.87221,0.00113,0.43878,-0.05047,0.27565,-0.01012,0.48904,0.87220,0.00092,5.69,-7.87,-3.06
39.3239,2,0.34579,0.07850,-0.10490,0.81576,0.45966,0.03657,0.34915,1,0.43387,-0.04392,0.27810,-0.01005,0.48901,0.87222,0.00111,0.44004,-0.05154,0.27546,-0.01012,0.48904,0.87220,0.00092,6.18,-7.62,-2.65
39.3406,3,0.33767,0.08681,-0.10847,0.78020,0.47969,0.07538,0.39434,1,0.43431,-0.04460,0.27781,-0.01003,0.48899,0.87223,0.00110,0.44145,-0.05242,0.27549,-0.01012,0.48904,0.87220,0.00092,7.14,-7.82,-2.33
39.3577,4,0.33357,0.09071,-0.11002,0.76566,0.48777,0.09038,0.40949,1,0.43565,-0.04644,0.27707,-0.01005,0.48897,0.87224,0.00112,0.44293,-0.05319,0.27564,-0.01012,0.48904,0.87220,0.00092,7.28,-6.75,-1.44
39.3741,5,0.32961,0.09450,-0.11155,0.75116,0.49552,0.10349,0.42370,1,0.43660,-0.04759,0.27666,-0.01006,0.48898,0.87224,0.00112,0.44444,-0.05382,0.27592,-0.01012,0.48904,0.87220,0.00092,7.84,-6.22,-0.75
39.3912,6,0.32559,0.09795,-0.11304,0.73542,0.50353,0.11592,0.43839,1,0.43772,-0.04879,0.27631,-0.01004,0.48900,0.87222,0.00112,0.44599,-0.05428,0.27632,-0.01012,0.48904,0.87220,0.00092,8.28,-5.49,0.02
39.4076,7,0.32178,0.10146,-0.11438,0.71754,0.51134,0.12875,0.45507,1,0.43894,-0.04993,0.27608,-0.01000,0.48905,0.87220,0.00114,0.44754,-0.05456,0.27686,-0.01012,0.48904,0.87220,0.00092,8.61,-4.63,0.78
39.4244,8,0.31461,0.10733,-0.11668,0.67433,0.52610,0.15596,0.49413,1,0.44018,-0.05092,0.27600,-0.00998,0.48906,0.87219,0.00119,0.44903,-0.05450,0.27760,-0.01012,0.48904,0.87220,0.00092,8.86,-3.59,1.60
39.4411,9,0.31136,0.10995,-0.11776,0.65418,0.53139,0.16907,0.51097,1,0.44156,-0.05184,0.27600,-0.01000,0.48906,0.87219,0.00127,0.45047,-0.05429,0.27842,-0.01012,0.48904,0.87220,0.00092,8.92,-2.46,2.42
39.4581,10,0.30824,0.11248,-0.11849,0.63470,0.53615,0.18080,0.52632,1,0.44296,-0.05264,0.27610,-0.01004,0.48904,0.87220,0.00130,0.45184,-0.05393,0.27930,-0.01012,0.48904,0.87220,0.00092,8.88,-1.30,3.20
39.4751,11,0.30511,0.11459,-0.11944,0.60990,0.54272,0.19252,0.54443,1,0.44443,-0.05326,0.27637,-0.01003,0.48908,0.87218,0.00132,0.45313,-0.05343,0.28023,-0.01012,0.48904,0.87220,0.00092,8.70,-0.17,3.86
39.4915,12,0.30193,0.11615,-0.11993,0.58355,0.54806,0.20575,0.56282,1,0.44583,-0.05365,0.27676,-0.01004,0.48908,0.87218,0.00134,0.45433,-0.05276,0.28117,-0.01012,0.48904,0.87220,0.00092,8.51,0.89,4.40
39.5086,13,0.29594,0.11970,-0.12102,0.53885,0.55902,0.23124,0.58623,1,0.44731,-0.05385,0.27734,-0.01007,0.48906,0.87219,0.00134,0.45535,-0.05186,0.28213,-0.01012,0.48904,0.87220,0.00092,8.03,2.00,4.80
39.5251,14,0.29303,0.12118,-0.12138,0.52230,0.56467,0.24136,0.59169,1,0.44875,-0.05386,0.27800,-0.01014,0.48905,0.87219,0.00132,0.45626,-0.05084,0.28309,-0.01012,0.48904,0.87220,0.00092,7.52,3.02,5.09
39.5417,15,0.29003,0.12210,-0.12164,0.50587,0.57089,0.25049,0.59619,1,0.45013,-0.05370,0.27874,-0.01021,0.48907,0.87218,0.00129,0.45708,-0.04971,0.28400,-0.01012,0.48904,0.87220,0.00092,6.95,3.99,5.26
39.5584,16,0.28752,0.12302,-0.12176,0.49434,0.57639,0.25853,0.59712,1,0.45139,-0.05341,0.27951,-0.01022,0.48907,0.87218,0.00126,0.45780,-0.04849,0.28487,-0.01012,0.48904,0.87220,0.00092,6.41,4.92,5.36
39.5755,17,0.28270,0.12454,-0.12244,0.46348,0.58614,0.26863,0.60784,1,0.45263,-0.05290,0.28037,-0.01025,0.48906,0.87219,0.00123,0.45838,-0.04713,0.28565,-0.01012,0.48904,0.87220,0.00092,5.75,5.77,5.27
39.5924,18,0.28062,0.12491,-0.12276,0.44207,0.59111,0.27352,0.61672,1,0.45379,-0.05219,0.28130,-0.01027,0.48905,0.87220,0.00121,0.45890,-0.04571,0.28634,-0.01012,0.48904,0.87220,0.00092,5.11,6.48,5.04
39.6089,19,0.27875,0.12529,-0.12288,0.42154,0.59530,0.27925,0.62445,1,0.45483,-0.05132,0.28222,-0.01031,0.48904,0.87220,0.00116,0.45934,-0.04423,0.28697,-0.01012,0.48904,0.87220,0.00092,4.51,7.09,4.75
39.6259,20,0.27700,0.12565,-0.12293,0.40203,0.59997,0.28562,0.62994,1,0.45576,-0.05032,0.28310,-0.01033,0.48905,0.87219,0.00112,0.45959,-0.04288,0.28742,-0.01012,0.48904,0.87220,0.00092,3.84,7.45,4.33
39.6426,21,0.27564,0.12591,-0.12248,0.38804,0.60330,0.29223,0.63250,1,0.45659,-0.04921,0.28393,-0.01034,0.48905,0.87219,0.00109,0.45946,-0.04247,0.28750,-0.01012,0.48904,0.87220,0.00092,2.87,6.75,3.57
39.6591,22,0.27269,0.12608,-0.12246,0.34858,0.60962,0.30325,0.64412,1,0.45729,-0.04809,0.28467,-0.01032,0.48906,0.87219,0.00107,0.45945,-0.04158,0.28755,-0.01012,0.48904,0.87220,0.00092,2.16,6.51,2.88
39.6759,23,0.27140,0.12629,-0.12207,0.32966,0.61138,0.30912,0.64960,1,0.45791,-0.04685,0.28538,-0.01033,0.48906,0.87219,0.00105,0.45934,-0.04120,0.28761,-0.01012,0.48904,0.87220,0.00092,1.42,5.65,2.23
39.6927,24,0.27004,0.12610,-0.12179,0.31256,0.61418,0.31475,0.65270,1,0.45840,-0.04560,0.28601,-0.01033,0.48905,0.87219,0.00104,0.45925,-0.04079,0.28756,-0.01012,0.48904,0.87220,0.00092,0.85,4.81,1.55
39.7093,25,0.26877,0.12585,-0.12132,0.30188,0.61840,0.31851,0.65192,1,0.45872,-0.04448,0.28649,-0.01034,0.48903,0.87220,0.00100,0.45911,-0.04041,0.28748,-0.01012,0.48904,0.87220,0.00092,0.39,4.07,0.99
39.7261,26,0.26769,0.12552,-0.12074,0.29679,0.62342,0.32122,0.64814,1,0.45895,-0.04341,0.28686,-0.01034,0.48903,0.87221,0.00096,0.45894,-0.04008,0.28738,-0.01012,0.48904,0.87220,0.00092,-0.01,3.32,0.52
39.7428,27,0.26577,0.12436,-0.12046,0.28727,0.63370,0.32272,0.64168,1,0.45907,-0.04249,0.28711,-0.01032,0.48903,0.87220,0.00094,0.45885,-0.03951,0.28704,-0.01012,0.48904,0.87220,0.00092,-0.22,2.98,-0.07
39.7595,28,0.26485,0.12371,-0.11997,0.27532,0.63700,0.32335,0.64334,1,0.45911,-0.04177,0.28722,-0.01030,0.48903,0.87221,0.00093,0.45871,-0.03923,0.28684,-0.01012,0.48904,0.87220,0.00092,-0.40,2.54,-0.39
39.7762,29,0.26432,0.12298,-0.11972,0.25815,0.63899,0.32678,0.64674,1,0.45908,-0.04113,0.28725,-0.01030,0.48904,0.87220,0.00091,0.45863,-0.03907,0.28662,-0.01012,0.48904,0.87220,0.00092,-0.44,2.06,-0.63
39.7931,30,0.26387,0.12249,-0.11954,0.23996,0.64012,0.33138,0.65027,1,0.45900,-0.04059,0.28720,-0.01032,0.48904,0.87220,0.00090,0.45858,-0.03894,0.28647,-0.01012,0.48904,0.87220,0.00092,-0.42,1.66,-0.72
39.8097,31,0.26345,0.12202,-0.11907,0.22498,0.64078,0.33634,0.65243,1,0.45893,-0.04015,0.28709,-0.01032,0.48905,0.87219,0.00094,0.45844,-0.03881,0.28633,-0.01012,0.48904,0.87220,0.00092,-0.50,1.34,-0.76
39.8266,32,0.26230,0.12079,-0.11825,0.21242,0.64541,0.34404,0.64804,1,0.45885,-0.03979,0.28694,-0.01032,0.48904,0.87220,0.00099,0.45819,-0.03847,0.28596,-0.01012,0.48904,0.87220,0.00092,-0.66,1.32,-0.98
39.8432,33,0.26178,0.11998,-0.11776,0.21334,0.64971,0.34635,0.64219,1,0.45876,-0.03951,0.28678,-0.01031,0.48903,0.87221,0.00101,0.45804,-0.03831,0.28572,-0.01012,0.48904,0.87220,0.00092,-0.71,1.20,-1.06
39.8602,34,0.26137,0.11921,-0.11743,0.21262,0.65382,0.34723,0.63776,1,0.45864,-0.03925,0.28659,-0.01031,0.48903,0.87221,0.00103,0.45794,-0.03819,0.28549,-0.01012,0.48904,0.87220,0.00092,-0.70,1.06,-1.11
39.8767,35,0.26103,0.11815,-0.11729,0.20776,0.65683,0.34654,0.63666,1,0.45852,-0.03902,0.28639,-0.01029,0.48904,0.87220,0.00105,0.45790,-0.03808,0.28517,-0.01012,0.48904,0.87220,0.00092,-0.62,0.94,-1.22
39.8934,36,0.26079,0.11722,-0.11685,0.20010,0.65806,0.34614,0.63805,1,0.45840,-0.03883,0.28618,-0.01029,0.48904,0.87220,0.00106,0.45777,-0.03801,0.28489,-0.01012,0.48904,0.87220,0.00092,-0.63,0.82,-1.29
39.9102,37,0.26033,0.11582,-0.11594,0.18112,0.65932,0.35049,0.64004,1,0.45826,-0.03864,0.28593,-0.01031,0.48904,0.87220,0.00108,0.45750,-0.03788,0.28447,-0.01012,0.48904,0.87220,0.00092,-0.76,0.76,-1.46
39.9270,38,0.26001,0.11539,-0.11551,0.17428,0.66029,0.35485,0.63854,1,0.45813,-0.03846,0.28567,-0.01031,0.48903,0.87221,0.00109,0.45737,-0.03778,0.28434,-0.01012,0.48904,0.87220,0.00092,-0.76,0.68,-1.33
39.9438,39,0.25963,0.11489,-0.11514,0.16971,0.66261,0.35786,0.63568,1,0.45799,-0.03830,0.28540,-0.01030,0.48903,0.87221,0.00109,0.45726,-0.03766,0.28419,-0.01012,0.48904,0.87220,0.00092,-0.74,0.63,-1.20
39.9605,40,0.25937,0.11429,-0.11481,0.16652,0.66534,0.35961,0.63268,1,0.45785,-0.03817,0.28515,-0.01028,0.48904,0.87220,0.00107,0.45716,-0.03759,0.28401,-0.01012,0.48904,0.87220,0.00092,-0.70,0.58,-1.13
39.9771,41,0.25905,0.11350,-0.11455,0.16424,0.66880,0.35953,0.62966,1,0.45770,-0.03805,0.28489,-0.01026,0.48904,0.87220,0.00106,0.45708,-0.03749,0.28378,-0.01012,0.48904,0.87220,0.00092,-0.62,0.55,-1.11
39.9939,42,0.25845,0.11260,-0.11374,0.15829,0.67391,0.35833,0.62641,1,0.45754,-0.03793,0.28464,-0.01027,0.48905,0.87219,0.00108,0.45684,-0.03731,0.28351,-0.01012,0.48904,0.87220,0.00092,-0.71,0.62,-1.13
40.0106,43,0.25796,0.11221,-0.11339,0.15128,0.67619,0.35674,0.62659,1,0.45741,-0.03783,0.28440,-0.01027,0.48904,0.87220,0.00109,0.45673,-0.03716,0.28339,-0.01012,0.48904,0.87220,0.00092,-0.68,0.67,-1.01
40.0274,44,0.25755,0.11208,-0.11276,0.14578,0.67808,0.35603,0.62626,1,0.45729,-0.03773,0.28420,-0.01026,0.48904,0.87220,0.00109,0.45654,-0.03704,0.28335,-0.01012,0.48904,0.87220,0.00092,-0.74,0.69,-0.85
40.0445,45,0.25713,0.11196,-0.11213,0.14200,0.68050,0.35566,0.62471,1,0.45715,-0.03761,0.28399,-0.01026,0.48906,0.87219,0.00109,0.45635,-0.03691,0.28331,-0.01012,0.48904,0.87220,0.00092,-0.79,0.70,-0.68
40.0612,46,0.25664,0.11179,-0.11162,0.13958,0.68333,0.35523,0.62241,1,0.45699,-0.03750,0.28380,-0.01028,0.48906,0.87219,0.00109,0.45620,-0.03677,0.28326,-0.01012,0.48904,0.87220,0.00092,-0.79,0.74,-0.54
40.0780,47,0.25600,0.11138,-0.11035,0.14181,0.68885,0.35247,0.61736,1,0.45684,-0.03738,0.28364,-0.01028,0.48903,0.87220,0.00108,0.45582,-0.03658,0.28314,-0.01012,0.48904,0.87220,0.00092,-1.02,0.81,-0.50
40.0945,48,0.25565,0.11135,-0.11002,0.14285,0.69143,0.35142,0.61484,1,0.45670,-0.03728,0.28351,-0.01028,0.48903,0.87221,0.00107,0.45572,-0.03647,0.28313,-0.01012,0.48904,0.87220,0.00092,-0.98,0.80,-0.37
40.1116,49,0.25560,0.11102,-0.10975,0.14218,0.69351,0.34907,0.61399,1,0.45654,-0.03714,0.28339,-0.01027,0.48905,0.87220,0.00105,0.45564,-0.03646,0.28303,-0.01012,0.48904,0.87220,0.00092,-0.90,0.68,-0.36
40.1280,50,0.25542,0.11077,-0.10927,0.13981,0.69437,0.34727,0.61458,1,0.45637,-0.03700,0.28330,-0.01027,0.48907,0.87219,0.00106,0.45550,-0.03640,0.28296,-0.01012,0.48904,0.87220,0.00092,-0.87,0.60,-0.34
40.1448,51,0.25536,0.11042,-0.10907,0.13652,0.69528,0.34639,0.61479,1,0.45619,-0.03689,0.28321,-0.01029,0.48906,0.87219,0.00104,0.45544,-0.03638,0.28285,-0.01012,0.48904,0.87220,0.00092,-0.75,0.50,-0.36
40.1615,52,0.25540,0.10960,-0.10848,0.14091,0.69600,0.34702,0.61262,1,0.45604,-0.03678,0.28313,-0.01030,0.48905,0.87219,0.00105,0.45526,-0.03639,0.28261,-0.01012,0.48904,0.87220,0.00092,-0.78,0.39,-0.53
40.1786,53,0.25573,0.10899,-0.10828,0.14734,0.69738,0.34694,0.60957,1,0.45590,-0.03669,0.28304,-0.01031,0.48905,0.87219,0.00105,0.45520,-0.03650,0.28242,-0.01012,0.48904,0.87220,0.00092,-0.70,0.20,-0.62
40.1954,54,0.25631,0.10793,-0.10833,0.15510,0.69859,0.34717,0.60612,1,0.45576,-0.03664,0.28293,-0.01033,0.48906,0.87219,0.00104,0.45522,-0.03667,0.28210,-0.01012,0.48904,0.87220,0.00092,-0.54,-0.02,-0.83
40.2120,55,0.25690,0.10686,-0.10834,0.16247,0.69926,0.34782,0.60304,1,0.45565,-0.03663,0.28281,-0.01032,0.48907,0.87218,0.00105,0.45522,-0.03685,0.28179,-0.01012,0.48904,0.87220,0.00092,-0.43,-0.21,-1.03
40.2288,56,0.25754,0.10548,-0.10835,0.17019,0.69915,0.34913,0.60028,1,0.45554,-0.03665,0.28265,-0.01034,0.48909,0.87217,0.00106,0.45522,-0.03704,0.28137,-0.01012,0.48904,0.87220,0.00092,-0.32,-0.38,-1.28
40.2455,57,0.25906,0.10320,-0.10881,0.18193,0.70137,0.34976,0.59384,1,0.45546,-0.03670,0.28246,-0.01036,0.48912,0.87215,0.00111,0.45536,-0.03749,0.28069,-0.01012,0.48904,0.87220,0.00092,-0.10,-0.80,-1.78
40.2623,58,0.26045,0.10164,-0.10975,0.18562,0.70268,0.34695,0.59280,1,0.45539,-0.03679,0.28223,-0.01035,0.48910,0.87216,0.00111,0.45564,-0.03791,0.28022,-0.01012,0.48904,0.87220,0.00092,0.25,-1.12,-2.01
40.2790,59,0.26169,0.09990,-0.11038,0.19417,0.70007,0.34396,0.59489,1,0.45535,-0.03694,0.28193,-0.01036,0.48909,0.87217,0.00111,0.45583,-0.03828,0.27970,-0.01012,0.48904,0.87220,0.00092,0.48,-1.34,-2.24
40.2957,60,0.26305,0.09794,-0.11080,0.20846,0.69559,0.34329,0.59569,1,0.45536,-0.03714,0.28158,-0.01035,0.48905,0.87219,0.00113,0.45595,-0.03869,0.27911,-0.01012,0.48904,0.87220,0.00092,0.59,-1.55,-2.47
40.3128,61,0.26467,0.09585,-0.11147,0.22918,0.69268,0.34342,0.59138,1,0.45543,-0.03740,0.28118,-0.01031,0.48899,0.87223,0.00114,0.45616,-0.03918,0.27848,-0.01012,0.48904,0.87220,0.00092,0.73,-1.77,-2.70
40.3293,62,0.26781,0.09187,-0.11242,0.27796,0.69042,0.33593,0.57724,1,0.45552,-0.03768,0.28077,-0.01029,0.48903,0.87221,0.00115,0.45644,-0.04012,0.27729,-0.01012,0.48904,0.87220,0.00092,0.92,-2.44,-3.49
40.3461,63,0.26953,0.08970,-0.11296,0.30383,0.69221,0.32736,0.56689,1,0.45563,-0.03802,0.28030,-0.01028,0.48906,0.87219,0.00113,0.45660,-0.04063,0.27664,-0.01012,0.48904,0.87220,0.00092,0.98,-2.61,-3.66
40.3628,64,0.27153,0.08753,-0.11383,0.33743,0.69368,0.31673,0.55193,1,0.45575,-0.03842,0.27976,-0.01030,0.48906,0.87219,0.00111,0.45687,-0.04123,0.27599,-0.01012,0.48904,0.87220,0.00092,1.11,-2.81,-3.77
40.3797,65,0.27358,0.08526,-0.11446,0.37838,0.69098,0.30350,0.53597,1,0.45591,-0.03885,0.27920,-0.01028,0.48903,0.87221,0.00113,0.45705,-0.04185,0.27530,-0.01012,0.48904,0.87220,0.00092,1.14,-3.00,-3.90
40.3963,66,0.27563,0.08297,-0.11482,0.42067,0.68581,0.28803,0.51938,1,0.45610,-0.03933,0.27857,-0.01026,0.48901,0.87222,0.00114,0.45716,-0.04247,0.27462,-0.01012,0.48904,0.87220,0.00092,1.06,-3.14,-3.95
40.4130,67,0.27992,0.07847,-0.11520,0.49978,0.67543,0.24716,0.48262,1,0.45629,-0.03984,0.27789,-0.01026,0.48903,0.87221,0.00113,0.45726,-0.04361,0.27341,-0.01012,0.48904,0.87220,0.00092,0.97,-3.77,-4.48
40.4299,68,0.28216,0.07609,-0.11538,0.53880,0.67030,0.22317,0.45890,1,0.45647,-0.04039,0.27719,-0.01027,0.48902,0.87221,0.00111,0.45733,-0.04443,0.27256,-0.01012,0.48904,0.87220,0.00092,0.86,-4.04,-4.64
40.4465,69,0.28439,0.07345,-0.11560,0.58094,0.66326,0.19597,0.42917,0,0.45663,-0.04095,0.27651,-0.01027,0.48901,0.87222,0.00110,0.45733,-0.04443,0.27256,-0.01012,0.48904,0.87220,0.00092,0.70,-3.48,-3.95
40.4634,70,0.28654,0.07030,-0.11562,0.62499,0.65171,0.16799,0.39553,0,0.45680,-0.04160,0.27575,-0.01026,0.48900,0.87222,0.00110,0.45733,-0.04443,0.27256,-0.01012,0.48904,0.87220,0.00092,0.53,-2.82,-3.19
40.4801,71,0.28850,0.06695,-0.11544,0.66807,0.63648,0.13973,0.35925,0,0.45696,-0.04224,0.27501,-0.01023,0.48899,0.87223,0.00110,0.45733,-0.04443,0.27256,-0.01012,0.48904,0.87220,0.00092,0.37,-2.18,-2.45
40.4967,72,0.29165,0.05919,-0.11449,0.75130,0.59357,0.08414,0.27596,0,0.45707,-0.04282,0.27432,-0.01023,0.48899,0.87223,0.00108,0.45733,-0.04443,0.27256,-0.01012,0.48904,0.87220,0.00092,0.26,-1.61,-1.77
40.5135,73,0.29391,0.05546,-0.11317,0.78582,0.57259,0.05875,0.22624,0,0.45713,-0.04328,0.27377,-0.01026,0.48903,0.87221,0.00107,0.45733,-0.04443,0.27256,-0.01012,0.48904,0.87220,0.00092,0.20,-1.14,-1.22
40.5302,74,0.29651,0.05067,-0.11240,0.81311,0.55411,0.03117,0.17561,0,0.45720,-0.04368,0.27331,-0.01026,0.48905,0.87219,0.00109,0.45733,-0.04443,0.27256,-0.01012,0.48904,0.87220,0.00092,0.13,-0.74,-0.76
40.5471,75,0.29916,0.04546,-0.11188,0.83538,0.53422,0.00093,0.12939,0,0.45727,-0.04395,0.27301,-0.01022,0.48905,0.87220,0.00113,0.45733,-0.04443,0.27256,-0.01012,0.48904,0.87220,0.00092,0.06,-0.47,-0.46
40.5638,76,0.30387,0.03340,-0.11064,0.86429,0.49611,-0.05982,0.05741,0,0.45733,-0.04412,0.27285,-0.01021,0.48902,0.87221,0.00113,0.45733,-0.04443,0.27256,-0.01012,0.48904,0.87220,0.00092,0.00,-0.31,-0.29
40.5806,77,0.30632,0.02666,-0.10999,0.87449,0.47673,-0.08346,0.03191,0,0.45735,-0.04421,0.27277,-0.01024,0.48900,0.87222,0.00112,0.45733,-0.04443,0.27256,-0.01012,0.48904,0.87220,0.00092,-0.02,-0.22,-0.21
40.5972,78,0.30853,0.01952,-0.10898,0.88087,0.46122,-0.10555,0.01425,0,0.45735,-0.04425,0.27272,-0.01027,0.48899,0.87223,0.00111,0.45733,-0.04443,0.27256,-0.01012,0.48904,0.87220,0.00092,-0.02,-0.18,-0.16
40.6140,79,0.31075,0.01190,-0.10746,0.88628,0.44585,-0.12532,-0.00501,0,0.45735,-0.04429,0.27269,-0.01029,0.48900,0.87222,0.00110,0.45733,-0.04443,0.27256,-0.01012,0.48904,0.87220,0.00092,-0.02,-0.14,-0.13
40.6308,80,0.31309,0.00351,-0.10605,0.89185,0.42812,-0.14259,-0.03126,0,0.45734,-0.04432,0.27267,-0.01029,0.48902,0.87221,0.00108,0.45733,-0.04443,0.27256,-0.01012,0.48904,0.87220,0.00092,-0.01,-0.11,-0.11
40.6475,81,0.31765,-0.01417,-0.10314,0.90137,0.38309,-0.18383,-0.08356,0,0.45733,-0.04434,0.27267,-0.01028,0.48902,0.87221,0.00107,0.45733,-0.04443,0.27256,-0.01012,0.48904,0.87220,0.00092,0.00,-0.09,-0.11
40.6643,82,0.31915,-0.02314,-0.10132,0.90351,0.35988,-0.21031,-0.09964,0,0.45731,-0.04434,0.27267,-0.01027,0.48902,0.87221,0.00107,0.45733,-0.04443,0.27256,-0.01012,0.48904,0.87220,0.00092,0.02,-0.08,-0.11
40.6810,83,0.32063,-0.03230,-0.09920,0.90266,0.33817,-0.23874,-0.11769,0,0.45730,-0.04435,0.27267,-0.01026,0.48902,0.87221,0.00107,0.45733,-0.04443,0.27256,-0.01012,0.48904,0.87220,0.00092,0.03,-0.08,-0.11
40.6978,84,0.32185,-0.04169,-0.09660,0.89760,0.31996,-0.26797,-0.14191,0,0.45728,-0.04436,0.27266,-0.01026,0.48903,0.87221,0.00107,0.45733,-0.04443,0.27256,-0.01012,0.48904,0.87220,0.00092,0.05,-0.07,-0.11
40.7147,85,0.32221,-0.05226,-0.09421,0.89053,0.30061,-0.29527,-0.17150,1,0.45727,-0.04438,0.27266,-0.01026,0.48905,0.87220,0.00108,0.45727,-0.04438,0.27266,-0.01026,0.48905,0.87220,0.00108,0.00,0.00,-0.00
40.7314,86,0.32115,-0.07102,-0.08837,0.88727,0.26288,-0.31951,-0.20384,1,0.45727,-0.04440,0.27266,-0.01025,0.48906,0.87219,0.00109,0.45678,-0.04429,0.27107,-0.01026,0.48905,0.87220,0.00108,-0.49,0.11,-1.59
40.7481,87,0.32035,-0.08139,-0.08486,0.88715,0.25028,-0.32622,-0.20952,1,0.45727,-0.04442,0.27266,-0.01025,0.48906,0.87219,0.00110,0.45627,-0.04419,0.26949,-0.01026,0.48905,0.87220,0.00108,-1.00,0.23,-3.17
40.7648,88,0.31905,-0.09144,-0.08121,0.88864,0.23404,-0.33228,-0.21245,1,0.45723,-0.04443,0.27262,-0.01029,0.48906,0.87219,0.00110,0.45574,-0.04405,0.26792,-0.01026,0.48905,0.87220,0.00108,-1.49,0.38,-4.70
40.7816,89,0.31757,-0.10145,-0.07710,0.88898,0.21472,-0.33967,-0.21963,1,0.45716,-0.04441,0.27248,-0.01033,0.48902,0.87221,0.00111,0.45518,-0.04388,0.26635,-0.01026,0.48905,0.87220,0.00108,-1.98,0.53,-6.12
40.7984,90,0.31621,-0.11046,-0.07311,0.88703,0.19808,-0.35070,-0.22573,1,0.45703,-0.04437,0.27213,-0.01039,0.48895,0.87225,0.00114,0.45459,-0.04370,0.26481,-0.01026,0.48905,0.87220,0.00108,-2.44,0.67,-7.32
40.8151,91,0.31068,-0.12726,-0.06551,0.88025,0.16617,-0.38109,-0.22873,1,0.45680,-0.04431,0.27151,-0.01044,0.48900,0.87222,0.00114,0.45398,-0.04341,0.26328,-0.01026,0.48905,0.87220,0.00108,-2.82,0.89,-8.23
40.8319,92,0.30704,-0.13439,-0.06204,0.87932,0.15066,-0.39086,-0.22656,1,0.45645,-0.04422,0.27060,-0.01047,0.48903,0.87220,0.00109,0.45335,-0.04306,0.26178,-0.01026,0.48905,0.87220,0.00108,-3.10,1.16,-8.82
40.8486,93,0.30268,-0.14040,-0.05872,0.88364,0.13642,-0.39088,-0.21858,1,0.45600,-0.04410,0.26943,-0.01050,0.48902,0.87221,0.00107,0.45271,-0.04263,0.26030,-0.01026,0.48905,0.87220,0.00108,-3.29,1.47,-9.12
40.8653,94,0.29822,-0.14503,-0.05571,0.89316,0.12449,-0.37943,-0.20688,1,0.45555,-0.04396,0.26814,-0.01050,0.48901,0.87221,0.00111,0.45206,-0.04212,0.25886,-0.01026,0.48905,0.87220,0.00108,-3.49,1.84,-9.28
40.8824,95,0.29415,-0.14887,-0.05284,0.90479,0.11710,-0.35985,-0.19532,1,0.45501,-0.04378,0.26666,-0.01047,0.48902,0.87221,0.00114,0.45139,-0.04155,0.25744,-0.01026,0.48905,0.87220,0.00108,-3.62,2.24,-9.22
40.8987,96,0.28767,-0.15362,-0.04817,0.92759,0.12112,-0.31536,-0.15954,1,0.45448,-0.04356,0.26522,-0.01043,0.48901,0.87221,0.00116,0.45068,-0.04087,0.25609,-0.01026,0.48905,0.87220,0.00108,-3.80,2.69,-9.14
40.9155,97,0.28507,-0.15469,-0.04677,0.93581,0.13165,-0.29827,-0.13404,1,0.45387,-0.04326,0.26369,-0.01040,0.48901,0.87222,0.00117,0.44997,-0.04016,0.25476,-0.01026,0.48905,0.87220,0.00108,-3.90,3.10,-8.92
40.9322,98,0.28287,-0.15432,-0.04601,0.94307,0.14150,-0.28178,-0.10584,1,0.45324,-0.04289,0.26217,-0.01037,0.48900,0.87222,0.00117,0.44924,-0.03939,0.25347,-0.01026,0.48905,0.87220,0.00108,-4.00,3.50,-8.69
40.9490,99,0.28167,-0.15273,-0.04620,0.94980,0.15434,-0.26164,-0.07487,1,0.45258,-0.04247,0.26068,-0.01037,0.48902,0.87221,0.00117,0.44851,-0.03857,0.25222,-0.01026,0.48905,0.87220,0.00108,-4.07,3.90,-8.46
40.9659,100,0.28104,-0.15033,-0.04701,0.95517,0.17345,-0.23685,-0.03820,1,0.45192,-0.04196,0.25923,-0.01037,0.48902,0.87221,0.00118,0.44779,-0.03769,0.25101,-0.01026,0.48905,0.87220,0.00108,-4.13,4.27,-8.22
40.9824,101,0.28146,-0.14391,-0.04995,0.95709,0.22481,-0.17595,0.04979,1,0.45127,-0.04141,0.25790,-0.01038,0.48900,0.87222,0.00118,0.44708,-0.03665,0.24991,-0.01026,0.48905,0.87220,0.00108,-4.20,4.76,-7.99
40.9991,102,0.28307,-0.13967,-0.05221,0.95270,0.25127,-0.14355,0.09279,1,0.45058,-0.04075,0.25653,-0.01038,0.48899,0.87223,0.00118,0.44639,-0.03550,0.24892,-0.01026,0.48905,0.87220,0.00108,-4.19,5.24,-7.61
41.0159,103,0.28516,-0.13462,-0.05506,0.94598,0.27311,-0.11780,0.12905,1,0.44987,-0.04003,0.25521,-0.01038,0.48900,0.87222,0.00116,0.44584,-0.03406,0.24830,-0.01026,0.48905,0.87220,0.00108,-4.04,5.97,-6.91
41.0326,104,0.28727,-0.12884,-0.05836,0.93757,0.29260,-0.09931,0.15961,1,0.44920,-0.03929,0.25400,-0.01037,0.48902,0.87221,0.00116,0.44652,-0.03390,0.24969,-0.01026,0.48905,0.87220,0.00108,-2.68,5.39,-4.32
41.0493,105,0.28930,-0.12215,-0.06202,0.92913,0.31048,-0.08824,0.18035,1,0.44850,-0.03842,0.25279,-0.01036,0.48903,0.87220,0.00117,0.44729,-0.03433,0.25110,-0.01026,0.48905,0.87220,0.00108,-1.20,4.10,-1.69
41.0661,106,0.29271,-0.10699,-0.07044,0.91309,0.34900,-0.07499,0.19710,1,0.44784,-0.03748,0.25168,-0.01032,0.48902,0.87221,0.00120,0.44809,-0.03466,0.25253,-0.01026,0.48905,0.87220,0.00108,0.25,2.82,0.84
41.0829,107,0.29416,-0.09957,-0.07434,0.90190,0.37155,-0.06344,0.21094,1,0.44725,-0.03650,0.25076,-0.01028,0.48905,0.87219,0.00121,0.44887,-0.03498,0.25397,-0.01026,0.48905,0.87220,0.00108,1.62,1.52,3.21
41.0996,108,0.29608,-0.09219,-0.07828,0.88798,0.39370,-0.04635,0.23313,1,0.44682,-0.03553,0.25010,-0.01020,0.48907,0.87218,0.00124,0.44964,-0.03531,0.25540,-0.01026,0.48905,0.87220,0.00108,2.82,0.22,5.30
41.1166,109,0.29785,-0.08532,-0.08199,0.86976,0.41505,-0.02436,0.26583,1,0.44658,-0.03471,0.24978,-0.01011,0.48908,0.87218,0.00123,0.45042,-0.03565,0.25684,-0.01026,0.48905,0.87220,0.00108,3.84,-0.95,7.06
41.1333,110,0.29971,-0.07839,-0.08556,0.84809,0.43325,0.00254,0.30503,1,0.44653,-0.03398,0.24979,-0.01000,0.48909,0.87217,0.00121,0.45119,-0.03601,0.25827,-0.01026,0.48905,0.87220,0.00108,4.66,-2.03,8.49
41.1498,111,0.30409,-0.06460,-0.09247,0.79921,0.46358,0.05921,0.37796,1,0.44674,-0.03348,0.25018,-0.00981,0.48911,0.87217,0.00120,0.45193,-0.03640,0.25971,-0.01026,0.48905,0.87220,0.00108,5.20,-2.92,9.53
41.1669,112,0.30594,-0.05769,-0.09569,0.77421,0.47730,0.08146,0.40761,1,0.44711,-0.03326,0.25092,-0.00972,0.48915,0.87214,0.00115,0.45267,-0.03680,0.26115,-0.01026,0.48905,0.87220,0.00108,5.56,-3.54,10.23
41.1833,113,0.30733,-0.05081,-0.09880,0.75100,0.49136,0.10026,0.42955,1,0.44766,-0.03331,0.25195,-0.00969,0.48923,0.87210,0.00109,0.45340,-0.03718,0.26260,-0.01026,0.48905,0.87220,0.00108,5.74,-3.86,10.65
41.2001,114,0.30852,-0.04392,-0.10170,0.72913,0.50533,0.11623,0.44666,1,0.44840,-0.03362,0.25332,-0.00971,0.48917,0.87213,0.00104,0.45411,-0.03754,0.26407,-0.01026,0.48905,0.87220,0.00108,5.71,-3.92,10.75
41.2170,115,0.30958,-0.03784,-0.10459,0.70722,0.51906,0.13179,0.46158,1,0.44926,-0.03410,0.25489,-0.00978,0.48913,0.87215,0.00102,0.45482,-0.03788,0.26553,-0.01026,0.48905,0.87220,0.00108,5.57,-3.78,10.64
41.2336,116,0.31221,-0.02581,-0.11007,0.66956,0.54085,0.16024,0.48322,1,0.45012,-0.03468,0.25649,-0.00986,0.48913,0.87215,0.00101,0.45553,-0.03822,0.26700,-0.01026,0.48905,0.87220,0.00108,5.41,-3.54,10.51
41.2503,117,0.31280,-0.01978,-0.11201,0.65129,0.55023,0.17260,0.49323,1,0.45104,-0.03538,0.25824,-0.01000,0.48914,0.87215,0.00100,0.45621,-0.03855,0.26849,-0.01026,0.48905,0.87220,0.00108,5.17,-3.17,10.25
41.2674,118,0.31310,-0.01395,-0.11410,0.62959,0.55902,0.18504,0.50683,1,0.45193,-0.03606,0.25996,-0.01017,0.48913,0.87215,0.00104,0.45688,-0.03884,0.26999,-0.01026,0.48905,0.87220,0.00108,4.96,-2.78,10.03
41.2842,119,0.31343,-0.00820,-0.11566,0.60691,0.56609,0.19732,0.52179,1,0.45284,-0.03669,0.26168,-0.01027,0.48909,0.87217,0.00111,0.45753,-0.03912,0.27150,-0.01026,0.48905,0.87220,0.00108,4.69,-2.43,9.82
41.3008,120,0.31366,-0.00259,-0.11730,0.58447,0.57239,0.21000,0.53542,1,0.45373,-0.03725,0.26337,-0.01034,0.48905,0.87219,0.00117,0.45816,-0.03937,0.27302,-0.01026,0.48905,0.87220,0.00108,4.43,-2.12,9.65
41.3174,121,0.31378,0.00888,-0.11996,0.54126,0.58480,0.23142,0.55811,1,0.45453,-0.03773,0.26493,-0.01039,0.48905,0.87219,0.00119,0.45875,-0.03959,0.27456,-0.01026,0.48905,0.87220,0.00108,4.22,-1.86,9.64
41.3341,122,0.31354,0.01448,-0.12104,0.51995,0.59192,0.23913,0.56754,1,0.45533,-0.03817,0.26655,-0.01042,0.48905,0.87219,0.00119,0.45932,-0.03977,0.27612,-0.01026,0.48905,0.87220,0.00108,3.98,-1.61,9.56
41.3509,123,0.31540,0.01935,-0.12306,0.49981,0.59821,0.24424,0.57679,1,0.45610,-0.03854,0.26816,-0.01043,0.48903,0.87220,0.00119,0.45989,-0.03999,0.27767,-0.01026,0.48905,0.87220,0.00108,3.78,-1.46,9.51
41.3676,124,0.31718,0.02450,-0.12512,0.48206,0.60327,0.24760,0.58513,1,0.45679,-0.03883,0.26965,-0.01042,0.48903,0.87220,0.00117,0.46046,-0.04024,0.27922,-0.01026,0.48905,0.87220,0.00108,3.67,-1.41,9.56
41.3846,125,0.31769,0.02989,-0.12656,0.46748,0.60671,0.24972,0.59246,1,0.45747,-0.03911,0.27123,-0.01040,0.48905,0.87220,0.00114,0.46102,-0.04048,0.28077,-0.01026,0.48905,0.87220,0.00108,3.55,-1.37,9.54
41.4015,126,0.31628,0.04060,-0.12759,0.44227,0.61323,0.25197,0.60403,1,0.45812,-0.03937,0.27281,-0.01036,0.48905,0.87220,0.00111,0.46152,-0.04065,0.28235,-0.01026,0.48905,0.87220,0.00108,3.39,-1.28,9.54
41.4178,127,0.31550,0.04592,-0.12817,0.43041,0.61686,0.25414,0.60799,1,0.45874,-0.03960,0.27438,-0.01034,0.48904,0.87220,0.00110,0.46200,-0.04079,0.28394,-0.01026,0.48905,0.87220,0.00108,3.25,-1.19,9.56
41.4345,128,0.31449,0.05156,-0.12859,0.42066,0.62074,0.25432,0.61078,1,0.45931,-0.03980,0.27586,-0.01033,0.48904,0.87220,0.00108,0.46245,-0.04089,0.28554,-0.01026,0.48905,0.87220,0.00108,3.14,-1.09,9.68
41.4512,129,0.31354,0.05680,-0.12895,0.41018,0.62602,0.25326,0.61295,1,0.45987,-0.04003,0.27743,-0.01032,0.48905,0.87220,0.00106,0.46287,-0.04096,0.28715,-0.01026,0.48905,0.87220,0.00108,3.00,-0.94,9.72
41.4680,130,0.31221,0.06202,-0.12941,0.39900,0.63113,0.25247,0.61541,1,0.46042,-0.04025,0.27899,-0.01031,0.48906,0.87219,0.00104,0.46328,-0.04100,0.28876,-0.01026,0.48905,0.87220,0.00108,2.86,-0.75,9.77
41.4860,131,0.30931,0.07329,-0.12964,0.37325,0.63981,0.25136,0.62301,1,0.46099,-0.04045,0.28066,-0.01031,0.48905,0.87219,0.00104,0.46363,-0.04096,0.29039,-0.01026,0.48905,0.87220,0.00108,2.64,-0.51,9.73
41.5024,132,0.30770,0.07905,-0.12941,0.35955,0.64489,0.24995,0.62639,1,0.46147,-0.04060,0.28216,-0.01032,0.48905,0.87219,0.00105,0.46395,-0.04089,0.29203,-0.01026,0.48905,0.87220,0.00108,2.48,-0.29,9.87
41.5191,133,0.30589,0.08450,-0.12931,0.34435,0.65038,0.24950,0.62943,1,0.46195,-0.04072,0.28376,-0.01033,0.48906,0.87219,0.00105,0.46424,-0.04078,0.29367,-0.01026,0.48905,0.87220,0.00108,2.28,-0.06,9.91
41.5359,134,0.30399,0.09007,-0.12904,0.32857,0.65523,0.25011,0.63258,1,0.46242,-0.04082,0.28537,-0.01031,0.48906,0.87219,0.00104,0.46450,-0.04064,0.29531,-0.01026,0.48905,0.87220,0.00108,2.08,0.18,9.94
41.5530,135,0.29953,0.10138,-0.12803,0.30022,0.66406,0.25223,0.63661,1,0.46285,-0.04088,0.28698,-0.01031,0.48907,0.87218,0.00102,0.46471,-0.04043,0.29695,-0.01026,0.48905,0.87220,0.00108,1.85,0.46,9.97
41.5697,136,0.29701,0.10695,-0.12748,0.28919,0.66955,0.25340,0.63550,1,0.46326,-0.04089,0.28859,-0.01030,0.48907,0.87218,0.00103,0.46488,-0.04018,0.29858,-0.01026,0.48905,0.87220,0.00108,1.62,0.72,9.99
41.5865,137,0.29464,0.11258,-0.12655,0.27684,0.67498,0.25414,0.63496,1,0.46362,-0.04085,0.29013,-0.01029,0.48906,0.87219,0.00102,0.46503,-0.03989,0.30022,-0.01026,0.48905,0.87220,0.00108,1.41,0.96,10.09
41.6031,138,0.29231,0.11828,-0.12576,0.26230,0.67985,0.25455,0.63577,1,0.46396,-0.04075,0.29177,-0.01028,0.48907,0.87218,0.00101,0.46515,-0.03958,0.30185,-0.01026,0.48905,0.87220,0.00108,1.19,1.16,10.09
41.6200,139,0.28986,0.12375,-0.12514,0.24539,0.68406,0.25346,0.63844,1,0.46426,-0.04062,0.29341,-0.01026,0.48908,0.87218,0.00098,0.46524,-0.03924,0.30348,-0.01026,0.48905,0.87220,0.00108,0.98,1.38,10.07
41.6367,140,0.28485,0.13493,-0.12314,0.21357,0.69056,0.25241,0.64328,1,0.46450,-0.04046,0.29496,-0.01024,0.48908,0.87218,0.00095,0.46529,-0.03886,0.30510,-0.01026,0.48905,0.87220,0.00108,0.79,1.60,10.14
41.6534,141,0.28225,0.14018,-0.12219,0.20224,0.69481,0.25178,0.64261,1,0.46471,-0.04024,0.29662,-0.01023,0.48908,0.87218,0.00094,0.46531,-0.03844,0.30672,-0.01026,0.48905,0.87220,0.00108,0.60,1.79,10.10
41.6699,142,0.27975,0.14513,-0.12115,0.19498,0.69912,0.25084,0.64054,1,0.46489,-0.03997,0.29829,-0.01023,0.48908,0.87218,0.00093,0.46532,-0.03801,0.30833,-0.01026,0.48905,0.87220,0.00108,0.43,1.96,10.04
41.6871,143,0.27717,0.14993,-0.12012,0.19094,0.70437,0.24895,0.63673,1,0.46502,-0.03967,0.29995,-0.01023,0.48908,0.87218,0.00092,0.46530,-0.03755,0.30993,-0.01026,0.48905,0.87220,0.00108,0.28,2.12,9.97
41.7035,144,0.27472,0.15424,-0.11924,0.18319,0.70959,0.24680,0.63405,1,0.46513,-0.03937,0.30152,-0.01022,0.48909,0.87217,0.00090,0.46527,-0.03707,0.31152,-0.01026,0.48905,0.87220,0.00108,0.14,2.30,10.00
41.7202,145,0.26989,0.16266,-0.11754,0.15992,0.71513,0.24616,0.63437,1,0.46522,-0.03902,0.30317,-0.01021,0.48908,0.87218,0.00092,0.46521,-0.03655,0.31311,-0.01026,0.48905,0.87220,0.00108,-0.02,2.47,9.93
41.7369,146,0.26766,0.16677,-0.11679,0.14703,0.71718,0.24641,0.63508,1,0.46528,-0.03865,0.30481,-0.01022,0.48908,0.87218,0.00094,0.46513,-0.03602,0.31468,-0.01026,0.48905,0.87220,0.00108,-0.15,2.63,9.87
41.7539,147,0.26566,0.17076,-0.11615,0.13233,0.71886,0.24551,0.63675,1,0.46533,-0.03825,0.30643,-0.01023,0.48908,0.87218,0.00096,0.46505,-0.03547,0.31626,-0.01026,0.48905,0.87220,0.00108,-0.27,2.77,9.83
41.7707,148,0.26361,0.17423,-0.11558,0.11860,0.72009,0.24291,0.63906,1,0.46535,-0.03779,0.30806,-0.01022,0.48908,0.87218,0.00097,0.46496,-0.03492,0.31783,-0.01026,0.48905,0.87220,0.00108,-0.39,2.88,9.77
41.7871,149,0.26166,0.17730,-0.11488,0.10934,0.72167,0.24080,0.63973,1,0.46536,-0.03733,0.30959,-0.01019,0.48907,0.87218,0.00097,0.46487,-0.03434,0.31939,-0.01026,0.48905,0.87220,0.00108,-0.49,2.99,9.80
41.8040,150,0.25799,0.18253,-0.11413,0.09558,0.72698,0.23909,0.63655,1,0.46534,-0.03681,0.31122,-0.01015,0.48908,0.87218,0.00097,0.46476,-0.03374,0.32094,-0.01026,0.48905,0.87220,0.00108,-0.58,3.07,9.72
41.8209,151,0.25644,0.18437,-0.11406,0.09365,0.72895,0.23892,0.63466,1,0.46528,-0.03629,0.31284,-0.01012,0.48908,0.87218,0.00092,0.46466,-0.03312,0.32248,-0.01026,0.48905,0.87220,0.00108,-0.62,3.17,9.64
41.8377,152,0.25508,0.18574,-0.11393,0.09378,0.73062,0.23915,0.63262,1,0.46521,-0.03576,0.31436,-0.01012,0.48908,0.87218,0.00093,0.46455,-0.03249,0.32402,-0.01026,0.48905,0.87220,0.00108,-0.66,3.27,9.66
41.8542,153,0.25393,0.18695,-0.11385,0.09055,0.73243,0.23961,0.63083,1,0.46512,-0.03520,0.31595,-0.01013,0.48909,0.87218,0.00093,0.46445,-0.03184,0.32555,-0.01026,0.48905,0.87220,0.00108,-0.67,3.36,9.61
41.8709,154,0.25329,0.18802,-0.11436,0.08393,0.73369,0.23885,0.63056,1,0.46504,-0.03464,0.31752,-0.01011,0.48907,0.87218,0.00093,0.46436,-0.03119,0.32708,-0.01026,0.48905,0.87220,0.00108,-0.68,3.45,9.57
41.8877,155,0.25236,0.18852,-0.11601,0.07697,0.73136,0.23541,0.63542,1,0.46494,-0.03407,0.31907,-0.01013,0.48909,0.87217,0.00093,0.46431,-0.03053,0.32861,-0.01026,0.48905,0.87220,0.00108,-0.63,3.54,9.54
41.9043,156,0.25235,0.18809,-0.11670,0.08331,0.73043,0.23639,0.63533,1,0.46485,-0.03352,0.32054,-0.01014,0.48910,0.87217,0.00093,0.46428,-0.02986,0.33014,-0.01026,0.48905,0.87220,0.00108,-0.57,3.66,9.60
41.9211,157,0.25260,0.18707,-0.11780,0.09420,0.73113,0.23744,0.63262,1,0.46476,-0.03292,0.32210,-0.01015,0.48910,0.87217,0.00092,0.46429,-0.02918,0.33166,-0.01026,0.48905,0.87220,0.00108,-0.47,3.74,9.56
41.9378,158,0.25310,0.18566,-0.11891,0.10919,0.73298,0.23616,0.62852,1,0.46467,-0.03232,0.32366,-0.01015,0.48911,0.87216,0.00091,0.46434,-0.02850,0.33318,-0.01026,0.48905,0.87220,0.00108,-0.33,3.82,9.52
41.9545,159,0.25393,0.18363,-0.12022,0.12952,0.73588,0.23131,0.62305,1,0.46459,-0.03173,0.32513,-0.01014,0.48910,0.87217,0.00091,0.46445,-0.02782,0.33470,-0.01026,0.48905,0.87220,0.00108,-0.14,3.91,9.57
41.9714,160,0.25631,0.17800,-0.12363,0.18228,0.74256,0.21653,0.60703,1,0.46452,-0.03107,0.32669,-0.01015,0.48912,0.87216,0.00092,0.46480,-0.02714,0.33618,-0.01026,0.48905,0.87220,0.00108,0.28,3.93,9.49
41.9881,161,0.25820,0.17426,-0.12555,0.21080,0.74373,0.20748,0.59949,1,0.46448,-0.03043,0.32824,-0.01014,0.48912,0.87216,0.00093,0.46540,-0.02651,0.33760,-0.01026,0.48905,0.87220,0.00108,0.92,3.92,9.36
42.0048,162,0.26005,0.17014,-0.12768,0.24375,0.74236,0.19828,0.59176,1,0.46449,-0.02979,0.32976,-0.01014,0.48913,0.87215,0.00094,0.46657,-0.02603,0.33869,-0.01026,0.48905,0.87220,0.00108,2.09,3.75,8.93
42.0219,163,0.26232,0.16532,-0.12965,0.27700,0.74025,0.18732,0.58328,1,0.46457,-0.02916,0.33127,-0.01012,0.48914,0.87215,0.00096,0.46791,-0.02641,0.33793,-0.01026,0.48905,0.87220,0.00108,3.34,2.75,6.66
42.0383,164,0.26449,0.16040,-0.13165,0.31272,0.73703,0.17686,0.57247,1,0.46475,-0.02858,0.33267,-0.01011,0.48909,0.87218,0.00101,0.46849,-0.02704,0.33650,-0.01026,0.48905,0.87220,0.00108,3.74,1.54,3.83
42.0553,165,0.26911,0.14875,-0.13528,0.39809,0.72793,0.14887,0.53804,1,0.46509,-0.02800,0.33409,-0.01011,0.48906,0.87219,0.00109,0.46895,-0.02763,0.33502,-0.01026,0.48905,0.87220,0.00108,3.86,0.37,0.93
42.0721,166,0.27146,0.14186,-0.13717,0.44282,0.72150,0.13282,0.51547,1,0.46560,-0.02748,0.33537,-0.01012,0.48910,0.87217,0.00115,0.46940,-0.02819,0.33351,-0.01026,0.48905,0.87220,0.00108,3.80,-0.71,-1.86
42.0887,167,0.27366,0.13504,-0.13906,0.48688,0.71327,0.11580,0.49070,1,0.46620,-0.02705,0.33637,-0.01015,0.48912,0.87216,0.00122,0.46983,-0.02872,0.33199,-0.01026,0.48905,0.87220,0.00108,3.63,-1.67,-4.38
42.1055,168,0.27611,0.12711,-0.14075,0.53037,0.70222,0.09751,0.46486,1,0.46695,-0.02676,0.33711,-0.01018,0.48908,0.87218,0.00119,0.47022,-0.02923,0.33045,-0.01026,0.48905,0.87220,0.00108,3.28,-2.47,-6.66
42.1220,169,0.27837,0.11870,-0.14257,0.57476,0.68678,0.08138,0.43745,1,0.46776,-0.02662,0.33746,-0.01018,0.48908,0.87218,0.00114,0.47060,-0.02971,0.32890,-0.01026,0.48905,0.87220,0.00108,2.83,-3.09,-8.56
42.1387,170,0.28224,0.10060,-0.14491,0.66345,0.64551,0.05627,0.37414,1,0.46857,-0.02668,0.33735,-0.01022,0.48910,0.87217,0.00106,0.47088,-0.03012,0.32731,-0.01026,0.48905,0.87220,0.00108,2.32,-3.44,-10.04
42.1556,171,0.28391,0.09173,-0.14522,0.70780,0.62247,0.04471,0.33099,1,0.46929,-0.02690,0.33683,-0.01028,0.48910,0.87216,0.00103,0.47112,-0.03050,0.32571,-0.01026,0.48905,0.87220,0.00108,1.83,-3.60,-11.12
42.1725,172,0.28560,0.08301,-0.14529,0.74780,0.60026,0.02963,0.28214,1,0.46995,-0.02729,0.33581,-0.01033,0.48909,0.87217,0.00104,0.47131,-0.03088,0.32410,-0.01026,0.48905,0.87220,0.00108,1.36,-3.59,-11.72
42.1893,173,0.28728,0.07402,-0.14505,0.78098,0.58058,0.00706,0.23010,1,0.47045,-0.02779,0.33441,-0.01034,0.48907,0.87218,0.00106,0.47146,-0.03124,0.32247,-0.01026,0.48905,0.87220,0.00108,1.01,-3.45,-11.94
42.2057,174,0.28902,0.06504,-0.14504,0.81053,0.55971,-0.02039,0.17131,1,0.47078,-0.02836,0.33270,-0.01036,0.48906,0.87219,0.00107,0.47158,-0.03159,0.32085,-0.01026,0.48905,0.87220,0.00108,0.80,-3.23,-11.85
42.2228,175,0.29253,0.04611,-0.14419,0.85822,0.50443,-0.08473,0.04269,1,0.47099,-0.02898,0.33078,-0.01039,0.48907,0.87218,0.00111,0.47164,-0.03193,0.31922,-0.01026,0.48905,0.87220,0.00108,0.65,-2.96,-11.56
42.2396,176,0.29428,0.03639,-0.14319,0.87372,0.47290,-0.11199,-0.02069,1,0.47115,-0.02953,0.32890,-0.01037,0.48904,0.87220,0.00116,0.47166,-0.03226,0.31759,-0.01026,0.48905,0.87220,0.00108,0.52,-2.74,-11.31
42.2561,177,0.29638,0.02651,-0.14183,0.88319,0.44232,-0.13622,-0.07597,1,0.47130,-0.03008,0.32691,-0.01033,0.48903,0.87220,0.00119,0.47166,-0.03260,0.31595,-0.01026,0.48905,0.87220,0.00108,0.36,-2.52,-10.96
42.2728,178,0.29795,0.01543,-0.14011,0.88577,0.42231,-0.15574,-0.11317,1,0.47142,-0.03058,0.32499,-0.01028,0.48903,0.87221,0.00119,0.47161,-0.03292,0.31432,-0.01026,0.48905,0.87220,0.00108,0.19,-2.34,-10.67
42.2899,179,0.29905,0.00393,-0.13811,0.88496,0.41042,-0.17612,-0.13184,1,0.47150,-0.03100,0.32315,-0.01024,0.48902,0.87221,0.00117,0.47154,-0.03322,0.31268,-0.01026,0.48905,0.87220,0.00108,0.04,-2.22,-10.47
42.3062,180,0.30149,-0.01965,-0.13356,0.88181,0.37855,-0.22266,-0.17187,1,0.47155,-0.03134,0.32148,-0.01022,0.48901,0.87222,0.00112,0.47140,-0.03349,0.31104,-0.01026,0.48905,0.87220,0.00108,-0.14,-2.15,-10.44
42.3230,181,0.30168,-0.03150,-0.13029,0.87765,0.35740,-0.25129,-0.19711,1,0.47156,-0.03166,0.31973,-0.01021,0.48900,0.87222,0.00106,0.47123,-0.03373,0.30940,-0.01026,0.48905,0.87220,0.00108,-0.32,-2.06,-10.33
42.3400,182,0.30108,-0.04259,-0.12647,0.87181,0.33536,-0.27715,-0.22509,1,0.47154,-0.03198,0.31798,-0.01019,0.48900,0.87222,0.00102,0.47103,-0.03394,0.30776,-0.01026,0.48905,0.87220,0.00108,-0.52,-1.96,-10.22
42.3565,183,0.30005,-0.05334,-0.12229,0.86408,0.31075,-0.29549,-0.26359,1,0.47153,-0.03228,0.31636,-0.01014,0.48900,0.87223,0.00100,0.47078,-0.03411,0.30612,-0.01026,0.48905,0.87220,0.00108,-0.75,-1.83,-10.24
42.3732,184,0.29922,-0.06444,-0.11778,0.85456,0.28663,-0.30900,-0.30346,1,0.47147,-0.03263,0.31465,-0.01011,0.48903,0.87221,0.00098,0.47050,-0.03426,0.30449,-0.01026,0.48905,0.87220,0.00108,-0.98,-1.63,-10.16
42.3899,185,0.29572,-0.08532,-0.10759,0.84606,0.25737,-0.32528,-0.33486,1,0.47139,-0.03299,0.31296,-0.01012,0.48905,0.87219,0.00102,0.47014,-0.03434,0.30286,-0.01026,0.48905,0.87220,0.00108,-1.25,-1.36,-10.10
42.4066,186,0.29299,-0.09620,-0.10224,0.84824,0.25080,-0.32925,-0.33042,1,0.47125,-0.03331,0.31136,-0.01016,0.48905,0.87220,0.00105,0.46975,-0.03439,0.30124,-0.01026,0.48905,0.87220,0.00108,-1.50,-1.08,-10.12
42.4234,187,0.29042,-0.10685,-0.09680,0.85039,0.24221,-0.33470,-0.32580,1,0.47107,-0.03362,0.30966,-0.01020,0.48902,0.87221,0.00108,0.46933,-0.03441,0.29963,-0.01026,0.48905,0.87220,0.00108,-1.74,-0.79,-10.04
42.4402,188,0.28805,-0.11712,-0.09135,0.84716,0.22750,-0.34287,-0.33615,1,0.47084,-0.03387,0.30798,-0.01024,0.48902,0.87221,0.00111,0.46888,-0.03440,0.29802,-0.01026,0.48905,0.87220,0.00108,-1.96,-0.53,-9.95
42.4569,189,0.28588,-0.12675,-0.08578,0.84105,0.21000,-0.35349,-0.35154,1,0.47058,-0.03406,0.30630,-0.01027,0.48903,0.87221,0.00113,0.46841,-0.03437,0.29642,-0.01026,0.48905,0.87220,0.00108,-2.17,-0.30,-9.88
42.4736,190,0.28133,-0.14408,-0.07400,0.82097,0.17467,-0.37744,-0.39121,1,0.47029,-0.03421,0.30473,-0.01030,0.48902,0.87221,0.00113,0.46788,-0.03430,0.29485,-0.01026,0.48905,0.87220,0.00108,-2.41,-0.09,-9.88
42.4903,191,0.27880,-0.15205,-0.06818,0.81457,0.16371,-0.38813,-0.39879,1,0.46995,-0.03433,0.30308,-0.01033,0.48902,0.87221,0.00112,0.46733,-0.03421,0.29328,-0.01026,0.48905,0.87220,0.00108,-2.62,0.12,-9.80
42.5071,192,0.27610,-0.15976,-0.06263,0.81184,0.15587,-0.39626,-0.39949,1,0.46979,-0.03436,0.30240,-0.01034,0.48902,0.87221,0.00112,0.46675,-0.03410,0.29172,-0.01026,0.48905,0.87220,0.00108,-3.05,0.25,-10.68
42.5237,193,0.27357,-0.16736,-0.05719,0.81012,0.14836,-0.40153,-0.40058,1,0.46918,-0.03439,0.29989,-0.01035,0.48902,0.87221,0.00111,0.46615,-0.03398,0.29016,-0.01026,0.48905,0.87220,0.00108,-3.03,0.41,-9.73
42.5405,194,0.27138,-0.17454,-0.05180,0.80848,0.14016,-0.40657,-0.40177,1,0.46874,-0.03438,0.29828,-0.01034,0.48903,0.87221,0.00109,0.46554,-0.03384,0.28862,-0.01026,0.48905,0.87220,0.00108,-3.20,0.54,-9.65
42.5575,195,0.26704,-0.18762,-0.04141,0.79613,0.12224,-0.42068,-0.41745,1,0.46825,-0.03435,0.29666,-0.01034,0.48904,0.87220,0.00109,0.46489,-0.03368,0.28710,-0.01026,0.48905,0.87220,0.00108,-3.36,0.68,-9.57
42.5740,196,0.26494,-0.19331,-0.03642,0.78975,0.11263,-0.42647,-0.42630,1,0.46774,-0.03431,0.29506,-0.01033,0.48903,0.87220,0.00110,0.46422,-0.03350,0.28558,-0.01026,0.48905,0.87220,0.00108,-3.52,0.81,-9.49
42.5909,197,0.26289,-0.19877,-0.03196,0.78683,0.10469,-0.42950,-0.43066,1,0.46720,-0.03423,0.29348,-0.01033,0.48901,0.87221,0.00113,0.46354,-0.03332,0.28407,-0.01026,0.48905,0.87220,0.00108,-3.66,0.91,-9.41
42.6077,198,0.26082,-0.20398,-0.02772,0.78868,0.09856,-0.43029,-0.42793,1,0.46663,-0.03412,0.29189,-0.01032,0.48902,0.87221,0.00114,0.46285,-0.03313,0.28256,-0.01026,0.48905,0.87220,0.00108,-3.78,1.00,-9.33
42.6243,199,0.25876,-0.20919,-0.02395,0.79313,0.09312,-0.43062,-0.42052,1,0.46606,-0.03401,0.29042,-0.01030,0.48902,0.87221,0.00115,0.46215,-0.03292,0.28107,-0.01026,0.48905,0.87220,0.00108,-3.91,1.09,-9.35
42.6410,200,0.25434,-0.21866,-0.01738,0.80273,0.07704,-0.43239,-0.40340,1,0.46543,-0.03388,0.28886,-0.01029,0.48903,0.87220,0.00115,0.46143,-0.03269,0.27958,-0.01026,0.48905,0.87220,0.00108,-3.99,1.19,-9.29
42.6579,201,0.25267,-0.22254,-0.01445,0.80766,0.06761,-0.43119,-0.39648,1,0.46477,-0.03373,0.28732,-0.01028,0.48902,0.87221,0.00116,0.46072,-0.03246,0.27809,-0.01026,0.48905,0.87220,0.00108,-4.06,1.27,-9.22
42.6749,202,0.25147,-0.22568,-0.01190,0.81343,0.05848,-0.42682,-0.39082,1,0.46408,-0.03356,0.28577,-0.01029,0.48902,0.87221,0.00116,0.45999,-0.03222,0.27661,-0.01026,0.48905,0.87220,0.00108,-4.09,1.34,-9.16
42.6915,203,0.25068,-0.22861,-0.00935,0.81768,0.05083,-0.42173,-0.38852,1,0.46343,-0.03338,0.28433,-0.01027,0.48902,0.87221,0.00117,0.45926,-0.03198,0.27513,-0.01026,0.48905,0.87220,0.00108,-4.17,1.40,-9.20
42.7084,204,0.25039,-0.23312,-0.00557,0.82595,0.04414,-0.41597,-0.37792,1,0.46272,-0.03318,0.28282,-0.01025,0.48903,0.87220,0.00116,0.45852,-0.03174,0.27366,-0.01026,0.48905,0.87220,0.00108,-4.20,1.44,-9.16
42.7250,205,0.25030,-0.23476,-0.00410,0.83103,0.04394,-0.41496,-0.36780,1,0.46201,-0.03298,0.28132,-0.01024,0.48904,0.87220,0.00117,0.45777,-0.03150,0.27219,-0.01026,0.48905,0.87220,0.00108,-4.24,1.48,-9.13
42.7417,206,0.25029,-0.23598,-0.00296,0.83753,0.04359,-0.41226,-0.35594,1,0.46129,-0.03276,0.27982,-0.01023,0.48905,0.87220,0.00119,0.45702,-0.03127,0.27072,-0.01026,0.48905,0.87220,0.00108,-4.27,1.49,-9.10
42.7586,207,0.25050,-0.23643,-0.00187,0.84605,0.04468,-0.40670,-0.34176,1,0.46060,-0.03253,0.27841,-0.01023,0.48903,0.87220,0.00120,0.45626,-0.03104,0.26925,-0.01026,0.48905,0.87220,0.00108,-4.34,1.50,-9.16
42.7752,208,0.25124,-0.23650,-0.00101,0.85509,0.04693,-0.39638,-0.33092,1,0.45987,-0.03229,0.27693,-0.01021,0.48903,0.87221,0.00120,0.45550,-0.03081,0.26779,-0.01026,0.48905,0.87220,0.00108,-4.37,1.48,-9.15
42.7920,209,0.25337,-0.23648,0.00009,0.86842,0.05105,-0.37848,-0.31622,1,0.45912,-0.03206,0.27545,-0.01020,0.48904,0.87220,0.00120,0.45473,-0.03061,0.26632,-0.01026,0.48905,0.87220,0.00108,-4.39,1.45,-9.13
42.8086,210,0.25479,-0.23569,0.00021,0.87364,0.05345,-0.37175,-0.30934,1,0.45842,-0.03184,0.27406,-0.01020,0.48906,0.87219,0.00121,0.45396,-0.03041,0.26486,-0.01026,0.48905,0.87220,0.00108,-4.46,1.43,-9.20
42.8253,211,0.25621,-0.23446,-0.00008,0.87929,0.05795,-0.36524,-0.30015,1,0.45766,-0.03161,0.27257,-0.01020,0.48905,0.87220,0.00121,0.45318,-0.03023,0.26340,-0.01026,0.48905,0.87220,0.00108,-4.48,1.37,-9.18
42.8421,212,0.25773,-0.23282,-0.00076,0.88650,0.06341,-0.35718,-0.28726,1,0.45689,-0.03136,0.27108,-0.01020,0.48906,0.87219,0.00120,0.45240,-0.03006,0.26193,-0.01026,0.48905,0.87220,0.00108,-4.48,1.30,-9.15
42.8588,213,0.25946,-0.23068,-0.00165,0.89323,0.07062,-0.34945,-0.27394,1,0.45611,-0.03113,0.26959,-0.01020,0.48907,0.87218,0.00119,0.45162,-0.02991,0.26047,-0.01026,0.48905,0.87220,0.00108,-4.49,1.22,-9.12
42.8755,214,0.26351,-0.22590,-0.00419,0.90112,0.08738,-0.33705,-0.25835,1,0.45536,-0.03093,0.26818,-0.01021,0.48908,0.87218,0.00117,0.45083,-0.02979,0.25900,-0.01026,0.48905,0.87220,0.00108,-4.53,1.14,-9.17
42.8922,215,0.26572,-0.22306,-0.00609,0.90389,0.09611,-0.33106,-0.25328,1,0.45459,-0.03072,0.26668,-0.01019,0.48907,0.87219,0.00118,0.45005,-0.02970,0.25753,-0.01026,0.48905,0.87220,0.00108,-4.53,1.02,-9.15
42.9093,216,0.26827,-0.21948,-0.00837,0.90708,0.10317,-0.32402,-0.24816,1,0.45379,-0.03052,0.26518,-0.01021,0.48906,0.87219,0.00116,0.44927,-0.02964,0.25606,-0.01026,0.48905,0.87220,0.00108,-4.51,0.88,-9.12
42.9261,217,0.27125,-0.21480,-0.01086,0.90871,0.11119,-0.31967,-0.24433,1,0.45299,-0.03033,0.26369,-0.01021,0.48907,0.87218,0.00115,0.44849,-0.02961,0.25459,-0.01026,0.48905,0.87220,0.00108,-4.50,0.72,-9.10
42.9425,218,0.27418,-0.20935,-0.01387,0.90901,0.12120,-0.31519,-0.24428,1,0.45225,-0.03019,0.26230,-0.01022,0.48909,0.87217,0.00113,0.44772,-0.02963,0.25311,-0.01026,0.48905,0.87220,0.00108,-4.53,0.56,-9.18
42.9595,219,0.28320,-0.19892,-0.02234,0.90824,0.15179,-0.30562,-0.24218,1,0.45147,-0.03007,0.26083,-0.01024,0.48909,0.87217,0.00112,0.44699,-0.02982,0.25163,-0.01026,0.48905,0.87220,0.00108,-4.49,0.25,-9.20
42.9763,220,0.28664,-0.19246,-0.02697,0.90845,0.16653,-0.29681,-0.24267,1,0.45069,-0.02995,0.25935,-0.01026,0.48907,0.87218,0.00112,0.44629,-0.03009,0.25014,-0.01026,0.48905,0.87220,0.00108,-4.40,-0.14,-9.21
42.9931,221,0.28944,-0.18491,-0.03158,0.90956,0.17987,-0.28542,-0.24266,1,0.44990,-0.02986,0.25787,-0.01028,0.48907,0.87219,0.00111,0.44562,-0.03047,0.24866,-0.01026,0.48905,0.87220,0.00108,-4.28,-0.61,-9.21
43.0095,222,0.29205,-0.17708,-0.03650,0.91190,0.19055,-0.27280,-0.24024,0,0.44918,-0.02984,0.25648,-0.01028,0.48909,0.87217,0.00109,0.44562,-0.03047,0.24866,-0.01026,0.48905,0.87220,0.00108,-3.56,-0.63,-7.82
43.0262,223,0.29506,-0.16889,-0.04130,0.91369,0.20263,-0.26040,-0.23729,0,0.44843,-0.02988,0.25500,-0.01028,0.48909,0.87217,0.00108,0.44562,-0.03047,0.24866,-0.01026,0.48905,0.87220,0.00108,-2.81,-0.59,-6.34
43.0430,224,0.29965,-0.15208,-0.05166,0.91516,0.22738,-0.24467,-0.22563,0,0.44773,-0.02997,0.25356,-0.01025,0.48908,0.87218,0.00110,0.44562,-0.03047,0.24866,-0.01026,0.48905,0.87220,0.00108,-2.11,-0.51,-4.90
43.0597,225,0.30180,-0.14347,-0.05702,0.91615,0.23718,-0.23680,-0.21984,0,0.44714,-0.03007,0.25233,-0.01021,0.48908,0.87218,0.00110,0.44562,-0.03047,0.24866,-0.01026,0.48905,0.87220,0.00108,-1.52,-0.40,-3.67
43.0763,226,0.30396,-0.13453,-0.06183,0.91713,0.24606,-0.22764,-0.21564,0,0.44662,-0.03018,0.25120,-0.01016,0.48908,0.87218,0.00111,0.44562,-0.03047,0.24866,-0.01026,0.48905,0.87220,0.00108,-1.00,-0.29,-2.54
43.0931,227,0.30623,-0.12588,-0.06685,0.91706,0.25623,-0.21807,-0.21399,0,0.44624,-0.03030,0.25032,-0.01010,0.48910,0.87217,0.00113,0.44562,-0.03047,0.24866,-0.01026,0.48905,0.87220,0.00108,-0.62,-0.18,-1.66
43.1100,228,0.30753,-0.11731,-0.07154,0.91859,0.26417,-0.20731,-0.20840,0,0.44599,-0.03039,0.24971,-0.01003,0.48912,0.87216,0.00117,0.44562,-0.03047,0.24866,-0.01026,0.48905,0.87220,0.00108,-0.37,-0.08,-1.05
43.1265,229,0.30989,-0.09843,-0.08196,0.92321,0.28373,-0.18896,-0.17740,0,0.44584,-0.03045,0.24933,-0.01001,0.48910,0.87217,0.00118,0.44562,-0.03047,0.24866,-0.01026,0.48905,0.87220,0.00108,-0.22,-0.02,-0.67
43.1433,230,0.31050,-0.08852,-0.08711,0.92395,0.30094,-0.17903,-0.15393,0,0.44573,-0.03048,0.24910,-0.01002,0.48909,0.87218,0.00117,0.44562,-0.03047,0.24866,-0.01026,0.48905,0.87220,0.00108,-0.11,0.00,-0.44
43.1601,231,0.31018,-0.08023,-0.09156,0.92479,0.31945,-0.16426,-0.12542,0,0.44564,-0.03048,0.24897,-0.01008,0.48908,0.87218,0.00114,0.44562,-0.03047,0.24866,-0.01026,0.48905,0.87220,0.00108,-0.02,0.00,-0.31
43.1773,232,0.31014,-0.07000,-0.09650,0.92519,0.33811,-0.14414,-0.09451,1,0.44559,-0.03047,0.24890,-0.01014,0.48909,0.87217,0.00111,0.44559,-0.03047,0.24890,-0.01014,0.48909,0.87217,0.00111,0.00,0.00,0.00
43.1939,233,0.31114,-0.06010,-0.10118,0.92035,0.35985,-0.13206,-0.07761,1,0.44557,-0.03046,0.24887,-0.01017,0.48909,0.87217,0.00110,0.44630,-0.03062,0.25040,-0.01014,0.48909,0.87217,0.00111,0.73,-0.16,1.53
43.2107,234,0.31064,-0.03803,-0.11039,0.90313,0.40577,-0.13385,-0.04242,1,0.44558,-0.03046,0.24889,-0.01015,0.48908,0.87218,0.00110,0.44695,-0.03062,0.25193,-0.01014,0.48909,0.87217,0.00111,1.37,-0.16,3.04
43.2272,235,0.30910,-0.02642,-0.11384,0.89262,0.43041,-0.13272,-0.01912,1,0.44561,-0.03047,0.24897,-0.01012,0.48909,0.87217,0.00110,0.44755,-0.03055,0.25349,-0.01014,0.48909,0.87217,0.00111,1.94,-0.08,4.52
43.2441,236,0.30761,-0.01406,-0.11725,0.88119,0.45638,-0.12320,0.00702,1,0.44569,-0.03050,0.24917,-0.01007,0.48911,0.87216,0.00105,0.44810,-0.03044,0.25506,-0.01014,0.48909,0.87217,0.00111,2.41,0.06,5.89
43.2610,237,0.30613,-0.00141,-0.11998,0.86490,0.48820,-0.11055,0.03711,1,0.44589,-0.03052,0.24958,-0.00999,0.48912,0.87216,0.00105,0.44859,-0.03031,0.25664,-0.01014,0.48909,0.87217,0.00111,2.70,0.21,7.06
43.2773,238,0.30474,0.01152,-0.12233,0.84520,0.52129,-0.09835,0.06489,1,0.44619,-0.03051,0.25021,-0.00995,0.48913,0.87216,0.00106,0.44905,-0.03017,0.25824,-0.01014,0.48909,0.87217,0.00111,2.86,0.34,8.03
43.2944,239,0.30105,0.03823,-0.12542,0.79926,0.58562,-0.08452,0.10532,1,0.44660,-0.03050,0.25114,-0.00992,0.48912,0.87216,0.00106,0.44941,-0.03000,0.25986,-0.01014,0.48909,0.87217,0.00111,2.81,0.49,8.71
43.3112,240,0.29830,0.05144,-0.12585,0.77995,0.61035,-0.07854,0.11397,1,0.44708,-0.03046,0.25231,-0.00992,0.48912,0.87216,0.00104,0.44973,-0.02981,0.26148,-0.01014,0.48909,0.87217,0.00111,2.65,0.66,9.17
43.3278,241,0.29599,0.06523,-0.12617,0.76262,0.63169,-0.07297,0.11851,1,0.44756,-0.03040,0.25357,-0.00996,0.48911,0.87217,0.00102,0.45001,-0.02960,0.26311,-0.01014,0.48909,0.87217,0.00111,2.45,0.80,9.54
43.3444,242,0.29344,0.07901,-0.12535,0.74156,0.65439,-0.07148,0.12941,1,0.44805,-0.03028,0.25503,-0.01004,0.48911,0.87216,0.00100,0.45023,-0.02937,0.26475,-0.01014,0.48909,0.87217,0.00111,2.19,0.91,9.72
43.3610,243,0.29030,0.09207,-0.12449,0.71561,0.67860,-0.07149,0.14932,1,0.44852,-0.03015,0.25657,-0.01013,0.48909,0.87217,0.00097,0.45042,-0.02913,0.26638,-0.01014,0.48909,0.87217,0.00111,1.91,1.02,9.81
43.3779,244,0.28338,0.11672,-0.12201,0.65471,0.72224,-0.05597,0.21586,1,0.44895,-0.03000,0.25817,-0.01020,0.48909,0.87217,0.00094,0.45054,-0.02885,0.26802,-0.01014,0.48909,0.87217,0.00111,1.59,1.15,9.85
43.3948,245,0.28045,0.12817,-0.12002,0.62068,0.74132,-0.03924,0.25232,1,0.44933,-0.02983,0.25971,-0.01025,0.48910,0.87217,0.00093,0.45063,-0.02855,0.26966,-0.01014,0.48909,0.87217,0.00111,1.30,1.28,9.95
43.4115,246,0.27752,0.13907,-0.11794,0.58757,0.75774,-0.01981,0.28319,1,0.44967,-0.02964,0.26137,-0.01028,0.48906,0.87219,0.00091,0.45068,-0.02824,0.27130,-0.01014,0.48909,0.87217,0.00111,1.01,1.39,9.93
43.4282,247,0.27464,0.14975,-0.11553,0.55242,0.77245,-0.00432,0.31327,1,0.44996,-0.02940,0.26303,-0.01033,0.48905,0.87220,0.00092,0.45070,-0.02793,0.27293,-0.01014,0.48909,0.87217,0.00111,0.75,1.47,9.90
43.4450,248,0.27103,0.15964,-0.11306,0.51382,0.78561,0.00803,0.34459,1,0.45021,-0.02915,0.26469,-0.01033,0.48905,0.87220,0.00094,0.45070,-0.02759,0.27457,-0.01014,0.48909,0.87217,0.00111,0.49,1.55,9.88
43.4617,249,0.26402,0.17823,-0.10844,0.44036,0.80405,0.02851,0.39847,1,0.45038,-0.02891,0.26623,-0.01036,0.48904,0.87220,0.00093,0.45065,-0.02723,0.27619,-0.01014,0.48909,0.87217,0.00111,0.26,1.68,9.96
43.4782,250,0.26046,0.18622,-0.10579,0.40940,0.80982,0.03827,0.41847,1,0.45055,-0.02866,0.26786,-0.01034,0.48904,0.87220,0.00093,0.45057,-0.02685,0.27781,-0.01014,0.48909,0.87217,0.00111,0.03,1.81,9.95
43.4952,251,0.25694,0.19380,-0.10301,0.37636,0.81555,0.04730,0.43703,1,0.45067,-0.02839,0.26949,-0.01031,0.48904,0.87220,0.00094,0.45048,-0.02645,0.27943,-0.01014,0.48909,0.87217,0.00111,-0.19,1.94,9.94
43.5117,252,0.25366,0.20100,-0.09996,0.34308,0.81936,0.05456,0.45603,1,0.45072,-0.02812,0.27101,-0.01032,0.48903,0.87220,0.00095,0.45035,-0.02604,0.28104,-0.01014,0.48909,0.87217,0.00111,-0.36,2.08,10.03
43.5289,253,0.25010,0.20747,-0.09714,0.30616,0.82263,0.06118,0.47519,1,0.45077,-0.02779,0.27276,-0.01027,0.48904,0.87220,0.00095,0.45021,-0.02561,0.28264,-0.01014,0.48909,0.87217,0.00111,-0.56,2.18,9.88
43.5452,254,0.24302,0.21939,-0.09087,0.22934,0.82609,0.07839,0.50876,1,0.45076,-0.02747,0.27433,-0.01025,0.48904,0.87220,0.00096,0.45002,-0.02516,0.28423,-0.01014,0.48909,0.87217,0.00111,-0.74,2.31,9.91
43.5619,255,0.24302,0.21939,-0.09087,0.22934,0.82609,0.07839,0.50876,1,0.45071,-0.02712,0.27599,-0.01024,0.48904,0.87220,0.00095,0.44983,-0.02470,0.28583,-0.01014,0.48909,0.87217,0.00111,-0.88,2.42,9.83
43.5787,256,0.23706,0.22951,-0.08478,0.17250,0.82968,0.10195,0.52104,1,0.45062,-0.02679,0.27754,-0.01026,0.48906,0.87219,0.00095,0.44960,-0.02422,0.28740,-0.01014,0.48909,0.87217,0.00111,-1.02,2.57,9.86
43.5958,257,0.23417,0.23430,-0.08106,0.14876,0.83148,0.10999,0.52384,1,0.45049,-0.02642,0.27926,-0.01030,0.48906,0.87219,0.00098,0.44934,-0.02372,0.28898,-0.01014,0.48909,0.87217,0.00111,-1.15,2.70,9.72
43.6127,258,0.23141,0.23876,-0.07742,0.12576,0.83374,0.11257,0.52573,1,0.45038,-0.02609,0.28077,-0.01032,0.48907,0.87218,0.00102,0.44906,-0.02322,0.29054,-0.01014,0.48909,0.87217,0.00111,-1.31,2.87,9.77
43.6290,259,0.22570,0.24755,-0.06973,0.07577,0.83477,0.10761,0.53463,1,0.45023,-0.02571,0.28239,-0.01032,0.48907,0.87218,0.00105,0.44873,-0.02270,0.29209,-0.01014,0.48909,0.87217,0.00111,-1.50,3.01,9.70
43.6460,260,0.22294,0.25172,-0.06533,0.05433,0.83638,0.10567,0.53512,1,0.45005,-0.02528,0.28402,-0.01033,0.48909,0.87217,0.00107,0.44837,-0.02217,0.29363,-0.01014,0.48909,0.87217,0.00111,-1.68,3.11,9.60
43.6628,261,0.22056,0.25569,-0.06086,0.03991,0.84024,0.10673,0.53010,1,0.44984,-0.02482,0.28556,-0.01034,0.48909,0.87217,0.00108,0.44798,-0.02163,0.29516,-0.01014,0.48909,0.87217,0.00111,-1.86,3.19,9.60
43.6793,262,0.21814,0.25954,-0.05665,0.02813,0.84503,0.10868,0.52280,1,0.44959,-0.02433,0.28716,-0.01037,0.48908,0.87218,0.00108,0.44757,-0.02109,0.29668,-0.01014,0.48909,0.87217,0.00111,-2.02,3.24,9.52
43.6960,263,0.21586,0.26336,-0.05281,0.01782,0.85009,0.11023,0.51466,1,0.44931,-0.02382,0.28873,-0.01039,0.48908,0.87218,0.00110,0.44713,-0.02054,0.29819,-0.01014,0.48909,0.87217,0.00111,-2.18,3.27,9.46
43.7127,264,0.21214,0.27110,-0.04561,0.00040,0.85731,0.10549,0.50387,1,0.44903,-0.02332,0.29018,-0.01036,0.48906,0.87219,0.00110,0.44665,-0.01999,0.29969,-0.01014,0.48909,0.87217,0.00111,-2.38,3.33,9.51
43.7294,265,0.21081,0.27485,-0.04223,-0.00996,0.85930,0.09889,0.50173,1,0.44872,-0.02278,0.29174,-0.01030,0.48905,0.87219,0.00110,0.44616,-0.01944,0.30118,-0.01014,0.48909,0.87217,0.00111,-2.56,3.34,9.44
43.7462,266,0.20980,0.27863,-0.03903,-0.01812,0.86107,0.09262,0.49965,1,0.44836,-0.02221,0.29332,-0.01026,0.48906,0.87219,0.00107,0.44565,-0.01890,0.30267,-0.01014,0.48909,0.87217,0.00111,-2.71,3.31,9.36
43.7630,267,0.20893,0.28246,-0.03582,-0.02340,0.86323,0.08685,0.49673,1,0.44796,-0.02163,0.29489,-0.01023,0.48907,0.87219,0.00105,0.44513,-0.01836,0.30416,-0.01014,0.48909,0.87217,0.00111,-2.83,3.27,9.28
43.7800,268,0.20842,0.28592,-0.03303,-0.02611,0.86610,0.08074,0.49262,1,0.44753,-0.02108,0.29642,-0.01024,0.48909,0.87217,0.00101,0.44459,-0.01783,0.30565,-0.01014,0.48909,0.87217,0.00111,-2.93,3.25,9.23
43.7964,269,0.20796,0.29263,-0.02814,-0.02553,0.87393,0.06731,0.48068,1,0.44710,-0.02055,0.29784,-0.01024,0.48908,0.87218,0.00099,0.44404,-0.01732,0.30713,-0.01014,0.48909,0.87217,0.00111,-3.07,3.24,9.29
43.8132,270,0.20796,0.29586,-0.02628,-0.02449,0.87787,0.05817,0.47472,1,0.44665,-0.02000,0.29937,-0.01018,0.48909,0.87218,0.00098,0.44347,-0.01681,0.30862,-0.01014,0.48909,0.87217,0.00111,-3.18,3.19,9.24
43.8303,271,0.20858,0.29867,-0.02513,-0.01956,0.88127,0.04785,0.46978,1,0.44618,-0.01944,0.30093,-0.01014,0.48909,0.87217,0.00096,0.44291,-0.01632,0.31011,-0.01014,0.48909,0.87217,0.00111,-3.27,3.12,9.18
43.8466,272,0.20950,0.30129,-0.02384,-0.01305,0.88419,0.03864,0.46533,1,0.44569,-0.01892,0.30238,-0.01014,0.48910,0.87217,0.00093,0.44234,-0.01584,0.31160,-0.01014,0.48909,0.87217,0.00111,-3.35,3.08,9.22
43.8634,273,0.21234,0.30554,-0.02215,0.00557,0.89079,0.01908,0.45398,1,0.44515,-0.01838,0.30387,-0.01018,0.48909,0.87217,0.00091,0.44177,-0.01540,0.31310,-0.01014,0.48909,0.87217,0.00111,-3.39,2.98,9.24
43.8801,274,0.21388,0.30676,-0.02227,0.02239,0.89451,0.00738,0.44643,1,0.44463,-0.01785,0.30536,-0.01016,0.48910,0.87217,0.00092,0.44120,-0.01497,0.31461,-0.01014,0.48909,0.87217,0.00111,-3.44,2.88,9.25
43.8969,275,0.21534,0.30734,-0.02224,0.04130,0.89868,-0.00702,0.43661,1,0.44411,-0.01731,0.30688,-0.01010,0.48909,0.87218,0.00092,0.44063,-0.01456,0.31612,-0.01014,0.48909,0.87217,0.00111,-3.48,2.74,9.24
43.9139,276,0.21695,0.30710,-0.02316,0.06260,0.90441,-0.02181,0.42148,1,0.44357,-0.01676,0.30842,-0.01007,0.48909,0.87217,0.00092,0.44007,-0.01416,0.31764,-0.01014,0.48909,0.87217,0.00111,-3.50,2.59,9.22
43.9304,277,0.21893,0.30612,-0.02453,0.08961,0.91013,-0.03481,0.40301,1,0.44303,-0.01627,0.30984,-0.01009,0.48910,0.87217,0.00090,0.43951,-0.01378,0.31916,-0.01014,0.48909,0.87217,0.00111,-3.52,2.49,9.32
43.9471,278,0.22320,0.30215,-0.02898,0.15099,0.91731,-0.06011,0.36349,1,0.44246,-0.01580,0.31133,-0.01010,0.48911,0.87216,0.00089,0.43898,-0.01343,0.32070,-0.01014,0.48909,0.87217,0.00111,-3.48,2.36,9.37
43.9638,279,0.22520,0.29891,-0.03267,0.18671,0.91690,-0.07244,0.34523,1,0.44191,-0.01534,0.31285,-0.01005,0.48910,0.87217,0.00090,0.43848,-0.01310,0.32226,-0.01014,0.48909,0.87217,0.00111,-3.43,2.25,9.41
43.9805,280,0.22704,0.29483,-0.03658,0.22327,0.91424,-0.08532,0.32715,1,0.44138,-0.01491,0.31429,-0.01002,0.48910,0.87217,0.00091,0.43801,-0.01277,0.32382,-0.01014,0.48909,0.87217,0.00111,-3.37,2.14,9.53
43.9972,281,0.22851,0.28958,-0.04086,0.25953,0.91022,-0.09891,0.30719,1,0.44082,-0.01449,0.31584,-0.01002,0.48910,0.87217,0.00090,0.43757,-0.01244,0.32540,-0.01014,0.48909,0.87217,0.00111,-3.24,2.05,9.56
44.0141,282,0.23005,0.28324,-0.04559,0.29726,0.90491,-0.11031,0.28393,1,0.44025,-0.01412,0.31735,-0.01005,0.48910,0.87217,0.00091,0.43718,-0.01212,0.32698,-0.01014,0.48909,0.87217,0.00111,-3.07,2.00,9.64
44.0309,283,0.23214,0.26780,-0.05696,0.37980,0.88853,-0.11631,0.22966,1,0.43970,-0.01377,0.31886,-0.01007,0.48909,0.87217,0.00091,0.43694,-0.01177,0.32860,-0.01014,0.48909,0.87217,0.00111,-2.75,2.00,9.74
44.0475,284,0.23291,0.25868,-0.06353,0.42137,0.87676,-0.11322,0.20229,1,0.43920,-0.01342,0.32034,-0.01004,0.48909,0.87218,0.00092,0.43684,-0.01139,0.33021,-0.01014,0.48909,0.87217,0.00111,-2.37,2.03,9.88
44.0645,285,0.23358,0.24877,-0.07070,0.46299,0.86200,-0.10796,0.17591,1,0.43871,-0.01304,0.32193,-0.01003,0.48907,0.87218,0.00092,0.43695,-0.01095,0.33182,-0.01014,0.48909,0.87217,0.00111,-1.76,2.09,9.88
44.0810,286,0.23437,0.23829,-0.07787,0.50215,0.84455,-0.10455,0.15376,1,0.43824,-0.01270,0.32350,-0.01007,0.48907,0.87219,0.00088,0.43743,-0.01044,0.33333,-0.01014,0.48909,0.87217,0.00111,-0.80,2.26,9.83
44.0979,287,0.23459,0.22587,-0.08545,0.54148,0.82316,-0.10105,0.13780,1,0.43787,-0.01234,0.32509,-0.01008,0.48906,0.87219,0.00091,0.43858,-0.00982,0.33436,-0.01014,0.48909,0.87217,0.00111,0.72,2.53,9.27
44.1143,288,0.23645,0.19914,-0.10244,0.62276,0.76948,-0.08754,0.11138,0,0.43763,-0.01199,0.32660,-0.01005,0.48907,0.87218,0.00096,0.43858,-0.00982,0.33436,-0.01014,0.48909,0.87217,0.00111,0.96,2.17,7.76
44.1310,289,0.23661,0.18434,-0.11052,0.66483,0.73549,-0.08141,0.10209,0,0.43751,-0.01160,0.32821,-0.01002,0.48907,0.87218,0.00100,0.43858,-0.00982,0.33436,-0.01014,0.48909,0.87217,0.00111,1.07,1.78,6.15
44.1478,290,0.23724,0.16898,-0.11817,0.70664,0.69804,-0.07236,0.09042,0,0.43755,-0.01122,0.32965,-0.01003,0.48909,0.87218,0.00105,0.43858,-0.00982,0.33436,-0.01014,0.48909,0.87217,0.00111,1.04,1.41,4.71
44.1645,291,0.23739,0.15497,-0.12398,0.74538,0.65941,-0.06403,0.07407,0,0.43771,-0.01082,0.33101,-0.01007,0.48905,0.87220,0.00108,0.43858,-0.00982,0.33436,-0.01014,0.48909,0.87217,0.00111,0.88,1.00,3.35
44.1812,292,0.23899,0.13752,-0.13011,0.77472,0.62926,-0.04991,0.03685,0,0.43794,-0.01045,0.33213,-0.01010,0.48899,0.87223,0.00108,0.43858,-0.00982,0.33436,-0.01014,0.48909,0.87217,0.00111,0.64,0.63,2.23
44.1979,293,0.24280,0.10398,-0.13933,0.82861,0.55517,-0.01346,-0.07074,0,0.43813,-0.01018,0.33291,-0.01014,0.48897,0.87224,0.00106,0.43858,-0.00982,0.33436,-0.01014,0.48909,0.87217,0.00111,0.46,0.37,1.45
44.2148,294,0.24463,0.08517,-0.14528,0.85207,0.51293,-0.00299,-0.10426,0,0.43827,-0.00999,0.33346,-0.01016,0.48901,0.87222,0.00101,0.43858,-0.00982,0.33436,-0.01014,0.48909,0.87217,0.00111,0.31,0.17,0.90
44.2315,295,0.24635,0.06606,-0.15012,0.88314,0.45935,-0.00090,-0.09522,0,0.43837,-0.00988,0.33377,-0.01018,0.48905,0.87220,0.00097,0.43858,-0.00982,0.33436,-0.01014,0.48909,0.87217,0.00111,0.21,0.06,0.59
44.2482,296,0.24797,0.04662,-0.15310,0.91241,0.40565,-0.00000,-0.05438,0,0.43846,-0.00983,0.33392,-0.01017,0.48907,0.87219,0.00099,0.43858,-0.00982,0.33436,-0.01014,0.48909,0.87217,0.00111,0.13,0.01,0.44
44.2652,297,0.24992,0.02657,-0.15365,0.93458,0.35562,0.00393,-0.00852,1,0.43853,-0.00983,0.33398,-0.01016,0.48907,0.87218,0.00103,0.43853,-0.00983,0.33398,-0.01016,0.48907,0.87218,0.00103,0.00,0.00,0.00
44.2822,298,0.25467,-0.01158,-0.15104,0.96602,0.25256,0.05276,0.01507,1,0.43858,-0.00987,0.33400,-0.01017,0.48909,0.87218,0.00105,0.43842,-0.01004,0.33233,-0.01016,0.48907,0.87218,0.00103,-0.16,-0.17,-1.67
44.2986,0,0.25694,-0.02757,-0.14793,0.96986,0.22749,0.08704,0.00697,1,0.43861,-0.00990,0.33398,-0.01020,0.48909,0.87217,0.00106,0.43824,-0.01025,0.33069,-0.01016,0.48907,0.87218,0.00103,-0.37,-0.35,-3.29
44.3156,1,0.25984,-0.04525,-0.14446,0.97127,0.21072,0.10945,-0.01613,1,0.43861,-0.00993,0.33388,-0.01025,0.48908,0.87218,0.00108,0.43802,-0.01048,0.32905,-0.01016,0.48907,0.87218,0.00103,-0.59,-0.55,-4.82
44.3324,2,0.26273,-0.06287,-0.14135,0.97597,0.17942,0.11314,-0.04986,1,0.43858,-0.00997,0.33359,-0.01031,0.48906,0.87219,0.00109,0.43778,-0.01072,0.32742,-0.01016,0.48907,0.87218,0.00103,-0.80,-0.75,-6.17
44.3492,3,0.26512,-0.08036,-0.13660,0.98081,0.13984,0.10952,-0.08044,1,0.43852,-0.01002,0.33306,-0.01036,0.48905,0.87219,0.00108,0.43750,-0.01095,0.32579,-0.01016,0.48907,0.87218,0.00103,-1.02,-0.93,-7.26
44.3657,4,0.26913,-0.11381,-0.12476,0.98568,0.07285,0.12878,-0.08094,1,0.43843,-0.01009,0.33231,-0.01036,0.48905,0.87220,0.00107,0.43714,-0.01117,0.32418,-0.01016,0.48907,0.87218,0.00103,-1.29,-1.09,-8.13
44.3825,5,0.27145,-0.12993,-0.11793,0.98584,0.05033,0.14721,-0.06252,1,0.43828,-0.01020,0.33127,-0.01035,0.48905,0.87219,0.00104,0.43674,-0.01139,0.32258,-0.01016,0.48907,0.87218,0.00103,-1.54,-1.20,-8.69
44.3992,6,0.27402,-0.14591,-0.11014,0.98542,0.02528,0.16047,-0.05050,1,0.43809,-0.01035,0.33001,-0.01033,0.48906,0.87219,0.00101,0.43630,-0.01162,0.32099,-0.01016,0.48907,0.87218,0.00103,-1.79,-1.27,-9.02
44.4160,7,0.27592,-0.16078,-0.10147,0.98455,-0.00645,0.16752,-0.05053,1,0.43786,-0.01055,0.32859,-0.01027,0.48907,0.87219,0.00100,0.43581,-0.01184,0.31941,-0.01016,0.48907,0.87218,0.00103,-2.05,-1.29,-9.18
44.4327,8,0.27827,-0.17584,-0.09249,0.98262,-0.04201,0.17082,-0.05931,1,0.43761,-0.01076,0.32718,-0.01022,0.48908,0.87218,0.00101,0.43528,-0.01206,0.31785,-0.01016,0.48907,0.87218,0.00103,-2.33,-1.29,-9.33
44.4495,9,0.28229,-0.20253,-0.07288,0.97603,-0.10405,0.17828,-0.06901,1,0.43730,-0.01102,0.32564,-0.01018,0.48909,0.87217,0.00104,0.43466,-0.01228,0.31631,-0.01016,0.48907,0.87218,0.00103,-2.63,-1.26,-9.32
44.4662,10,0.28453,-0.21521,-0.06248,0.97202,-0.13312,0.18233,-0.06490,1,0.43694,-0.01129,0.32408,-0.01015,0.48910,0.87217,0.00108,0.43401,-0.01250,0.31479,-0.01016,0.48907,0.87218,0.00103,-2.93,-1.21,-9.29
44.4829,11,0.28666,-0.22747,-0.05193,0.96765,-0.15938,0.18774,-0.05489,1,0.43653,-0.01155,0.32251,-0.01016,0.48910,0.87217,0.00113,0.43333,-0.01272,0.31329,-0.01016,0.48907,0.87218,0.00103,-3.20,-1.16,-9.22
44.4996,12,0.28881,-0.23866,-0.04161,0.96326,-0.18141,0.19459,-0.03671,1,0.43610,-0.01177,0.32103,-0.01016,0.48907,0.87218,0.00115,0.43261,-0.01294,0.31180,-0.01016,0.48907,0.87218,0.00103,-3.49,-1.17,-9.23
44.5164,13,0.29118,-0.24893,-0.03099,0.95882,-0.20266,0.19797,-0.01987,1,0.43561,-0.01197,0.31949,-0.01014,0.48906,0.87219,0.00117,0.43186,-0.01316,0.31033,-0.01016,0.48907,0.87218,0.00103,-3.75,-1.19,-9.16
44.5331,14,0.29540,-0.26662,-0.01009,0.94892,-0.25033,0.19203,-0.00047,1,0.43506,-0.01218,0.31796,-0.01012,0.48908,0.87218,0.00116,0.43105,-0.01339,0.30890,-0.01016,0.48907,0.87218,0.00103,-4.01,-1.21,-9.06
44.5501,15,0.29713,-0.27413,0.00000,0.94405,-0.26757,0.19263,0.00804,1,0.43446,-0.01239,0.31645,-0.01010,0.48912,0.87216,0.00113,0.43021,-0.01362,0.30748,-0.01016,0.48907,0.87218,0.00103,-4.26,-1.23,-8.97
44.5665,16,0.29886,-0.28091,0.00986,0.93932,-0.28332,0.19287,0.01475,1,0.43385,-0.01257,0.31502,-0.01009,0.48914,0.87215,0.00111,0.42934,-0.01386,0.30607,-0.01016,0.48907,0.87218,0.00103,-4.51,-1.28,-8.95
44.5836,17,0.30033,-0.28691,0.01936,0.93441,-0.29894,0.19290,0.01709,1,0.43315,-0.01278,0.31349,-0.01009,0.48908,0.87218,0.00105,0.42844,-0.01409,0.30469,-0.01016,0.48907,0.87218,0.00103,-4.71,-1.31,-8.81
44.6004,18,0.30164,-0.29245,0.02831,0.93003,-0.31174,0.19382,0.01750,1,0.43244,-0.01297,0.31199,-0.01004,0.48907,0.87218,0.00102,0.42752,-0.01432,0.30331,-0.01016,0.48907,0.87218,0.00103,-4.92,-1.35,-8.67
44.6170,19,0.30413,-0.30214,0.04458,0.92318,-0.33120,0.19390,0.02130,1,0.43169,-0.01317,0.31050,-0.01003,0.48911,0.87216,0.00101,0.42656,-0.01456,0.30197,-0.01016,0.48907,0.87218,0.00103,-5.12,-1.39,-8.52
44.6335,20,0.30512,-0.30639,0.05247,0.91974,-0.34171,0.19196,0.02139,1,0.43093,-0.01338,0.30911,-0.01003,0.48910,0.87217,0.00100,0.42559,-0.01479,0.30064,-0.01016,0.48907,0.87218,0.00103,-5.35,-1.41,-8.47
44.6504,21,0.30588,-0.31013,0.05978,0.91653,-0.34896,0.19400,0.02368,1,0.43010,-0.01360,0.30766,-0.01007,0.48908,0.87218,0.00098,0.42459,-0.01502,0.29932,-0.01016,0.48907,0.87218,0.00103,-5.51,-1.42,-8.34
44.6670,22,0.30665,-0.31340,0.06686,0.91358,-0.35385,0.19867,0.02619,1,0.42923,-0.01382,0.30622,-0.01010,0.48908,0.87218,0.00097,0.42358,-0.01525,0.29802,-0.01016,0.48907,0.87218,0.00103,-5.65,-1.43,-8.20
44.6837,23,0.30734,-0.31668,0.07384,0.91082,-0.35846,0.20286,0.02754,1,0.42839,-0.01404,0.30489,-0.01011,0.48909,0.87217,0.00096,0.42255,-0.01547,0.29673,-0.01016,0.48907,0.87218,0.00103,-5.84,-1.43,-8.16
44.7005,24,0.30866,-0.32220,0.08612,0.90680,-0.36647,0.20664,0.02680,1,0.42749,-0.01429,0.30351,-0.01013,0.48909,0.87217,0.00095,0.42150,-0.01570,0.29546,-0.01016,0.48907,0.87218,0.00103,-5.99,-1.41,-8.05
44.7173,25,0.30924,-0.32466,0.09194,0.90598,-0.36974,0.20469,0.02434,1,0.42656,-0.01453,0.30214,-0.01016,0.48907,0.87218,0.00098,0.42043,-0.01593,0.29420,-0.01016,0.48907,0.87218,0.00103,-6.13,-1.40,-7.95
44.7344,26,0.30997,-0.32713,0.09731,0.90561,-0.37263,0.20127,0.02234,1,0.42558,-0.01476,0.30078,-0.01020,0.48907,0.87218,0.00098,0.41935,-0.01615,0.29295,-0.01016,0.48907,0.87218,0.00103,-6.23,-1.39,-7.83
44.7509,27,0.31046,-0.32956,0.10270,0.90597,-0.37416,0.19689,0.02129,1,0.42459,-0.01498,0.29944,-0.01023,0.48906,0.87219,0.00096,0.41826,-0.01637,0.29170,-0.01016,0.48907,0.87218,0.00103,-6.33,-1.39,-7.73
44.7676,28,0.31090,-0.33188,0.10785,0.90695,-0.37373,0.19301,0.02244,1,0.42364,-0.01520,0.29818,-0.01025,0.48909,0.87217,0.00096,0.41716,-0.01660,0.29047,-0.01016,0.48907,0.87218,0.00103,-6.48,-1.39,-7.71
44.7843,29,0.31150,-0.33548,0.11798,0.90650,-0.37740,0.18738,0.02679,1,0.42263,-0.01543,0.29687,-0.01026,0.48909,0.87218,0.00096,0.41604,-0.01681,0.28926,-0.01016,0.48907,0.87218,0.00103,-6.59,-1.38,-7.61
44.8011,30,0.31154,-0.33699,0.12271,0.90517,-0.38028,0.18785,0.02755,1,0.42158,-0.01566,0.29556,-0.01027,0.48908,0.87218,0.00096,0.41491,-0.01703,0.28805,-0.01016,0.48907,0.87218,0.00103,-6.67,-1.37,-7.50
44.8179,31,0.31156,-0.33832,0.12709,0.90455,-0.37932,0.19255,0.02873,1,0.42059,-0.01585,0.29433,-0.01028,0.48907,0.87219,0.00096,0.41377,-0.01724,0.28686,-0.01016,0.48907,0.87218,0.00103,-6.81,-1.39,-7.48
44.8349,32,0.31132,-0.33973,0.13136,0.90505,-0.37724,0.19435,0.02847,1,0.41944,-0.01609,0.29298,-0.01026,0.48909,0.87217,0.00095,0.41262,-0.01745,0.28567,-0.01016,0.48907,0.87218,0.00103,-6.82,-1.36,-7.31
44.8513,33,0.31105,-0.34108,0.13521,0.90637,-0.37645,0.19007,0.02550,1,0.41842,-0.01630,0.29179,-0.01024,0.48909,0.87217,0.00095,0.41146,-0.01765,0.28449,-0.01016,0.48907,0.87218,0.00103,-6.95,-1.36,-7.30
44.8681,34,0.30971,-0.34340,0.14269,0.91011,-0.37537,0.17473,0.01613,1,0.41729,-0.01652,0.29054,-0.01023,0.48910,0.87217,0.00096,0.41029,-0.01785,0.28332,-0.01016,0.48907,0.87218,0.00103,-7.01,-1.33,-7.22
44.8848,35,0.30884,-0.34466,0.14560,0.91260,-0.37233,0.16861,0.01011,1,0.41615,-0.01673,0.28931,-0.01021,0.48910,0.87217,0.00096,0.40911,-0.01803,0.28216,-0.01016,0.48907,0.87218,0.00103,-7.04,-1.30,-7.15
44.9015,36,0.30809,-0.34591,0.14847,0.91527,-0.36846,0.16276,0.00500,1,0.41507,-0.01691,0.28815,-0.01020,0.48910,0.87217,0.00095,0.40793,-0.01821,0.28100,-0.01016,0.48907,0.87218,0.00103,-7.14,-1.30,-7.16
44.9182,37,0.30721,-0.34710,0.15085,0.91848,-0.36291,0.15713,0.00155,1,0.41390,-0.01712,0.28694,-0.01018,0.48911,0.87216,0.00096,0.40674,-0.01838,0.27984,-0.01016,0.48907,0.87218,0.00103,-7.16,-1.26,-7.10
44.9350,38,0.30649,-0.34809,0.15261,0.92197,-0.35610,0.15221,-0.00013,1,0.41272,-0.01733,0.28574,-0.01018,0.48912,0.87216,0.00095,0.40555,-0.01855,0.27869,-0.01016,0.48907,0.87218,0.00103,-7.18,-1.22,-7.05
44.9521,39,0.30499,-0.34900,0.15337,0.92920,-0.34236,0.13920,-0.00057,1,0.41153,-0.01753,0.28452,-0.01020,0.48912,0.87216,0.00097,0.40436,-0.01871,0.27753,-0.01016,0.48907,0.87218,0.00103,-7.17,-1.18,-6.99
44.9686,40,0.30433,-0.34897,0.15181,0.93334,-0.33369,0.13240,-0.00062,1,0.41042,-0.01771,0.28338,-0.01019,0.48911,0.87216,0.00097,0.40317,-0.01886,0.27637,-0.01016,0.48907,0.87218,0.00103,-7.25,-1.15,-7.01
44.9852,41,0.30363,-0.34848,0.15014,0.93814,-0.32215,0.12693,-0.00282,0,0.40923,-0.01790,0.28220,-0.01017,0.48913,0.87215,0.00096,0.40317,-0.01886,0.27637,-0.01016,0.48907,0.87218,0.00103,-6.06,-0.96,-5.83
45.0020,42,0.30341,-0.34757,0.14811,0.94337,-0.30839,0.12211,-0.00583,0,0.40806,-0.01810,0.28103,-0.01016,0.48913,0.87215,0.00095,0.40317,-0.01886,0.27637,-0.01016,0.48907,0.87218,0.00103,-4.89,-0.76,-4.66
45.0187,43,0.30325,-0.34477,0.14290,0.95205,-0.28684,0.10526,-0.01575,0,0.40699,-0.01826,0.27998,-0.01014,0.48912,0.87216,0.00096,0.40317,-0.01886,0.27637,-0.01016,0.48907,0.87218,0.00103,-3.82,-0.60,-3.61
45.0354,44,0.30307,-0.34333,0.13969,0.95619,-0.27519,0.09814,-0.01859,0,0.40596,-0.01841,0.27895,-0.01010,0.48912,0.87216,0.00097,0.40317,-0.01886,0.27637,-0.01016,0.48907,0.87218,0.00103,-2.79,-0.45,-2.58
45.0521,45,0.30263,-0.34075,0.13344,0.96126,-0.25917,0.09131,-0.02158,0,0.40510,-0.01852,0.27810,-0.01004,0.48911,0.87216,0.00098,0.40317,-0.01886,0.27637,-0.01016,0.48907,0.87218,0.00103,-1.93,-0.34,-1.73
45.0689,46,0.30261,-0.33727,0.12784,0.96610,-0.24285,0.08420,-0.02405,0,0.40446,-0.01859,0.27746,-0.00996,0.48911,0.87216,0.00100,0.40317,-0.01886,0.27637,-0.01016,0.48907,0.87218,0.00103,-1.29,-0.28,-1.09
45.0856,47,0.30295,-0.33358,0.12152,0.96995,-0.22898,0.07666,-0.02970,0,0.40404,-0.01863,0.27705,-0.00990,0.48912,0.87216,0.00101,0.40317,-0.01886,0.27637,-0.01016,0.48907,0.87218,0.00103,-0.87,-0.23,-0.68
45.1023,48,0.30352,-0.32433,0.10676,0.97779,-0.19560,0.06039,-0.04488,0,0.40372,-0.01867,0.27677,-0.00988,0.48913,0.87216,0.00099,0.40317,-0.01886,0.27637,-0.01016,0.48907,0.87218,0.00103,-0.55,-0.19,-0.40
45.1190,49,0.30415,-0.31900,0.09827,0.98219,-0.17244,0.05499,-0.05044,0,0.40352,-0.01869,0.27662,-0.00990,0.48912,0.87216,0.00097,0.40317,-0.01886,0.27637,-0.01016,0.48907,0.87218,0.00103,-0.35,-0.17,-0.25
45.1360,50,0.30472,-0.31307,0.08987,0.98626,-0.14796,0.05160,-0.05237,0,0.40338,-0.01871,0.27653,-0.00995,0.48913,0.87215,0.00097,0.40317,-0.01886,0.27637,-0.01016,0.48907,0.87218,0.00103,-0.21,-0.15,-0.16
45.1526,51,0.30566,-0.30677,0.08113,0.98963,-0.12405,0.04688,-0.05514,0,0.40331,-0.01872,0.27648,-0.00998,0.48913,0.87215,0.00098,0.40317,-0.01886,0.27637,-0.01016,0.48907,0.87218,0.00103,-0.14,-0.14,-0.11
45.1693,52,0.30678,-0.30000,0.07200,0.99237,-0.10095,0.04077,-0.05795,0,0.40327,-0.01874,0.27644,-0.01001,0.48913,0.87215,0.00098,0.40317,-0.01886,0.27637,-0.01016,0.48907,0.87218,0.00103,-0.10,-0.12,-0.07
45.1861,53,0.30846,-0.28453,0.05319,0.99603,-0.05656,0.02607,-0.06354,0,0.40326,-0.01876,0.27642,-0.01005,0.48913,0.87215,0.00097,0.40317,-0.01886,0.27637,-0.01016,0.48907,0.87218,0.00103,-0.09,-0.10,-0.05
45.2028,54,0.30916,-0.27575,0.04389,0.99684,-0.03308,0.01765,-0.07000,0,0.40324,-0.01878,0.27641,-0.01009,0.48913,0.87215,0.00096,0.40317,-0.01886,0.27637,-0.01016,0.48907,0.87218,0.00103,-0.07,-0.08,-0.04
45.2197,55,0.30988,-0.26663,0.03474,0.99691,-0.00881,0.01061,-0.07733,0,0.40324,-0.01879,0.27640,-0.01013,0.48912,0.87216,0.00096,0.40317,-0.01886,0.27637,-0.01016,0.48907,0.87218,0.00103,-0.07,-0.07,-0.03
45.2363,56,0.31072,-0.25729,0.02548,0.99643,0.01524,0.00482,-0.08287,0,0.40325,-0.01879,0.27639,-0.01014,0.48911,0.87216,0.00096,0.40317,-0.01886,0.27637,-0.01016,0.48907,0.87218,0.00103,-0.08,-0.07,-0.01
45.2532,57,0.31174,-0.24747,0.01623,0.99555,0.04085,0.00018,-0.08492,0,0.40325,-0.01879,0.27638,-0.01015,0.48909,0.87217,0.00097,0.40317,-0.01886,0.27637,-0.01016,0.48907,0.87218,0.00103,-0.08,-0.08,-0.01
45.2699,58,0.31352,-0.22657,-0.00073,0.99200,0.09030,-0.01444,-0.08707,0,0.40326,-0.01877,0.27637,-0.01016,0.48907,0.87219,0.00097,0.40317,-0.01886,0.27637,-0.01016,0.48907,0.87218,0.00103,-0.09,-0.09,0.00
45.2866,59,0.31431,-0.21594,-0.00881,0.98899,0.11282,-0.02394,-0.09270,0,0.40326,-0.01876,0.27636,-0.01017,0.48907,0.87219,0.00096,0.40317,-0.01886,0.27637,-0.01016,0.48907,0.87218,0.00103,-0.09,-0.10,0.01
45.3033,60,0.31476,-0.20438,-0.01624,0.98508,0.13213,-0.03516,-0.10456,0,0.40326,-0.01875,0.27635,-0.01018,0.48908,0.87218,0.00095,0.40317,-0.01886,0.27637,-0.01016,0.48907,0.87218,0.00103,-0.09,-0.11,0.02
45.3201,61,0.31534,-0.19290,-0.02333,0.97967,0.15224,-0.04683,-0.12194,0,0.40327,-0.01874,0.27634,-0.01018,0.48910,0.87217,0.00095,0.40317,-0.01886,0.27637,-0.01016,0.48907,0.87218,0.00103,-0.10,-0.12,0.03
45.3368,62,0.31583,-0.18115,-0.02990,0.97355,0.17319,-0.05709,-0.13764,0,0.40327,-0.01875,0.27634,-0.01018,0.48910,0.87217,0.00094,0.40317,-0.01886,0.27637,-0.01016,0.48907,0.87218,0.00103,-0.10,-0.11,0.03
45.3537,63,0.31694,-0.15864,-0.04107,0.95894,0.21783,-0.07486,-0.16549,0,0.40328,-0.01875,0.27633,-0.01017,0.48910,0.87217,0.00093,0.40317,-0.01886,0.27637,-0.01016,0.48907,0.87218,0.00103,-0.11,-0.11,0.04
45.3703,64,0.31744,-0.14823,-0.04590,0.95156,0.24086,-0.08382,-0.17172,0,0.40328,-0.01875,0.27633,-0.01017,0.48909,0.87217,0.00092,0.40317,-0.01886,0.27637,-0.01016,0.48907,0.87218,0.00103,-0.11,-0.11,0.04
45.3870,65,0.31779,-0.13838,-0.05041,0.94505,0.26057,-0.09276,-0.17429,0,0.40328,-0.01874,0.27633,-0.01017,0.48908,0.87218,0.00091,0.40317,-0.01886,0.27637,-0.01016,0.48907,0.87218,0.00103,-0.11,-0.12,0.04
45.4037,66,0.31803,-0.12923,-0.05498,0.93960,0.27426,-0.10256,-0.17726,0,0.40329,-0.01872,0.27632,-0.01018,0.48909,0.87217,0.00091,0.40317,-0.01886,0.27637,-0.01016,0.48907,0.87218,0.00103,-0.12,-0.14,0.05
45.4205,67,0.31163,-0.11293,-0.05667,0.93506,0.28591,-0.11300,-0.17648,0,0.40329,-0.01870,0.27632,-0.01018,0.48908,0.87218,0.00090,0.40317,-0.01886,0.27637,-0.01016,0.48907,0.87218,0.00103,-0.12,-0.16,0.05
45.4372,68,0.28470,-0.07324,-0.05574,0.92480,0.31508,-0.13561,-0.16454,0,0.40330,-0.01869,0.27632,-0.01018,0.48908,0.87218,0.00089,0.40317,-0.01886,0.27637,-0.01016,0.48907,0.87218,0.00103,-0.13,-0.17,0.05
45.4541,69,0.27205,-0.05484,-0.05455,0.91832,0.32885,-0.14407,-0.16672,1,0.40330,-0.01867,0.27632,-0.01017,0.48908,0.87218,0.00088,0.40330,-0.01868,0.27632,-0.01017,0.48909,0.87218,0.00088,-0.00,-0.00,-0.00
45.4708,70,0.25926,-0.03676,-0.05282,0.91070,0.34221,-0.15038,-0.17582,1,0.40331,-0.01866,0.27632,-0.01017,0.48908,0.87218,0.00087,0.40317,-0.01772,0.27767,-0.01017,0.48909,0.87218,0.00088,-0.13,0.95,1.36
45.4879,71,0.24784,-0.02026,-0.05109,0.90263,0.35396,-0.15781,-0.18725,1,0.40331,-0.01863,0.27631,-0.01018,0.48908,0.87218,0.00087,0.40303,-0.01676,0.27904,-0.01017,0.48909,0.87218,0.00088,-0.28,1.86,2.72
45.5044,72,0.23473,-0.00325,-0.04822,0.89554,0.36088,-0.16324,-0.20278,1,0.40334,-0.01855,0.27633,-0.01016,0.48907,0.87219,0.00087,0.40286,-0.01579,0.28038,-0.01017,0.48909,0.87218,0.00088,-0.48,2.76,4.05
45.5210,73,0.20789,0.02821,-0.04163,0.88491,0.37098,-0.17132,-0.22352,1,0.40339,-0.01840,0.27645,-0.01008,0.48906,0.87219,0.00083,0.40265,-0.01477,0.28168,-0.01017,0.48909,0.87218,0.00088,-0.74,3.63,5.22
45.5381,74,0.19662,0.04041,-0.03871,0.88078,0.37801,-0.17415,-0.22585,1,0.40339,-0.01808,0.27674,-0.01006,0.48909,0.87217,0.00084,0.40242,-0.01373,0.28296,-0.01017,0.48909,0.87218,0.00088,-0.97,4.35,6.22
45.5548,75,0.18928,0.04815,-0.03676,0.87828,0.38403,-0.17448,-0.22518,1,0.40336,-0.01766,0.27724,-0.01006,0.48913,0.87215,0.00086,0.40219,-0.01269,0.28424,-0.01017,0.48909,0.87218,0.00088,-1.17,4.97,7.00
45.5714,76,0.18291,0.05376,-0.03490,0.87764,0.38899,-0.17336,-0.21994,1,0.40327,-0.01706,0.27800,-0.01007,0.48916,0.87213,0.00085,0.40194,-0.01162,0.28550,-0.01017,0.48909,0.87218,0.00088,-1.33,5.43,7.50
45.5883,77,0.17875,0.05345,-0.03356,0.87839,0.39330,-0.17199,-0.21014,1,0.40318,-0.01632,0.27899,-0.01004,0.48916,0.87214,0.00082,0.40168,-0.01052,0.28672,-0.01017,0.48909,0.87218,0.00088,-1.49,5.80,7.73
45.6051,78,0.17126,0.05200,-0.03107,0.88823,0.39666,-0.16482,-0.16293,1,0.40305,-0.01547,0.28015,-0.01005,0.48913,0.87215,0.00079,0.40139,-0.00935,0.28787,-0.01017,0.48909,0.87218,0.00088,-1.66,6.12,7.72
45.6218,79,0.16758,0.04946,-0.02974,0.89575,0.39383,-0.16024,-0.12984,1,0.40287,-0.01459,0.28133,-0.01012,0.48914,0.87215,0.00075,0.40109,-0.00813,0.28897,-0.01017,0.48909,0.87218,0.00088,-1.79,6.46,7.64
45.6386,80,0.16393,0.04620,-0.02819,0.90338,0.38694,-0.15712,-0.09746,1,0.40265,-0.01358,0.28261,-0.01016,0.48913,0.87215,0.00071,0.40076,-0.00686,0.28999,-0.01017,0.48909,0.87218,0.00088,-1.89,6.72,7.38
45.6552,81,0.16054,0.04158,-0.02612,0.91208,0.37344,-0.15483,-0.06842,1,0.40240,-0.01251,0.28390,-0.01018,0.48913,0.87215,0.00071,0.40039,-0.00553,0.29093,-0.01017,0.48909,0.87218,0.00088,-2.01,6.98,7.03
45.6718,82,0.15745,0.03617,-0.02363,0.92022,0.35713,-0.15353,-0.04559,1,0.40230,-0.01212,0.28434,-0.01020,0.48913,0.87215,0.00071,0.39997,-0.00415,0.29176,-0.01017,0.48909,0.87218,0.00088,-2.33,7.97,7.42
45.6886,83,0.28451,-0.12390,-0.03725,0.93284,0.32019,-0.16480,-0.01177,0,0.40185,-0.01033,0.28627,-0.01020,0.48914,0.87214,0.00073,0.39997,-0.00415,0.29176,-0.01017,0.48909,0.87218,0.00088,-1.87,6.18,5.49
45.7051,84,0.28177,-0.13062,-0.03274,0.93995,0.29820,-0.16598,0.00468,0,0.40153,-0.00917,0.28741,-0.01019,0.48915,0.87214,0.00074,0.39997,-0.00415,0.29176,-0.01017,0.48909,0.87218,0.00088,-1.55,5.03,4.35
45.7219,85,0.28294,-0.14045,-0.02817,0.94840,0.27048,-0.16386,0.02294,0,0.40123,-0.00811,0.28841,-0.01016,0.48917,0.87213,0.00078,0.39997,-0.00415,0.29176,-0.01017,0.48909,0.87218,0.00088,-1.26,3.96,3.35
45.7388,86,0.28034,-0.14716,-0.02231,0.95611,0.24038,-0.16336,0.03722,0,0.40093,-0.00707,0.28936,-0.01016,0.48917,0.87213,0.00084,0.39997,-0.00415,0.29176,-0.01017,0.48909,0.87218,0.00088,-0.95,2.93,2.40
45.7555,87,0.27923,-0.15467,-0.01635,0.96230,0.21185,-0.16200,0.05346,0,0.40065,-0.00620,0.29013,-0.01018,0.48914,0.87214,0.00085,0.39997,-0.00415,0.29176,-0.01017,0.48909,0.87218,0.00088,-0.68,2.06,1.62
45.7723,88,0.27835,-0.17063,-0.00251,0.97075,0.16350,-0.15292,0.08680,0,0.40043,-0.00552,0.29071,-0.01019,0.48911,0.87216,0.00086,0.39997,-0.00415,0.29176,-0.01017,0.48909,0.87218,0.00088,-0.46,1.38,1.05
45.7891,89,0.27552,-0.17735,0.00484,0.97416,0.14202,-0.14562,0.09813,0,0.40026,-0.00503,0.29109,-0.01019,0.48908,0.87218,0.00086,0.39997,-0.00415,0.29176,-0.01017,0.48909,0.87218,0.00088,-0.29,0.89,0.67
45.8057,90,0.27402,-0.18367,0.01222,0.97772,0.11931,-0.13862,0.10301,0,0.40015,-0.00474,0.29131,-0.01017,0.48910,0.87217,0.00088,0.39997,-0.00415,0.29176,-0.01017,0.48909,0.87218,0.00088,-0.18,0.59,0.45
45.8225,91,0.27178,-0.18867,0.01883,0.97950,0.09842,-0.13675,0.11038,0,0.40008,-0.00455,0.29144,-0.01013,0.48914,0.87215,0.00092,0.39997,-0.00415,0.29176,-0.01017,0.48909,0.87218,0.00088,-0.11,0.41,0.31
45.8392,92,0.27042,-0.19351,0.02663,0.98109,0.07684,-0.13791,0.11202,0,0.40005,-0.00444,0.29152,-0.01009,0.48914,0.87215,0.00094,0.39997,-0.00415,0.29176,-0.01017,0.48909,0.87218,0.00088,-0.07,0.30,0.23
45.8560,93,0.26756,-0.20130,0.04263,0.98114,0.04356,-0.14867,0.11560,0,0.40002,-0.00436,0.29156,-0.01010,0.48913,0.87215,0.00097,0.39997,-0.00415,0.29176,-0.01017,0.48909,0.87218,0.00088,-0.05,0.21,0.20
45.8726,94,0.26965,-0.20650,0.04971,0.98355,0.02508,-0.14056,0.11063,0,0.40002,-0.00430,0.29158,-0.01010,0.48911,0.87216,0.00097,0.39997,-0.00415,0.29176,-0.01017,0.48909,0.87218,0.00088,-0.04,0.16,0.17
45.8894,95,0.27739,-0.21601,0.05736,0.98607,0.01402,-0.13200,0.10024,0,0.40002,-0.00426,0.29159,-0.01011,0.48911,0.87216,0.00097,0.39997,-0.00415,0.29176,-0.01017,0.48909,0.87218,0.00088,-0.05,0.11,0.16
45.9061,96,0.28720,-0.22643,0.06586,0.98779,0.00806,-0.12652,0.09056,0,0.40004,-0.00422,0.29160,-0.01012,0.48911,0.87216,0.00096,0.39997,-0.00415,0.29176,-0.01017,0.48909,0.87218,0.00088,-0.06,0.07,0.16
45.9229,97,0.29111,-0.23154,0.07385,0.98795,0.00430,-0.12278,0.09413,0,0.40005,-0.00419,0.29160,-0.01014,0.48911,0.87216,0.00096,0.39997,-0.00415,0.29176,-0.01017,0.48909,0.87218,0.00088,-0.08,0.04,0.15
45.9398,98,0.29504,-0.23861,0.08847,0.98716,0.00561,-0.12368,0.10093,0,0.40006,-0.00416,0.29161,-0.01015,0.48911,0.87216,0.00095,0.39997,-0.00415,0.29176,-0.01017,0.48909,0.87218,0.00088,-0.09,0.01,0.15
45.9566,99,0.29736,-0.24133,0.09480,0.98640,0.00072,-0.12763,0.10354,0,0.40007,-0.00411,0.29161,-0.01015,0.48909,0.87217,0.00094,0.39997,-0.00415,0.29176,-0.01017,0.48909,0.87218,0.00088,-0.10,-0.03,0.15
45.9734,100,0.30040,-0.24308,0.10076,0.98681,-0.00791,-0.12719,0.09986,0,0.40007,-0.00407,0.29161,-0.01016,0.48909,0.87218,0.00093,0.39997,-0.00415,0.29176,-0.01017,0.48909,0.87218,0.00088,-0.10,-0.08,0.15
45.9902,101,0.30442,-0.24469,0.10630,0.98714,-0.01290,-0.13007,0.09203,0,0.40008,-0.00402,0.29161,-0.01016,0.48908,0.87218,0.00090,0.39997,-0.00415,0.29176,-0.01017,0.48909,0.87218,0.00088,-0.10,-0.12,0.14
46.0069,102,0.30849,-0.24572,0.11136,0.98621,-0.01182,-0.13968,0.08796,0,0.40008,-0.00399,0.29161,-0.01015,0.48907,0.87218,0.00088,0.39997,-0.00415,0.29176,-0.01017,0.48909,0.87218,0.00088,-0.11,-0.15,0.14
46.0237,103,0.31653,-0.24725,0.11862,0.98266,-0.00097,-0.16366,0.08713,0,0.40008,-0.00398,0.29162,-0.01014,0.48909,0.87217,0.00086,0.39997,-0.00415,0.29176,-0.01017,0.48909,0.87218,0.00088,-0.11,-0.17,0.14
46.0404,104,0.32103,-0.24710,0.12183,0.98163,0.00350,-0.17344,0.07938,0,0.40008,-0.00397,0.29162,-0.01013,0.48910,0.87217,0.00084,0.39997,-0.00415,0.29176,-0.01017,0.48909,0.87218,0.00088,-0.11,-0.17,0.14
46.0572,105,0.32589,-0.24683,0.12446,0.98068,0.01079,-0.18163,0.07182,0,0.40009,-0.00398,0.29162,-0.01013,0.48910,0.87217,0.00083,0.39997,-0.00415,0.29176,-0.01017,0.48909,0.87218,0.00088,-0.11,-0.16,0.14
46.0739,106,0.33053,-0.24649,0.12640,0.97994,0.01656,-0.18611,0.06935,0,0.40009,-0.00400,0.29161,-0.01014,0.48909,0.87217,0.00083,0.39997,-0.00415,0.29176,-0.01017,0.48909,0.87218,0.00088,-0.12,-0.15,0.15
46.0909,107,0.33536,-0.24570,0.12757,0.97962,0.01858,-0.18740,0.06985,0,0.40009,-0.00401,0.29161,-0.01014,0.48909,0.87218,0.00083,0.39997,-0.00415,0.29176,-0.01017,0.48909,0.87218,0.00088,-0.12,-0.14,0.15
46.1074,108,0.34473,-0.24286,0.12948,0.97951,0.03339,-0.18401,0.07473,0,0.40010,-0.00401,0.29161,-0.01015,0.48908,0.87218,0.00083,0.39997,-0.00415,0.29176,-0.01017,0.48909,0.87218,0.00088,-0.12,-0.13,0.15
46.1243,109,0.34979,-0.24173,0.12974,0.97908,0.04263,-0.18405,0.07556,0,0.40010,-0.00402,0.29160,-0.01016,0.48909,0.87217,0.00084,0.39997,-0.00415,0.29176,-0.01017,0.48909,0.87218,0.00088,-0.13,-0.13,0.15
46.1410,110,0.35476,-0.24017,0.12895,0.97836,0.05038,-0.18619,0.07493,0,0.40011,-0.00402,0.29160,-0.01016,0.48909,0.87217,0.00084,0.39997,-0.00415,0.29176,-0.01017,0.48909,0.87218,0.00088,-0.13,-0.13,0.16
46.1577,111,0.35966,-0.23876,0.12817,0.97719,0.05924,-0.19060,0.07251,0,0.40011,-0.00402,0.29160,-0.01016,0.48909,0.87217,0.00084,0.39997,-0.00415,0.29176,-0.01017,0.48909,0.87218,0.00088,-0.14,-0.13,0.16
46.1746,112,0.36922,-0.23601,0.12440,0.97461,0.07515,-0.19998,0.06705,0,0.40012,-0.00401,0.29160,-0.01016,0.48909,0.87217,0.00084,0.39997,-0.00415,0.29176,-0.01017,0.48909,0.87218,0.00088,-0.14,-0.13,0.16
46.1913,113,0.37393,-0.23484,0.12215,0.97353,0.08362,-0.20339,0.06226,0,0.40012,-0.00401,0.29160,-0.01016,0.48910,0.87217,0.00083,0.39997,-0.00415,0.29176,-0.01017,0.48909,0.87218,0.00088,-0.14,-0.13,0.16
46.2082,114,0.37846,-0.23419,0.11925,0.97199,0.09314,-0.20899,0.05362,0,0.40012,-0.00401,0.29160,-0.01016,0.48910,0.87217,0.00083,0.39997,-0.00415,0.29176,-0.01017,0.48909,0.87218,0.00088,-0.14,-0.13,0.16
46.2250,115,0.38294,-0.23403,0.11595,0.97103,0.09824,-0.21390,0.04121,0,0.40012,-0.00401,0.29160,-0.01016,0.48909,0.87217,0.00083,0.39997,-0.00415,0.29176,-0.01017,0.48909,0.87218,0.00088,-0.14,-0.13,0.16
46.2416,116,0.38714,-0.23407,0.11252,0.97108,0.09904,-0.21535,0.02877,0,0.40012,-0.00402,0.29160,-0.01016,0.48910,0.87217,0.00083,0.39997,-0.00415,0.29176,-0.01017,0.48909,0.87218,0.00088,-0.15,-0.13,0.16
46.2585,117,0.39580,-0.23526,0.10460,0.97427,0.09683,-0.20333,0.00920,0,0.40012,-0.00402,0.29160,-0.01016,0.48910,0.87217,0.00084,0.39997,-0.00415,0.29176,-0.01017,0.48909,0.87218,0.00088,-0.15,-0.13,0.16
46.2752,118,0.39993,-0.23633,0.10066,0.97668,0.09525,-0.19238,0.00391,0,0.40012,-0.00402,0.29160,-0.01016,0.48910,0.87217,0.00084,0.39997,-0.00415,0.29176,-0.01017,0.48909,0.87218,0.00088,-0.15,-0.12,0.16
46.2921,119,0.40414,-0.23701,0.09664,0.97872,0.09405,-0.18234,-0.00240,0,0.40012,-0.00403,0.29160,-0.01016,0.48911,0.87217,0.00084,0.39997,-0.00415,0.29176,-0.01017,0.48909,0.87218,0.00088,-0.15,-0.12,0.16
46.3093,120,0.40837,-0.23741,0.09175,0.98040,0.09107,-0.17456,-0.00660,1,0.40012,-0.00403,0.29160,-0.01016,0.48910,0.87217,0.00085,0.40012,-0.00403,0.29160,-0.01016,0.48911,0.87217,0.00085,0.00,0.00,0.00
46.3259,121,0.41170,-0.23692,0.08685,0.98169,0.08787,-0.16881,-0.00852,1,0.40012,-0.00403,0.29160,-0.01016,0.48910,0.87217,0.00085,0.40149,-0.00496,0.29174,-0.01016,0.48911,0.87217,0.00085,1.38,-0.93,0.14
46.3426,122,0.41733,-0.23339,0.07606,0.98542,0.08497,-0.14662,-0.01528,1,0.40012,-0.00402,0.29158,-0.01019,0.48912,0.87216,0.00085,0.40291,-0.00571,0.29219,-0.01016,0.48911,0.87217,0.00085,2.80,-1.70,0.61
46.3596,123,0.42026,-0.22999,0.06937,0.98762,0.08783,-0.12920,-0.01428,1,0.40017,-0.00402,0.29155,-0.01021,0.48915,0.87214,0.00088,0.40432,-0.00639,0.29278,-0.01016,0.48911,0.87217,0.00085,4.15,-2.37,1.22
46.3759,124,0.40865,-0.23513,0.08290,0.98938,0.09507,-0.10959,-0.00867,1,0.40036,-0.00413,0.29154,-0.01017,0.48913,0.87215,0.00090,0.40340,-0.00503,0.29248,-0.01016,0.48911,0.87217,0.00085,3.04,-0.91,0.94
46.3927,125,0.39840,-0.23213,0.07907,0.98996,0.11013,-0.08865,-0.00006,1,0.40070,-0.00432,0.29154,-0.01014,0.48912,0.87216,0.00091,0.40361,-0.00340,0.29277,-0.01016,0.48911,0.87217,0.00085,2.91,0.92,1.23
46.4095,126,0.39151,-0.22776,0.07448,0.98938,0.12626,-0.07167,0.00729,1,0.40127,-0.00459,0.29165,-0.01004,0.48909,0.87218,0.00093,0.40417,-0.00194,0.29334,-0.01016,0.48911,0.87217,0.00085,2.90,2.65,1.69
46.4261,127,0.37206,-0.21364,0.06265,0.98617,0.15899,-0.04577,0.00978,1,0.40198,-0.00485,0.29187,-0.00994,0.48909,0.87217,0.00092,0.40486,-0.00065,0.29413,-0.01016,0.48911,0.87217,0.00085,2.87,4.21,2.26
46.4428,128,0.38154,-0.19083,0.03008,0.98258,0.18269,-0.03184,0.01236,1,0.40270,-0.00505,0.29212,-0.00987,0.48914,0.87215,0.00093,0.40610,-0.00023,0.29516,-0.01016,0.48911,0.87217,0.00085,3.40,4.82,3.04
46.4598,129,0.40411,-0.19235,0.01405,0.97792,0.20672,-0.02753,0.01367,1,0.40342,-0.00507,0.29244,-0.00986,0.48916,0.87214,0.00093,0.40753,-0.00044,0.29599,-0.01016,0.48911,0.87217,0.00085,4.11,4.64,3.55
46.4764,130,0.42634,-0.19270,-0.00235,0.97114,0.23556,-0.03227,0.01897,1,0.40408,-0.00478,0.29283,-0.00989,0.48917,0.87213,0.00098,0.40895,-0.00105,0.29660,-0.01016,0.48911,0.87217,0.00085,4.88,3.73,3.78
46.4934,131,0.44683,-0.19074,-0.01929,0.96284,0.26621,-0.03988,0.02210,1,0.40468,-0.00419,0.29329,-0.00995,0.48917,0.87213,0.00104,0.41032,-0.00186,0.29710,-0.01016,0.48911,0.87217,0.00085,5.64,2.33,3.81
46.5102,132,0.46262,-0.16925,-0.04638,0.94154,0.33245,-0.05076,0.02032,1,0.40529,-0.00341,0.29385,-0.01002,0.48915,0.87214,0.00110,0.41165,-0.00264,0.29774,-0.01016,0.48911,0.87217,0.00085,6.35,0.76,3.89
46.5266,133,0.46695,-0.15334,-0.05658,0.92788,0.36866,-0.05375,0.01559,1,0.40594,-0.00258,0.29445,-0.01006,0.48910,0.87217,0.00115,0.41294,-0.00339,0.29849,-0.01016,0.48911,0.87217,0.00085,6.99,-0.80,4.04
46.5437,134,0.46923,-0.13639,-0.06764,0.91194,0.40601,-0.05888,0.00665,1,0.40677,-0.00176,0.29517,-0.01005,0.48906,0.87219,0.00115,0.41420,-0.00407,0.29933,-0.01016,0.48911,0.87217,0.00085,7.43,-2.31,4.16
46.5602,135,0.47158,-0.11801,-0.07772,0.89360,0.44396,-0.06579,-0.00643,1,0.40772,-0.00115,0.29593,-0.01003,0.48903,0.87221,0.00107,0.41543,-0.00470,0.30027,-0.01016,0.48911,0.87217,0.00085,7.71,-3.55,4.34
46.5769,136,0.47404,-0.09887,-0.08755,0.87473,0.47873,-0.07160,-0.02298,1,0.40874,-0.00090,0.29665,-0.00999,0.48904,0.87221,0.00095,0.41661,-0.00529,0.30128,-0.01016,0.48911,0.87217,0.00085,7.88,-4.39,4.63
46.5939,137,0.47711,-0.05577,-0.10280,0.84238,0.52970,-0.07918,-0.05945,1,0.40991,-0.00100,0.29740,-0.00995,0.48908,0.87218,0.00086,0.41770,-0.00579,0.30244,-0.01016,0.48911,0.87217,0.00085,7.79,-4.79,5.04
46.6106,138,0.47649,-0.02981,-0.10849,0.82761,0.54944,-0.07633,-0.08573,1,0.41113,-0.00146,0.29813,-0.00991,0.48907,0.87219,0.00078,0.41872,-0.00624,0.30368,-0.01016,0.48911,0.87217,0.00085,7.59,-4.78,5.55
46.6270,139,0.47501,-0.00463,-0.11194,0.80549,0.57852,-0.07687,-0.10295,1,0.41236,-0.00214,0.29888,-0.00988,0.48909,0.87218,0.00077,0.41968,-0.00664,0.30498,-0.01016,0.48911,0.87217,0.00085,7.32,-4.49,6.11
46.6438,140,0.47343,0.01931,-0.11475,0.77711,0.61560,-0.07344,-0.10842,1,0.41352,-0.00289,0.29964,-0.00986,0.48911,0.87217,0.00080,0.42058,-0.00700,0.30634,-0.01016,0.48911,0.87217,0.00085,7.06,-4.11,6.70
46.6605,141,0.47139,0.04226,-0.11676,0.74745,0.65214,-0.06723,-0.10732,1,0.41474,-0.00372,0.30054,-0.00984,0.48916,0.87214,0.00083,0.42143,-0.00732,0.30774,-0.01016,0.48911,0.87217,0.00085,6.69,-3.60,7.20
46.6772,142,0.46722,0.08939,-0.11630,0.70321,0.70045,-0.05626,-0.10815,1,0.41593,-0.00453,0.30153,-0.00986,0.48921,0.87211,0.00089,0.42217,-0.00758,0.30921,-0.01016,0.48911,0.87217,0.00085,6.24,-3.05,7.68
46.6942,143,0.46455,0.11248,-0.11406,0.68287,0.71987,-0.05483,-0.11168,1,0.41709,-0.00530,0.30262,-0.00991,0.48921,0.87211,0.00096,0.42285,-0.00781,0.31071,-0.01016,0.48911,0.87217,0.00085,5.77,-2.51,8.09
46.7108,144,0.46098,0.13531,-0.11104,0.66382,0.73682,-0.04858,-0.11866,1,0.41813,-0.00594,0.30372,-0.00999,0.48918,0.87212,0.00106,0.42348,-0.00801,0.31224,-0.01016,0.48911,0.87217,0.00085,5.36,-2.07,8.52
46.7274,145,0.46098,0.13531,-0.11104,0.66382,0.73682,-0.04858,-0.11866,1,0.41918,-0.00651,0.30498,-0.01008,0.48917,0.87213,0.00112,0.42411,-0.00820,0.31377,-0.01016,0.48911,0.87217,0.00085,4.93,-1.69,8.79
46.7442,146,0.45522,0.18056,-0.10017,0.61840,0.77388,-0.03033,-0.13330,1,0.42017,-0.00700,0.30633,-0.01013,0.48915,0.87214,0.00115,0.42463,-0.00836,0.31535,-0.01016,0.48911,0.87217,0.00085,4.45,-1.36,9.02
46.7609,147,0.45070,0.22203,-0.08859,0.56570,0.81221,-0.01523,-0.14165,1,0.42109,-0.00739,0.30775,-0.01018,0.48915,0.87214,0.00116,0.42504,-0.00847,0.31696,-0.01016,0.48911,0.87217,0.00085,3.95,-1.08,9.21
46.7781,148,0.44881,0.24224,-0.08174,0.54322,0.82712,-0.00761,-0.14398,1,0.42193,-0.00767,0.30922,-0.01021,0.48912,0.87216,0.00115,0.42541,-0.00858,0.31858,-0.01016,0.48911,0.87217,0.00085,3.48,-0.91,9.36
46.7946,149,0.44727,0.26160,-0.07445,0.52357,0.83980,-0.00155,-0.14353,1,0.42263,-0.00785,0.31063,-0.01024,0.48910,0.87217,0.00110,0.42574,-0.00867,0.32021,-0.01016,0.48911,0.87217,0.00085,3.11,-0.82,9.58
46.8111,150,0.44600,0.28009,-0.06662,0.50556,0.85125,0.00323,-0.14063,1,0.42330,-0.00799,0.31216,-0.01023,0.48911,0.87216,0.00102,0.42602,-0.00876,0.32185,-0.01016,0.48911,0.87217,0.00085,2.73,-0.77,9.70
46.8282,151,0.44518,0.29769,-0.05851,0.48677,0.86275,0.00705,-0.13664,1,0.42389,-0.00812,0.31370,-0.01017,0.48911,0.87216,0.00092,0.42627,-0.00884,0.32350,-0.01016,0.48911,0.87217,0.00085,2.38,-0.72,9.79
46.8446,152,0.44400,0.33014,-0.04262,0.45071,0.88258,0.00939,-0.13353,1,0.42438,-0.00823,0.31519,-0.01009,0.48912,0.87216,0.00080,0.42644,-0.00891,0.32516,-0.01016,0.48911,0.87217,0.00085,2.05,-0.68,9.96
46.8617,153,0.44391,0.34475,-0.03451,0.43405,0.89047,0.01320,-0.13597,1,0.42482,-0.00828,0.31677,-0.01007,0.48912,0.87216,0.00075,0.42657,-0.00898,0.32682,-0.01016,0.48911,0.87217,0.00085,1.75,-0.70,10.04
46.8781,154,0.44379,0.35864,-0.02589,0.41707,0.89825,0.01815,-0.13735,1,0.42522,-0.00834,0.31837,-0.01005,0.48912,0.87216,0.00072,0.42667,-0.00904,0.32848,-0.01016,0.48911,0.87217,0.00085,1.46,-0.71,10.11
46.8952,155,0.44403,0.37139,-0.01767,0.39919,0.90620,0.02393,-0.13741,1,0.42554,-0.00844,0.31997,-0.01004,0.48914,0.87215,0.00067,0.42675,-0.00911,0.33014,-0.01016,0.48911,0.87217,0.00085,1.20,-0.67,10.17
46.9118,156,0.44439,0.38326,-0.01070,0.38108,0.91413,0.02800,-0.13547,1,0.42583,-0.00856,0.32151,-0.01003,0.48916,0.87213,0.00068,0.42679,-0.00917,0.33181,-0.01016,0.48911,0.87217,0.00085,0.96,-0.61,10.30
46.9284,157,0.44598,0.40389,0.00269,0.35270,0.92668,0.02782,-0.12687,1,0.42610,-0.00871,0.32315,-0.01006,0.48917,0.87213,0.00071,0.42679,-0.00924,0.33347,-0.01016,0.48911,0.87217,0.00085,0.69,-0.53,10.32
46.9452,158,0.44682,0.41250,0.00870,0.34133,0.93130,0.02603,-0.12453,1,0.42634,-0.00885,0.32481,-0.01009,0.48917,0.87213,0.00075,0.42677,-0.00931,0.33514,-0.01016,0.48911,0.87217,0.00085,0.44,-0.46,10.33
46.9621,159,0.44751,0.42027,0.01389,0.33124,0.93484,0.02676,-0.12503,1,0.42652,-0.00897,0.32646,-0.01014,0.48916,0.87213,0.00076,0.42674,-0.00938,0.33680,-0.01016,0.48911,0.87217,0.00085,0.22,-0.41,10.34
46.9790,160,0.44831,0.42719,0.01826,0.32391,0.93709,0.02895,-0.12693,1,0.42667,-0.00908,0.32814,-0.01014,0.48916,0.87214,0.00076,0.42669,-0.00945,0.33847,-0.01016,0.48911,0.87217,0.00085,0.02,-0.37,10.33
46.9959,161,0.44892,0.43347,0.02170,0.31967,0.93798,0.03136,-0.13044,1,0.42678,-0.00916,0.32983,-0.01014,0.48916,0.87214,0.00074,0.42663,-0.00952,0.34013,-0.01016,0.48911,0.87217,0.00085,-0.15,-0.37,10.30
47.0127,162,0.44981,0.44232,0.02670,0.32475,0.93465,0.03809,-0.13972,1,0.42684,-0.00920,0.33142,-0.01011,0.48915,0.87214,0.00073,0.42655,-0.00960,0.34179,-0.01016,0.48911,0.87217,0.00085,-0.29,-0.40,10.37
47.0294,163,0.45014,0.44539,0.02797,0.32842,0.93240,0.03870,-0.14588,1,0.42685,-0.00922,0.33311,-0.01011,0.48914,0.87214,0.00069,0.42648,-0.00967,0.34346,-0.01016,0.48911,0.87217,0.00085,-0.38,-0.45,10.34
47.0459,164,0.45008,0.44746,0.02836,0.33050,0.93058,0.03891,-0.15254,1,0.42684,-0.00923,0.33479,-0.01008,0.48915,0.87214,0.00065,0.42640,-0.00975,0.34512,-0.01016,0.48911,0.87217,0.00085,-0.44,-0.52,10.33
47.0629,165,0.44969,0.44906,0.02803,0.33255,0.92897,0.03872,-0.15790,1,0.42681,-0.00925,0.33637,-0.01005,0.48916,0.87214,0.00061,0.42632,-0.00982,0.34678,-0.01016,0.48911,0.87217,0.00085,-0.50,-0.57,10.42
47.0793,166,0.44713,0.44870,0.02296,0.34527,0.92410,0.03635,-0.15971,1,0.42679,-0.00931,0.33804,-0.01002,0.48917,0.87213,0.00059,0.42626,-0.00988,0.34845,-0.01016,0.48911,0.87217,0.00085,-0.53,-0.58,10.41
47.0963,167,0.44547,0.44656,0.01926,0.35546,0.92068,0.03603,-0.15719,1,0.42674,-0.00939,0.33971,-0.01002,0.48918,0.87213,0.00058,0.42621,-0.00994,0.35011,-0.01016,0.48911,0.87217,0.00085,-0.53,-0.55,10.40
47.1131,168,0.44364,0.44337,0.01444,0.36747,0.91637,0.03555,-0.15480,1,0.42669,-0.00948,0.34139,-0.01002,0.48918,0.87213,0.00061,0.42617,-0.01000,0.35178,-0.01016,0.48911,0.87217,0.00085,-0.52,-0.52,10.39
47.1296,169,0.44125,0.43853,0.00864,0.38300,0.91025,0.03657,-0.15302,1,0.42664,-0.00955,0.34299,-0.01002,0.48916,0.87214,0.00062,0.42616,-0.01004,0.35344,-0.01016,0.48911,0.87217,0.00085,-0.48,-0.50,10.46
47.1466,170,0.43813,0.43260,0.00234,0.39992,0.90285,0.03857,-0.15308,1,0.42658,-0.00961,0.34469,-0.01001,0.48916,0.87214,0.00063,0.42617,-0.01008,0.35511,-0.01016,0.48911,0.87217,0.00085,-0.41,-0.47,10.42
47.1633,171,0.43021,0.41640,-0.01310,0.43848,0.88433,0.04204,-0.15471,1,0.42653,-0.00967,0.34641,-0.00999,0.48916,0.87214,0.00063,0.42624,-0.01008,0.35677,-0.01016,0.48911,0.87217,0.00085,-0.29,-0.42,10.36
47.1803,172,0.42508,0.40593,-0.02181,0.45868,0.87410,0.04502,-0.15337,1,0.42648,-0.00973,0.34812,-0.00998,0.48916,0.87214,0.00064,0.42634,-0.01007,0.35844,-0.01016,0.48911,0.87217,0.00085,-0.13,-0.34,10.32
47.1967,173,0.41953,0.39392,-0.03128,0.48101,0.86233,0.04978,-0.15010,1,0.42643,-0.00979,0.34971,-0.01000,0.48915,0.87214,0.00066,0.42649,-0.01003,0.36010,-0.01016,0.48911,0.87217,0.00085,0.06,-0.24,10.39
47.2138,174,0.41396,0.38012,-0.04157,0.50625,0.84792,0.05725,-0.14653,1,0.42641,-0.00984,0.35136,-0.01002,0.48913,0.87215,0.00070,0.42668,-0.00997,0.36175,-0.01016,0.48911,0.87217,0.00085,0.27,-0.13,10.39
47.2305,175,0.40816,0.36518,-0.05172,0.53223,0.83200,0.06487,-0.14247,1,0.42643,-0.00988,0.35301,-0.01002,0.48912,0.87216,0.00073,0.42693,-0.00988,0.36340,-0.01016,0.48911,0.87217,0.00085,0.49,-0.01,10.39
47.2472,176,0.39555,0.32798,-0.07376,0.58903,0.79233,0.07898,-0.13790,1,0.42649,-0.00990,0.35468,-0.01000,0.48911,0.87217,0.00074,0.42730,-0.00972,0.36501,-0.01016,0.48911,0.87217,0.00085,0.81,0.17,10.34
47.2639,177,0.38893,0.30683,-0.08507,0.61945,0.76830,0.08313,-0.13813,1,0.42657,-0.00989,0.35635,-0.00998,0.48910,0.87217,0.00073,0.42776,-0.00952,0.36660,-0.01016,0.48911,0.87217,0.00085,1.19,0.37,10.26
47.2805,178,0.38234,0.28368,-0.09603,0.64909,0.74313,0.08645,-0.13772,1,0.42668,-0.00987,0.35793,-0.00997,0.48910,0.87217,0.00072,0.42831,-0.00927,0.36816,-0.01016,0.48911,0.87217,0.00085,1.63,0.60,10.23
47.2972,179,0.37589,0.25866,-0.10643,0.67798,0.71674,0.09054,-0.13572,1,0.42683,-0.00980,0.35960,-0.00998,0.48910,0.87217,0.00072,0.42896,-0.00895,0.36966,-0.01016,0.48911,0.87217,0.00085,2.12,0.84,10.06
47.3140,180,0.36988,0.23297,-0.11636,0.70653,0.68807,0.09588,-0.13486,1,0.42704,-0.00967,0.36127,-0.00998,0.48906,0.87219,0.00072,0.42972,-0.00858,0.37109,-0.01016,0.48911,0.87217,0.00085,2.68,1.09,9.83
47.3306,181,0.36017,0.17654,-0.13363,0.76104,0.62412,0.10380,-0.14325,1,0.42731,-0.00952,0.36281,-0.00997,0.48905,0.87220,0.00072,0.43075,-0.00807,0.37230,-0.01016,0.48911,0.87217,0.00085,3.44,1.45,9.49
47.3475,182,0.35607,0.14811,-0.14117,0.78622,0.59188,0.09914,-0.14734,1,0.42768,-0.00935,0.36444,-0.00995,0.48902,0.87221,0.00072,0.43191,-0.00748,0.37334,-0.01016,0.48911,0.87217,0.00085,4.24,1.87,8.90
47.3644,183,0.35248,0.11818,-0.14609,0.80878,0.56284,0.08255,-0.14924,1,0.42814,-0.00914,0.36602,-0.00995,0.48902,0.87221,0.00077,0.43321,-0.00682,0.37415,-0.01016,0.48911,0.87217,0.00085,5.07,2.32,8.13
47.3809,184,0.34868,0.08816,-0.14967,0.82888,0.53486,0.07024,-0.14816,1,0.42866,-0.00886,0.36747,-0.00998,0.48905,0.87220,0.00087,0.43461,-0.00608,0.37469,-0.01016,0.48911,0.87217,0.00085,5.95,2.78,7.22
47.3976,185,0.34565,0.05890,-0.15205,0.84807,0.50575,0.06627,-0.14357,1,0.42933,-0.00855,0.36890,-0.01000,0.48904,0.87221,0.00092,0.43606,-0.00530,0.37491,-0.01016,0.48911,0.87217,0.00085,6.73,3.25,6.01
47.4144,186,0.34244,0.00246,-0.15249,0.88198,0.44783,0.06603,-0.13114,1,0.43015,-0.00817,0.37021,-0.00997,0.48906,0.87219,0.00095,0.43746,-0.00451,0.37448,-0.01016,0.48911,0.87217,0.00085,7.31,3.67,4.27
47.4312,187,0.34206,-0.02451,-0.15050,0.89661,0.42200,0.06086,-0.11963,1,0.43112,-0.00771,0.37138,-0.00992,0.48906,0.87219,0.00100,0.43877,-0.00375,0.37378,-0.01016,0.48911,0.87217,0.00085,7.65,3.96,2.40
47.4481,188,0.34170,-0.04979,-0.14700,0.90987,0.39711,0.05137,-0.10864,1,0.43213,-0.00718,0.37229,-0.00989,0.48907,0.87219,0.00101,0.43996,-0.00304,0.37285,-0.01016,0.48911,0.87217,0.00085,7.83,4.13,0.56
47.4648,189,0.34142,-0.07425,-0.14190,0.91959,0.37719,0.04602,-0.09980,1,0.43330,-0.00652,0.37300,-0.00991,0.48908,0.87218,0.00103,0.44100,-0.00238,0.37173,-0.01016,0.48911,0.87217,0.00085,7.71,4.14,-1.27
47.4817,190,0.34138,-0.09829,-0.13701,0.92831,0.35772,0.04659,-0.09002,1,0.43454,-0.00584,0.37338,-0.00993,0.48909,0.87217,0.00102,0.44191,-0.00178,0.37047,-0.01016,0.48911,0.87217,0.00085,7.38,4.06,-2.91
47.4983,191,0.34436,-0.14230,-0.12596,0.94540,0.31435,0.05301,-0.06772,1,0.43578,-0.00515,0.37343,-0.01001,0.48911,0.87216,0.00097,0.44259,-0.00129,0.36903,-0.01016,0.48911,0.87217,0.00085,6.81,3.86,-4.40
47.5149,192,0.34631,-0.16230,-0.11991,0.95358,0.29197,0.04657,-0.05713,1,0.43697,-0.00451,0.37322,-0.01000,0.48912,0.87216,0.00094,0.44316,-0.00086,0.36752,-0.01016,0.48911,0.87217,0.00085,6.19,3.66,-5.69
47.5315,193,0.34776,-0.18026,-0.11289,0.96104,0.27060,0.03219,-0.04636,1,0.43819,-0.00384,0.37271,-0.01000,0.48912,0.87216,0.00095,0.44365,-0.00046,0.36598,-0.01016,0.48911,0.87217,0.00085,5.45,3.38,-6.73
47.5482,194,0.34925,-0.19678,-0.10572,0.96759,0.24792,0.01899,-0.04398,1,0.43932,-0.00322,0.37191,-0.01006,0.48913,0.87215,0.00096,0.44404,-0.00010,0.36440,-0.01016,0.48911,0.87217,0.00085,4.73,3.11,-7.51
47.5653,195,0.35079,-0.21172,-0.09814,0.97265,0.22744,0.01086,-0.04584,1,0.44032,-0.00268,0.37087,-0.01016,0.48915,0.87214,0.00095,0.44437,0.00022,0.36280,-0.01016,0.48911,0.87217,0.00085,4.04,2.90,-8.07
47.5820,196,0.35458,-0.23927,-0.08317,0.97910,0.19912,0.00968,-0.04025,1,0.44124,-0.00218,0.36968,-0.01020,0.48914,0.87215,0.00097,0.44455,0.00049,0.36117,-0.01016,0.48911,0.87217,0.00085,3.32,2.68,-8.51
47.5986,197,0.35691,-0.25166,-0.07574,0.98206,0.18572,0.00911,-0.03141,1,0.44201,-0.00173,0.36846,-0.01021,0.48912,0.87216,0.00101,0.44468,0.00074,0.35952,-0.01016,0.48911,0.87217,0.00085,2.68,2.47,-8.94
47.6152,198,0.35891,-0.26321,-0.06842,0.98453,0.17386,0.00502,-0.02109,1,0.44269,-0.00130,0.36707,-0.01028,0.48912,0.87215,0.00103,0.44476,0.00096,0.35787,-0.01016,0.48911,0.87217,0.00085,2.07,2.26,-9.20
47.6321,199,0.36036,-0.27409,-0.06117,0.98666,0.16227,-0.00075,-0.01309,1,0.44324,-0.00091,0.36559,-0.01035,0.48912,0.87215,0.00102,0.44479,0.00116,0.35622,-0.01016,0.48911,0.87217,0.00085,1.55,2.07,-9.37
47.6487,200,0.36182,-0.28415,-0.05404,0.98877,0.14902,-0.00720,-0.00809,1,0.44367,-0.00057,0.36415,-0.01034,0.48912,0.87215,0.00102,0.44477,0.00134,0.35456,-0.01016,0.48911,0.87217,0.00085,1.09,1.91,-9.59
47.6657,201,0.36446,-0.30170,-0.04027,0.99218,0.12316,-0.01979,-0.00441,1,0.44404,-0.00021,0.36261,-0.01032,0.48911,0.87216,0.00103,0.44466,0.00150,0.35290,-0.01016,0.48911,0.87217,0.00085,0.63,1.71,-9.71
47.6821,202,0.36577,-0.30968,-0.03345,0.99337,0.11276,-0.02252,-0.00075,1,0.44430,0.00015,0.36106,-0.01029,0.48910,0.87217,0.00101,0.44453,0.00164,0.35125,-0.01016,0.48911,0.87217,0.00085,0.22,1.49,-9.81
47.6990,203,0.36706,-0.31745,-0.02685,0.99439,0.10270,-0.02513,0.00427,1,0.44446,0.00048,0.35946,-0.01030,0.48910,0.87217,0.00096,0.44435,0.00178,0.34960,-0.01016,0.48911,0.87217,0.00085,-0.10,1.30,-9.86
47.7156,204,0.36920,-0.32549,-0.02045,0.99537,0.09144,-0.02799,0.00952,1,0.44454,0.00075,0.35791,-0.01028,0.48912,0.87216,0.00092,0.44414,0.00189,0.34795,-0.01016,0.48911,0.87217,0.00085,-0.40,1.15,-9.97
47.7323,205,0.37283,-0.33412,-0.01463,0.99624,0.07898,-0.03214,0.01526,1,0.44459,0.00098,0.35626,-0.01024,0.48913,0.87215,0.00091,0.44391,0.00198,0.34630,-0.01016,0.48911,0.87217,0.00085,-0.68,1.01,-9.96
47.7491,206,0.37360,-0.34485,-0.00208,0.99691,0.06009,-0.04429,0.02453,1,0.44456,0.00117,0.35459,-0.01023,0.48914,0.87215,0.00090,0.44362,0.00207,0.34466,-0.01016,0.48911,0.87217,0.00085,-0.94,0.90,-9.92
47.7661,207,0.37251,-0.34836,0.00365,0.99707,0.05138,-0.04999,0.02675,1,0.44447,0.00134,0.35291,-0.01021,0.48913,0.87215,0.00090,0.44329,0.00216,0.34303,-0.01016,0.48911,0.87217,0.00085,-1.18,0.82,-9.88
47.7829,208,0.37230,-0.35231,0.00944,0.99715,0.04450,-0.05397,0.02824,1,0.44435,0.00150,0.35134,-0.01019,0.48912,0.87216,0.00091,0.44294,0.00224,0.34140,-0.01016,0.48911,0.87217,0.00085,-1.40,0.75,-9.94
47.7997,209,0.37271,-0.35646,0.01525,0.99721,0.03817,-0.05629,0.03070,1,0.44417,0.00164,0.34968,-0.01016,0.48912,0.87216,0.00090,0.44257,0.00233,0.33978,-0.01016,0.48911,0.87217,0.00085,-1.60,0.69,-9.90
47.8165,210,0.37323,-0.36000,0.02044,0.99723,0.03173,-0.05896,0.03225,1,0.44394,0.00177,0.34802,-0.01016,0.48912,0.87216,0.00091,0.44217,0.00241,0.33816,-0.01016,0.48911,0.87217,0.00085,-1.77,0.64,-9.86
47.8330,211,0.37406,-0.36601,0.03044,0.99684,0.01833,-0.06801,0.03672,1,0.44368,0.00188,0.34638,-0.01017,0.48913,0.87215,0.00092,0.44172,0.00248,0.33656,-0.01016,0.48911,0.87217,0.00085,-1.96,0.60,-9.82
47.8497,212,0.37418,-0.36850,0.03502,0.99642,0.01325,-0.07415,0.03845,1,0.44339,0.00198,0.34483,-0.01018,0.48910,0.87217,0.00092,0.44125,0.00255,0.33496,-0.01016,0.48911,0.87217,0.00085,-2.14,0.58,-9.86
47.8664,213,0.37424,-0.37071,0.03979,0.99605,0.00825,-0.07947,0.03875,1,0.44308,0.00209,0.34319,-0.01016,0.48910,0.87217,0.00093,0.44077,0.00262,0.33337,-0.01016,0.48911,0.87217,0.00085,-2.31,0.53,-9.82
47.8835,214,0.37436,-0.37295,0.04427,0.99571,0.00424,-0.08380,0.03891,1,0.44272,0.00219,0.34156,-0.01015,0.48910,0.87217,0.00091,0.44026,0.00269,0.33178,-0.01016,0.48911,0.87217,0.00085,-2.46,0.50,-9.77
47.9002,215,0.37433,-0.37523,0.04862,0.99537,0.00078,-0.08726,0.04029,1,0.44234,0.00229,0.33993,-0.01013,0.48911,0.87217,0.00091,0.43973,0.00276,0.33020,-0.01016,0.48911,0.87217,0.00085,-2.61,0.47,-9.73
47.9167,216,0.37487,-0.37897,0.05725,0.99500,-0.00513,-0.09007,0.04288,1,0.44196,0.00237,0.33840,-0.01013,0.48909,0.87217,0.00091,0.43917,0.00282,0.32864,-0.01016,0.48911,0.87217,0.00085,-2.79,0.45,-9.76
47.9334,217,0.37528,-0.38089,0.06167,0.99478,-0.00764,-0.09131,0.04495,1,0.44152,0.00245,0.33676,-0.01014,0.48910,0.87217,0.00091,0.43858,0.00288,0.32708,-0.01016,0.48911,0.87217,0.00085,-2.94,0.43,-9.68
47.9503,218,0.37543,-0.38291,0.06590,0.99441,-0.01149,-0.09346,0.04772,1,0.44107,0.00254,0.33512,-0.01011,0.48909,0.87217,0.00090,0.43798,0.00294,0.32553,-0.01016,0.48911,0.87217,0.00085,-3.09,0.40,-9.60
47.9671,219,0.37545,-0.38496,0.06974,0.99392,-0.01713,-0.09713,0.04884,1,0.44059,0.00262,0.33350,-0.01010,0.48910,0.87217,0.00090,0.43736,0.00300,0.32398,-0.01016,0.48911,0.87217,0.00085,-3.23,0.38,-9.52
47.9841,220,0.37528,-0.38684,0.07331,0.99338,-0.02329,-0.10124,0.04912,1,0.44008,0.00269,0.33188,-0.01009,0.48910,0.87217,0.00090,0.43673,0.00305,0.32244,-0.01016,0.48911,0.87217,0.00085,-3.35,0.36,-9.44
48.0004,221,0.37489,-0.38948,0.08021,0.99296,-0.03323,-0.10399,0.04602,1,0.43957,0.00275,0.33035,-0.01010,0.48909,0.87217,0.00090,0.43606,0.00311,0.32091,-0.01016,0.48911,0.87217,0.00085,-3.51,0.36,-9.44
48.0172,222,0.37492,-0.39054,0.08369,0.99307,-0.03514,-0.10230,0.04606,1,0.43901,0.00282,0.32875,-0.01012,0.48908,0.87218,0.00089,0.43539,0.00317,0.31939,-0.01016,0.48911,0.87217,0.00085,-3.62,0.35,-9.36
48.0340,223,0.37499,-0.39155,0.08684,0.99313,-0.03621,-0.10050,0.04783,1,0.43846,0.00289,0.32724,-0.01011,0.48908,0.87218,0.00088,0.43470,0.00323,0.31787,-0.01016,0.48911,0.87217,0.00085,-3.77,0.33,-9.37
48.0509,224,0.37543,-0.39227,0.08953,0.99305,-0.03640,-0.09905,0.05203,1,0.43786,0.00296,0.32566,-0.01010,0.48909,0.87217,0.00087,0.43399,0.00328,0.31636,-0.01016,0.48911,0.87217,0.00085,-3.87,0.32,-9.30
48.0676,225,0.37485,-0.39297,0.09219,0.99314,-0.03351,-0.09824,0.05375,1,0.43725,0.00302,0.32410,-0.01010,0.48909,0.87218,0.00087,0.43328,0.00334,0.31486,-0.01016,0.48911,0.87217,0.00085,-3.97,0.32,-9.24
48.0841,226,0.37532,-0.39325,0.09616,0.99299,-0.03257,-0.10010,0.05377,1,0.43661,0.00309,0.32255,-0.01011,0.48908,0.87218,0.00087,0.43254,0.00339,0.31336,-0.01016,0.48911,0.87217,0.00085,-4.07,0.31,-9.19
48.1009,227,0.37562,-0.39311,0.09803,0.99282,-0.03297,-0.10294,0.05127,1,0.43600,0.00315,0.32110,-0.01010,0.48907,0.87219,0.00087,0.43179,0.00345,0.31188,-0.01016,0.48911,0.87217,0.00085,-4.21,0.29,-9.23
48.1178,228,0.37594,-0.39286,0.09905,0.99253,-0.03380,-0.10621,0.04962,1,0.43533,0.00322,0.31958,-0.01010,0.48908,0.87218,0.00086,0.43104,0.00350,0.31039,-0.01016,0.48911,0.87217,0.00085,-4.29,0.28,-9.19
48.1343,229,0.37611,-0.39208,0.09947,0.99213,-0.03319,-0.11033,0.04901,1,0.43465,0.00327,0.31805,-0.01009,0.48909,0.87218,0.00084,0.43028,0.00355,0.30890,-0.01016,0.48911,0.87217,0.00085,-4.37,0.28,-9.15
48.1511,230,0.37612,-0.39128,0.10000,0.99188,-0.03107,-0.11384,0.04750,1,0.43395,0.00332,0.31653,-0.01009,0.48907,0.87219,0.00082,0.42952,0.00359,0.30742,-0.01016,0.48911,0.87217,0.00085,-4.43,0.28,-9.11
48.1678,231,0.37659,-0.38970,0.10060,0.99190,-0.02779,-0.11616,0.04333,1,0.43328,0.00338,0.31508,-0.01011,0.48906,0.87219,0.00083,0.42875,0.00364,0.30595,-0.01016,0.48911,0.87217,0.00085,-4.53,0.26,-9.13
48.1847,232,0.37674,-0.38882,0.10092,0.99204,-0.02648,-0.11547,0.04273,1,0.43256,0.00344,0.31354,-0.01012,0.48907,0.87218,0.00084,0.42798,0.00369,0.30447,-0.01016,0.48911,0.87217,0.00085,-4.58,0.25,-9.07
48.2015,233,0.37711,-0.38821,0.10114,0.99234,-0.02518,-0.11366,0.04126,1,0.43182,0.00348,0.31202,-0.01012,0.48908,0.87218,0.00083,0.42720,0.00373,0.30300,-0.01016,0.48911,0.87217,0.00085,-4.62,0.24,-9.02
48.2181,234,0.37761,-0.38752,0.10116,0.99266,-0.02407,-0.11138,0.04059,1,0.43108,0.00352,0.31050,-0.01013,0.48908,0.87218,0.00083,0.42642,0.00377,0.30152,-0.01016,0.48911,0.87217,0.00085,-4.66,0.25,-8.97
48.2348,235,0.37875,-0.38676,0.10114,0.99311,-0.02109,-0.10713,0.04248,1,0.43036,0.00355,0.30907,-0.01015,0.48908,0.87218,0.00083,0.42564,0.00379,0.30005,-0.01016,0.48911,0.87217,0.00085,-4.73,0.24,-9.01
48.2516,236,0.37923,-0.38652,0.10106,0.99326,-0.02027,-0.10508,0.04453,1,0.42959,0.00360,0.30755,-0.01018,0.48907,0.87218,0.00082,0.42485,0.00382,0.29858,-0.01016,0.48911,0.87217,0.00085,-4.74,0.22,-8.97
48.2684,237,0.38006,-0.38617,0.10074,0.99336,-0.02024,-0.10350,0.04588,1,0.42883,0.00365,0.30605,-0.01020,0.48907,0.87219,0.00081,0.42407,0.00384,0.29711,-0.01016,0.48911,0.87217,0.00085,-4.75,0.19,-8.94
48.2851,238,0.38090,-0.38564,0.10036,0.99340,-0.01990,-0.10244,0.04760,1,0.42806,0.00368,0.30456,-0.01021,0.48909,0.87217,0.00080,0.42329,0.00385,0.29564,-0.01016,0.48911,0.87217,0.00085,-4.77,0.17,-8.92
48.3021,239,0.38170,-0.38499,0.10006,0.99337,-0.01969,-0.10212,0.04902,1,0.42727,0.00371,0.30308,-0.01025,0.48909,0.87217,0.00078,0.42251,0.00385,0.29417,-0.01016,0.48911,0.87217,0.00085,-4.76,0.15,-8.91
48.3185,240,0.38324,-0.38350,0.09841,0.99304,-0.01884,-0.10437,0.05117,1,0.42653,0.00374,0.30167,-0.01027,0.48908,0.87218,0.00078,0.42173,0.00384,0.29269,-0.01016,0.48911,0.87217,0.00085,-4.80,0.10,-8.98
48.3353,241,0.38364,-0.38239,0.09753,0.99280,-0.01752,-0.10689,0.05119,1,0.42576,0.00377,0.30019,-0.01028,0.48907,0.87219,0.00078,0.42096,0.00383,0.29122,-0.01016,0.48911,0.87217,0.00085,-4.80,0.06,-8.97
48.3520,242,0.38407,-0.38123,0.09664,0.99268,-0.01523,-0.10861,0.05067,1,0.42497,0.00378,0.29870,-0.01029,0.48910,0.87217,0.00078,0.42019,0.00381,0.28974,-0.01016,0.48911,0.87217,0.00085,-4.78,0.03,-8.96
48.3691,243,0.38448,-0.37978,0.09574,0.99257,-0.01250,-0.10972,0.05103,1,0.42419,0.00378,0.29722,-0.01030,0.48911,0.87216,0.00078,0.41942,0.00378,0.28826,-0.01016,0.48911,0.87217,0.00085,-4.77,0.00,-8.96
48.3856,244,0.38477,-0.37836,0.09493,0.99245,-0.01003,-0.11084,0.05155,1,0.42345,0.00377,0.29581,-0.01031,0.48909,0.87217,0.00079,0.41865,0.00376,0.28678,-0.01016,0.48911,0.87217,0.00085,-4.80,-0.02,-9.03
48.4023,245,0.38526,-0.37494,0.09231,0.99203,-0.00531,-0.11456,0.05221,1,0.42266,0.00377,0.29430,-0.01032,0.48908,0.87218,0.00081,0.41789,0.00372,0.28530,-0.01016,0.48911,0.87217,0.00085,-4.77,-0.05,-9.00
48.4190,246,0.38547,-0.37269,0.09088,0.99163,-0.00184,-0.11764,0.05319,1,0.42188,0.00376,0.29280,-0.01030,0.48909,0.87217,0.00083,0.41713,0.00368,0.28381,-0.01016,0.48911,0.87217,0.00085,-4.75,-0.08,-8.99
48.4357,247,0.38564,-0.36981,0.08889,0.99107,0.00323,-0.12181,0.05408,1,0.42114,0.00373,0.29139,-0.01028,0.48911,0.87216,0.00084,0.41638,0.00364,0.28233,-0.01016,0.48911,0.87217,0.00085,-4.76,-0.09,-9.06
48.4527,248,0.38610,-0.36606,0.08620,0.99041,0.00882,-0.12690,0.05383,1,0.42035,0.00369,0.28989,-0.01028,0.48911,0.87216,0.00085,0.41564,0.00359,0.28084,-0.01016,0.48911,0.87217,0.00085,-4.71,-0.10,-9.05
48.4697,249,0.38650,-0.36179,0.08289,0.98958,0.01493,-0.13364,0.05137,1,0.41955,0.00366,0.28838,-0.01029,0.48911,0.87216,0.00086,0.41491,0.00353,0.27934,-0.01016,0.48911,0.87217,0.00085,-4.64,-0.13,-9.04
48.4861,250,0.38725,-0.35175,0.07514,0.98716,0.02823,-0.15169,0.04144,1,0.41877,0.00364,0.28688,-0.01028,0.48911,0.87216,0.00090,0.41424,0.00345,0.27782,-0.01016,0.48911,0.87217,0.00085,-4.53,-0.20,-9.06
48.5028,251,0.38756,-0.34586,0.07045,0.98528,0.03474,-0.16390,0.03411,1,0.41803,0.00361,0.28547,-0.01028,0.48913,0.87215,0.00092,0.41360,0.00334,0.27628,-0.01016,0.48911,0.87217,0.00085,-4.42,-0.27,-9.19
48.5196,252,0.38786,-0.33979,0.06565,0.98308,0.04169,-0.17631,0.02714,1,0.41725,0.00354,0.28399,-0.01027,0.48911,0.87216,0.00094,0.41303,0.00322,0.27472,-0.01016,0.48911,0.87217,0.00085,-4.23,-0.32,-9.27
48.5362,253,0.38797,-0.33325,0.06048,0.98070,0.04808,-0.18830,0.02125,1,0.41649,0.00346,0.28249,-0.01027,0.48911,0.87216,0.00094,0.41256,0.00307,0.27313,-0.01016,0.48911,0.87217,0.00085,-3.93,-0.40,-9.37
48.5533,254,0.38823,-0.32654,0.05470,0.97858,0.05389,-0.19788,0.01794,1,0.41575,0.00340,0.28099,-0.01027,0.48911,0.87216,0.00098,0.41230,0.00286,0.27149,-0.01016,0.48911,0.87217,0.00085,-3.45,-0.54,-9.49
48.5700,255,0.38846,-0.31190,0.04186,0.97431,0.06821,-0.21385,0.01836,1,0.41507,0.00332,0.27956,-0.01025,0.48911,0.87216,0.00100,0.41355,0.00244,0.27048,-0.01016,0.48911,0.87217,0.00085,-1.52,-0.88,-9.08
48.5869,256,0.38849,-0.30410,0.03459,0.97200,0.07757,-0.22103,0.01850,1,0.41441,0.00321,0.27805,-0.01024,0.48913,0.87215,0.00100,0.41514,0.00223,0.27096,-0.01016,0.48911,0.87217,0.00085,0.73,-0.98,-7.09
48.6033,257,0.38849,-0.29592,0.02694,0.96928,0.08617,-0.22973,0.01730,1,0.41386,0.00306,0.27652,-0.01021,0.48912,0.87216,0.00103,0.41650,0.00213,0.27191,-0.01016,0.48911,0.87217,0.00085,2.65,-0.93,-4.61
48.6201,258,0.38810,-0.28717,0.01873,0.96608,0.09312,-0.24040,0.01493,1,0.41349,0.00289,0.27509,-0.01016,0.48910,0.87217,0.00105,0.41776,0.00212,0.27300,-0.01016,0.48911,0.87217,0.00085,4.27,-0.77,-2.09
48.6368,259,0.38735,-0.27770,0.00976,0.96254,0.09966,-0.25185,0.01212,1,0.41336,0.00270,0.27366,-0.01007,0.48908,0.87218,0.00111,0.41898,0.00214,0.27414,-0.01016,0.48911,0.87217,0.00085,5.62,-0.56,0.48
48.6535,260,0.39949,-0.25781,-0.01365,0.95595,0.11296,-0.27089,0.00395,1,0.41351,0.00251,0.27241,-0.00996,0.48905,0.87220,0.00116,0.42020,0.00181,0.27522,-0.01016,0.48911,0.87217,0.00085,6.69,-0.71,2.81
48.6703,261,0.40593,-0.24697,-0.02573,0.95391,0.11983,-0.27511,0.00188,1,0.41395,0.00229,0.27144,-0.00984,0.48905,0.87220,0.00117,0.42141,0.00140,0.27630,-0.01016,0.48911,0.87217,0.00085,7.46,-0.89,4.85
48.6874,262,0.40318,-0.23528,-0.03579,0.95251,0.12704,-0.27671,0.00268,1,0.41466,0.00208,0.27080,-0.00975,0.48907,0.87219,0.00119,0.42261,0.00113,0.27742,-0.01016,0.48911,0.87217,0.00085,7.94,-0.95,6.62
48.7041,263,0.39944,-0.22286,-0.04578,0.95124,0.13341,-0.27805,0.00482,1,0.41564,0.00186,0.27059,-0.00963,0.48906,0.87220,0.00120,0.42379,0.00097,0.27859,-0.01016,0.48911,0.87217,0.00085,8.14,-0.88,8.00
48.7209,264,0.39488,-0.20989,-0.05584,0.95014,0.14011,-0.27852,0.00495,1,0.41676,0.00167,0.27080,-0.00953,0.48909,0.87218,0.00126,0.42494,0.00092,0.27978,-0.01016,0.48911,0.87217,0.00085,8.18,-0.75,8.98
48.7377,265,0.38328,-0.18197,-0.07567,0.94816,0.15966,-0.27471,0.00592,1,0.41803,0.00146,0.27149,-0.00948,0.48909,0.87218,0.00127,0.42605,0.00103,0.28102,-0.01016,0.48911,0.87217,0.00085,8.02,-0.43,9.53
48.7544,266,0.37613,-0.16698,-0.08497,0.94663,0.17440,-0.27104,0.00280,1,0.41931,0.00129,0.27261,-0.00953,0.48907,0.87219,0.00124,0.42713,0.00121,0.28228,-0.01016,0.48911,0.87217,0.00085,7.82,-0.07,9.67
48.7712,267,0.36851,-0.15148,-0.09402,0.94448,0.19135,-0.26711,0.00201,1,0.42057,0.00118,0.27405,-0.00964,0.48907,0.87219,0.00122,0.42817,0.00146,0.28356,-0.01016,0.48911,0.87217,0.00085,7.60,0.27,9.51
48.7881,268,0.35930,-0.13533,-0.10214,0.94152,0.21127,-0.26248,-0.00175,1,0.42182,0.00113,0.27566,-0.00976,0.48904,0.87220,0.00118,0.42918,0.00177,0.28485,-0.01016,0.48911,0.87217,0.00085,7.36,0.63,9.19
48.8047,269,0.34971,-0.11912,-0.10970,0.93895,0.22797,-0.25756,-0.00838,1,0.42299,0.00111,0.27722,-0.00990,0.48904,0.87221,0.00113,0.43015,0.00213,0.28616,-0.01016,0.48911,0.87217,0.00085,7.16,1.02,8.94
48.8214,270,0.32860,-0.08611,-0.12275,0.93408,0.25966,-0.24431,-0.01940,1,0.42419,0.00115,0.27885,-0.01005,0.48903,0.87221,0.00108,0.43104,0.00259,0.28748,-0.01016,0.48911,0.87217,0.00085,6.86,1.45,8.64
48.8382,271,0.32860,-0.08611,-0.12275,0.93408,0.25966,-0.24431,-0.01940,1,0.42536,0.00124,0.28042,-0.01016,0.48903,0.87221,0.00105,0.43194,0.00306,0.28881,-0.01016,0.48911,0.87217,0.00085,6.58,1.82,8.39
48.8548,272,0.30514,-0.05398,-0.13224,0.93084,0.28730,-0.22435,-0.02560,1,0.42644,0.00138,0.28185,-0.01021,0.48903,0.87220,0.00104,0.43276,0.00361,0.29015,-0.01016,0.48911,0.87217,0.00085,6.32,2.23,8.30
48.8719,273,0.29267,-0.03799,-0.13599,0.92972,0.29997,-0.21234,-0.02353,1,0.42755,0.00161,0.28332,-0.01023,0.48904,0.87220,0.00103,0.43354,0.00421,0.29150,-0.01016,0.48911,0.87217,0.00085,6.00,2.60,8.18
48.8887,274,0.27997,-0.02236,-0.13902,0.92760,0.31478,-0.20007,-0.02131,1,0.42859,0.00192,0.28474,-0.01024,0.48902,0.87221,0.00102,0.43429,0.00484,0.29285,-0.01016,0.48911,0.87217,0.00085,5.70,2.92,8.10
48.9053,275,0.25316,0.00768,-0.14320,0.92135,0.34895,-0.16948,-0.02517,1,0.42958,0.00230,0.28613,-0.01022,0.48904,0.87220,0.00102,0.43497,0.00554,0.29420,-0.01016,0.48911,0.87217,0.00085,5.39,3.24,8.07
48.9220,276,0.23979,0.02195,-0.14433,0.91807,0.36549,-0.15059,-0.02969,1,0.43049,0.00268,0.28742,-0.01019,0.48905,0.87219,0.00101,0.43562,0.00628,0.29555,-0.01016,0.48911,0.87217,0.00085,5.12,3.60,8.13
48.9389,277,0.22603,0.03571,-0.14475,0.91567,0.37938,-0.12841,-0.03377,1,0.43141,0.00311,0.28877,-0.01016,0.48908,0.87218,0.00102,0.43623,0.00704,0.29689,-0.01016,0.48911,0.87217,0.00085,4.82,3.94,8.13
48.9555,278,0.21254,0.04877,-0.14460,0.91371,0.39124,-0.10398,-0.03535,1,0.43228,0.00360,0.29012,-0.01015,0.48909,0.87217,0.00106,0.43681,0.00784,0.29824,-0.01016,0.48911,0.87217,0.00085,4.53,4.24,8.12
48.9725,279,0.19870,0.06156,-0.14388,0.91158,0.40237,-0.07701,-0.03441,1,0.43310,0.00415,0.29146,-0.01016,0.48908,0.87218,0.00109,0.43736,0.00866,0.29958,-0.01016,0.48911,0.87217,0.00085,4.26,4.51,8.12
48.9890,280,0.17102,0.08629,-0.14131,0.90350,0.42725,-0.02236,-0.02533,1,0.43382,0.00473,0.29274,-0.01018,0.48909,0.87217,0.00110,0.43785,0.00954,0.30091,-0.01016,0.48911,0.87217,0.00085,4.03,4.81,8.17
49.0061,281,0.15757,0.09808,-0.13920,0.89725,0.44086,0.00009,-0.02432,1,0.43459,0.00545,0.29418,-0.01016,0.48909,0.87217,0.00111,0.43830,0.01043,0.30224,-0.01016,0.48911,0.87217,0.00085,3.72,4.98,8.06
49.0229,282,0.14372,0.10955,-0.13621,0.89109,0.45263,0.01799,-0.02768,1,0.43524,0.00614,0.29547,-0.01014,0.48908,0.87218,0.00112,0.43873,0.01135,0.30356,-0.01016,0.48911,0.87217,0.00085,3.50,5.22,8.09
49.0396,283,0.12972,0.12044,-0.13270,0.88560,0.46195,0.03474,-0.03334,1,0.43586,0.00693,0.29685,-0.01014,0.48907,0.87218,0.00109,0.43913,0.01230,0.30488,-0.01016,0.48911,0.87217,0.00085,3.27,5.36,8.03
49.0564,284,0.11539,0.13116,-0.12837,0.88001,0.47061,0.05319,-0.03560,1,0.43644,0.00778,0.29821,-0.01012,0.48907,0.87218,0.00105,0.43949,0.01326,0.30619,-0.01016,0.48911,0.87217,0.00085,3.05,5.48,7.97
49.0732,285,0.08774,0.15016,-0.11829,0.86643,0.48829,0.09766,-0.03646,1,0.43699,0.00865,0.29957,-0.01011,0.48909,0.87218,0.00098,0.43979,0.01426,0.30748,-0.01016,0.48911,0.87217,0.00085,2.81,5.61,7.91
49.0900,286,0.07435,0.15876,-0.11260,0.85869,0.49665,0.12134,-0.03573,1,0.43748,0.00949,0.30084,-0.01008,0.48910,0.87217,0.00093,0.44006,0.01529,0.30877,-0.01016,0.48911,0.87217,0.00085,2.59,5.80,7.93
49.1064,287,0.06111,0.16652,-0.10665,0.85117,0.50325,0.14465,-0.03643,1,0.43796,0.01041,0.30217,-0.01008,0.48912,0.87216,0.00092,0.44030,0.01633,0.31005,-0.01016,0.48911,0.87217,0.00085,2.34,5.92,7.88
49.1235,288,0.04808,0.17395,-0.10056,0.84494,0.50730,0.16504,-0.03866,1,0.43841,0.01135,0.30350,-0.01008,0.48910,0.87217,0.00090,0.44052,0.01739,0.31132,-0.01016,0.48911,0.87217,0.00085,2.10,6.04,7.81
49.1400,289,0.02160,0.18673,-0.08680,0.83317,0.51483,0.19604,-0.04853,1,0.43881,0.01233,0.30481,-0.01010,0.48909,0.87217,0.00088,0.44067,0.01849,0.31256,-0.01016,0.48911,0.87217,0.00085,1.86,6.16,7.75
49.1570,290,0.00861,0.19169,-0.07937,0.82846,0.51619,0.21007,-0.05542,1,0.43918,0.01327,0.30605,-0.01008,0.48910,0.87217,0.00089,0.44079,0.01960,0.31380,-0.01016,0.48911,0.87217,0.00085,1.61,6.33,7.74
49.1738,291,-0.00413,0.19636,-0.07176,0.82300,0.51797,0.22551,-0.05939,1,0.43952,0.01428,0.30735,-0.01008,0.48910,0.87217,0.00088,0.44089,0.02073,0.31502,-0.01016,0.48911,0.87217,0.00085,1.36,6.45,7.66
49.1903,292,-0.01680,0.20036,-0.06372,0.81612,0.52155,0.24161,-0.05964,1,0.43983,0.01530,0.30864,-0.01008,0.48911,0.87216,0.00087,0.44095,0.02188,0.31622,-0.01016,0.48911,0.87217,0.00085,1.12,6.58,7.58
49.2071,293,-0.02917,0.20368,-0.05560,0.80778,0.52615,0.25912,-0.05923,1,0.44011,0.01634,0.30992,-0.01008,0.48910,0.87217,0.00088,0.44099,0.02305,0.31741,-0.01016,0.48911,0.87217,0.00085,0.88,6.70,7.49
49.2239,294,-0.05248,0.20879,-0.03915,0.79220,0.53206,0.29218,-0.06291,1,0.44032,0.01736,0.31111,-0.01009,0.48909,0.87217,0.00089,0.44097,0.02424,0.31857,-0.01016,0.48911,0.87217,0.00085,0.65,6.88,7.46
49.2409,295,-0.06357,0.21063,-0.03079,0.78613,0.53386,0.30377,-0.06864,1,0.44051,0.01849,0.31235,-0.01011,0.48908,0.87218,0.00089,0.44093,0.02545,0.31972,-0.01016,0.48911,0.87217,0.00085,0.42,6.96,7.37
49.2574,296,-0.07468,0.21195,-0.02246,0.78199,0.53460,0.31149,-0.07534,1,0.44066,0.01964,0.31359,-0.01011,0.48907,0.87219,0.00088,0.44086,0.02667,0.32085,-0.01016,0.48911,0.87217,0.00085,0.20,7.03,7.26
49.2741,297,-0.08556,0.21258,-0.01404,0.77951,0.53380,0.31712,-0.08280,1,0.44078,0.02080,0.31481,-0.01010,0.48907,0.87218,0.00085,0.44077,0.02791,0.32196,-0.01016,0.48911,0.87217,0.00085,-0.01,7.11,7.16
49.2908,298,-0.09613,0.21302,-0.00557,0.77730,0.53123,0.32504,-0.08913,1,0.44085,0.02190,0.31595,-0.01009,0.48907,0.87218,0.00084,0.44065,0.02916,0.32306,-0.01016,0.48911,0.87217,0.00085,-0.21,7.26,7.11
49.3078,0,-0.11547,0.21296,0.01129,0.76909,0.52845,0.34504,-0.10099,1,0.44089,0.02308,0.31713,-0.01010,0.48908,0.87218,0.00081,0.44048,0.03043,0.32412,-0.01016,0.48911,0.87217,0.00085,-0.41,7.35,6.99
49.3245,1,-0.12411,0.21270,0.01924,0.76487,0.52685,0.35493,-0.10691,1,0.44089,0.02428,0.31830,-0.01011,0.48907,0.87219,0.00080,0.44029,0.03171,0.32517,-0.01016,0.48911,0.87217,0.00085,-0.60,7.43,6.87
49.3414,2,-0.13245,0.21236,0.02674,0.76109,0.52591,0.36255,-0.11274,1,0.44085,0.02549,0.31945,-0.01013,0.48907,0.87218,0.00080,0.44008,0.03300,0.32621,-0.01016,0.48911,0.87217,0.00085,-0.78,7.51,6.76
49.3582,3,-0.14045,0.21171,0.03382,0.75853,0.52561,0.36631,-0.11907,1,0.44078,0.02672,0.32059,-0.01014,0.48908,0.87218,0.00078,0.43985,0.03430,0.32723,-0.01016,0.48911,0.87217,0.00085,-0.93,7.58,6.64
49.3748,4,-0.14830,0.21058,0.04066,0.75803,0.52326,0.36818,-0.12664,1,0.44069,0.02787,0.32165,-0.01014,0.48910,0.87217,0.00077,0.43960,0.03561,0.32823,-0.01016,0.48911,0.87217,0.00085,-1.09,7.74,6.57
49.3913,5,-0.16729,0.21664,0.05627,0.75888,0.51438,0.37366,-0.14105,1,0.44057,0.02909,0.32278,-0.01014,0.48912,0.87216,0.00079,0.43931,0.03692,0.32921,-0.01016,0.48911,0.87217,0.00085,-1.25,7.84,6.44
49.4081,6,-0.17718,0.22013,0.06429,0.75817,0.51037,0.37839,-0.14665,1,0.44041,0.03031,0.32388,-0.01015,0.48913,0.87215,0.00081,0.43901,0.03824,0.33019,-0.01016,0.48911,0.87217,0.00085,-1.39,7.93,6.31
49.4252,7,-0.18740,0.22404,0.07205,0.75902,0.50491,0.38141,-0.15323,1,0.44022,0.03152,0.32496,-0.01018,0.48914,0.87215,0.00084,0.43869,0.03956,0.33115,-0.01016,0.48911,0.87217,0.00085,-1.53,8.04,6.19
49.4417,8,-0.19687,0.22737,0.07924,0.76115,0.49751,0.38396,-0.16033,1,0.44001,0.03269,0.32595,-0.01020,0.48913,0.87215,0.00088,0.43836,0.04088,0.33211,-0.01016,0.48911,0.87217,0.00085,-1.65,8.19,6.16
49.4585,9,-0.20310,0.22631,0.08447,0.76395,0.48993,0.38555,-0.16644,1,0.43979,0.03397,0.32699,-0.01021,0.48910,0.87216,0.00093,0.43801,0.04221,0.33306,-0.01016,0.48911,0.87217,0.00085,-1.78,8.24,6.07
49.4752,10,-0.21469,0.22443,0.09374,0.76773,0.47835,0.38862,-0.17535,1,0.43953,0.03529,0.32800,-0.01022,0.48909,0.87217,0.00096,0.43765,0.04355,0.33398,-0.01016,0.48911,0.87217,0.00085,-1.88,8.26,5.98
49.4922,11,-0.21961,0.22340,0.09749,0.76763,0.47644,0.39014,-0.17758,1,0.43925,0.03664,0.32900,-0.01021,0.48907,0.87218,0.00096,0.43727,0.04489,0.33489,-0.01016,0.48911,0.87217,0.00085,-1.98,8.26,5.90
49.5089,12,-0.22400,0.22268,0.10036,0.76864,0.47326,0.39066,-0.18059,1,0.43898,0.03792,0.32993,-0.01019,0.48907,0.87218,0.00095,0.43689,0.04624,0.33580,-0.01016,0.48911,0.87217,0.00085,-2.09,8.32,5.87
49.5253,13,-0.22762,0.22211,0.10277,0.77094,0.46874,0.38964,-0.18469,1,0.43866,0.03930,0.33091,-0.01018,0.48906,0.87219,0.00093,0.43651,0.04759,0.33670,-0.01016,0.48911,0.87217,0.00085,-2.15,8.29,5.79
49.5424,14,-0.23137,0.22154,0.10510,0.77404,0.46292,0.38832,-0.18916,1,0.43832,0.04070,0.33188,-0.01016,0.48905,0.87220,0.00091,0.43612,0.04894,0.33759,-0.01016,0.48911,0.87217,0.00085,-2.20,8.24,5.71
49.5590,15,-0.21841,0.19213,0.09575,0.78042,0.45128,0.38310,-0.20131,1,0.43799,0.04201,0.33278,-0.01014,0.48905,0.87220,0.00090,0.43574,0.05032,0.33844,-0.01016,0.48911,0.87217,0.00085,-2.25,8.31,5.66
49.5760,16,-0.22130,0.19164,0.09728,0.78208,0.44778,0.38235,-0.20409,1,0.43762,0.04339,0.33374,-0.01010,0.48905,0.87220,0.00089,0.43535,0.05171,0.33928,-0.01016,0.48911,0.87217,0.00085,-2.27,8.32,5.55
49.5928,17,-0.22364,0.19099,0.09842,0.78233,0.44668,0.38257,-0.20515,1,0.43724,0.04477,0.33467,-0.01009,0.48904,0.87220,0.00088,0.43497,0.05310,0.34012,-0.01016,0.48911,0.87217,0.00085,-2.27,8.33,5.45
49.6096,18,-0.22588,0.19038,0.09929,0.78290,0.44488,0.38303,-0.20601,1,0.43684,0.04615,0.33558,-0.01009,0.48905,0.87220,0.00090,0.43458,0.05449,0.34096,-0.01016,0.48911,0.87217,0.00085,-2.26,8.33,5.37
49.6261,19,-0.22780,0.18993,0.09972,0.78415,0.44301,0.38277,-0.20577,1,0.43645,0.04754,0.33647,-0.01009,0.48903,0.87221,0.00091,0.43419,0.05588,0.34179,-0.01016,0.48911,0.87217,0.00085,-2.25,8.34,5.31
49.6430,20,-0.23053,0.18941,0.09974,0.78860,0.43714,0.37892,-0.20843,1,0.43608,0.04885,0.33729,-0.01008,0.48902,0.87221,0.00092,0.43381,0.05728,0.34261,-0.01016,0.48911,0.87217,0.00085,-2.27,8.43,5.32
49.6599,21,-0.23151,0.18958,0.09931,0.79155,0.43392,0.37576,-0.20970,1,0.43569,0.05023,0.33815,-0.01008,0.48903,0.87221,0.00093,0.43342,0.05867,0.34343,-0.01016,0.48911,0.87217,0.00085,-2.27,8.44,5.29
49.6765,22,-0.23219,0.18946,0.09884,0.79383,0.43208,0.37274,-0.21024,1,0.43530,0.05163,0.33900,-0.01008,0.48904,0.87220,0.00093,0.43304,0.06007,0.34426,-0.01016,0.48911,0.87217,0.00085,-2.27,8.45,5.25
49.6932,23,-0.22788,0.18687,0.09412,0.79216,0.43481,0.37203,-0.21219,1,0.43492,0.05303,0.33987,-0.01007,0.48906,0.87219,0.00093,0.43267,0.06147,0.34508,-0.01016,0.48911,0.87217,0.00085,-2.26,8.44,5.21
49.7101,24,-0.22768,0.18704,0.09275,0.79244,0.43716,0.37055,-0.20887,1,0.43453,0.05443,0.34072,-0.01007,0.48906,0.87219,0.00091,0.43230,0.06287,0.34591,-0.01016,0.48911,0.87217,0.00085,-2.23,8.44,5.18
49.7268,25,-0.22393,0.18538,0.08760,0.79148,0.44295,0.36969,-0.20169,1,0.43417,0.05575,0.34154,-0.01008,0.48908,0.87218,0.00090,0.43195,0.06427,0.34674,-0.01016,0.48911,0.87217,0.00085,-2.22,8.53,5.20
49.7437,26,-0.22157,0.18552,0.08412,0.79244,0.44373,0.36798,-0.19931,1,0.43378,0.05716,0.34241,-0.01006,0.48908,0.87218,0.00090,0.43160,0.06568,0.34757,-0.01016,0.48911,0.87217,0.00085,-2.17,8.52,5.16
49.7602,27,-0.21948,0.18657,0.08121,0.79436,0.44350,0.36471,-0.19823,1,0.43339,0.05855,0.34328,-0.01006,0.48910,0.87217,0.00089,0.43127,0.06708,0.34841,-0.01016,0.48911,0.87217,0.00085,-2.12,8.53,5.13
49.7773,28,-0.21718,0.18769,0.07790,0.79583,0.44377,0.36149,-0.19762,1,0.43302,0.05985,0.34407,-0.01008,0.48913,0.87215,0.00090,0.43095,0.06847,0.34926,-0.01016,0.48911,0.87217,0.00085,-2.08,8.62,5.18
49.7941,29,-0.21443,0.18909,0.07428,0.79688,0.44522,0.35833,-0.19586,1,0.43265,0.06123,0.34491,-0.01009,0.48914,0.87215,0.00092,0.43063,0.06987,0.35011,-0.01016,0.48911,0.87217,0.00085,-2.02,8.64,5.20
49.8107,30,-0.20751,0.19167,0.06581,0.79906,0.44918,0.35200,-0.18928,1,0.43229,0.06259,0.34574,-0.01011,0.48915,0.87214,0.00094,0.43035,0.07126,0.35099,-0.01016,0.48911,0.87217,0.00085,-1.94,8.67,5.26
49.8275,31,-0.20312,0.19318,0.06119,0.80044,0.45161,0.34832,-0.18443,1,0.43195,0.06395,0.34656,-0.01012,0.48916,0.87214,0.00097,0.43008,0.07264,0.35188,-0.01016,0.48911,0.87217,0.00085,-1.87,8.69,5.32
49.8439,32,-0.19815,0.19476,0.05623,0.80134,0.45443,0.34504,-0.17973,1,0.43165,0.06525,0.34734,-0.01013,0.48915,0.87214,0.00100,0.42983,0.07401,0.35279,-0.01016,0.48911,0.87217,0.00085,-1.82,8.77,5.45
49.8607,33,-0.19257,0.19633,0.05086,0.80200,0.45833,0.34093,-0.17466,1,0.43133,0.06664,0.34819,-0.01014,0.48915,0.87214,0.00102,0.42959,0.07538,0.35371,-0.01016,0.48911,0.87217,0.00085,-1.74,8.74,5.53
49.8779,34,-0.17964,0.19945,0.03920,0.80415,0.46365,0.33232,-0.16715,1,0.43102,0.06806,0.34904,-0.01015,0.48913,0.87215,0.00102,0.42940,0.07673,0.35467,-0.01016,0.48911,0.87217,0.00085,-1.62,8.67,5.63
49.8944,35,-0.17263,0.20108,0.03311,0.80571,0.46567,0.32766,-0.16319,1,0.43072,0.06949,0.34992,-0.01014,0.48912,0.87216,0.00101,0.42924,0.07807,0.35565,-0.01016,0.48911,0.87217,0.00085,-1.49,8.58,5.73
49.9114,36,-0.16455,0.20228,0.02651,0.80679,0.46848,0.32338,-0.15828,1,0.43043,0.07093,0.35081,-0.01012,0.48912,0.87216,0.00098,0.42910,0.07939,0.35665,-0.01016,0.48911,0.87217,0.00085,-1.33,8.46,5.84
49.9279,37,-0.15584,0.20354,0.01960,0.80827,0.47174,0.31785,-0.15211,1,0.43017,0.07230,0.35168,-0.01008,0.48910,0.87217,0.00095,0.42898,0.08070,0.35768,-0.01016,0.48911,0.87217,0.00085,-1.19,8.40,6.00
49.9448,38,-0.14583,0.20356,0.01213,0.80979,0.47506,0.31171,-0.14625,1,0.42992,0.07373,0.35262,-0.01005,0.48910,0.87217,0.00093,0.42890,0.08200,0.35873,-0.01016,0.48911,0.87217,0.00085,-1.01,8.27,6.11
49.9617,39,-0.12169,0.19865,-0.00379,0.81280,0.47988,0.30077,-0.13641,1,0.42968,0.07514,0.35357,-0.01002,0.48909,0.87218,0.00092,0.42890,0.08325,0.35982,-0.01016,0.48911,0.87217,0.00085,-0.78,8.11,6.25
49.9784,40,-0.11023,0.19808,-0.01124,0.81452,0.48154,0.29590,-0.13086,1,0.42947,0.07651,0.35453,-0.01000,0.48908,0.87218,0.00093,0.42894,0.08448,0.36095,-0.01016,0.48911,0.87217,0.00085,-0.53,7.97,6.42
49.9949,41,-0.09909,0.19848,-0.01830,0.81627,0.48271,0.29188,-0.12447,1,0.42931,0.07777,0.35546,-0.00998,0.48906,0.87219,0.00094,0.42902,0.08568,0.36210,-0.01016,0.48911,0.87217,0.00085,-0.29,7.91,6.65
50.0120,42,-0.08725,0.19882,-0.02550,0.81872,0.48298,0.28713,-0.11823,1,0.42917,0.07911,0.35646,-0.00997,0.48905,0.87220,0.00096,0.42914,0.08684,0.36329,-0.01016,0.48911,0.87217,0.00085,-0.02,7.74,6.83
50.0284,43,-0.07494,0.19901,-0.03269,0.82149,0.48400,0.28025,-0.11114,1,0.42906,0.08042,0.35749,-0.00997,0.48904,0.87220,0.00098,0.42931,0.08796,0.36452,-0.01016,0.48911,0.87217,0.00085,0.26,7.54,7.03
50.0451,44,-0.05059,0.19800,-0.04662,0.82789,0.48647,0.26299,-0.09368,1,0.42900,0.08172,0.35856,-0.00996,0.48901,0.87222,0.00099,0.42959,0.08898,0.36581,-0.01016,0.48911,0.87217,0.00085,0.59,7.26,7.24
50.0619,45,-0.03844,0.19698,-0.05342,0.83174,0.48650,0.25365,-0.08480,1,0.42898,0.08292,0.35960,-0.00996,0.48900,0.87222,0.00100,0.42992,0.08994,0.36712,-0.01016,0.48911,0.87217,0.00085,0.94,7.02,7.53
50.0788,46,-0.02480,0.19509,-0.06007,0.83574,0.48551,0.24397,-0.07933,1,0.42901,0.08416,0.36074,-0.00995,0.48900,0.87223,0.00099,0.43031,0.09084,0.36847,-0.01016,0.48911,0.87217,0.00085,1.30,6.68,7.73
50.0953,47,-0.00981,0.19260,-0.06648,0.83948,0.48483,0.23362,-0.07502,1,0.42910,0.08535,0.36193,-0.00995,0.48901,0.87222,0.00100,0.43077,0.09165,0.36986,-0.01016,0.48911,0.87217,0.00085,1.67,6.30,7.93
50.1121,48,0.00543,0.19005,-0.07264,0.84302,0.48441,0.22301,-0.07026,1,0.42921,0.08644,0.36308,-0.00997,0.48902,0.87221,0.00102,0.43130,0.09236,0.37127,-0.01016,0.48911,0.87217,0.00085,2.09,5.92,8.19
50.1288,49,0.03616,0.18516,-0.08381,0.85064,0.48241,0.20040,-0.05944,1,0.42939,0.08753,0.36434,-0.00999,0.48900,0.87223,0.00103,0.43196,0.09283,0.37272,-0.01016,0.48911,0.87217,0.00085,2.57,5.30,8.38
50.1456,50,0.05200,0.18235,-0.08906,0.85474,0.48045,0.18891,-0.05389,1,0.42963,0.08855,0.36564,-0.00998,0.48900,0.87223,0.00102,0.43269,0.09316,0.37418,-0.01016,0.48911,0.87217,0.00085,3.06,4.61,8.55
50.1622,51,0.06853,0.17900,-0.09385,0.85856,0.47920,0.17611,-0.04731,1,0.42994,0.08950,0.36696,-0.00996,0.48903,0.87221,0.00103,0.43349,0.09333,0.37564,-0.01016,0.48911,0.87217,0.00085,3.54,3.83,8.68
50.1792,52,0.08534,0.17520,-0.09830,0.86238,0.47775,0.16277,-0.03941,1,0.43034,0.09032,0.36834,-0.00993,0.48904,0.87220,0.00104,0.43434,0.09331,0.37707,-0.01016,0.48911,0.87217,0.00085,4.00,2.99,8.73
50.1957,53,0.10238,0.17139,-0.10255,0.86658,0.47517,0.14928,-0.03093,1,0.43079,0.09098,0.36968,-0.00991,0.48904,0.87221,0.00106,0.43524,0.09310,0.37846,-0.01016,0.48911,0.87217,0.00085,4.45,2.13,8.78
50.2125,54,0.13703,0.16165,-0.10807,0.87533,0.46819,0.11990,-0.01466,1,0.43132,0.09156,0.37112,-0.00992,0.48906,0.87219,0.00109,0.43618,0.09251,0.37970,-0.01016,0.48911,0.87217,0.00085,4.85,0.95,8.59
50.2292,55,0.15423,0.15586,-0.11008,0.87935,0.46432,0.10534,-0.00721,1,0.43194,0.09202,0.37257,-0.00990,0.48907,0.87219,0.00110,0.43711,0.09173,0.38084,-0.01016,0.48911,0.87217,0.00085,5.18,-0.29,8.28
50.2460,56,0.17160,0.15121,-0.11233,0.88310,0.46023,0.09130,-0.00013,1,0.43258,0.09229,0.37392,-0.00989,0.48906,0.87219,0.00110,0.43803,0.09080,0.38188,-0.01016,0.48911,0.87217,0.00085,5.45,-1.49,7.96
50.2628,57,0.18909,0.14732,-0.11409,0.88652,0.45610,0.07747,0.00735,1,0.43332,0.09240,0.37532,-0.00987,0.48908,0.87218,0.00110,0.43891,0.08973,0.38280,-0.01016,0.48911,0.87217,0.00085,5.58,-2.67,7.48
50.2795,58,0.20659,0.14341,-0.11543,0.88992,0.45143,0.06374,0.01370,1,0.43414,0.09230,0.37671,-0.00984,0.48908,0.87218,0.00111,0.43974,0.08854,0.38363,-0.01016,0.48911,0.87217,0.00085,5.60,-3.76,6.91
50.2962,59,0.24144,0.13557,-0.11598,0.89741,0.43935,0.03413,0.02156,1,0.43500,0.09200,0.37804,-0.00984,0.48909,0.87218,0.00112,0.44047,0.08718,0.38426,-0.01016,0.48911,0.87217,0.00085,5.47,-4.82,6.22
50.3129,60,0.25911,0.13159,-0.11563,0.90046,0.43388,0.01880,0.02380,1,0.43582,0.09154,0.37918,-0.00985,0.48912,0.87216,0.00112,0.44114,0.08576,0.38481,-0.01016,0.48911,0.87217,0.00085,5.32,-5.78,5.63
50.3298,61,0.27687,0.12747,-0.11468,0.90270,0.42937,0.00404,0.02772,1,0.43669,0.09086,0.38030,-0.00986,0.48918,0.87213,0.00109,0.44175,0.08429,0.38529,-0.01016,0.48911,0.87217,0.00085,5.06,-6.58,4.99
50.3465,62,0.29410,0.12369,-0.11357,0.90409,0.42584,-0.00953,0.03451,1,0.43757,0.09000,0.38131,-0.00985,0.48915,0.87214,0.00106,0.44231,0.08277,0.38570,-0.01016,0.48911,0.87217,0.00085,4.74,-7.23,4.39
50.3631,63,0.31051,0.12073,-0.11164,0.90460,0.42333,-0.02287,0.04442,1,0.43837,0.08905,0.38217,-0.00988,0.48913,0.87215,0.00105,0.44282,0.08122,0.38606,-0.01016,0.48911,0.87217,0.00085,4.44,-7.82,3.89
50.3798,64,0.34342,0.11468,-0.10671,0.90560,0.41650,-0.05107,0.06174,1,0.43917,0.08791,0.38296,-0.00991,0.48912,0.87216,0.00104,0.44322,0.07963,0.38633,-0.01016,0.48911,0.87217,0.00085,4.05,-8.28,3.37
50.3966,65,0.36006,0.11155,-0.10388,0.90661,0.41163,-0.06549,0.06580,1,0.43992,0.08666,0.38366,-0.00994,0.48910,0.87217,0.00102,0.44359,0.07802,0.38656,-0.01016,0.48911,0.87217,0.00085,3.66,-8.64,2.91
50.4136,66,0.37653,0.10836,-0.10068,0.90741,0.40678,-0.07991,0.06896,1,0.44063,0.08530,0.38426,-0.00996,0.48911,0.87216,0.00102,0.44391,0.07640,0.38676,-0.01016,0.48911,0.87217,0.00085,3.28,-8.91,2.50
50.4305,67,0.39283,0.10531,-0.09740,0.90825,0.40145,-0.09409,0.07124,1,0.44128,0.08386,0.38479,-0.00998,0.48913,0.87216,0.00102,0.44419,0.07476,0.38692,-0.01016,0.48911,0.87217,0.00085,2.90,-9.10,2.14
50.4469,68,0.40903,0.10220,-0.09365,0.90855,0.39657,-0.10811,0.07471,1,0.44184,0.08243,0.38522,-0.01001,0.48912,0.87216,0.00102,0.44443,0.07312,0.38706,-0.01016,0.48911,0.87217,0.00085,2.59,-9.31,1.84
50.4639,69,0.44087,0.09526,-0.08601,0.90754,0.38757,-0.13521,0.08875,1,0.44237,0.08087,0.38560,-0.01005,0.48913,0.87215,0.00104,0.44460,0.07146,0.38714,-0.01016,0.48911,0.87217,0.00085,2.23,-9.41,1.55
50.4806,70,0.45659,0.09183,-0.08172,0.90656,0.38230,-0.14954,0.09818,1,0.44284,0.07928,0.38592,-0.01009,0.48914,0.87215,0.00105,0.44474,0.06980,0.38720,-0.01016,0.48911,0.87217,0.00085,1.90,-9.48,1.28
50.4971,71,0.47195,0.08860,-0.07743,0.90557,0.37633,-0.16414,0.10665,1,0.44325,0.07767,0.38619,-0.01011,0.48914,0.87215,0.00105,0.44485,0.06814,0.38724,-0.01016,0.48911,0.87217,0.00085,1.60,-9.53,1.05
50.5139,72,0.48713,0.08536,-0.07260,0.90440,0.37050,-0.17982,0.11159,1,0.44359,0.07615,0.38640,-0.01010,0.48912,0.87215,0.00103,0.44493,0.06648,0.38726,-0.01016,0.48911,0.87217,0.00085,1.34,-9.68,0.87
50.5306,73,0.50195,0.08185,-0.06756,0.90304,0.36495,-0.19523,0.11499,1,0.44390,0.07453,0.38658,-0.01007,0.48913,0.87215,0.00098,0.44498,0.06481,0.38726,-0.01016,0.48911,0.87217,0.00085,1.08,-9.72,0.69
50.5477,74,0.53066,0.07482,-0.05704,0.90062,0.35261,-0.22371,0.12045,1,0.44415,0.07293,0.38671,-0.01005,0.48916,0.87214,0.00096,0.44497,0.06314,0.38723,-0.01016,0.48911,0.87217,0.00085,0.82,-9.79,0.52
50.5641,75,0.54461,0.07135,-0.05132,0.89916,0.34616,-0.23691,0.12473,1,0.44435,0.07131,0.38682,-0.01003,0.48918,0.87213,0.00092,0.44494,0.06148,0.38719,-0.01016,0.48911,0.87217,0.00085,0.59,-9.84,0.37
50.5812,76,0.55818,0.06812,-0.04562,0.89734,0.33973,-0.24984,0.13019,1,0.44452,0.06968,0.38690,-0.01002,0.48920,0.87211,0.00089,0.44489,0.05981,0.38713,-0.01016,0.48911,0.87217,0.00085,0.37,-9.87,0.23
50.5979,77,0.57154,0.06480,-0.03953,0.89491,0.33349,-0.26386,0.13526,1,0.44464,0.06815,0.38695,-0.01003,0.48919,0.87212,0.00085,0.44481,0.05815,0.38706,-0.01016,0.48911,0.87217,0.00085,0.17,-10.00,0.11
50.6147,78,0.58443,0.06127,-0.03342,0.89235,0.32730,-0.27782,0.13930,1,0.44474,0.06649,0.38699,-0.01002,0.48922,0.87210,0.00082,0.44471,0.05649,0.38697,-0.01016,0.48911,0.87217,0.00085,-0.03,-10.01,-0.02
50.6310,79,0.60870,0.05442,-0.02087,0.88751,0.31424,-0.30358,0.14636,1,0.44480,0.06493,0.38700,-0.01002,0.48922,0.87210,0.00081,0.44456,0.05483,0.38686,-0.01016,0.48911,0.87217,0.00085,-0.24,-10.10,-0.14
50.6478,80,0.62011,0.05118,-0.01449,0.88535,0.30860,-0.31395,0.14951,1,0.44483,0.06327,0.38699,-0.01005,0.48919,0.87212,0.00080,0.44439,0.05318,0.38675,-0.01016,0.48911,0.87217,0.00085,-0.45,-10.10,-0.24
50.6647,81,0.63128,0.04824,-0.00822,0.88322,0.30228,-0.32417,0.15315,1,0.44483,0.06161,0.38695,-0.01007,0.48917,0.87213,0.00079,0.44420,0.05153,0.38662,-0.01016,0.48911,0.87217,0.00085,-0.63,-10.09,-0.33
50.6815,82,0.64207,0.04548,-0.00171,0.88137,0.29575,-0.33406,0.15534,1,0.44480,0.05996,0.38688,-0.01009,0.48914,0.87215,0.00078,0.44399,0.04988,0.38649,-0.01016,0.48911,0.87217,0.00085,-0.81,-10.08,-0.39
50.6980,83,0.65252,0.04265,0.00470,0.87910,0.29023,-0.34385,0.15721,1,0.44473,0.05842,0.38680,-0.01009,0.48910,0.87217,0.00075,0.44376,0.04823,0.38635,-0.01016,0.48911,0.87217,0.00085,-0.97,-10.18,-0.45
50.7150,84,0.67234,0.03686,0.01771,0.87392,0.27942,-0.36256,0.16351,1,0.44463,0.05678,0.38670,-0.01009,0.48908,0.87218,0.00074,0.44349,0.04660,0.38619,-0.01016,0.48911,0.87217,0.00085,-1.14,-10.18,-0.51
50.7317,85,0.68157,0.03466,0.02384,0.87121,0.27319,-0.37174,0.16783,1,0.44451,0.05513,0.38660,-0.01009,0.48908,0.87218,0.00072,0.44321,0.04496,0.38603,-0.01016,0.48911,0.87217,0.00085,-1.30,-10.17,-0.57
50.7486,86,0.69052,0.03275,0.03024,0.86833,0.26791,-0.38032,0.17200,1,0.44436,0.05347,0.38649,-0.01009,0.48908,0.87218,0.00070,0.44291,0.04333,0.38587,-0.01016,0.48911,0.87217,0.00085,-1.45,-10.14,-0.62
50.7655,87,0.69900,0.03080,0.03657,0.86548,0.26378,-0.38785,0.17589,1,0.44418,0.05181,0.38637,-0.01011,0.48911,0.87216,0.00068,0.44259,0.04170,0.38570,-0.01016,0.48911,0.87217,0.00085,-1.59,-10.10,-0.67
50.7819,88,0.70737,0.02890,0.04270,0.86307,0.25984,-0.39470,0.17832,1,0.44399,0.05024,0.38625,-0.01012,0.48911,0.87216,0.00066,0.44226,0.04008,0.38553,-0.01016,0.48911,0.87217,0.00085,-1.73,-10.16,-0.72
50.7990,89,0.72371,0.02554,0.05536,0.85764,0.25167,-0.40856,0.18490,1,0.44377,0.04856,0.38612,-0.01012,0.48913,0.87215,0.00064,0.44189,0.03846,0.38536,-0.01016,0.48911,0.87217,0.00085,-1.87,-10.10,-0.76
50.8155,90,0.73148,0.02431,0.06146,0.85416,0.24785,-0.41691,0.18754,1,0.44353,0.04687,0.38598,-0.01011,0.48917,0.87213,0.00063,0.44152,0.03685,0.38518,-0.01016,0.48911,0.87217,0.00085,-2.01,-10.02,-0.80
50.8323,91,0.73892,0.02344,0.06778,0.84987,0.24466,-0.42594,0.19089,1,0.44327,0.04518,0.38584,-0.01011,0.48919,0.87212,0.00064,0.44112,0.03524,0.38500,-0.01016,0.48911,0.87217,0.00085,-2.14,-9.95,-0.84
50.8494,92,0.74609,0.02249,0.07399,0.84592,0.24150,-0.43406,0.19414,1,0.44297,0.04349,0.38569,-0.01012,0.48920,0.87211,0.00064,0.44071,0.03363,0.38483,-0.01016,0.48911,0.87217,0.00085,-2.26,-9.86,-0.86
50.8662,93,0.75319,0.02162,0.07983,0.84228,0.23803,-0.44176,0.19687,1,0.44267,0.04190,0.38552,-0.01016,0.48921,0.87211,0.00066,0.44029,0.03203,0.38465,-0.01016,0.48911,0.87217,0.00085,-2.37,-9.87,-0.87
50.8825,94,0.76676,0.02001,0.09220,0.83450,0.23309,-0.45721,0.20058,1,0.44234,0.04022,0.38533,-0.01017,0.48918,0.87213,0.00067,0.43985,0.03043,0.38447,-0.01016,0.48911,0.87217,0.00085,-2.49,-9.79,-0.86
50.8992,95,0.77326,0.01943,0.09838,0.83001,0.23118,-0.46561,0.20208,1,0.44200,0.03856,0.38514,-0.01019,0.48915,0.87214,0.00068,0.43938,0.02884,0.38430,-0.01016,0.48911,0.87217,0.00085,-2.61,-9.72,-0.84
50.9160,96,0.77959,0.01933,0.10461,0.82516,0.22943,-0.47454,0.20320,1,0.44166,0.03701,0.38496,-0.01021,0.48913,0.87215,0.00069,0.43891,0.02725,0.38413,-0.01016,0.48911,0.87217,0.00085,-2.75,-9.76,-0.83
50.9327,97,0.78548,0.01917,0.11084,0.81945,0.22826,-0.48480,0.20341,1,0.44128,0.03537,0.38477,-0.01022,0.48911,0.87216,0.00069,0.43842,0.02567,0.38396,-0.01016,0.48911,0.87217,0.00085,-2.86,-9.70,-0.81
50.9496,98,0.79112,0.01861,0.11657,0.81408,0.22636,-0.49440,0.20399,1,0.44089,0.03374,0.38459,-0.01021,0.48911,0.87216,0.00068,0.43792,0.02409,0.38379,-0.01016,0.48911,0.87217,0.00085,-2.97,-9.65,-0.80
50.9661,99,0.80183,0.01785,0.12805,0.80496,0.22337,-0.51045,0.20392,1,0.44047,0.03213,0.38443,-0.01019,0.48912,0.87216,0.00067,0.43740,0.02251,0.38362,-0.01016,0.48911,0.87217,0.00085,-3.07,-9.61,-0.81
50.9830,100,0.80647,0.01735,0.13404,0.80077,0.22236,-0.51705,0.20491,1,0.44005,0.03063,0.38429,-0.01017,0.48912,0.87216,0.00065,0.43686,0.02095,0.38345,-0.01016,0.48911,0.87217,0.00085,-3.19,-9.68,-0.84
50.9998,101,0.81100,0.01694,0.13949,0.79710,0.22059,-0.52338,0.20506,1,0.43957,0.02907,0.38414,-0.01015,0.48910,0.87217,0.00063,0.43631,0.01938,0.38328,-0.01016,0.48911,0.87217,0.00085,-3.26,-9.69,-0.86
51.0165,102,0.81536,0.01677,0.14489,0.79302,0.21891,-0.53004,0.20557,1,0.43907,0.02752,0.38398,-0.01014,0.48911,0.87216,0.00060,0.43575,0.01782,0.38312,-0.01016,0.48911,0.87217,0.00085,-3.32,-9.70,-0.87
51.0335,103,0.81940,0.01647,0.15041,0.78831,0.21743,-0.53724,0.20654,1,0.43856,0.02596,0.38382,-0.01013,0.48912,0.87216,0.00057,0.43518,0.01626,0.38295,-0.01016,0.48911,0.87217,0.00085,-3.38,-9.70,-0.87
51.0499,104,0.82650,0.01498,0.15969,0.77914,0.21435,-0.55046,0.20971,1,0.43807,0.02448,0.38364,-0.01013,0.48915,0.87214,0.00054,0.43459,0.01471,0.38279,-0.01016,0.48911,0.87217,0.00085,-3.47,-9.77,-0.86
51.0671,105,0.82949,0.01422,0.16441,0.77513,0.21270,-0.55589,0.21192,1,0.43755,0.02290,0.38345,-0.01012,0.48915,0.87214,0.00053,0.43399,0.01317,0.38262,-0.01016,0.48911,0.87217,0.00085,-3.56,-9.73,-0.83
51.0835,106,0.83212,0.01375,0.16824,0.77211,0.21111,-0.56041,0.21264,1,0.43703,0.02131,0.38326,-0.01010,0.48916,0.87214,0.00051,0.43338,0.01162,0.38245,-0.01016,0.48911,0.87217,0.00085,-3.64,-9.69,-0.81
51.1002,107,0.83449,0.01315,0.17208,0.76979,0.21005,-0.56399,0.21264,1,0.43653,0.01979,0.38310,-0.01007,0.48919,0.87212,0.00050,0.43277,0.01008,0.38228,-0.01016,0.48911,0.87217,0.00085,-3.76,-9.70,-0.81
51.1171,108,0.83889,0.01147,0.17842,0.76676,0.20884,-0.56883,0.21190,1,0.43597,0.01817,0.38293,-0.01007,0.48919,0.87212,0.00050,0.43214,0.00855,0.38211,-0.01016,0.48911,0.87217,0.00085,-3.83,-9.62,-0.82
51.1337,109,0.84068,0.01069,0.18098,0.76490,0.20824,-0.57161,0.21170,1,0.43540,0.01655,0.38277,-0.01008,0.48920,0.87211,0.00055,0.43151,0.00702,0.38194,-0.01016,0.48911,0.87217,0.00085,-3.89,-9.54,-0.83
51.1504,110,0.84196,0.00987,0.18351,0.76312,0.20754,-0.57449,0.21103,1,0.43481,0.01493,0.38259,-0.01010,0.48918,0.87213,0.00059,0.43087,0.00549,0.38176,-0.01016,0.48911,0.87217,0.00085,-3.94,-9.44,-0.82
51.1671,111,0.84308,0.00914,0.18491,0.76207,0.20685,-0.57634,0.21047,1,0.43420,0.01331,0.38240,-0.01014,0.48917,0.87213,0.00063,0.43023,0.00396,0.38159,-0.01016,0.48911,0.87217,0.00085,-3.97,-9.35,-0.81
51.1840,112,0.84378,0.00844,0.18646,0.76107,0.20611,-0.57782,0.21073,1,0.43362,0.01180,0.38221,-0.01019,0.48916,0.87213,0.00067,0.42958,0.00243,0.38141,-0.01016,0.48911,0.87217,0.00085,-4.04,-9.37,-0.80
51.2006,113,0.84481,0.00701,0.18792,0.75987,0.20599,-0.57937,0.21094,1,0.43301,0.01022,0.38202,-0.01021,0.48916,0.87214,0.00068,0.42894,0.00091,0.38123,-0.01016,0.48911,0.87217,0.00085,-4.07,-9.31,-0.79
51.2174,114,0.84474,0.00620,0.18808,0.76048,0.20518,-0.57890,0.21083,1,0.43239,0.00867,0.38184,-0.01020,0.48916,0.87214,0.00069,0.42829,-0.00062,0.38104,-0.01016,0.48911,0.87217,0.00085,-4.11,-9.28,-0.80
51.2341,115,0.84467,0.00574,0.18811,0.76168,0.20524,-0.57754,0.21016,1,0.43181,0.00723,0.38169,-0.01018,0.48916,0.87214,0.00069,0.42764,-0.00214,0.38085,-0.01016,0.48911,0.87217,0.00085,-4.17,-9.37,-0.84
51.2512,116,0.84377,0.00548,0.18712,0.76307,0.20617,-0.57547,0.20988,1,0.43115,0.00574,0.38153,-0.01016,0.48914,0.87215,0.00065,0.42700,-0.00367,0.38066,-0.01016,0.48911,0.87217,0.00085,-4.16,-9.41,-0.87
51.2679,117,0.84274,0.00490,0.18620,0.76392,0.20716,-0.57430,0.20901,1,0.43048,0.00426,0.38138,-0.01015,0.48914,0.87215,0.00061,0.42635,-0.00519,0.38047,-0.01016,0.48911,0.87217,0.00085,-4.13,-9.45,-0.90
51.2845,118,0.84039,0.00415,0.18241,0.76592,0.20958,-0.57150,0.20695,1,0.42982,0.00278,0.38119,-0.01014,0.48913,0.87215,0.00058,0.42572,-0.00672,0.38028,-0.01016,0.48911,0.87217,0.00085,-4.10,-9.50,-0.92
51.3011,119,0.83850,0.00415,0.18005,0.76790,0.21028,-0.56901,0.20575,1,0.42915,0.00128,0.38098,-0.01014,0.48912,0.87216,0.00055,0.42508,-0.00825,0.38008,-0.01016,0.48911,0.87217,0.00085,-4.07,-9.53,-0.90
51.3179,120,0.83566,0.00436,0.17717,0.77040,0.21136,-0.56555,0.20482,1,0.42853,-0.00015,0.38078,-0.01014,0.48913,0.87215,0.00051,0.42446,-0.00978,0.37988,-0.01016,0.48911,0.87217,0.00085,-4.07,-9.63,-0.90
51.3346,121,0.83243,0.00491,0.17398,0.77347,0.21362,-0.56055,0.20467,1,0.42790,-0.00174,0.38059,-0.01011,0.48918,0.87212,0.00050,0.42384,-0.01132,0.37969,-0.01016,0.48911,0.87217,0.00085,-4.06,-9.57,-0.90
51.3514,122,0.82849,0.00537,0.17034,0.77551,0.21729,-0.55626,0.20478,1,0.42728,-0.00336,0.38040,-0.01009,0.48917,0.87213,0.00053,0.42323,-0.01285,0.37949,-0.01016,0.48911,0.87217,0.00085,-4.05,-9.50,-0.91
51.3684,123,0.82067,0.00666,0.16200,0.77854,0.22401,-0.55064,0.20123,1,0.42664,-0.00499,0.38022,-0.01009,0.48916,0.87214,0.00059,0.42263,-0.01440,0.37929,-0.01016,0.48911,0.87217,0.00085,-4.01,-9.41,-0.93
51.3849,124,0.81575,0.00726,0.15689,0.78053,0.22732,-0.54747,0.19843,1,0.42604,-0.00651,0.38006,-0.01011,0.48914,0.87214,0.00065,0.42205,-0.01595,0.37909,-0.01016,0.48911,0.87217,0.00085,-3.98,-9.44,-0.96
51.4019,125,0.81055,0.00792,0.15114,0.78359,0.23087,-0.54222,0.19666,1,0.42539,-0.00809,0.37987,-0.01015,0.48912,0.87216,0.00070,0.42148,-0.01750,0.37890,-0.01016,0.48911,0.87217,0.00085,-3.91,-9.41,-0.98
51.4183,126,0.80430,0.00830,0.14536,0.78708,0.23410,-0.53607,0.19581,1,0.42474,-0.00965,0.37967,-0.01019,0.48912,0.87216,0.00071,0.42093,-0.01906,0.37869,-0.01016,0.48911,0.87217,0.00085,-3.81,-9.41,-0.97
51.4350,127,0.79803,0.00896,0.13905,0.79186,0.23633,-0.52846,0.19452,1,0.42414,-0.01110,0.37947,-0.01022,0.48912,0.87216,0.00069,0.42039,-0.02062,0.37849,-0.01016,0.48911,0.87217,0.00085,-3.75,-9.53,-0.97
51.4522,128,0.78404,0.01109,0.12598,0.80170,0.24136,-0.51229,0.19126,1,0.42353,-0.01262,0.37927,-0.01022,0.48911,0.87216,0.00065,0.41989,-0.02220,0.37829,-0.01016,0.48911,0.87217,0.00085,-3.64,-9.58,-0.98
51.4686,129,0.77638,0.01206,0.11887,0.80526,0.24571,-0.50537,0.18916,1,0.42295,-0.01413,0.37907,-0.01019,0.48912,0.87216,0.00062,0.41941,-0.02378,0.37809,-0.01016,0.48911,0.87217,0.00085,-3.54,-9.66,-0.99
51.4854,130,0.76794,0.01296,0.11120,0.80851,0.24997,-0.49914,0.18626,1,0.42238,-0.01564,0.37888,-0.01017,0.48915,0.87214,0.00058,0.41896,-0.02538,0.37788,-0.01016,0.48911,0.87217,0.00085,-3.42,-9.74,-1.00
51.5024,131,0.75891,0.01379,0.10380,0.81204,0.25397,-0.49246,0.18326,1,0.42182,-0.01717,0.37868,-0.01015,0.48915,0.87214,0.00054,0.41853,-0.02697,0.37767,-0.01016,0.48911,0.87217,0.00085,-3.29,-9.80,-1.01
51.5188,132,0.74902,0.01479,0.09543,0.81654,0.25718,-0.48400,0.18130,1,0.42130,-0.01862,0.37850,-0.01013,0.48916,0.87213,0.00050,0.41813,-0.02858,0.37746,-0.01016,0.48911,0.87217,0.00085,-3.17,-9.95,-1.04
51.5356,133,0.72835,0.01672,0.07934,0.82611,0.26232,-0.46488,0.18062,1,0.42077,-0.02021,0.37830,-0.01010,0.48920,0.87212,0.00046,0.41781,-0.03020,0.37724,-0.01016,0.48911,0.87217,0.00085,-2.96,-9.99,-1.06
51.5523,134,0.71771,0.01763,0.07110,0.83089,0.26517,-0.45537,0.17874,1,0.42026,-0.02184,0.37810,-0.01009,0.48923,0.87210,0.00047,0.41753,-0.03183,0.37702,-0.01016,0.48911,0.87217,0.00085,-2.73,-9.98,-1.08
51.5694,135,0.70595,0.01843,0.06301,0.83552,0.26799,-0.44683,0.17445,1,0.41977,-0.02353,0.37789,-0.01010,0.48925,0.87209,0.00052,0.41730,-0.03346,0.37679,-0.01016,0.48911,0.87217,0.00085,-2.48,-9.93,-1.10
51.5858,136,0.69319,0.01954,0.05487,0.84056,0.26953,-0.43910,0.16735,1,0.41934,-0.02513,0.37768,-0.01013,0.48923,0.87209,0.00059,0.41712,-0.03510,0.37655,-0.01016,0.48911,0.87217,0.00085,-2.23,-9.97,-1.13
51.6027,137,0.68032,0.02119,0.04624,0.84627,0.27148,-0.42891,0.16176,1,0.41893,-0.02682,0.37745,-0.01017,0.48920,0.87211,0.00066,0.41701,-0.03675,0.37631,-0.01016,0.48911,0.87217,0.00085,-1.92,-9.93,-1.14
51.6197,138,0.65410,0.02363,0.03000,0.85680,0.28092,-0.40176,0.15990,1,0.41856,-0.02850,0.37723,-0.01019,0.48917,0.87213,0.00071,0.41707,-0.03839,0.37606,-0.01016,0.48911,0.87217,0.00085,-1.49,-9.89,-1.17
51.6364,139,0.63928,0.02452,0.02173,0.86028,0.28607,-0.39077,0.15934,1,0.41824,-0.03014,0.37700,-0.01021,0.48916,0.87214,0.00073,0.41726,-0.04002,0.37578,-0.01016,0.48911,0.87217,0.00085,-0.98,-9.88,-1.22
51.6532,140,0.62471,0.02567,0.01325,0.86306,0.29029,-0.38401,0.15297,1,0.41799,-0.03168,0.37679,-0.01022,0.48915,0.87214,0.00074,0.41762,-0.04163,0.37549,-0.01016,0.48911,0.87217,0.00085,-0.37,-9.95,-1.30
51.6697,141,0.60965,0.02707,0.00459,0.86596,0.29470,-0.37747,0.14416,1,0.41779,-0.03325,0.37655,-0.01024,0.48913,0.87215,0.00078,0.41820,-0.04316,0.37518,-0.01016,0.48911,0.87217,0.00085,0.41,-9.91,-1.37
51.6864,142,0.59333,0.02900,-0.00453,0.86953,0.29960,-0.36934,0.13319,1,0.41767,-0.03484,0.37632,-0.01022,0.48913,0.87215,0.00075,0.41910,-0.04453,0.37488,-0.01016,0.48911,0.87217,0.00085,1.43,-9.69,-1.44
51.7031,143,0.55864,0.03298,-0.02197,0.88048,0.30975,-0.34127,0.11113,1,0.41764,-0.03635,0.37609,-0.01018,0.48913,0.87215,0.00071,0.42068,-0.04500,0.37465,-0.01016,0.48911,0.87217,0.00085,3.04,-8.65,-1.43
51.7199,144,0.54068,0.03537,-0.03015,0.88611,0.31465,-0.32474,0.10170,1,0.41775,-0.03795,0.37582,-0.01014,0.48914,0.87215,0.00070,0.42234,-0.04487,0.37453,-0.01016,0.48911,0.87217,0.00085,4.59,-6.92,-1.29
51.7367,145,0.52263,0.03803,-0.03812,0.89125,0.32006,-0.30771,0.09250,1,0.41803,-0.03950,0.37554,-0.01007,0.48914,0.87215,0.00070,0.42389,-0.04426,0.37450,-0.01016,0.48911,0.87217,0.00085,5.86,-4.77,-1.04
51.7536,146,0.50335,0.04088,-0.04588,0.89550,0.32661,-0.29034,0.08428,1,0.41852,-0.04094,0.37526,-0.00998,0.48917,0.87213,0.00071,0.42528,-0.04334,0.37455,-0.01016,0.48911,0.87217,0.00085,6.76,-2.39,-0.71
51.7703,147,0.48409,0.04416,-0.05320,0.89919,0.33275,-0.27358,0.07670,1,0.41925,-0.04219,0.37500,-0.00989,0.48920,0.87212,0.00077,0.42651,-0.04222,0.37465,-0.01016,0.48911,0.87217,0.00085,7.26,-0.03,-0.35
51.7871,148,0.44360,0.05183,-0.06681,0.90496,0.34631,-0.23928,0.06222,1,0.42013,-0.04308,0.37478,-0.00985,0.48911,0.87217,0.00084,0.42752,-0.04091,0.37483,-0.01016,0.48911,0.87217,0.00085,7.39,2.18,0.05
51.8037,149,0.42293,0.05641,-0.07256,0.90730,0.35337,-0.22193,0.05186,1,0.42124,-0.04370,0.37458,-0.00984,0.48913,0.87216,0.00094,0.42844,-0.03953,0.37503,-0.01016,0.48911,0.87217,0.00085,7.20,4.17,0.45
51.8203,150,0.40213,0.06144,-0.07757,0.90980,0.35947,-0.20386,0.03857,1,0.42248,-0.04391,0.37443,-0.00988,0.48914,0.87215,0.00104,0.42929,-0.03812,0.37527,-0.01016,0.48911,0.87217,0.00085,6.81,5.79,0.83
51.8372,151,0.38106,0.06682,-0.08185,0.91215,0.36555,-0.18379,0.02398,1,0.42370,-0.04372,0.37434,-0.00992,0.48913,0.87216,0.00108,0.43008,-0.03667,0.37553,-0.01016,0.48911,0.87217,0.00085,6.38,7.05,1.19
51.8541,152,0.35997,0.07241,-0.08510,0.91382,0.37267,-0.16086,0.01317,1,0.42495,-0.04313,0.37435,-0.00995,0.48912,0.87216,0.00112,0.43080,-0.03520,0.37581,-0.01016,0.48911,0.87217,0.00085,5.84,7.93,1.46
51.8707,153,0.31870,0.08425,-0.08979,0.91508,0.38799,-0.10989,0.00434,1,0.42611,-0.04217,0.37447,-0.00998,0.48907,0.87219,0.00114,0.43142,-0.03368,0.37613,-0.01016,0.48911,0.87217,0.00085,5.31,8.48,1.66
51.8875,154,0.29835,0.09035,-0.09091,0.91331,0.39784,-0.08694,0.00539,1,0.42717,-0.04094,0.37468,-0.01000,0.48903,0.87221,0.00112,0.43199,-0.03216,0.37647,-0.01016,0.48911,0.87217,0.00085,4.82,8.79,1.78
51.9040,155,0.27825,0.09673,-0.09140,0.91085,0.40743,-0.06576,0.00493,1,0.42808,-0.03963,0.37489,-0.01003,0.48900,0.87223,0.00107,0.43252,-0.03061,0.37682,-0.01016,0.48911,0.87217,0.00085,4.44,9.02,1.93
51.9207,156,0.25852,0.10365,-0.09090,0.90770,0.41713,-0.04554,0.00135,1,0.42896,-0.03815,0.37512,-0.01006,0.48901,0.87222,0.00099,0.43301,-0.02906,0.37719,-0.01016,0.48911,0.87217,0.00085,4.05,9.08,2.07
51.9378,157,0.23918,0.11099,-0.08937,0.90394,0.42687,-0.02513,-0.00580,1,0.42977,-0.03662,0.37538,-0.01004,0.48905,0.87220,0.00090,0.43345,-0.02750,0.37758,-0.01016,0.48911,0.87217,0.00085,3.68,9.12,2.20
51.9545,158,0.20163,0.12476,-0.08449,0.89459,0.44599,0.01760,-0.02226,1,0.43049,-0.03510,0.37566,-0.01001,0.48909,0.87217,0.00082,0.43381,-0.02593,0.37800,-0.01016,0.48911,0.87217,0.00085,3.31,9.17,2.34
51.9714,159,0.18368,0.13146,-0.08070,0.88905,0.45516,0.04074,-0.02769,1,0.43116,-0.03356,0.37599,-0.00996,0.48913,0.87215,0.00079,0.43413,-0.02435,0.37843,-0.01016,0.48911,0.87217,0.00085,2.97,9.20,2.44
51.9882,160,0.16662,0.13826,-0.07631,0.88224,0.46542,0.06389,-0.03087,1,0.43170,-0.03209,0.37632,-0.00995,0.48912,0.87216,0.00079,0.43441,-0.02277,0.37887,-0.01016,0.48911,0.87217,0.00085,2.70,9.32,2.55
52.0045,161,0.16662,0.13826,-0.07631,0.88224,0.46542,0.06389,-0.03087,1,0.43222,-0.03053,0.37669,-0.00993,0.48912,0.87216,0.00080,0.43469,-0.02119,0.37931,-0.01016,0.48911,0.87217,0.00085,2.46,9.35,2.61
52.0213,162,0.12004,0.15704,-0.06058,0.85878,0.49609,0.12273,-0.03648,1,0.43268,-0.02897,0.37707,-0.00992,0.48912,0.87216,0.00082,0.43486,-0.01960,0.37978,-0.01016,0.48911,0.87217,0.00085,2.17,9.38,2.71
52.0383,163,0.10604,0.16289,-0.05416,0.85027,0.50584,0.13976,-0.04046,1,0.43311,-0.02743,0.37745,-0.00991,0.48912,0.87216,0.00085,0.43499,-0.01801,0.38026,-0.01016,0.48911,0.87217,0.00085,1.89,9.42,2.81
52.0550,164,0.09316,0.16800,-0.04742,0.84182,0.51444,0.15633,-0.04752,1,0.43347,-0.02601,0.37783,-0.00990,0.48914,0.87215,0.00088,0.43509,-0.01641,0.38074,-0.01016,0.48911,0.87217,0.00085,1.62,9.59,2.91
52.0719,165,0.08100,0.17299,-0.04055,0.83437,0.52058,0.17237,-0.05581,1,0.43382,-0.02451,0.37825,-0.00991,0.48915,0.87214,0.00094,0.43516,-0.01482,0.38123,-0.01016,0.48911,0.87217,0.00085,1.34,9.69,2.98
52.0884,166,0.06959,0.17783,-0.03354,0.82743,0.52519,0.18776,-0.06537,1,0.43411,-0.02301,0.37868,-0.00996,0.48912,0.87216,0.00101,0.43520,-0.01323,0.38172,-0.01016,0.48911,0.87217,0.00085,1.09,9.77,3.04
52.1051,167,0.04878,0.18709,-0.01859,0.81341,0.53427,0.21467,-0.08271,1,0.43435,-0.02158,0.37910,-0.01001,0.48911,0.87217,0.00108,0.43517,-0.01164,0.38223,-0.01016,0.48911,0.87217,0.00085,0.82,9.94,3.13
52.1219,168,0.03947,0.19056,-0.01080,0.80489,0.54187,0.22488,-0.08924,1,0.43456,-0.02003,0.37956,-0.01004,0.48908,0.87218,0.00112,0.43511,-0.01006,0.38273,-0.01016,0.48911,0.87217,0.00085,0.55,9.97,3.18
52.1387,169,0.03039,0.19345,-0.00311,0.79637,0.54940,0.23536,-0.09249,1,0.43473,-0.01843,0.38004,-0.01005,0.48905,0.87220,0.00111,0.43503,-0.00847,0.38324,-0.01016,0.48911,0.87217,0.00085,0.29,9.96,3.20
52.1557,170,0.02186,0.19607,0.00470,0.78847,0.55579,0.24608,-0.09412,1,0.43486,-0.01678,0.38054,-0.01005,0.48904,0.87221,0.00107,0.43491,-0.00689,0.38375,-0.01016,0.48911,0.87217,0.00085,0.05,9.89,3.20
52.1723,171,0.01395,0.19852,0.01244,0.78030,0.56085,0.25888,-0.09781,1,0.43494,-0.01507,0.38105,-0.01004,0.48902,0.87221,0.00103,0.43477,-0.00531,0.38425,-0.01016,0.48911,0.87217,0.00085,-0.18,9.77,3.20
52.1891,172,0.00107,0.20515,0.02683,0.76473,0.56659,0.28571,-0.11194,1,0.43498,-0.01346,0.38153,-0.01003,0.48904,0.87220,0.00096,0.43457,-0.00373,0.38476,-0.01016,0.48911,0.87217,0.00085,-0.41,9.73,3.23
52.2055,173,-0.00479,0.20777,0.03387,0.76011,0.56572,0.29471,-0.12386,1,0.43498,-0.01178,0.38205,-0.01002,0.48904,0.87220,0.00089,0.43436,-0.00216,0.38528,-0.01016,0.48911,0.87217,0.00085,-0.63,9.62,3.22
52.2227,174,-0.01017,0.20856,0.04091,0.75664,0.56390,0.30156,-0.13628,1,0.43496,-0.01010,0.38257,-0.01001,0.48906,0.87219,0.00084,0.43411,-0.00059,0.38578,-0.01016,0.48911,0.87217,0.00085,-0.84,9.51,3.22
52.2395,175,-0.01527,0.20889,0.04774,0.75257,0.56298,0.30898,-0.14570,1,0.43489,-0.00847,0.38308,-0.01002,0.48910,0.87217,0.00080,0.43385,0.00098,0.38629,-0.01016,0.48911,0.87217,0.00085,-1.04,9.45,3.21
52.2563,176,-0.02056,0.20916,0.05447,0.74756,0.56237,0.31891,-0.15229,1,0.43480,-0.00696,0.38355,-0.01003,0.48910,0.87217,0.00078,0.43357,0.00254,0.38678,-0.01016,0.48911,0.87217,0.00085,-1.24,9.50,3.23
52.2729,177,-0.03024,0.20926,0.06690,0.73702,0.56077,0.33943,-0.16467,1,0.43467,-0.00536,0.38406,-0.01005,0.48910,0.87217,0.00078,0.43324,0.00410,0.38727,-0.01016,0.48911,0.87217,0.00085,-1.43,9.47,3.21
52.2896,178,-0.03477,0.20903,0.07273,0.73225,0.55923,0.34827,-0.17255,1,0.43451,-0.00377,0.38456,-0.01008,0.48910,0.87217,0.00078,0.43290,0.00566,0.38775,-0.01016,0.48911,0.87217,0.00085,-1.62,9.44,3.19
52.3062,179,-0.03912,0.20880,0.07843,0.72926,0.55505,0.35580,-0.18301,1,0.43434,-0.00227,0.38504,-0.01008,0.48909,0.87217,0.00079,0.43254,0.00722,0.38822,-0.01016,0.48911,0.87217,0.00085,-1.80,9.49,3.18
52.3233,180,-0.04306,0.20844,0.08376,0.72715,0.54911,0.36237,-0.19599,1,0.43411,-0.00067,0.38555,-0.01009,0.48909,0.87218,0.00077,0.43216,0.00877,0.38868,-0.01016,0.48911,0.87217,0.00085,-1.94,9.45,3.14
52.3400,181,-0.04671,0.20797,0.08917,0.72502,0.54256,0.36946,-0.20852,1,0.43384,0.00094,0.38604,-0.01009,0.48907,0.87219,0.00076,0.43177,0.01033,0.38914,-0.01016,0.48911,0.87217,0.00085,-2.07,9.39,3.10
52.3566,182,-0.05375,0.20642,0.09883,0.71969,0.53195,0.38307,-0.22876,1,0.43355,0.00254,0.38654,-0.01009,0.48908,0.87218,0.00074,0.43135,0.01188,0.38959,-0.01016,0.48911,0.87217,0.00085,-2.20,9.34,3.05
52.3733,183,-0.05699,0.20560,0.10310,0.71745,0.52738,0.38882,-0.23655,1,0.43323,0.00414,0.38703,-0.01008,0.48908,0.87218,0.00073,0.43092,0.01343,0.39002,-0.01016,0.48911,0.87217,0.00085,-2.31,9.29,2.99
52.3902,184,-0.06004,0.20468,0.10696,0.71590,0.52281,0.39346,-0.24360,1,0.43289,0.00573,0.38752,-0.01006,0.48907,0.87218,0.00073,0.43047,0.01497,0.39045,-0.01016,0.48911,0.87217,0.00085,-2.42,9.24,2.93
52.4067,185,-0.06290,0.20344,0.11093,0.71431,0.51854,0.39824,-0.24956,1,0.43255,0.00720,0.38798,-0.01005,0.48908,0.87218,0.00073,0.43001,0.01652,0.39088,-0.01016,0.48911,0.87217,0.00085,-2.53,9.32,2.90
52.4238,186,-0.06539,0.20226,0.11473,0.71282,0.51439,0.40290,-0.25489,1,0.43216,0.00876,0.38844,-0.01005,0.48909,0.87217,0.00075,0.42955,0.01807,0.39129,-0.01016,0.48911,0.87217,0.00085,-2.62,9.31,2.85
52.4406,187,-0.06990,0.19986,0.12076,0.70883,0.50728,0.41269,-0.26441,1,0.43177,0.01030,0.38889,-0.01007,0.48909,0.87217,0.00078,0.42906,0.01961,0.39169,-0.01016,0.48911,0.87217,0.00085,-2.71,9.31,2.81
52.4574,188,-0.07198,0.19847,0.12305,0.70703,0.50442,0.41691,-0.26806,1,0.43137,0.01182,0.38933,-0.01009,0.48909,0.87217,0.00081,0.42857,0.02115,0.39208,-0.01016,0.48911,0.87217,0.00085,-2.79,9.33,2.76
52.4740,189,-0.07371,0.19711,0.12497,0.70632,0.50079,0.42001,-0.27187,1,0.43097,0.01325,0.38974,-0.01011,0.48908,0.87218,0.00085,0.42807,0.02270,0.39247,-0.01016,0.48911,0.87217,0.00085,-2.90,9.45,2.73
52.4907,190,-0.07488,0.19582,0.12671,0.70693,0.49523,0.42251,-0.27655,1,0.43055,0.01477,0.39017,-0.01012,0.48910,0.87217,0.00088,0.42757,0.02424,0.39285,-0.01016,0.48911,0.87217,0.00085,-2.97,9.47,2.68
52.5074,191,-0.07570,0.19468,0.12799,0.70776,0.49024,0.42410,-0.28086,1,0.43010,0.01629,0.39060,-0.01013,0.48910,0.87217,0.00089,0.42707,0.02578,0.39322,-0.01016,0.48911,0.87217,0.00085,-3.03,9.50,2.62
52.5241,192,-0.07613,0.19266,0.12898,0.70801,0.48336,0.42648,-0.28845,1,0.42966,0.01772,0.39101,-0.01014,0.48911,0.87216,0.00090,0.42656,0.02733,0.39359,-0.01016,0.48911,0.87217,0.00085,-3.10,9.61,2.58
52.5408,193,-0.07570,0.19193,0.12840,0.70886,0.48008,0.42697,-0.29110,1,0.42918,0.01926,0.39143,-0.01014,0.48911,0.87216,0.00093,0.42605,0.02887,0.39395,-0.01016,0.48911,0.87217,0.00085,-3.13,9.61,2.52
52.5578,194,-0.07491,0.19123,0.12723,0.71013,0.47753,0.42589,-0.29377,1,0.42868,0.02083,0.39185,-0.01013,0.48911,0.87216,0.00094,0.42555,0.03042,0.39432,-0.01016,0.48911,0.87217,0.00085,-3.14,9.59,2.46
52.5746,195,-0.07356,0.19054,0.12568,0.71120,0.47660,0.42370,-0.29583,1,0.42818,0.02240,0.39225,-0.01014,0.48910,0.87217,0.00095,0.42504,0.03197,0.39468,-0.01016,0.48911,0.87217,0.00085,-3.13,9.57,2.43
52.5912,196,-0.07174,0.19017,0.12313,0.71389,0.47726,0.41798,-0.29644,1,0.42770,0.02389,0.39262,-0.01012,0.48908,0.87218,0.00094,0.42455,0.03352,0.39504,-0.01016,0.48911,0.87217,0.00085,-3.15,9.63,2.42
52.6078,197,-0.06676,0.18965,0.11697,0.72365,0.47877,0.40084,-0.29399,1,0.42719,0.02546,0.39300,-0.01010,0.48910,0.87217,0.00093,0.42408,0.03507,0.39540,-0.01016,0.48911,0.87217,0.00085,-3.11,9.61,2.41
52.6245,198,-0.06341,0.18959,0.11326,0.72770,0.48166,0.39193,-0.29127,1,0.42668,0.02705,0.39336,-0.01010,0.48910,0.87217,0.00093,0.42362,0.03663,0.39577,-0.01016,0.48911,0.87217,0.00085,-3.07,9.58,2.42
52.6415,199,-0.05931,0.18920,0.10897,0.73033,0.48558,0.38458,-0.28797,1,0.42618,0.02863,0.39372,-0.01009,0.48909,0.87217,0.00092,0.42317,0.03819,0.39615,-0.01016,0.48911,0.87217,0.00085,-3.01,9.56,2.43
52.6581,200,-0.05433,0.18859,0.10404,0.73220,0.49086,0.37802,-0.28291,1,0.42572,0.03012,0.39406,-0.01008,0.48910,0.87217,0.00092,0.42273,0.03976,0.39652,-0.01016,0.48911,0.87217,0.00085,-2.99,9.64,2.47
52.6748,201,-0.04847,0.18804,0.09860,0.73515,0.49602,0.36980,-0.27708,1,0.42523,0.03171,0.39441,-0.01008,0.48910,0.87217,0.00091,0.42232,0.04132,0.39691,-0.01016,0.48911,0.87217,0.00085,-2.91,9.61,2.49
52.6915,202,-0.03469,0.18644,0.08683,0.74459,0.50495,0.34656,-0.26551,1,0.42474,0.03330,0.39478,-0.01006,0.48909,0.87217,0.00089,0.42195,0.04290,0.39730,-0.01016,0.48911,0.87217,0.00085,-2.80,9.60,2.52
52.7084,203,-0.02677,0.18543,0.08074,0.75064,0.50769,0.33418,-0.25906,1,0.42427,0.03492,0.39516,-0.01004,0.48909,0.87217,0.00087,0.42160,0.04448,0.39770,-0.01016,0.48911,0.87217,0.00085,-2.67,9.56,2.54
52.7253,204,-0.01777,0.18433,0.07457,0.75638,0.51047,0.32203,-0.25219,1,0.42380,0.03655,0.39555,-0.01003,0.48909,0.87218,0.00085,0.42127,0.04606,0.39811,-0.01016,0.48911,0.87217,0.00085,-2.53,9.52,2.56
52.7421,205,-0.00803,0.18296,0.06829,0.76102,0.51479,0.30960,-0.24493,1,0.42336,0.03808,0.39591,-0.01002,0.48909,0.87218,0.00083,0.42097,0.04765,0.39852,-0.01016,0.48911,0.87217,0.00085,-2.39,9.57,2.61
52.7589,206,0.00198,0.18126,0.06209,0.76536,0.51939,0.29708,-0.23706,1,0.42292,0.03970,0.39630,-0.01001,0.48910,0.87217,0.00080,0.42070,0.04924,0.39894,-0.01016,0.48911,0.87217,0.00085,-2.22,9.53,2.64
52.7756,207,0.02616,0.17724,0.04957,0.77718,0.52536,0.26927,-0.21793,1,0.42251,0.04132,0.39669,-0.01000,0.48909,0.87218,0.00080,0.42049,0.05083,0.39939,-0.01016,0.48911,0.87217,0.00085,-2.02,9.52,2.70
52.7921,208,0.03891,0.17496,0.04345,0.78271,0.52841,0.25426,-0.20857,1,0.42215,0.04283,0.39705,-0.01000,0.48909,0.87217,0.00080,0.42033,0.05243,0.39984,-0.01016,0.48911,0.87217,0.00085,-1.82,9.60,2.79
52.8088,209,0.05286,0.17217,0.03743,0.78812,0.53134,0.23845,-0.19924,1,0.42180,0.04442,0.39744,-0.01000,0.48908,0.87218,0.00081,0.42020,0.05402,0.40031,-0.01016,0.48911,0.87217,0.00085,-1.60,9.61,2.87
52.8255,210,0.06771,0.16891,0.03154,0.79358,0.53354,0.22197,-0.19051,1,0.42148,0.04601,0.39784,-0.01002,0.48906,0.87219,0.00082,0.42013,0.05562,0.40078,-0.01016,0.48911,0.87217,0.00085,-1.35,9.61,2.95
52.8423,211,0.08340,0.16526,0.02567,0.79938,0.53498,0.20451,-0.18158,1,0.42120,0.04761,0.39824,-0.01003,0.48905,0.87220,0.00083,0.42012,0.05721,0.40127,-0.01016,0.48911,0.87217,0.00085,-1.08,9.60,3.03
52.8593,212,0.11706,0.15618,0.01374,0.81325,0.53407,0.16398,-0.16278,1,0.42097,0.04911,0.39864,-0.01003,0.48904,0.87220,0.00083,0.42033,0.05879,0.40178,-0.01016,0.48911,0.87217,0.00085,-0.64,9.68,3.14
52.8761,213,0.13501,0.15068,0.00773,0.81931,0.53550,0.14258,-0.14710,1,0.42076,0.05073,0.39907,-0.01004,0.48905,0.87220,0.00084,0.42073,0.06032,0.40228,-0.01016,0.48911,0.87217,0.00085,-0.03,9.60,3.21
52.8928,214,0.15388,0.14434,0.00116,0.82517,0.53726,0.11908,-0.12751,1,0.42061,0.05232,0.39952,-0.01004,0.48904,0.87220,0.00084,0.42150,0.06173,0.40273,-0.01016,0.48911,0.87217,0.00085,0.89,9.41,3.21
52.9096,215,0.17357,0.13742,-0.00541,0.83150,0.53774,0.09263,-0.10423,1,0.42052,0.05391,0.39999,-0.01004,0.48904,0.87220,0.00086,0.42291,0.06258,0.40297,-0.01016,0.48911,0.87217,0.00085,2.39,8.67,2.98
52.9260,216,0.19429,0.12992,-0.01155,0.84047,0.53177,0.06324,-0.08258,1,0.42053,0.05543,0.40045,-0.01007,0.48906,0.87219,0.00095,0.42450,0.06212,0.40274,-0.01016,0.48911,0.87217,0.00085,3.97,6.69,2.29
52.9427,217,0.23584,0.11717,-0.02326,0.85958,0.50832,0.00006,-0.05225,1,0.42069,0.05693,0.40094,-0.01009,0.48905,0.87220,0.00101,0.42542,0.06080,0.40231,-0.01016,0.48911,0.87217,0.00085,4.73,3.87,1.36
52.9598,218,0.25587,0.11239,-0.03020,0.86787,0.49385,-0.03437,-0.04173,1,0.42105,0.05829,0.40141,-0.01009,0.48905,0.87220,0.00104,0.42624,0.05942,0.40189,-0.01016,0.48911,0.87217,0.00085,5.19,1.12,0.48
52.9765,219,0.27632,0.10664,-0.03566,0.87335,0.48129,-0.07008,-0.02661,1,0.42166,0.05949,0.40185,-0.01004,0.48906,0.87219,0.00108,0.42697,0.05798,0.40146,-0.01016,0.48911,0.87217,0.00085,5.32,-1.51,-0.38
52.9930,220,0.29811,0.09846,-0.03746,0.87497,0.47263,-0.10499,-0.00407,1,0.42239,0.06038,0.40218,-0.01001,0.48908,0.87218,0.00108,0.42758,0.05650,0.40100,-0.01016,0.48911,0.87217,0.00085,5.19,-3.88,-1.18
53.0097,221,0.31925,0.09030,-0.03823,0.87437,0.46497,-0.13736,0.02037,1,0.42329,0.06102,0.40244,-0.01000,0.48910,0.87217,0.00103,0.42810,0.05499,0.40050,-0.01016,0.48911,0.87217,0.00085,4.81,-6.03,-1.94
53.0265,222,0.35868,0.07363,-0.03678,0.86958,0.45167,-0.19079,0.05856,1,0.42429,0.06127,0.40258,-0.00996,0.48915,0.87214,0.00096,0.42846,0.05346,0.39996,-0.01016,0.48911,0.87217,0.00085,4.17,-7.81,-2.62
53.0432,223,0.37654,0.06584,-0.03465,0.86945,0.44109,-0.21204,0.06729,0,0.42525,0.06112,0.40255,-0.00993,0.48915,0.87214,0.00091,0.42846,0.05346,0.39996,-0.01016,0.48911,0.87217,0.00085,3.21,-7.66,-2.59
53.0598,224,0.39268,0.05810,-0.03179,0.87036,0.42848,-0.23192,0.07132,0,0.42626,0.06049,0.40234,-0.00994,0.48916,0.87214,0.00087,0.42846,0.05346,0.39996,-0.01016,0.48911,0.87217,0.00085,2.20,-7.03,-2.38
53.0767,225,0.40697,0.05203,-0.02826,0.87063,0.41748,-0.25021,0.07155,0,0.42712,0.05945,0.40193,-0.01000,0.48922,0.87210,0.00082,0.42846,0.05346,0.39996,-0.01016,0.48911,0.87217,0.00085,1.35,-5.99,-1.97
53.0935,226,0.42016,0.04493,-0.02434,0.86821,0.41094,-0.26867,0.07177,0,0.42777,0.05816,0.40144,-0.01001,0.48927,0.87207,0.00079,0.42846,0.05346,0.39996,-0.01016,0.48911,0.87217,0.00085,0.69,-4.70,-1.48
53.1103,227,0.43938,0.03048,-0.01546,0.86553,0.39770,-0.29479,0.07604,0,0.42819,0.05688,0.40099,-0.01003,0.48920,0.87211,0.00083,0.42846,0.05346,0.39996,-0.01016,0.48911,0.87217,0.00085,0.27,-3.42,-1.03
53.1270,228,0.44662,0.02415,-0.01031,0.86722,0.38653,-0.30441,0.07663,0,0.42843,0.05560,0.40055,-0.01011,0.48917,0.87213,0.00089,0.42846,0.05346,0.39996,-0.01016,0.48911,0.87217,0.00085,0.03,-2.14,-0.59
53.1438,229,0.45278,0.01800,-0.00503,0.86963,0.37597,-0.31109,0.07498,0,0.42850,0.05450,0.40017,-0.01020,0.48914,0.87214,0.00091,0.42846,0.05346,0.39996,-0.01016,0.48911,0.87217,0.00085,-0.04,-1.04,-0.21
53.1606,230,0.45702,0.01183,0.00036,0.87134,0.36949,-0.31402,0.07509,0,0.42853,0.05379,0.39990,-0.01027,0.48913,0.87215,0.00102,0.42846,0.05346,0.39996,-0.01016,0.48911,0.87217,0.00085,-0.07,-0.33,0.06
53.1773,231,0.46118,-0.00066,0.01142,0.87418,0.36316,-0.31129,0.08374,0,0.42857,0.05341,0.39977,-0.01031,0.48909,0.87217,0.00110,0.42846,0.05346,0.39996,-0.01016,0.48911,0.87217,0.00085,-0.10,0.05,0.19
53.1940,232,0.46115,-0.00729,0.01695,0.87938,0.35781,-0.30178,0.08706,0,0.42859,0.05329,0.39974,-0.01033,0.48905,0.87219,0.00111,0.42846,0.05346,0.39996,-0.01016,0.48911,0.87217,0.00085,-0.12,0.17,0.22
53.2107,233,0.46078,-0.01376,0.02244,0.88489,0.35408,-0.29040,0.08520,0,0.42859,0.05333,0.39976,-0.01030,0.48900,0.87222,0.00110,0.42846,0.05346,0.39996,-0.01016,0.48911,0.87217,0.00085,-0.13,0.13,0.20
53.2275,234,0.45942,-0.02026,0.02772,0.89005,0.34999,-0.28119,0.07906,0,0.42856,0.05341,0.39978,-0.01024,0.48896,0.87224,0.00100,0.42846,0.05346,0.39996,-0.01016,0.48911,0.87217,0.00085,-0.10,0.05,0.18
53.2443,235,0.45762,-0.02649,0.03280,0.89574,0.34429,-0.27292,0.06808,0,0.42851,0.05350,0.39980,-0.01018,0.48901,0.87222,0.00089,0.42846,0.05346,0.39996,-0.01016,0.48911,0.87217,0.00085,-0.04,-0.04,0.16
53.2610,236,0.45282,-0.03833,0.04230,0.90532,0.33301,-0.25936,0.04719,0,0.42846,0.05357,0.39982,-0.01010,0.48906,0.87219,0.00079,0.42846,0.05346,0.39996,-0.01016,0.48911,0.87217,0.00085,0.00,-0.11,0.14
53.2777,237,0.45065,-0.04414,0.04660,0.91085,0.32615,-0.24989,0.03911,0,0.42843,0.05360,0.39983,-0.01004,0.48908,0.87218,0.00074,0.42846,0.05346,0.39996,-0.01016,0.48911,0.87217,0.00085,0.03,-0.14,0.13
53.2946,238,0.44860,-0.05008,0.05075,0.91554,0.32051,-0.24053,0.03461,0,0.42841,0.05360,0.39984,-0.00999,0.48908,0.87218,0.00071,0.42846,0.05346,0.39996,-0.01016,0.48911,0.87217,0.00085,0.05,-0.14,0.12
53.3112,239,0.44666,-0.05613,0.05438,0.91908,0.31633,-0.23247,0.03438,0,0.42840,0.05359,0.39984,-0.00996,0.48911,0.87217,0.00071,0.42846,0.05346,0.39996,-0.01016,0.48911,0.87217,0.00085,0.07,-0.13,0.12
53.3281,240,0.44488,-0.06191,0.05778,0.92224,0.31130,-0.22609,0.03807,0,0.42838,0.05359,0.39983,-0.00996,0.48913,0.87215,0.00075,0.42846,0.05346,0.39996,-0.01016,0.48911,0.87217,0.00085,0.08,-0.13,0.13
53.3448,241,0.44183,-0.07394,0.06332,0.92698,0.30093,-0.21905,0.04652,0,0.42839,0.05355,0.39982,-0.00996,0.48913,0.87215,0.00079,0.42846,0.05346,0.39996,-0.01016,0.48911,0.87217,0.00085,0.08,-0.09,0.14
53.3616,242,0.44054,-0.07986,0.06570,0.92944,0.29493,-0.21617,0.04935,0,0.42840,0.05349,0.39982,-0.00998,0.48912,0.87216,0.00083,0.42846,0.05346,0.39996,-0.01016,0.48911,0.87217,0.00085,0.07,-0.03,0.14
53.3784,243,0.43939,-0.08533,0.06769,0.93195,0.28936,-0.21220,0.05215,0,0.42840,0.05344,0.39981,-0.01002,0.48911,0.87217,0.00087,0.42846,0.05346,0.39996,-0.01016,0.48911,0.87217,0.00085,0.06,0.02,0.15
53.3952,244,0.43843,-0.09076,0.06944,0.93425,0.28511,-0.20668,0.05635,0,0.42842,0.05339,0.39979,-0.01006,0.48910,0.87217,0.00090,0.42846,0.05346,0.39996,-0.01016,0.48911,0.87217,0.00085,0.05,0.07,0.17
53.4120,245,0.43781,-0.09645,0.07089,0.93662,0.28057,-0.20023,0.06269,0,0.42843,0.05335,0.39979,-0.01007,0.48909,0.87217,0.00093,0.42846,0.05346,0.39996,-0.01016,0.48911,0.87217,0.00085,0.03,0.11,0.17
53.4286,246,0.43706,-0.10718,0.07285,0.94146,0.26738,-0.18996,0.07796,0,0.42844,0.05335,0.39978,-0.01008,0.48908,0.87218,0.00093,0.42846,0.05346,0.39996,-0.01016,0.48911,0.87217,0.00085,0.02,0.11,0.18
53.4453,247,0.43673,-0.11250,0.07334,0.94349,0.25973,-0.18872,0.08223,0,0.42844,0.05336,0.39977,-0.01009,0.48907,0.87219,0.00093,0.42846,0.05346,0.39996,-0.01016,0.48911,0.87217,0.00085,0.03,0.10,0.19
53.4621,248,0.43605,-0.11789,0.07319,0.94527,0.25248,-0.18831,0.08514,0,0.42844,0.05339,0.39978,-0.01008,0.48905,0.87219,0.00093,0.42846,0.05346,0.39996,-0.01016,0.48911,0.87217,0.00085,0.03,0.07,0.18
53.4789,249,0.43491,-0.12357,0.07290,0.94723,0.24606,-0.18685,0.08537,0,0.42843,0.05341,0.39979,-0.01006,0.48905,0.87220,0.00092,0.42846,0.05346,0.39996,-0.01016,0.48911,0.87217,0.00085,0.03,0.05,0.17
53.4955,250,0.43383,-0.12939,0.07272,0.94970,0.24095,-0.18166,0.08379,0,0.42842,0.05343,0.39980,-0.01004,0.48906,0.87219,0.00091,0.42846,0.05346,0.39996,-0.01016,0.48911,0.87217,0.00085,0.04,0.03,0.16
53.5124,251,0.43255,-0.14200,0.07177,0.95537,0.23254,-0.16069,0.08582,0,0.42842,0.05343,0.39981,-0.01002,0.48908,0.87218,0.00090,0.42846,0.05346,0.39996,-0.01016,0.48911,0.87217,0.00085,0.04,0.03,0.15
53.5290,252,0.43220,-0.14959,0.07098,0.95776,0.22829,-0.14874,0.09200,0,0.42842,0.05343,0.39981,-0.01002,0.48909,0.87218,0.00089,0.42846,0.05346,0.39996,-0.01016,0.48911,0.87217,0.00085,0.05,0.03,0.15
53.5458,253,0.43199,-0.15801,0.06976,0.95954,0.22315,-0.13783,0.10243,0,0.42841,0.05342,0.39981,-0.01003,0.48910,0.87217,0.00089,0.42846,0.05346,0.39996,-0.01016,0.48911,0.87217,0.00085,0.05,0.04,0.15
53.5624,254,0.43177,-0.16706,0.06862,0.96131,0.21518,-0.12689,0.11614,0,0.42841,0.05342,0.39980,-0.01004,0.48911,0.87217,0.00090,0.42846,0.05346,0.39996,-0.01016,0.48911,0.87217,0.00085,0.05,0.04,0.16
53.5793,255,0.43183,-0.17663,0.06701,0.96297,0.20577,-0.11278,0.13280,0,0.42841,0.05341,0.39980,-0.01005,0.48911,0.87217,0.00090,0.42846,0.05346,0.39996,-0.01016,0.48911,0.87217,0.00085,0.05,0.05,0.16
53.5960,256,0.43290,-0.19863,0.06211,0.96721,0.17583,-0.07578,0.16686,0,0.42841,0.05341,0.39980,-0.01005,0.48910,0.87217,0.00090,0.42846,0.05346,0.39996,-0.01016,0.48911,0.87217,0.00085,0.05,0.05,0.16
53.6127,257,0.43383,-0.21090,0.05896,0.96804,0.15426,-0.05713,0.18933,0,0.42842,0.05341,0.39980,-0.01005,0.48910,0.87217,0.00090,0.42846,0.05346,0.39996,-0.01016,0.48911,0.87217,0.00085,0.05,0.05,0.16
53.6295,258,0.43485,-0.22421,0.05568,0.96693,0.13042,-0.03924,0.21561,0,0.42842,0.05340,0.39980,-0.01005,0.48909,0.87217,0.00090,0.42846,0.05346,0.39996,-0.01016,0.48911,0.87217,0.00085,0.05,0.06,0.16
53.6463,259,0.43612,-0.23822,0.05266,0.96345,0.10658,-0.01817,0.24509,0,0.42842,0.05341,0.39980,-0.01005,0.48909,0.87218,0.00090,0.42846,0.05346,0.39996,-0.01016,0.48911,0.87217,0.00085,0.05,0.05,0.16
53.6630,260,0.43765,-0.25227,0.04931,0.95802,0.08209,0.00727,0.27460,0,0.42842,0.05341,0.39980,-0.01005,0.48908,0.87218,0.00090,0.42846,0.05346,0.39996,-0.01016,0.48911,0.87217,0.00085,0.05,0.05,0.16
53.6796,261,0.44013,-0.28079,0.04301,0.94450,0.04613,0.06714,0.31826,0,0.42842,0.05342,0.39980,-0.01004,0.48908,0.87218,0.00090,0.42846,0.05346,0.39996,-0.01016,0.48911,0.87217,0.00085,0.05,0.04,0.16
53.6964,262,0.44361,-0.29513,0.03895,0.93892,0.03883,0.10566,0.32521,0,0.42842,0.05342,0.39981,-0.01004,0.48908,0.87218,0.00090,0.42846,0.05346,0.39996,-0.01016,0.48911,0.87217,0.00085,0.04,0.04,0.15
53.7132,263,0.44507,-0.30857,0.03647,0.93151,0.04813,0.13490,0.33433,0,0.42842,0.05342,0.39981,-0.01004,0.48909,0.87218,0.00090,0.42846,0.05346,0.39996,-0.01016,0.48911,0.87217,0.00085,0.04,0.04,0.15
53.7300,264,0.44626,-0.32163,0.03558,0.92657,0.06877,0.13461,0.34441,0,0.42842,0.05341,0.39981,-0.01005,0.48909,0.87217,0.00090,0.42846,0.05346,0.39996,-0.01016,0.48911,0.87217,0.00085,0.05,0.05,0.16
53.7469,265,0.44632,-0.33583,0.03244,0.92486,0.08738,0.12379,0.34882,0,0.42842,0.05341,0.39981,-0.01005,0.48909,0.87217,0.00090,0.42846,0.05346,0.39996,-0.01016,0.48911,0.87217,0.00085,0.05,0.05,0.15
53.7636,266,0.44389,-0.35928,0.02441,0.90326,0.10878,0.15529,0.38495,0,0.42842,0.05341,0.39981,-0.01005,0.48909,0.87218,0.00090,0.42846,0.05346,0.39996,-0.01016,0.48911,0.87217,0.00085,0.05,0.04,0.15
53.7804,267,0.44275,-0.36896,0.02076,0.89116,0.12021,0.17438,0.40122,0,0.42842,0.05342,0.39981,-0.01005,0.48909,0.87218,0.00090,0.42846,0.05346,0.39996,-0.01016,0.48911,0.87217,0.00085,0.05,0.04,0.16
53.7970,268,0.44193,-0.37785,0.01732,0.88251,0.13540,0.19144,0.40767,0,0.42842,0.05341,0.39980,-0.01005,0.48909,0.87218,0.00090,0.42846,0.05346,0.39996,-0.01016,0.48911,0.87217,0.00085,0.05,0.05,0.16
53.8138,269,0.44087,-0.38546,0.01256,0.87528,0.15436,0.20321,0.41081,0,0.42842,0.05341,0.39980,-0.01005,0.48909,0.87217,0.00090,0.42846,0.05346,0.39996,-0.01016,0.48911,0.87217,0.00085,0.05,0.05,0.16
53.8307,270,0.43817,-0.39222,0.00714,0.86641,0.17748,0.20513,0.41924,0,0.42842,0.05341,0.39981,-0.01005,0.48909,0.87218,0.00090,0.42846,0.05346,0.39996,-0.01016,0.48911,0.87217,0.00085,0.04,0.05,0.15
53.8473,271,0.43199,-0.40531,-0.00404,0.84216,0.22321,0.21377,0.44186,0,0.42842,0.05341,0.39981,-0.01005,0.48909,0.87218,0.00090,0.42846,0.05346,0.39996,-0.01016,0.48911,0.87217,0.00085,0.04,0.05,0.15
53.8640,272,0.42805,-0.41082,-0.00863,0.82321,0.24560,0.21714,0.46353,0,0.42842,0.05341,0.39981,-0.01005,0.48909,0.87218,0.00090,0.42846,0.05346,0.39996,-0.01016,0.48911,0.87217,0.00085,0.04,0.05,0.15
53.8807,273,0.42496,-0.41597,-0.01247,0.80629,0.27125,0.22063,0.47712,0,0.42842,0.05341,0.39981,-0.01005,0.48909,0.87218,0.00090,0.42846,0.05346,0.39996,-0.01016,0.48911,0.87217,0.00085,0.04,0.05,0.15
53.8974,274,0.42316,-0.42040,-0.01728,0.79487,0.29632,0.22294,0.48029,0,0.42842,0.05341,0.39981,-0.01005,0.48909,0.87218,0.00091,0.42846,0.05346,0.39996,-0.01016,0.48911,0.87217,0.00085,0.04,0.05,0.15
53.9144,275,0.42089,-0.42420,-0.02188,0.78289,0.31973,0.22251,0.48513,0,0.42842,0.05341,0.39981,-0.01005,0.48909,0.87218,0.00091,0.42846,0.05346,0.39996,-0.01016,0.48911,0.87217,0.00085,0.04,0.05,0.15
53.9310,276,0.41561,-0.42977,-0.03042,0.75126,0.36028,0.22152,0.50669,0,0.42842,0.05341,0.39981,-0.01005,0.48909,0.87218,0.00091,0.42846,0.05346,0.39996,-0.01016,0.48911,0.87217,0.00085,0.04,0.05,0.15
53.9479,277,0.41336,-0.43204,-0.03437,0.73388,0.37941,0.21964,0.51886,0,0.42842,0.05341,0.39981,-0.01005,0.48909,0.87218,0.00091,0.42846,0.05346,0.39996,-0.01016,0.48911,0.87217,0.00085,0.04,0.05,0.15
53.9646,278,0.41183,-0.43448,-0.03814,0.71706,0.39804,0.21698,0.52945,0,0.42842,0.05341,0.39981,-0.01005,0.48909,0.87218,0.00090,0.42846,0.05346,0.39996,-0.01016,0.48911,0.87217,0.00085,0.04,0.05,0.15
53.9813,279,0.40948,-0.43500,-0.04135,0.70319,0.41765,0.21236,0.53480,0,0.42842,0.05341,0.39981,-0.01005,0.48909,0.87218,0.00090,0.42846,0.05346,0.39996,-0.01016,0.48911,0.87217,0.00085,0.04,0.05,0.15
53.9980,280,0.40963,-0.43423,-0.04412,0.70469,0.44404,0.20489,0.51407,0,0.42842,0.05341,0.39981,-0.01005,0.48909,0.87218,0.00090,0.42846,0.05346,0.39996,-0.01016,0.48911,0.87217,0.00085,0.04,0.05,0.15
54.0147,281,0.40604,-0.44050,-0.05130,0.69196,0.48066,0.20835,0.49674,0,0.42842,0.05341,0.39981,-0.01005,0.48909,0.87217,0.00090,0.42846,0.05346,0.39996,-0.01016,0.48911,0.87217,0.00085,0.04,0.05,0.15
54.0315,282,0.40448,-0.44018,-0.05358,0.67499,0.49630,0.21250,0.50292,0,0.42842,0.05341,0.39981,-0.01005,0.48909,0.87218,0.00090,0.42846,0.05346,0.39996,-0.01016,0.48911,0.87217,0.00085,0.04,0.05,0.15
54.0484,283,0.40421,-0.44154,-0.05675,0.66834,0.52324,0.20397,0.48779,0,0.42842,0.05341,0.39981,-0.01005,0.48909,0.87218,0.00091,0.42846,0.05346,0.39996,-0.01016,0.48911,0.87217,0.00085,0.04,0.05,0.15
54.0650,284,0.40309,-0.44513,-0.05982,0.65898,0.54405,0.20340,0.47790,0,0.42842,0.05341,0.39981,-0.01006,0.48909,0.87218,0.00091,0.42846,0.05346,0.39996,-0.01016,0.48911,0.87217,0.00085,0.04,0.05,0.15
54.0819,285,0.40180,-0.44623,-0.06303,0.64849,0.56063,0.21133,0.46957,0,0.42842,0.05341,0.39981,-0.01005,0.48909,0.87218,0.00091,0.42846,0.05346,0.39996,-0.01016,0.48911,0.87217,0.00085,0.04,0.05,0.15
54.0984,286,0.40236,-0.44845,-0.06774,0.64512,0.59338,0.22620,0.42492,0,0.42842,0.05341,0.39981,-0.01006,0.48909,0.87218,0.00091,0.42846,0.05346,0.39996,-0.01016,0.48911,0.87217,0.00085,0.04,0.05,0.15
54.1152,287,0.40179,-0.45010,-0.07175,0.64387,0.60494,0.23318,0.40633,0,0.42842,0.05341,0.39981,-0.01005,0.48909,0.87218,0.00091,0.42846,0.05346,0.39996,-0.01016,0.48911,0.87217,0.00085,0.04,0.05,0.15
54.1319,288,0.40056,-0.45200,-0.07658,0.64263,0.61736,0.23275,0.38952,0,0.42842,0.05341,0.39981,-0.01005,0.48908,0.87218,0.00090,0.42846,0.05346,0.39996,-0.01016,0.48911,0.87217,0.00085,0.04,0.05,0.15
54.1486,289,0.39957,-0.45413,-0.08133,0.64104,0.63155,0.22569,0.37321,0,0.42842,0.05341,0.39981,-0.01005,0.48908,0.87218,0.00090,0.42846,0.05346,0.39996,-0.01016,0.48911,0.87217,0.00085,0.04,0.05,0.15
54.1656,290,0.39793,-0.46199,-0.08764,0.65808,0.65366,0.21459,0.30596,0,0.42842,0.05341,0.39981,-0.01005,0.48909,0.87218,0.00091,0.42846,0.05346,0.39996,-0.01016,0.48911,0.87217,0.00085,0.04,0.05,0.15
54.1822,291,0.39640,-0.45400,-0.09251,0.68600,0.58429,0.29871,0.31428,0,0.42842,0.05341,0.39981,-0.01005,0.48909,0.87218,0.00091,0.42846,0.05346,0.39996,-0.01016,0.48911,0.87217,0.00085,0.04,0.05,0.15
54.1989,292,0.39567,-0.45371,-0.09241,0.72257,0.56843,0.29146,0.26426,0,0.42842,0.05341,0.39982,-0.01005,0.48909,0.87218,0.00091,0.42846,0.05346,0.39996,-0.01016,0.48911,0.87217,0.00085,0.04,0.05,0.15
54.2157,293,0.39698,-0.46107,-0.09439,0.75234,0.54265,0.30056,0.22178,0,0.42842,0.05341,0.39981,-0.01006,0.48909,0.87218,0.00090,0.42846,0.05346,0.39996,-0.01016,0.48911,0.87217,0.00085,0.04,0.05,0.15
54.2325,294,0.39499,-0.46074,-0.09662,0.78056,0.48370,0.33900,0.20457,0,0.42842,0.05341,0.39981,-0.01006,0.48909,0.87218,0.00090,0.42846,0.05346,0.39996,-0.01016,0.48911,0.87217,0.00085,0.04,0.05,0.15
54.2492,295,0.39582,-0.46039,-0.10364,0.84507,0.36580,0.36800,0.12891,0,0.42842,0.05341,0.39981,-0.01006,0.48909,0.87218,0.00090,0.42846,0.05346,0.39996,-0.01016,0.48911,0.87217,0.00085,0.04,0.05,0.15
54.2659,296,0.39531,-0.46099,-0.10638,0.86751,0.30372,0.38389,0.08841,0,0.42842,0.05341,0.39982,-0.01006,0.48909,0.87218,0.00091,0.42846,0.05346,0.39996,-0.01016,0.48911,0.87217,0.00085,0.04,0.05,0.15
54.2827,297,0.39431,-0.42508,-0.13684,0.86990,0.31689,0.37099,0.07230,0,0.42842,0.05341,0.39982,-0.01006,0.48908,0.87218,0.00091,0.42846,0.05346,0.39996,-0.01016,0.48911,0.87217,0.00085,0.04,0.05,0.14
54.2996,298,0.39365,-0.45890,-0.10841,0.86094,0.36638,0.34425,0.07768,0,0.42842,0.05341,0.39982,-0.01006,0.48908,0.87218,0.00091,0.42846,0.05346,0.39996,-0.01016,0.48911,0.87217,0.00085,0.04,0.05,0.15
54.3162,0,0.39208,-0.45888,-0.11505,0.86893,0.34779,0.34693,0.06037,0,0.42842,0.05341,0.39982,-0.01006,0.48909,0.87218,0.00091,0.42846,0.05346,0.39996,-0.01016,0.48911,0.87217,0.00085,0.04,0.05,0.15
54.3329,1,0.39193,-0.45795,-0.11865,0.87239,0.33747,0.35022,0.04899,0,0.42842,0.05341,0.39981,-0.01006,0.48909,0.87218,0.00091,0.42846,0.05346,0.39996,-0.01016,0.48911,0.87217,0.00085,0.04,0.05,0.15
54.3497,2,0.39235,-0.45764,-0.11793,0.87127,0.33792,0.35261,0.04863,0,0.42842,0.05341,0.39981,-0.01006,0.48909,0.87218,0.00091,0.42846,0.05346,0.39996,-0.01016,0.48911,0.87217,0.00085,0.04,0.05,0.15
54.3665,3,0.39247,-0.45795,-0.11665,0.86950,0.33954,0.35513,0.05067,0,0.42842,0.05341,0.39981,-0.01005,0.48909,0.87218,0.00091,0.42846,0.05346,0.39996,-0.01016,0.48911,0.87217,0.00085,0.04,0.05,0.15
54.3832,4,0.39251,-0.45784,-0.11530,0.86688,0.34351,0.35694,0.05583,0,0.42842,0.05341,0.39981,-0.01005,0.48909,0.87218,0.00091,0.42846,0.05346,0.39996,-0.01016,0.48911,0.87217,0.00085,0.04,0.05,0.15
54.4001,5,0.39215,-0.45809,-0.11423,0.86412,0.34801,0.35812,0.06272,0,0.42842,0.05341,0.39982,-0.01006,0.48909,0.87218,0.00091,0.42846,0.05346,0.39996,-0.01016,0.48911,0.87217,0.00085,0.04,0.05,0.15
54.4167,6,0.39418,-0.45894,-0.11359,0.85400,0.36136,0.36321,0.09045,0,0.42842,0.05341,0.39982,-0.01005,0.48909,0.87218,0.00091,0.42846,0.05346,0.39996,-0.01016,0.48911,0.87217,0.00085,0.04,0.05,0.14
54.4334,7,0.39609,-0.45908,-0.11342,0.84686,0.36933,0.36714,0.10789,0,0.42843,0.05341,0.39982,-0.01005,0.48909,0.87218,0.00091,0.42846,0.05346,0.39996,-0.01016,0.48911,0.87217,0.00085,0.04,0.05,0.14
54.4502,8,0.39568,-0.45887,-0.11292,0.83792,0.38047,0.36982,0.12792,0,0.42842,0.05341,0.39982,-0.01005,0.48909,0.87218,0.00091,0.42846,0.05346,0.39996,-0.01016,0.48911,0.87217,0.00085,0.04,0.05,0.14
54.4669,9,0.39476,-0.45953,-0.11135,0.82717,0.39585,0.36951,0.15017,0,0.42842,0.05341,0.39982,-0.01006,0.48909,0.87218,0.00091,0.42846,0.05346,0.39996,-0.01016,0.48911,0.87217,0.00085,0.04,0.05,0.14
54.4836,10,0.39385,-0.46018,-0.11086,0.81443,0.41117,0.37065,0.17393,0,0.42842,0.05341,0.39982,-0.01006,0.48909,0.87218,0.00091,0.42846,0.05346,0.39996,-0.01016,0.48911,0.87217,0.00085,0.04,0.05,0.14
54.5003,11,0.39270,-0.46162,-0.10821,0.78459,0.44232,0.37349,0.22199,0,0.42842,0.05341,0.39982,-0.01006,0.48909,0.87218,0.00091,0.42846,0.05346,0.39996,-0.01016,0.48911,0.87217,0.00085,0.04,0.05,0.14
54.5171,12,0.39140,-0.46134,-0.10901,0.77362,0.44900,0.37837,0.23822,0,0.42842,0.05341,0.39982,-0.01005,0.48909,0.87218,0.00091,0.42846,0.05346,0.39996,-0.01016,0.48911,0.87217,0.00085,0.04,0.05,0.14
54.5338,13,0.39246,-0.45821,-0.10863,0.76883,0.46593,0.36827,0.23702,0,0.42842,0.05341,0.39982,-0.01006,0.48909,0.87218,0.00091,0.42846,0.05346,0.39996,-0.01016,0.48911,0.87217,0.00085,0.04,0.05,0.14
54.5505,14,0.39281,-0.46212,-0.10823,0.76595,0.47079,0.36628,0.23982,0,0.42842,0.05341,0.39982,-0.01006,0.48909,0.87218,0.00091,0.42846,0.05346,0.39996,-0.01016,0.48911,0.87217,0.00085,0.04,0.05,0.14
54.5672,15,0.39192,-0.46054,-0.10908,0.76161,0.47416,0.36726,0.24545,0,0.42842,0.05341,0.39982,-0.01006,0.48909,0.87218,0.00091,0.42846,0.05346,0.39996,-0.01016,0.48911,0.87217,0.00085,0.04,0.05,0.14
54.5841,16,0.39395,-0.46264,-0.11069,0.76405,0.47240,0.36657,0.24225,0,0.42842,0.05341,0.39982,-0.01006,0.48909,0.87218,0.00091,0.42846,0.05346,0.39996,-0.01016,0.48911,0.87217,0.00085,0.04,0.05,0.14
54.6009,17,0.39578,-0.46346,-0.11177,0.76833,0.46712,0.36766,0.23724,0,0.42842,0.05341,0.39982,-0.01006,0.48909,0.87218,0.00091,0.42846,0.05346,0.39996,-0.01016,0.48911,0.87217,0.00085,0.04,0.05,0.14
54.6176,18,0.39681,-0.46421,-0.11273,0.77487,0.45863,0.36950,0.22959,0,0.42842,0.05341,0.39982,-0.01006,0.48909,0.87218,0.00091,0.42846,0.05346,0.39996,-0.01016,0.48911,0.87217,0.00085,0.04,0.05,0.14
54.6343,19,0.39746,-0.46440,-0.11290,0.78248,0.44851,0.37169,0.22001,0,0.42842,0.05341,0.39982,-0.01006,0.48909,0.87218,0.00091,0.42846,0.05346,0.39996,-0.01016,0.48911,0.87217,0.00085,0.04,0.05,0.14
54.6510,20,0.39793,-0.46385,-0.11281,0.79126,0.43642,0.37407,0.20862,0,0.42842,0.05341,0.39982,-0.01006,0.48909,0.87218,0.00091,0.42846,0.05346,0.39996,-0.01016,0.48911,0.87217,0.00085,0.04,0.05,0.14
54.6678,21,0.39889,-0.46167,-0.11209,0.81108,0.40844,0.37771,0.18072,0,0.42842,0.05341,0.39982,-0.01006,0.48909,0.87218,0.00091,0.42846,0.05346,0.39996,-0.01016,0.48911,0.87217,0.00085,0.04,0.05,0.14
54.6845,22,0.39894,-0.46057,-0.11261,0.81846,0.39983,0.37606,0.16981,0,0.42842,0.05341,0.39982,-0.01006,0.48909,0.87218,0.00091,0.42846,0.05346,0.39996,-0.01016,0.48911,0.87217,0.00085,0.04,0.05,0.14
54.7012,23,0.39918,-0.46049,-0.11204,0.82065,0.40258,0.37174,0.16208,0,0.42842,0.05341,0.39982,-0.01006,0.48909,0.87218,0.00091,0.42846,0.05346,0.39996,-0.01016,0.48911,0.87217,0.00085,0.04,0.05,0.14
54.7179,24,0.39882,-0.46078,-0.11004,0.81990,0.40480,0.37098,0.16209,0,0.42843,0.05341,0.39982,-0.01005,0.48908,0.87218,0.00091,0.42846,0.05346,0.39996,-0.01016,0.48911,0.87217,0.00085,0.04,0.05,0.14
54.7347,25,0.39842,-0.46158,-0.10753,0.81610,0.40919,0.37180,0.16825,0,0.42842,0.05341,0.39982,-0.01005,0.48908,0.87218,0.00091,0.42846,0.05346,0.39996,-0.01016,0.48911,0.87217,0.00085,0.04,0.05,0.14
54.7515,26,0.39738,-0.46266,-0.10549,0.80439,0.41951,0.37481,0.19099,0,0.42842,0.05341,0.39982,-0.01006,0.48908,0.87218,0.00091,0.42846,0.05346,0.39996,-0.01016,0.48911,0.87217,0.00085,0.04,0.05,0.14
54.7681,27,0.39720,-0.46323,-0.10489,0.79811,0.42641,0.37481,0.20176,0,0.42842,0.05341,0.39982,-0.01006,0.48908,0.87218,0.00091,0.42846,0.05346,0.39996,-0.01016,0.48911,0.87217,0.00085,0.04,0.05,0.14
54.7850,28,0.39793,-0.46252,-0.10537,0.79342,0.43234,0.37441,0.20828,0,0.42842,0.05341,0.39982,-0.01006,0.48908,0.87218,0.00091,0.42846,0.05346,0.39996,-0.01016,0.48911,0.87217,0.00085,0.04,0.05,0.14
54.8016,29,0.39854,-0.46233,-0.10591,0.79140,0.43657,0.37314,0.20944,0,0.42842,0.05341,0.39982,-0.01006,0.48909,0.87218,0.00091,0.42846,0.05346,0.39996,-0.01016,0.48911,0.87217,0.00085,0.04,0.05,0.14
54.8184,30,0.39865,-0.46302,-0.10666,0.79253,0.43608,0.37245,0.20739,0,0.42842,0.05341,0.39982,-0.01006,0.48909,0.87218,0.00091,0.42846,0.05346,0.39996,-0.01016,0.48911,0.87217,0.00085,0.04,0.05,0.14
54.8352,31,0.39952,-0.46309,-0.10866,0.79934,0.42640,0.37396,0.19847,0,0.42842,0.05341,0.39982,-0.01006,0.48909,0.87218,0.00091,0.42846,0.05346,0.39996,-0.01016,0.48911,0.87217,0.00085,0.04,0.05,0.14
54.8519,32,0.39957,-0.46300,-0.10869,0.80367,0.42045,0.37456,0.19246,0,0.42842,0.05341,0.39982,-0.01006,0.48909,0.87217,0.00091,0.42846,0.05346,0.39996,-0.01016,0.48911,0.87217,0.00085,0.04,0.05,0.14
54.8686,33,0.39968,-0.46281,-0.10885,0.80680,0.41635,0.37469,0.18797,0,0.42842,0.05341,0.39982,-0.01006,0.48909,0.87217,0.00091,0.42846,0.05346,0.39996,-0.01016,0.48911,0.87217,0.00085,0.04,0.05,0.14
54.8854,34,0.39974,-0.46231,-0.10841,0.80808,0.41572,0.37382,0.18561,0,0.42842,0.05341,0.39982,-0.01006,0.48909,0.87217,0.00091,0.42846,0.05346,0.39996,-0.01016,0.48911,0.87217,0.00085,0.04,0.05,0.14
54.9021,35,0.39944,-0.46234,-0.10771,0.80678,0.41774,0.37360,0.18712,0,0.42842,0.05341,0.39982,-0.01006,0.48909,0.87218,0.00091,0.42846,0.05346,0.39996,-0.01016,0.48911,0.87217,0.00085,0.04,0.05,0.14
54.9188,36,0.39904,-0.46249,-0.10704,0.80209,0.42301,0.37399,0.19455,0,0.42842,0.05341,0.39982,-0.01006,0.48908,0.87218,0.00091,0.42846,0.05346,0.39996,-0.01016,0.48911,0.87217,0.00085,0.04,0.05,0.14
54.9356,37,0.39901,-0.46261,-0.10682,0.80039,0.42481,0.37412,0.19734,0,0.42842,0.05342,0.39982,-0.01005,0.48908,0.87218,0.00091,0.42846,0.05346,0.39996,-0.01016,0.48911,0.87217,0.00085,0.04,0.04,0.14
54.9525,38,0.39931,-0.46255,-0.10705,0.79991,0.42560,0.37403,0.19775,0,0.42842,0.05342,0.39982,-0.01006,0.48908,0.87218,0.00091,0.42846,0.05346,0.39996,-0.01016,0.48911,0.87217,0.00085,0.04,0.04,0.14
54.9690,39,0.39941,-0.46265,-0.10738,0.80123,0.42407,0.37394,0.19587,0,0.42842,0.05342,0.39982,-0.01006,0.48908,0.87218,0.00091,0.42846,0.05346,0.39996,-0.01016,0.48911,0.87217,0.00085,0.04,0.04,0.14
54.9858,40,0.39931,-0.46286,-0.10767,0.80183,0.42339,0.37398,0.19481,0,0.42842,0.05341,0.39982,-0.01006,0.48909,0.87218,0.00091,0.42846,0.05346,0.39996,-0.01016,0.48911,0.87217,0.00085,0.04,0.04,0.14
55.0027,41,0.39954,-0.46276,-0.10772,0.80334,0.42147,0.37397,0.19278,0,0.42842,0.05341,0.39982,-0.01006,0.48909,0.87218,0.00091,0.42846,0.05346,0.39996,-0.01016,0.48911,0.87217,0.00085,0.04,0.05,0.14
55.0193,42,0.39956,-0.46277,-0.10776,0.80293,0.42183,0.37419,0.19327,0,0.42842,0.05341,0.39982,-0.01006,0.48909,0.87217,0.00091,0.42846,0.05346,0.39996,-0.01016,0.48911,0.87217,0.00085,0.04,0.05,0.14
55.0360,43,0.39943,-0.46286,-0.10742,0.80268,0.42209,0.37424,0.19364,0,0.42842,0.05341,0.39982,-0.01006,0.48909,0.87217,0.00091,0.42846,0.05346,0.39996,-0.01016,0.48911,0.87217,0.00085,0.04,0.05,0.14
55.0527,44,0.39947,-0.46279,-0.10751,0.80221,0.42278,0.37402,0.19448,0,0.42842,0.05341,0.39982,-0.01006,0.48909,0.87217,0.00091,0.42846,0.05346,0.39996,-0.01016,0.48911,0.87217,0.00085,0.04,0.05,0.14
55.0695,45,0.39948,-0.46284,-0.10777,0.80214,0.42293,0.37400,0.19449,0,0.42842,0.05341,0.39982,-0.01006,0.48909,0.87218,0.00091,0.42846,0.05346,0.39996,-0.01016,0.48911,0.87217,0.00085,0.04,0.05,0.14
55.0862,46,0.39949,-0.46290,-0.10751,0.80270,0.42212,0.37404,0.19386,0,0.42842,0.05341,0.39982,-0.01006,0.48909,0.87218,0.00091,0.42846,0.05346,0.39996,-0.01016,0.48911,0.87217,0.00085,0.04,0.05,0.14
55.1030,47,0.39962,-0.46280,-0.10781,0.80261,0.42216,0.37415,0.19394,0,0.42842,0.05341,0.39982,-0.01005,0.48909,0.87218,0.00091,0.42846,0.05346,0.39996,-0.01016,0.48911,0.87217,0.00085,0.04,0.05,0.14
55.1198,48,0.39946,-0.46299,-0.10754,0.80267,0.42216,0.37405,0.19388,0,0.42842,0.05341,0.39982,-0.01005,0.48909,0.87218,0.00091,0.42846,0.05346,0.39996,-0.01016,0.48911,0.87217,0.00085,0.04,0.05,0.14
55.1365,49,0.39931,-0.46310,-0.10760,0.80247,0.42250,0.37402,0.19400,0,0.42842,0.05341,0.39982,-0.01005,0.48909,0.87218,0.00091,0.42846,0.05346,0.39996,-0.01016,0.48911,0.87217,0.00085,0.04,0.05,0.14
55.1533,50,0.39947,-0.46301,-0.10790,0.80228,0.42273,0.37403,0.19430,0,0.42842,0.05341,0.39982,-0.01006,0.48909,0.87218,0.00091,0.42846,0.05346,0.39996,-0.01016,0.48911,0.87217,0.00085,0.04,0.05,0.14
55.1700,51,0.39946,-0.46313,-0.10759,0.80261,0.42221,0.37412,0.19387,0,0.42842,0.05341,0.39982,-0.01006,0.48909,0.87218,0.00091,0.42846,0.05346,0.39996,-0.01016,0.48911,0.87217,0.00085,0.04,0.05,0.14
55.1867,52,0.39951,-0.46307,-0.10780,0.80251,0.42229,0.37421,0.19393,0,0.42842,0.05341,0.39982,-0.01006,0.48909,0.87218,0.00091,0.42846,0.05346,0.39996,-0.01016,0.48911,0.87217,0.00085,0.04,0.05,0.14
55.2034,53,0.39955,-0.46302,-0.10774,0.80247,0.42241,0.37407,0.19412,0,0.42842,0.05341,0.39982,-0.01006,0.48909,0.87218,0.00091,0.42846,0.05346,0.39996,-0.01016,0.48911,0.87217,0.00085,0.04,0.05,0.14
55.2201,54,0.39950,-0.46311,-0.10778,0.80241,0.42241,0.37421,0.19408,0,0.42842,0.05341,0.39982,-0.01006,0.48909,0.87218,0.00091,0.42846,0.05346,0.39996,-0.01016,0.48911,0.87217,0.00085,0.04,0.05,0.14
55.2369,55,0.39946,-0.46317,-0.10775,0.80245,0.42236,0.37421,0.19403,0,0.42842,0.05341,0.39982,-0.01006,0.48909,0.87218,0.00091,0.42846,0.05346,0.39996,-0.01016,0.48911,0.87217,0.00085,0.04,0.05,0.14
55.2536,56,0.39945,-0.46319,-0.10781,0.80250,0.42235,0.37414,0.19399,0,0.42842,0.05341,0.39982,-0.01006,0.48909,0.87218,0.00091,0.42846,0.05346,0.39996,-0.01016,0.48911,0.87217,0.00085,0.04,0.05,0.14
55.2704,57,0.39950,-0.46313,-0.10782,0.80246,0.42236,0.37416,0.19409,0,0.42842,0.05341,0.39982,-0.01006,0.48909,0.87218,0.00091,0.42846,0.05346,0.39996,-0.01016,0.48911,0.87217,0.00085,0.04,0.05,0.14
55.2872,58,0.39953,-0.46318,-0.10764,0.80254,0.42228,0.37405,0.19414,0,0.42842,0.05341,0.39982,-0.01005,0.48909,0.87218,0.00091,0.42846,0.05346,0.39996,-0.01016,0.48911,0.87217,0.00085,0.04,0.05,0.14
55.3038,59,0.39952,-0.46320,-0.10779,0.80248,0.42227,0.37424,0.19406,0,0.42842,0.05341,0.39982,-0.01005,0.48909,0.87218,0.00091,0.42846,0.05346,0.39996,-0.01016,0.48911,0.87217,0.00085,0.04,0.05,0.14
55.3209,60,0.39948,-0.46325,-0.10773,0.80255,0.42231,0.37403,0.19409,0,0.42842,0.05341,0.39982,-0.01005,0.48909,0.87218,0.00091,0.42846,0.05346,0.39996,-0.01016,0.48911,0.87217,0.00085,0.04,0.05,0.14
55.3373,61,0.39944,-0.46331,-0.10788,0.80250,0.42237,0.37406,0.19409,0,0.42842,0.05341,0.39982,-0.01005,0.48909,0.87218,0.00091,0.42846,0.05346,0.39996,-0.01016,0.48911,0.87217,0.00085,0.04,0.05,0.14
55.3540,62,0.39944,-0.46331,-0.10771,0.80257,0.42229,0.37398,0.19412,0,0.42842,0.05341,0.39982,-0.01006,0.48909,0.87218,0.00091,0.42846,0.05346,0.39996,-0.01016,0.48911,0.87217,0.00085,0.04,0.05,0.14
55.3707,63,0.39951,-0.46325,-0.10776,0.80252,0.42231,0.37403,0.19420,0,0.42842,0.05341,0.39982,-0.01006,0.48909,0.87218,0.00091,0.42846,0.05346,0.39996,-0.01016,0.48911,0.87217,0.00085,0.04,0.05,0.14
55.3876,64,0.39962,-0.46342,-0.10783,0.80251,0.42228,0.37408,0.19422,0,0.42842,0.05341,0.39983,-0.01006,0.48909,0.87218,0.00091,0.42846,0.05346,0.39996,-0.01016,0.48911,0.87217,0.00085,0.04,0.05,0.13
55.4043,65,0.39947,-0.46353,-0.10791,0.80250,0.42241,0.37400,0.19412,0,0.42842,0.05341,0.39983,-0.01005,0.48909,0.87218,0.00091,0.42846,0.05346,0.39996,-0.01016,0.48911,0.87217,0.00085,0.04,0.05,0.13
55.4210,66,0.39946,-0.46350,-0.10797,0.80248,0.42242,0.37405,0.19411,0,0.42842,0.05341,0.39983,-0.01005,0.48909,0.87218,0.00091,0.42846,0.05346,0.39996,-0.01016,0.48911,0.87217,0.00085,0.04,0.05,0.13
55.4378,67,0.39950,-0.46348,-0.10771,0.80260,0.42227,0.37394,0.19415,0,0.42842,0.05341,0.39983,-0.01006,0.48909,0.87218,0.00091,0.42846,0.05346,0.39996,-0.01016,0.48911,0.87217,0.00085,0.04,0.05,0.13
55.4547,68,0.39960,-0.46337,-0.10789,0.80249,0.42228,0.37414,0.19420,0,0.42842,0.05341,0.39983,-0.01006,0.48909,0.87218,0.00091,0.42846,0.05346,0.39996,-0.01016,0.48911,0.87217,0.00085,0.04,0.05,0.13
55.4712,69,0.39960,-0.46341,-0.10773,0.80257,0.42220,0.37405,0.19420,0,0.42842,0.05341,0.39983,-0.01006,0.48909,0.87218,0.00091,0.42846,0.05346,0.39996,-0.01016,0.48911,0.87217,0.00085,0.04,0.05,0.13
55.4881,70,0.39948,-0.46349,-0.10801,0.80247,0.42241,0.37408,0.19411,0,0.42842,0.05341,0.39983,-0.01006,0.48909,0.87218,0.00091,0.42846,0.05346,0.39996,-0.01016,0.48911,0.87217,0.00085,0.04,0.05,0.13
55.5048,71,0.39950,-0.46347,-0.10794,0.80251,0.42240,0.37399,0.19415,0,0.42842,0.05341,0.39983,-0.01006,0.48909,0.87218,0.00091,0.42846,0.05346,0.39996,-0.01016,0.48911,0.87217,0.00085,0.04,0.05,0.13
55.5216,72,0.39951,-0.46350,-0.10782,0.80257,0.42228,0.37401,0.19410,0,0.42842,0.05341,0.39983,-0.01006,0.48909,0.87218,0.00091,0.42846,0.05346,0.39996,-0.01016,0.48911,0.87217,0.00085,0.04,0.04,0.13
55.5384,73,0.39958,-0.46343,-0.10798,0.80248,0.42231,0.37414,0.19415,0,0.42842,0.05341,0.39983,-0.01006,0.48909,0.87218,0.00091,0.42846,0.05346,0.39996,-0.01016,0.48911,0.87217,0.00085,0.04,0.05,0.13
55.5552,74,0.39960,-0.46340,-0.10785,0.80255,0.42226,0.37403,0.19421,0,0.42842,0.05341,0.39983,-0.01006,0.48909,0.87218,0.00091,0.42846,0.05346,0.39996,-0.01016,0.48911,0.87217,0.00085,0.04,0.05,0.13
55.5718,75,0.39960,-0.46342,-0.10798,0.80250,0.42232,0.37409,0.19417,0,0.42842,0.05341,0.39983,-0.01005,0.48909,0.87218,0.00091,0.42846,0.05346,0.39996,-0.01016,0.48911,0.87217,0.00085,0.04,0.05,0.13
55.5885,76,0.39952,-0.46349,-0.10794,0.80255,0.42237,0.37395,0.19412,0,0.42842,0.05341,0.39983,-0.01006,0.48909,0.87218,0.00091,0.42846,0.05346,0.39996,-0.01016,0.48911,0.87217,0.00085,0.04,0.05,0.13
55.6054,77,0.39947,-0.46354,-0.10805,0.80251,0.42241,0.37402,0.19406,0,0.42842,0.05341,0.39983,-0.01006,0.48909,0.87218,0.00091,0.42846,0.05346,0.39996,-0.01016,0.48911,0.87217,0.00085,0.04,0.05,0.13
55.6221,78,0.39955,-0.46343,-0.10806,0.80249,0.42237,0.37406,0.19415,0,0.42842,0.05341,0.39983,-0.01006,0.48909,0.87218,0.00091,0.42846,0.05346,0.39996,-0.01016,0.48911,0.87217,0.00085,0.04,0.05,0.13
55.6388,79,0.39965,-0.46335,-0.10786,0.80257,0.42224,0.37396,0.19428,0,0.42843,0.05341,0.39983,-0.01005,0.48909,0.87218,0.00091,0.42846,0.05346,0.39996,-0.01016,0.48911,0.87217,0.00085,0.04,0.05,0.13
55.6556,80,0.39956,-0.46345,-0.10794,0.80256,0.42224,0.37407,0.19412,0,0.42842,0.05341,0.39983,-0.01006,0.48909,0.87218,0.00091,0.42846,0.05346,0.39996,-0.01016,0.48911,0.87217,0.00085,0.04,0.05,0.13
55.6724,81,0.39947,-0.46348,-0.10811,0.80250,0.42246,0.37395,0.19414,0,0.42842,0.05341,0.39983,-0.01006,0.48909,0.87218,0.00091,0.42846,0.05346,0.39996,-0.01016,0.48911,0.87217,0.00085,0.04,0.05,0.13
55.6891,82,0.39948,-0.46349,-0.10822,0.80244,0.42251,0.37401,0.19416,0,0.42842,0.05341,0.39983,-0.01006,0.48909,0.87218,0.00091,0.42846,0.05346,0.39996,-0.01016,0.48911,0.87217,0.00085,0.04,0.05,0.13
55.7058,83,0.39954,-0.46344,-0.10802,0.80252,0.42232,0.37404,0.19416,0,0.42842,0.05341,0.39983,-0.01006,0.48909,0.87218,0.00091,0.42846,0.05346,0.39996,-0.01016,0.48911,0.87217,0.00085,0.04,0.05,0.13
55.7226,84,0.39968,-0.46336,-0.10785,0.80258,0.42216,0.37404,0.19426,0,0.42842,0.05341,0.39983,-0.01006,0.48909,0.87218,0.00091,0.42846,0.05346,0.39996,-0.01016,0.48911,0.87217,0.00085,0.04,0.05,0.13
55.7393,85,0.39955,-0.46347,-0.10795,0.80256,0.42230,0.37398,0.19415,0,0.42842,0.05341,0.39983,-0.01006,0.48909,0.87218,0.00091,0.42846,0.05346,0.39996,-0.01016,0.48911,0.87217,0.00085,0.04,0.05,0.13
55.7560,86,0.39940,-0.46356,-0.10827,0.80244,0.42258,0.37397,0.19409,0,0.42842,0.05341,0.39983,-0.01006,0.48908,0.87218,0.00091,0.42846,0.05346,0.39996,-0.01016,0.48911,0.87217,0.00085,0.04,0.05,0.13
55.7727,87,0.39948,-0.46352,-0.10820,0.80246,0.42247,0.37403,0.19412,0,0.42842,0.05341,0.39983,-0.01006,0.48909,0.87218,0.00091,0.42846,0.05346,0.39996,-0.01016,0.48911,0.87217,0.00085,0.04,0.05,0.13
55.7895,88,0.39964,-0.46339,-0.10792,0.80257,0.42220,0.37406,0.19421,0,0.42842,0.05341,0.39983,-0.01006,0.48909,0.87218,0.00091,0.42846,0.05346,0.39996,-0.01016,0.48911,0.87217,0.00085,0.04,0.05,0.13
55.8062,89,0.39971,-0.46335,-0.10792,0.80255,0.42214,0.37412,0.19426,0,0.42842,0.05341,0.39983,-0.01006,0.48909,0.87218,0.00091,0.42846,0.05346,0.39996,-0.01016,0.48911,0.87217,0.00085,0.04,0.05,0.13
55.8230,90,0.39946,-0.46349,-0.10800,0.80254,0.42238,0.37394,0.19414,0,0.42842,0.05341,0.39983,-0.01006,0.48909,0.87218,0.00091,0.42846,0.05346,0.39996,-0.01016,0.48911,0.87217,0.00085,0.04,0.05,0.13
55.8397,91,0.39946,-0.46347,-0.10827,0.80241,0.42253,0.37404,0.19416,0,0.42842,0.05341,0.39983,-0.01006,0.48909,0.87218,0.00091,0.42846,0.05346,0.39996,-0.01016,0.48911,0.87217,0.00085,0.04,0.05,0.13
55.8564,92,0.39949,-0.46347,-0.10812,0.80248,0.42243,0.37399,0.19418,0,0.42842,0.05341,0.39983,-0.01006,0.48909,0.87218,0.00091,0.42846,0.05346,0.39996,-0.01016,0.48911,0.87217,0.00085,0.04,0.05,0.13
55.8731,93,0.39955,-0.46344,-0.10794,0.80256,0.42224,0.37404,0.19416,0,0.42843,0.05341,0.39983,-0.01006,0.48909,0.87218,0.00091,0.42846,0.05346,0.39996,-0.01016,0.48911,0.87217,0.00085,0.04,0.05,0.13
55.8899,94,0.39958,-0.46343,-0.10796,0.80254,0.42222,0.37411,0.19417,0,0.42843,0.05341,0.39983,-0.01006,0.48909,0.87218,0.00091,0.42846,0.05346,0.39996,-0.01016,0.48911,0.87217,0.00085,0.04,0.04,0.13
